id,name,name_raw,melakarta_num,melakarta_name,arohanam_raw,avarohanam_raw,arohanam,avarohanam,is_melakarta
kanakaambari,Kanakaambari,kanakaambari,1,Kanakaangi,S R1 M1 P D1 S,S N1 D1 P M1 G1 R1 S,S R₁ M₁ P D₁ Ṡ,S N₁ D₁ P M₁ G₁ R₁ Ṡ,False
aurvashreyapriya,AurvashrEyapriyA,aurvashrEyapriyA,1,Kanakaangi,S R1 P D1 N1 S,S N1 D1 P R1 S,S R₁ P D₁ N₁ Ṡ,S N₁ D₁ P R₁ Ṡ,False
ausadishapriya,AuSadIshapriyA,auSadIshapriyA,1,Kanakaangi,S R1 G1 D1 N1 S,S N1 D1 G1 R1 S,S R₁ G₁ D₁ N₁ Ṡ,S N₁ D₁ G₁ R₁ Ṡ,False
bhanupriya,BhAnupriyA,bhAnupriyA,1,Kanakaangi,S R1 G1 M1 P S,S P M1 G1 R1 S,S R₁ G₁ M₁ P Ṡ,S P M₁ G₁ R₁ Ṡ,False
bhogacintamani,BhOgacintAmaNI,bhOgacintAmaNI,1,Kanakaangi,S R1 P M1 P D1 N1 S,S D1 P M1 G1 R1 G1 R1 S,S R₁ P M₁ P D₁ N₁ Ṡ,S D₁ P M₁ G₁ R₁ G₁ R₁ Ṡ,False
bhogacintamani,BhOgacintAmaNi,bhOgacintAmaNi,1,Kanakaangi,S R1 G1 M1 P N1 S,S N1 D1 P M1 G1 R1 S,S R₁ G₁ M₁ P N₁ Ṡ,S N₁ D₁ P M₁ G₁ R₁ Ṡ,False
bhogacintamani,BhOgacintAmaNi,bhOgacintAmaNi,1,Kanakaangi,S R1 M1 P D1 N1 S,S D1 P M1 G1 R1 G1 R1 S,S R₁ M₁ P D₁ N₁ Ṡ,S D₁ P M₁ G₁ R₁ G₁ R₁ Ṡ,False
bhogacintamani,BhOgacintAmaNi,bhOgacintAmaNi,1,Kanakaangi,S R1 P M1 P D1 N1 S,S D1 P M1 G1 R1 S,S R₁ P M₁ P D₁ N₁ Ṡ,S D₁ P M₁ G₁ R₁ Ṡ,False
dhaulika,Dhaulika,dhaulika,1,Kanakaangi,S R1 G1 M1 P N1 D1 S,S N1 D1 M1 G1 R1 S,S R₁ G₁ M₁ P N₁ D₁ Ṡ,S N₁ D₁ M₁ G₁ R₁ Ṡ,False
dhaulika,Dhaulika,dhaulika,1,Kanakaangi,S R1 M1 P D1 N1 S,S N1 D1 M1 G1 R1 S,S R₁ M₁ P D₁ N₁ Ṡ,S N₁ D₁ M₁ G₁ R₁ Ṡ,False
doka,DOkA,DOkA,1,Kanakaangi,S G1 P D1 N1 S,S N1 D1 P G1 S,S G₁ P D₁ N₁ Ṡ,S N₁ D₁ P G₁ Ṡ,False
gaganambari,GaganAmbari,gaganAmbari,1,Kanakaangi,S G1 R1 G1 M1 P D1 N1 D1 S,S N1 D1 P M1 G1 R1 S,S G₁ R₁ G₁ M₁ P D₁ N₁ D₁ Ṡ,S N₁ D₁ P M₁ G₁ R₁ Ṡ,False
gaganambari,GaganAmbari,gaganAmbari,1,Kanakaangi,S R1 G1 M1 P D1 N1 S,S D1 P M1 G1 R1 S,S R₁ G₁ M₁ P D₁ N₁ Ṡ,S D₁ P M₁ G₁ R₁ Ṡ,False
gandharakapani,GAndhArakapANi,gAndhArakapANi,1,Kanakaangi,S G1 M1 P N1 S,S N1 P M1 G1 S,S G₁ M₁ P N₁ Ṡ,S N₁ P M₁ G₁ Ṡ,False
gautami,Gautami,gautami,1,Kanakaangi,S R1 G1 P D1 N1 S,S N1 D1 P G1 R1 S,S R₁ G₁ P D₁ N₁ Ṡ,S N₁ D₁ P G₁ R₁ Ṡ,False
hemangi,HEmAngi,hEmAngi,1,Kanakaangi,S R1 G1 M1 D1 N1 S,S N1 D1 M1 G1 R1 S,S R₁ G₁ M₁ D₁ N₁ Ṡ,S N₁ D₁ M₁ G₁ R₁ Ṡ,False
indrapriya,IndrapriyA,indrapriyA,1,Kanakaangi,S G1 M1 D1 N1 S,S N1 D1 M1 G1 S,S G₁ M₁ D₁ N₁ Ṡ,S N₁ D₁ M₁ G₁ Ṡ,False
kamalini,Kamalini,kamalini,1,Kanakaangi,S R1 G1 M1 P N1 S,S N1 P M1 G1 R1 S,S R₁ G₁ M₁ P N₁ Ṡ,S N₁ P M₁ G₁ R₁ Ṡ,False
kanakambari,KanakAmbari,kanakAmbari,1,Kanakaangi,S R1 M1 P D1 S,S N1 D1 P M1 G1 R1 S,S R₁ M₁ P D₁ Ṡ,S N₁ D₁ P M₁ G₁ R₁ Ṡ,False
kanakambari,KanakAmbari,kanakAmbari,1,Kanakaangi,S G1 R1 G1 M1 P D1 N1 D1 S,S N1 D1 P M1 G1 R1 G1 R1 S,S G₁ R₁ G₁ M₁ P D₁ N₁ D₁ Ṡ,S N₁ D₁ P M₁ G₁ R₁ G₁ R₁ Ṡ,False
kanakambari,KanakAmbari,kanakAmbari,1,Kanakaangi,S G1 R1 G1 M1 P D1 N1 D1 S,S N1 D1 P M1 G1 R1 S,S G₁ R₁ G₁ M₁ P D₁ N₁ D₁ Ṡ,S N₁ D₁ P M₁ G₁ R₁ Ṡ,False
kanakambari,KanakAmbari,kanakAmbari,1,Kanakaangi,S G1 R1 G1 M1 P N1 S D1 S,S N1 D1 P M1 G1 R1 S,S G₁ R₁ G₁ M₁ P N₁ Ṡ D₁ Ṡ,S N₁ D₁ P M₁ G₁ R₁ Ṡ,False
kanakambari,KanakAmbari,kanakAmbari,1,Kanakaangi,S R1 G1 M1 P D1 N1 D1 S,S N1 D1 P M1 G1 R1 G1 R1 S,S R₁ G₁ M₁ P D₁ N₁ D₁ Ṡ,S N₁ D₁ P M₁ G₁ R₁ G₁ R₁ Ṡ,False
kanakambari,KanakAmbari,kanakAmbari,1,Kanakaangi,S R1 G1 M1 P D1 N1 S,S N1 D1 P M1 G1 R1 G1 R1 S,S R₁ G₁ M₁ P D₁ N₁ Ṡ,S N₁ D₁ P M₁ G₁ R₁ G₁ R₁ Ṡ,False
kanakambari,KanakAmbari,kanakAmbari,1,Kanakaangi,S R1 G1 M1 P D1 S,S N1 D1 P M1 G1 R1 S,S R₁ G₁ M₁ P D₁ Ṡ,S N₁ D₁ P M₁ G₁ R₁ Ṡ,False
kanakambari,KanakAmbari,kanakAmbari,1,Kanakaangi,S R1 M1 P D1 S,S N1 D1 M1 G1 R1 S,S R₁ M₁ P D₁ Ṡ,S N₁ D₁ M₁ G₁ R₁ Ṡ,False
kanakangi,KanakAngi,kanakAngi,1,Kanakaangi,S R1 G1 M1 P D1 N1 S,S N1 D1 P M1 G1 R1 S,S R₁ G₁ M₁ P D₁ N₁ Ṡ,S N₁ D₁ P M₁ G₁ R₁ Ṡ,False
kanakatodi,KanakatODi,kanakatODi,1,Kanakaangi,S R1 G1 M1 P D1 S,S N1 D1 P M1 R1 S,S R₁ G₁ M₁ P D₁ Ṡ,S N₁ D₁ P M₁ R₁ Ṡ,False
kantarkapani,KantArkapANi,kantArkapANi,1,Kanakaangi,S G1 M1 P N1 S,S N1 P M1 G1 S,S G₁ M₁ P N₁ Ṡ,S N₁ P M₁ G₁ Ṡ,False
karnatakashuddhasaveri,KarnATakashuddhasAvEri,karnATakashuddhasAvEri,1,Kanakaangi,S R1 M1 P D1 S,S D1 P M1 R1 S,S R₁ M₁ P D₁ Ṡ,S D₁ P M₁ R₁ Ṡ,False
khadgapriya,KhaDgapriyA,khaDgapriyA,1,Kanakaangi,S G1 R1 M1 P D1 P N1 S,S D1 P D1 M1 G1 R1 S,S G₁ R₁ M₁ P D₁ P N₁ Ṡ,S D₁ P D₁ M₁ G₁ R₁ Ṡ,False
khadgapriya,KhaDgapriyA,khaDgapriyA,1,Kanakaangi,S R1 G1 M1 P N1 S,S D1 M1 G1 R1 S,S R₁ G₁ M₁ P N₁ Ṡ,S D₁ M₁ G₁ R₁ Ṡ,False
kirtipriya,KIrtipriyA,kIrtipriyA,1,Kanakaangi,S R1 M1 P D1 S,S N1 D1 P M1 G1 R1 S,S R₁ M₁ P D₁ Ṡ,S N₁ D₁ P M₁ G₁ R₁ Ṡ,False
kirtipriya,KIrtipriyA,kIrtipriyA,1,Kanakaangi,S R1 G1 M1 P D1 S,S N1 D1 P M1 G1 R1 S,S R₁ G₁ M₁ P D₁ Ṡ,S N₁ D₁ P M₁ G₁ R₁ Ṡ,False
ksanaprabha,KSaNaprabha,kSaNaprabha,1,Kanakaangi,S G1 M1 P D1 S,S D1 P M1 G1 S,S G₁ M₁ P D₁ Ṡ,S D₁ P M₁ G₁ Ṡ,False
ksanapriya,KSaNapriyA,kSaNapriyA,1,Kanakaangi,S G1 M1 P D1 S,S D1 P M1 G1 S,S G₁ M₁ P D₁ Ṡ,S D₁ P M₁ G₁ Ṡ,False
kulankasa,KUlAnkaSA,kUlAnkaSA,1,Kanakaangi,S R1 M1 D1 N1 S,S N1 D1 M1 R1 S,S R₁ M₁ D₁ N₁ Ṡ,S N₁ D₁ M₁ R₁ Ṡ,False
latantapriya,LatAntapriyA,latAntapriyA,1,Kanakaangi,S R1 M1 P D1 S,S D1 P M1 R1 S,S R₁ M₁ P D₁ Ṡ,S D₁ P M₁ R₁ Ṡ,False
lavangi,Lavangi,lavangi,1,Kanakaangi,S R1 M1 D1 S,S D1 M1 R1 S,S R₁ M₁ D₁ Ṡ,S D₁ M₁ R₁ Ṡ,False
malayamarutam,Malayamarutam,malayamarutam,1,Kanakaangi,S R1 G1 P D1 N1 S,S N1 D1 P G1 R1 S,S R₁ G₁ P D₁ N₁ Ṡ,S N₁ D₁ P G₁ R₁ Ṡ,False
mandakini,MandAkini,mandAkini,1,Kanakaangi,S R1 G1 M1 N1 S,S N1 M1 G1 R1 S,S R₁ G₁ M₁ N₁ Ṡ,S N₁ M₁ G₁ R₁ Ṡ,False
manya,Manya,manya,1,Kanakaangi,S G1 M1 P D1 N1 S,S N1 D1 P D1 M1 G1 R1 S,S G₁ M₁ P D₁ N₁ Ṡ,S N₁ D₁ P D₁ M₁ G₁ R₁ Ṡ,False
megha,MEgha,mEgha,1,Kanakaangi,S R1 M1 P N1 D1 P S,S N1 D1 P M1 R1 S,S R₁ M₁ P N₁ D₁ P Ṡ,S N₁ D₁ P M₁ R₁ Ṡ,False
mohanamallar,MOhanamallAr,mOhanamallAr,1,Kanakaangi,S R1 G1 M1 D1 N1 D1 S,S D1 N1 D1 P M1 G1 R1 S,S R₁ G₁ M₁ D₁ N₁ D₁ Ṡ,S D₁ N₁ D₁ P M₁ G₁ R₁ Ṡ,False
muktambari,MuktAmbari,muktAmbari,1,Kanakaangi,S R1 G1 M1 P N1 S,S N1 D1 M1 G1 R1 S,S R₁ G₁ M₁ P N₁ Ṡ,S N₁ D₁ M₁ G₁ R₁ Ṡ,False
osadishapriya,OsadIshapriyA,OsadIshapriyA,1,Kanakaangi,S R1 G1 D1 N1 S,S N1 D1 G1 R1 S,S R₁ G₁ D₁ N₁ Ṡ,S N₁ D₁ G₁ R₁ Ṡ,False
purvamukhari,PUrvamukhari,pUrvamukhari,1,Kanakaangi,S R1 M1 P D1 S,S D1 P M1 R1 S,S R₁ M₁ P D₁ Ṡ,S D₁ P M₁ R₁ Ṡ,False
ragaguchcham,RAgaguchcham,rAgaguchcham,1,Kanakaangi,S R1 G1 P N1 S,S N1 P G1 R1 S,S R₁ G₁ P N₁ Ṡ,S N₁ P G₁ R₁ Ṡ,False
ranganayaki,RanganAyaki,ranganAyaki,1,Kanakaangi,S R1 G1 P D1 S,S D1 P G1 R1 S,S R₁ G₁ P D₁ Ṡ,S D₁ P G₁ R₁ Ṡ,False
rasakushisham,RasakushIsham,rasakushIsham,1,Kanakaangi,S R1 G1 P N1 S,S N1 P G1 R1 S,S R₁ G₁ P N₁ Ṡ,S N₁ P G₁ R₁ Ṡ,False
ratnapurna,RatnapUrNa,ratnapUrNa,1,Kanakaangi,S R1 G1 M1 P D1 N1 S,S N1 D1 M1 G1 R1 M1 G1 S,S R₁ G₁ M₁ P D₁ N₁ Ṡ,S N₁ D₁ M₁ G₁ R₁ M₁ G₁ Ṡ,False
risabhavilasa,RiSabhavilAsa,riSabhavilAsa,1,Kanakaangi,S R1 M1 P D1 S,S D1 P M1 R1 M1 R1 S,S R₁ M₁ P D₁ Ṡ,S D₁ P M₁ R₁ M₁ R₁ Ṡ,False
sanapriya,SAnapriyA,SAnapriyA,1,Kanakaangi,S G1 M1 P D1 S,S D1 P M1 G1 S,S G₁ M₁ P D₁ Ṡ,S D₁ P M₁ G₁ Ṡ,False
sarvashri,SarvashrI,sarvashrI,1,Kanakaangi,S M1 P S,S P M1 S,S M₁ P Ṡ,S P M₁ Ṡ,False
shribhinnapanchama,ShrIbhinnapanchama,shrIbhinnapanchama,1,Kanakaangi,S G1 M1 P D1 N1 S,S N1 D1 P M1 G1 R1 S,S G₁ M₁ P D₁ N₁ Ṡ,S N₁ D₁ P M₁ G₁ R₁ Ṡ,False
shubhashri,ShubhashrI,shubhashrI,1,Kanakaangi,S R1 G1 M2* M1 D1 N1 S,S N1 D1 M2* M1 G1 R1 S,S R₁ G₁ M₂* M₁ D₁ N₁ Ṡ,S N₁ D₁ M₂* M₁ G₁ R₁ Ṡ,False
shuddasatva,Shuddasatva,shuddasatva,1,Kanakaangi,S R1 G1 M1 D1 S,S D1 M1 G1 R1 S,S R₁ G₁ M₁ D₁ Ṡ,S D₁ M₁ G₁ R₁ Ṡ,False
shuddhamukhari,ShuddhamukhAri,shuddhamukhAri,1,Kanakaangi,S G1 R1 G1 M1 P N1 D1 S,S N1 D1 M1 G1 R1 S,S G₁ R₁ G₁ M₁ P N₁ D₁ Ṡ,S N₁ D₁ M₁ G₁ R₁ Ṡ,False
shuddhamukhari,ShuddhamukhAri,shuddhamukhAri,1,Kanakaangi,S R1 G1 M1 P D1 N1 S,S N1 D1 P M1 G1 R1 S,S R₁ G₁ M₁ P D₁ N₁ Ṡ,S N₁ D₁ P M₁ G₁ R₁ Ṡ,False
shuddhamukhari,ShuddhamukhAri,shuddhamukhAri,1,Kanakaangi,S R1 G1 M1 P D1 N1 S,S N1 D1 M1 G1 R1 S,S R₁ G₁ M₁ P D₁ N₁ Ṡ,S N₁ D₁ M₁ G₁ R₁ Ṡ,False
shuddhamukhari,ShuddhamukhAri,shuddhamukhAri,1,Kanakaangi,S R1 G1 P D1 N1 S,S P M1 G1 R1 S,S R₁ G₁ P D₁ N₁ Ṡ,S P M₁ G₁ R₁ Ṡ,False
shuddhamukhari,ShuddhamukhAri,shuddhamukhAri,1,Kanakaangi,S R1 G1 R1 M1 P D1 N1 D1 S,S N1 D1 M1 P M1 G1 R1 S,S R₁ G₁ R₁ M₁ P D₁ N₁ D₁ Ṡ,S N₁ D₁ M₁ P M₁ G₁ R₁ Ṡ,False
shuddhamukhari,ShuddhamukhAri,shuddhamukhAri,1,Kanakaangi,S R1 M1 P D1 S,S N1 D1 P M1 G1 R1 S,S R₁ M₁ P D₁ Ṡ,S N₁ D₁ P M₁ G₁ R₁ Ṡ,False
shuddhasatva,Shuddhasatva,shuddhasatva,1,Kanakaangi,S R1 G1 M1 D1 S,S D1 M1 G1 R1 S,S R₁ G₁ M₁ D₁ Ṡ,S D₁ M₁ G₁ R₁ Ṡ,False
tapollasani,TapOllAsani,tapOllAsani,1,Kanakaangi,S R1 G1 M1 P D1 N1 S,S D1 P G1 R1 S,S R₁ G₁ M₁ P D₁ N₁ Ṡ,S D₁ P G₁ R₁ Ṡ,False
tatillatika,TaTillatikA,taTillatikA,1,Kanakaangi,S R1 M1 P D1 S,S D1 P M1 R1 S,S R₁ M₁ P D₁ Ṡ,S D₁ P M₁ R₁ Ṡ,False
tripureshvari,TripurEshvari,tripurEshvari,1,Kanakaangi,S R1 G1 M1 D1 N1 S,S N1 D1 P M1 D1 M1 G1 R1 S,S R₁ G₁ M₁ D₁ N₁ Ṡ,S N₁ D₁ P M₁ D₁ M₁ G₁ R₁ Ṡ,False
vaddambari,VaddAmbari,vaddAmbari,1,Kanakaangi,S R1 G1 M1 P N1 S,S N1 D1 M1 G1 R1 S,S R₁ G₁ M₁ P N₁ Ṡ,S N₁ D₁ M₁ G₁ R₁ Ṡ,False
vagishvari,VAgIshvari,vAgIshvari,1,Kanakaangi,S R1 G1 M1 P D1 S,S D1 P M1 G1 R1 S,S R₁ G₁ M₁ P D₁ Ṡ,S D₁ P M₁ G₁ R₁ Ṡ,False
vamalocana,VAmalOcanA,vAmalOcanA,1,Kanakaangi,S R1 M1 P N1 S,S N1 P M1 R1 S,S R₁ M₁ P N₁ Ṡ,S N₁ P M₁ R₁ Ṡ,False
phenadhyuti,PhEnadhyuti,phEnadhyuti,2,Ratnaangi,S R1 M1 P D1 P N2 S,S N2 D1 P M1 G1 R1 S,S R₁ M₁ P D₁ P N₂ Ṡ,S N₂ D₁ P M₁ G₁ R₁ Ṡ,False
anandanatani,AnandanaTani,AnandanaTani,2,Ratnaangi,S R1 G1 M1 P N2 S,S N2 P M1 G1 R1 S,S R₁ G₁ M₁ P N₂ Ṡ,S N₂ P M₁ G₁ R₁ Ṡ,False
bairagibhairav,BairAgibhairav,bairAgibhairav,2,Ratnaangi,S R1 M1 P N2 S,S N2 P M1 R1 S,S R₁ M₁ P N₂ Ṡ,S N₂ P M₁ R₁ Ṡ,False
bhupalacintamani,BhUpALacintAmaNi,bhUpALacintAmaNi,2,Ratnaangi,S R1 G1 M1 P D1 N2 D1 S,S N2 D1 P M1 R1 S,S R₁ G₁ M₁ P D₁ N₂ D₁ Ṡ,S N₂ D₁ P M₁ R₁ Ṡ,False
bhupalacintamani,BhUpALacintAmaNi,bhUpALacintAmaNi,2,Ratnaangi,S R1 G1 M1 P D1 N2 D1 S,S D1 N2 D1 P M1 G1 R1 S,S R₁ G₁ M₁ P D₁ N₂ D₁ Ṡ,S D₁ N₂ D₁ P M₁ G₁ R₁ Ṡ,False
bhupalacintamani,BhUpALacintAmaNi,bhUpALacintAmaNi,2,Ratnaangi,S R1 G1 M1 P D1 N2 D1 S,S D1 N2 D1 P M1 R1 S,S R₁ G₁ M₁ P D₁ N₂ D₁ Ṡ,S D₁ N₂ D₁ P M₁ R₁ Ṡ,False
ganamukhari,GAnamukhAri,gAnamukhAri,2,Ratnaangi,S R1 M1 D1 S,S N2 D1 M1 R1 S,S R₁ M₁ D₁ Ṡ,S N₂ D₁ M₁ R₁ Ṡ,False
gaurigandhari,GaurigAndhAri,gaurigAndhAri,2,Ratnaangi,S M1 R1 G1 M1 P D1 N2 D1 S,S N2 D1 P M1 G1 R1 S,S M₁ R₁ G₁ M₁ P D₁ N₂ D₁ Ṡ,S N₂ D₁ P M₁ G₁ R₁ Ṡ,False
gaurigandhari,GaurigAndhAri,gaurigAndhAri,2,Ratnaangi,S M1 R1 G1 M1 P D1 N2 D1 S,N2 D1 P M1 G1 R1 S,S M₁ R₁ G₁ M₁ P D₁ N₂ D₁ Ṡ,N₂ D₁ P M₁ G₁ R₁ Ṡ,False
ghanta,GhaNTA,ghaNTA,2,Ratnaangi,S R1 G1 M1 P D1 N2 P N2,S N2 D1 P M1 G1 R1 S N2,S R₁ G₁ M₁ P D₁ N₂ P N₂,S N₂ D₁ P M₁ G₁ R₁ Ṡ N₂,False
ghanta,GhaNTA,ghaNTA,2,Ratnaangi,S R1 G1 M1 P N2 S,S N2 D1 P M1 G1 R1 S,S R₁ G₁ M₁ P N₂ Ṡ,S N₂ D₁ P M₁ G₁ R₁ Ṡ,False
ghantaravam,GhaNTAravam,ghaNTAravam,2,Ratnaangi,S R1 G1 M1 P N2 S,S N2 D1 P M1 G1 R1 S,S R₁ G₁ M₁ P N₂ Ṡ,S N₂ D₁ P M₁ G₁ R₁ Ṡ,False
ghantaravam,GhaNTAravam,ghaNTAravam,2,Ratnaangi,S R1 S G1 M1 P N2 S,S N2 D1 P M1 G1 R1 S,S R₁ Ṡ G₁ M₁ P N₂ Ṡ,S N₂ D₁ P M₁ G₁ R₁ Ṡ,False
ghantaravam,GhaNTAravam,ghaNTAravam,2,Ratnaangi,S N2 S G1 R1 G1 M1 P N2 S,S N2 D1 P M1 G1 R1 S N2 D1,S N₂ Ṡ G₁ R₁ G₁ M₁ P N₂ Ṡ,S N₂ D₁ P M₁ G₁ R₁ Ṡ N₂ D₁,False
jayasindhu,Jayasindhu,jayasindhu,2,Ratnaangi,S R1 G1 M1 P S,S P N2 D1 M1 G1 R1 S,S R₁ G₁ M₁ P Ṡ,S P N₂ D₁ M₁ G₁ R₁ Ṡ,False
jivaranjani,JIvaranjani,jIvaranjani,2,Ratnaangi,S R1 G1 M1 P D1 N2 S,S D1 P M1 G1 R1 S,S R₁ G₁ M₁ P D₁ N₂ Ṡ,S D₁ P M₁ G₁ R₁ Ṡ,False
kalyanavahini,KalyANavAhini,kalyANavAhini,2,Ratnaangi,S R1 G1 M1 D1 N2 S,S N2 D1 M1 G1 R1 S,S R₁ G₁ M₁ D₁ N₂ Ṡ,S N₂ D₁ M₁ G₁ R₁ Ṡ,False
kamini,KAmini,kAmini,2,Ratnaangi,S R1 G1 P D1 N2 S,S N2 D1 P G1 R1 S,S R₁ G₁ P D₁ N₂ Ṡ,S N₂ D₁ P G₁ R₁ Ṡ,False
kanavahini,KanavAhini,kanavAhini,2,Ratnaangi,S R1 G1 M1 D1 N2 S,S N2 D1 P M1 G1 S,S R₁ G₁ M₁ D₁ N₂ Ṡ,S N₂ D₁ P M₁ G₁ Ṡ,False
kumbhini,Kumbhini,kumbhini,2,Ratnaangi,S R1 G1 D1 N2 S,S N2 D1 G1 R1 S,S R₁ G₁ D₁ N₂ Ṡ,S N₂ D₁ G₁ R₁ Ṡ,False
madhukari,Madhukari,madhukari,2,Ratnaangi,S M1 G1 M1 P D1 N2,P M1 G1 R1 S N2,S M₁ G₁ M₁ P D₁ N₂,P M₁ G₁ R₁ Ṡ N₂,False
maraladhvani,MAraLadhvani,mAraLadhvani,2,Ratnaangi,S G1 M1 P D1 N2 S,S N2 D1 P M1 G1 S,S G₁ M₁ P D₁ N₂ Ṡ,S N₂ D₁ P M₁ G₁ Ṡ,False
mudradharini,MudradhAriNi,mudradhAriNi,2,Ratnaangi,S R1 G1 M1 N2 S,S N2 M1 G1 R1 S,S R₁ G₁ M₁ N₂ Ṡ,S N₂ M₁ G₁ R₁ Ṡ,False
nadasvarupi,NAdasvarUpi,nAdasvarUpi,2,Ratnaangi,S R1 M1 P D1 N2 S,S N2 D1 N2 P M1 G1 R1 G1 R1,S R₁ M₁ P D₁ N₂ Ṡ,S N₂ D₁ N₂ P M₁ G₁ R₁ G₁ R₁,False
niharatri,NihArAtri,nihArAtri,2,Ratnaangi,S G1 P D1 N2 S,S N2 D1 P G1 S,S G₁ P D₁ N₂ Ṡ,S N₂ D₁ P G₁ Ṡ,False
pancalika,PAncalikA,pAncalikA,2,Ratnaangi,S G1 M1 P N2 S,S N2 P M1 G1 S,S G₁ M₁ P N₂ Ṡ,S N₂ P M₁ G₁ Ṡ,False
phenadyuti,PhEnadyuti,phEnadyuti,2,Ratnaangi,S R1 M1 P D1 N2 S,S N2 D1 M1 G1 R1 S,S R₁ M₁ P D₁ N₂ Ṡ,S N₂ D₁ M₁ G₁ R₁ Ṡ,False
phenadyuti,PhEnadyuti,phEnadyuti,2,Ratnaangi,S R1 M1 P D1 N2 S,S N2 D1 P M1 G1 R1 S,S R₁ M₁ P D₁ N₂ Ṡ,S N₂ D₁ P M₁ G₁ R₁ Ṡ,False
phenadyuti,PhEnadyuti,phEnadyuti,2,Ratnaangi,S R1 M1 P D1 P N2 S,S N2 D1 M1 G1 R1 S,S R₁ M₁ P D₁ P N₂ Ṡ,S N₂ D₁ M₁ G₁ R₁ Ṡ,False
phenadyuti,PhEnadyuti,phEnadyuti,2,Ratnaangi,S R1 M1 P D1 P N2 S,S N2 D1 P M1 G1 R1 S,S R₁ M₁ P D₁ P N₂ Ṡ,S N₂ D₁ P M₁ G₁ R₁ Ṡ,False
purvamukhari,PUrvamukhAri,pUrvamukhAri,2,Ratnaangi,S R1 G1 M1 P D1 N2 D1 S,S N2 P M1 G1 R1 S,S R₁ G₁ M₁ P D₁ N₂ D₁ Ṡ,S N₂ P M₁ G₁ R₁ Ṡ,False
puspavasanta,PuSpavasanta,puSpavasanta,2,Ratnaangi,S G1 M1 P D1 N2 S,S N2 D1 M1 G1 R1 S,S G₁ M₁ P D₁ N₂ Ṡ,S N₂ D₁ M₁ G₁ R₁ Ṡ,False
puspavasanta,PuSpavasanta,puSpavasanta,2,Ratnaangi,S R1 G1 P M1 D1 N2 S,S D1 N2 P M1 G1 R1 S,S R₁ G₁ P M₁ D₁ N₂ Ṡ,S D₁ N₂ P M₁ G₁ R₁ Ṡ,False
puspavasanta,PuSpavasanta,puSpavasanta,2,Ratnaangi,S R1 G1 M1 P D1 S,S N2 D1 P M1 R1 S,S R₁ G₁ M₁ P D₁ Ṡ,S N₂ D₁ P M₁ R₁ Ṡ,False
puspavasanta,PuSpavasanta,puSpavasanta,2,Ratnaangi,S R1 G1 M1 P D1 N2 S,S N2 D1 P M1 G1 R1 S,S R₁ G₁ M₁ P D₁ N₂ Ṡ,S N₂ D₁ P M₁ G₁ R₁ Ṡ,False
rasavali,RasAvaLi,rasAvaLi,2,Ratnaangi,S R1 M1 P D1 N2 S,S D1 P M1 G1 R1 S,S R₁ M₁ P D₁ N₂ Ṡ,S D₁ P M₁ G₁ R₁ Ṡ,False
ratnangi,RatnAngi,ratnAngi,2,Ratnaangi,S R1 G1 M1 P D1 N2 S,S N2 D1 P M1 G1 R1 S,S R₁ G₁ M₁ P D₁ N₂ Ṡ,S N₂ D₁ P M₁ G₁ R₁ Ṡ,False
ratnavali,RatnAvaLi,ratnAvaLi,2,Ratnaangi,S R1 M1 P N2 D1 S,S N2 P M1 R1 G1 R1 S,S R₁ M₁ P N₂ D₁ Ṡ,S N₂ P M₁ R₁ G₁ R₁ Ṡ,False
ratnavari,RatnAvari,ratnAvari,2,Ratnaangi,S R1 M1 P N2 D1 S,S N2 P M1 R1 G1 R1 S,S R₁ M₁ P N₂ D₁ Ṡ,S N₂ P M₁ R₁ G₁ R₁ Ṡ,False
revati,REvati,rEvati,2,Ratnaangi,S R1 M1 P N2 S,S N2 P M1 R1 S,S R₁ M₁ P N₂ Ṡ,S N₂ P M₁ R₁ Ṡ,False
risabhangi,RiSabhAngi,riSabhAngi,2,Ratnaangi,S R1 M1 P D1 N2 S,S N2 D1 P M1 G1 R1 S,S R₁ M₁ P D₁ N₂ Ṡ,S N₂ D₁ P M₁ G₁ R₁ Ṡ,False
sarvakalamanjari,SarvakalAmanjari,sarvakalAmanjari,2,Ratnaangi,S R1 G1 P D1 N2 S,S N2 D1 M1 G1 R1 S,S R₁ G₁ P D₁ N₂ Ṡ,S N₂ D₁ M₁ G₁ R₁ Ṡ,False
shrimani,ShrImaNi,shrImaNi,2,Ratnaangi,S R1 G1 P D1 S,S N2 D1 P G1 R1 S,S R₁ G₁ P D₁ Ṡ,S N₂ D₁ P G₁ R₁ Ṡ,False
shrimati,ShrImati,shrImati,2,Ratnaangi,S R1 G1 P D1 S,S N2 D1 P M1 G1 R1 S,S R₁ G₁ P D₁ Ṡ,S N₂ D₁ P M₁ G₁ R₁ Ṡ,False
svayamvara,Svayamvara,svayamvara,2,Ratnaangi,S G1 M1 D1 N2 S,S N2 D1 M1 G1 S,S G₁ M₁ D₁ N₂ Ṡ,S N₂ D₁ M₁ G₁ Ṡ,False
vasantabhupala,VasantabhUpALa,vasantabhUpALa,2,Ratnaangi,S R1 G1 P D1 N2 S,S N2 D1 P M1 G1 M1 G1 R1 S,S R₁ G₁ P D₁ N₂ Ṡ,S N₂ D₁ P M₁ G₁ M₁ G₁ R₁ Ṡ,False
vasantamanohari,VasantamanOhari,vasantamanOhari,2,Ratnaangi,S R1 G1 M1 D1 N2 S,S N2 D1 M1 G1 R1 S,S R₁ G₁ M₁ D₁ N₂ Ṡ,S N₂ D₁ M₁ G₁ R₁ Ṡ,False
gaanasaamavaraali,GaanasaamavaraaLi,gaanasaamavaraaLi,3,Gaanamoorti,S R1 M1 P D1 N3 S,S N3 D1 P M1 G1 R1 S,S R₁ M₁ P D₁ N₃ Ṡ,S N₃ D₁ P M₁ G₁ R₁ Ṡ,False
bhavajapriya,BhavajapriyA,bhavajapriyA,3,Gaanamoorti,S G1 M1 P D1 N3 S,S N3 D1 P M1 G1 S,S G₁ M₁ P D₁ N₃ Ṡ,S N₃ D₁ P M₁ G₁ Ṡ,False
bherikarnika,BhErikarNikA,bhErikarNikA,3,Gaanamoorti,S R1 M1 D1 N3 D1 S,S N3 D1 P M1 G1 R1 S,S R₁ M₁ D₁ N₃ D₁ Ṡ,S N₃ D₁ P M₁ G₁ R₁ Ṡ,False
bhinnapancama,Bhinnapancama,bhinnapancama,3,Gaanamoorti,S G1 M1 P D1 N3 S,S N3 D1 P M1 G1 R1 S,S G₁ M₁ P D₁ N₃ Ṡ,S N₃ D₁ P M₁ G₁ R₁ Ṡ,False
bhinnapancama,Bhinnapancama,bhinnapancama,3,Gaanamoorti,S R1 M1 D1 N3 S,S N3 D1 P M1 G1 R1 S,S R₁ M₁ D₁ N₃ Ṡ,S N₃ D₁ P M₁ G₁ R₁ Ṡ,False
bhinnapancama,Bhinnapancama,bhinnapancama,3,Gaanamoorti,S R1 G1 G1 R1 M1 P D1 P N3 N3 S,S N3 D1 M1 G1 G1 R1 S,S R₁ G₁ G₁ R₁ M₁ P D₁ P N₃ N₃ Ṡ,S N₃ D₁ M₁ G₁ G₁ R₁ Ṡ,False
bhinnapancama,Bhinnapancama,bhinnapancama,3,Gaanamoorti,S G1 M1 P D1 N3 S,S N3 D1 M1 P G1 R1 S,S G₁ M₁ P D₁ N₃ Ṡ,S N₃ D₁ M₁ P G₁ R₁ Ṡ,False
bhujangi,Bhujangi,bhujangi,3,Gaanamoorti,S R1 G1 M1 N3 S,S N3 M1 G1 R1 S,S R₁ G₁ M₁ N₃ Ṡ,S N₃ M₁ G₁ R₁ Ṡ,False
candanagandhi,Candanagandhi,candanagandhi,3,Gaanamoorti,S R1 G1 P D1 N3 S,S N3 D1 P G1 R1 S,S R₁ G₁ P D₁ N₃ Ṡ,S N₃ D₁ P G₁ R₁ Ṡ,False
chayagaula,ChAyAgauLa,chAyAgauLa,3,Gaanamoorti,S R1 G1 R1 M1 P D1 N3 S,S N3 D1 P M1 G1 R1 S,S R₁ G₁ R₁ M₁ P D₁ N₃ Ṡ,S N₃ D₁ P M₁ G₁ R₁ Ṡ,False
chayagaula,ChAyAgaula,chAyAgaula,3,Gaanamoorti,S R1 G1 R1 M1 P D1 N3 S,S N3 D1 P M1 G1 S R1 S,S R₁ G₁ R₁ M₁ P D₁ N₃ Ṡ,S N₃ D₁ P M₁ G₁ Ṡ R₁ Ṡ,False
chayagaula,ChAyAgauLa,chAyAgauLa,3,Gaanamoorti,S R1 G1 R1 M1 P D1 N3 S,S D1 N3 P M1 G1 S R1 S,S R₁ G₁ R₁ M₁ P D₁ N₃ Ṡ,S D₁ N₃ P M₁ G₁ Ṡ R₁ Ṡ,False
chayagaula,ChAyAgauLa,chAyAgauLa,3,Gaanamoorti,S R1 G1 R1 M1 P D1 N3 S,S D1 N3 P M1 G1 R1 S,S R₁ G₁ R₁ M₁ P D₁ N₃ Ṡ,S D₁ N₃ P M₁ G₁ R₁ Ṡ,False
chayavela,ChAyAvELa,chAyAvELa,3,Gaanamoorti,S R1 G1 R1 M1 P D1 N3 S,S D1 N3 P M1 G1 R1 S,S R₁ G₁ R₁ M₁ P D₁ N₃ Ṡ,S D₁ N₃ P M₁ G₁ R₁ Ṡ,False
ganalalita,GAnalalitA,gAnalalitA,3,Gaanamoorti,S G1 M1 P D1 N3 S,S N3 D1 P M1 G1 R1 S,S G₁ M₁ P D₁ N₃ Ṡ,S N₃ D₁ P M₁ G₁ R₁ Ṡ,False
ganamurti,GAnamUrti,gAnamUrti,3,Gaanamoorti,S R1 G1 M1 P D1 N3 S,S N3 D1 P M1 G1 R1 S,S R₁ G₁ M₁ P D₁ N₃ Ṡ,S N₃ D₁ P M₁ G₁ R₁ Ṡ,False
ganasamavarali,GAnasAmavarALi,gAnasAmavarALi,3,Gaanamoorti,S R1 M1 P D1 N3 S,S N3 D1 P M1 G1 R1 S,S R₁ M₁ P D₁ N₃ Ṡ,S N₃ D₁ P M₁ G₁ R₁ Ṡ,False
girikarnika,GirikarNikA,girikarNikA,3,Gaanamoorti,S R1 M1 P D1 N3 S,S N3 D1 P M1 G1 R1 S,S R₁ M₁ P D₁ N₃ Ṡ,S N₃ D₁ P M₁ G₁ R₁ Ṡ,False
karikarnika,KarikarNikA,karikarNikA,3,Gaanamoorti,S R1 M1 P D1 N3 S,S N3 D1 P M1 G1 R1 S,S R₁ M₁ P D₁ N₃ Ṡ,S N₃ D₁ P M₁ G₁ R₁ Ṡ,False
kumarapriya,KumArapriyA,kumArapriyA,3,Gaanamoorti,S R1 G1 D1 N3 S,S N3 D1 G1 R1 S,S R₁ G₁ D₁ N₃ Ṡ,S N₃ D₁ G₁ R₁ Ṡ,False
kurandalocani,KuranDalOcani,kuranDalOcani,3,Gaanamoorti,S R1 G1 M1 P N3 S,S N3 P M1 G1 R1 S,S R₁ G₁ M₁ P N₃ Ṡ,S N₃ P M₁ G₁ R₁ Ṡ,False
lalitatodi,LalitatODi,lalitatODi,3,Gaanamoorti,S R1 G1 M1 P S,S N3 D1 M1 G1 R1 S,S R₁ G₁ M₁ P Ṡ,S N₃ D₁ M₁ G₁ R₁ Ṡ,False
lalitatodi,LalitatODi,lalitatODi,3,Gaanamoorti,S R1 G1 M1 P S,S N3 D1 P M1 G1 R1 S,S R₁ G₁ M₁ P Ṡ,S N₃ D₁ P M₁ G₁ R₁ Ṡ,False
madhuranjani,Madhuranjani,madhuranjani,3,Gaanamoorti,S R1 G1 P D1 N3 S,S N3 D1 P M1 G1 R1 S,S R₁ G₁ P D₁ N₃ Ṡ,S N₃ D₁ P M₁ G₁ R₁ Ṡ,False
mangalagaula,MangaLagauLa,mangaLagauLa,3,Gaanamoorti,S M1 P D1 N3 S,S N3 D1 P M1 G1 R1 S,S M₁ P D₁ N₃ Ṡ,S N₃ D₁ P M₁ G₁ R₁ Ṡ,False
mangalagauri,MangaLagauri,mangaLagauri,3,Gaanamoorti,S M1 P D1 N3 S,S N3 P D1 M1 G1 R1 S,S M₁ P D₁ N₃ Ṡ,S N₃ P D₁ M₁ G₁ R₁ Ṡ,False
maturanjani,MAturanjani,mAturanjani,3,Gaanamoorti,S R1 G1 P D1 N3 S,S N3 D1 P M1 G1 R1 S,S R₁ G₁ P D₁ N₃ Ṡ,S N₃ D₁ P M₁ G₁ R₁ Ṡ,False
nadalalita,NAdalalitA,nAdalalitA,3,Gaanamoorti,S R1 G1 M1 P D1 N3 S,S D1 P M1 G1 R1 S,S R₁ G₁ M₁ P D₁ N₃ Ṡ,S D₁ P M₁ G₁ R₁ Ṡ,False
nadaranjani,NAdaranjani,nAdaranjani,3,Gaanamoorti,S R1 M1 D1 N3 S,S N3 D1 M1 G1 R1 S,S R₁ M₁ D₁ N₃ Ṡ,S N₃ D₁ M₁ G₁ R₁ Ṡ,False
namavarali,NAmavarALi,nAmavarALi,3,Gaanamoorti,S R1 M1 P D1 N3 S,S N3 D1 P M1 G1 R1 S,S R₁ M₁ P D₁ N₃ Ṡ,S N₃ D₁ P M₁ G₁ R₁ Ṡ,False
purvavarali,PUrvavarALi,pUrvavarALi,3,Gaanamoorti,S R1 M1 P D1 S,S N3 D1 P M1 G1 R1 S N3 D1 N3 S,S R₁ M₁ P D₁ Ṡ,S N₃ D₁ P M₁ G₁ R₁ Ṡ N₃ D₁ N₃ Ṡ,False
purvavarali,PUrvavarALi,pUrvavarALi,3,Gaanamoorti,S R1 M1 P D1 N3 S,S N3 D1 P M1 G1 R1 S,S R₁ M₁ P D₁ N₃ Ṡ,S N₃ D₁ P M₁ G₁ R₁ Ṡ,False
ragamurti,RAgamUrti,rAgamUrti,3,Gaanamoorti,S R1 G1 M1 D1 N3 S,S N3 D1 M1 G1 R1 S,S R₁ G₁ M₁ D₁ N₃ Ṡ,S N₃ D₁ M₁ G₁ R₁ Ṡ,False
samavarali,SAmavarALi,sAmavarALi,3,Gaanamoorti,S R1 M1 P D1 N3 S,S N3 D1 P M1 G1 R1 S,S R₁ M₁ P D₁ N₃ Ṡ,S N₃ D₁ P M₁ G₁ R₁ Ṡ,False
samavarali,SAmavarALi,sAmavarALi,3,Gaanamoorti,S R1 M1 P D1 N3 D1 S,S N3 D1 P M1 G1 R1 S,S R₁ M₁ P D₁ N₃ D₁ Ṡ,S N₃ D₁ P M₁ G₁ R₁ Ṡ,False
sarangalalita,SArangalalitA,sArangalalitA,3,Gaanamoorti,S R1 G1 M1 R1 M1 P N3 S,S N3 D1 P M1 R1 S,S R₁ G₁ M₁ R₁ M₁ P N₃ Ṡ,S N₃ D₁ P M₁ R₁ Ṡ,False
shribhinnapancama,ShrIbhinnapancama,shrIbhinnapancama,3,Gaanamoorti,S G1 M1 P D1 N3 S,S N3 D1 P M1 G1 R1 S,S G₁ M₁ P D₁ N₃ Ṡ,S N₃ D₁ P M₁ G₁ R₁ Ṡ,False
sukharanjani,Sukharanjani,sukharanjani,3,Gaanamoorti,S R1 G1 P D1 N3 S D1 S,S N3 D1 P M1 G1 R1 S,S R₁ G₁ P D₁ N₃ Ṡ D₁ Ṡ,S N₃ D₁ P M₁ G₁ R₁ Ṡ,False
sukharanjani,Sukharanjani,sukharanjani,3,Gaanamoorti,S R1 G1 P D1 N3 S,S N3 D1 P M1 G1 R1 S,S R₁ G₁ P D₁ N₃ Ṡ,S N₃ D₁ P M₁ G₁ R₁ Ṡ,False
suratimallar,SuraTimallAr,suraTimallAr,3,Gaanamoorti,S R1 M1 P N3 S,S D1 P M1 G1 R1 S,S R₁ M₁ P N₃ Ṡ,S D₁ P M₁ G₁ R₁ Ṡ,False
svairini,SvairiNi,svairiNi,3,Gaanamoorti,S G1 M1 D1 N3 S,S N3 D1 M1 G1 S,S G₁ M₁ D₁ N₃ Ṡ,S N₃ D₁ M₁ G₁ Ṡ,False
tavi,Tavi,tavi,3,Gaanamoorti,S G1 P D1 N3 S,S N3 D1 P G1 S,S G₁ P D₁ N₃ Ṡ,S N₃ D₁ P G₁ Ṡ,False
triambakapriya,TriambakapriyA,triambakapriyA,3,Gaanamoorti,S M1 R1 G1 M1 P S,S N3 S D1 P M1 G1 R1 S,S M₁ R₁ G₁ M₁ P Ṡ,S N₃ Ṡ D₁ P M₁ G₁ R₁ Ṡ,False
triambakapriya,TriambakapriyA,triambakapriyA,3,Gaanamoorti,S M1 R1 G1 M1 P S,S N3 D1 P M1 G1 R1 S,S M₁ R₁ G₁ M₁ P Ṡ,S N₃ D₁ P M₁ G₁ R₁ Ṡ,False
varavarnini,VaravarNini,varavarNini,3,Gaanamoorti,S G1 M1 P N3 S,S N3 P M1 G1 S,S G₁ M₁ P N₃ Ṡ,S N₃ P M₁ G₁ Ṡ,False
visharada,VishArada,vishArada,3,Gaanamoorti,S R1 M1 P N3 S,S N3 P M1 R1 S,S R₁ M₁ P N₃ Ṡ,S N₃ P M₁ R₁ Ṡ,False
bhaanumati,Bhaanumati,bhaanumati,4,Vanaspati,N2 S M1 P N2 S,S N2 D2 P M1 G2 R2 S,N₂ Ṡ M₁ P N₂ Ṡ,S N₂ D₂ P M₁ G₂ R₂ Ṡ,False
bhanumati,BhAnumati,bhAnumati,4,Vanaspati,S R1 G1 R1 M1 P S,S N2 D2 P M1 G1 R1 S,S R₁ G₁ R₁ M₁ P Ṡ,S N₂ D₂ P M₁ G₁ R₁ Ṡ,False
bhanumati,BhAnumati,bhAnumati,4,Vanaspati,S R1 G1 R1 M1 P D2 S,S N2 D2 P M1 G1 R1 S,S R₁ G₁ R₁ M₁ P D₂ Ṡ,S N₂ D₂ P M₁ G₁ R₁ Ṡ,False
bhanumati,BhAnumati,bhAnumati,4,Vanaspati,S R1 M1 P D2 N2 S,S N2 D2 P M1 G1 R1 S,S R₁ M₁ P D₂ N₂ Ṡ,S N₂ D₂ P M₁ G₁ R₁ Ṡ,False
bhuvaneshvari,BhuvanEshvari,bhuvanEshvari,4,Vanaspati,S R1 G1 M1 P D2 S,S D2 P M1 G1 R1 S,S R₁ G₁ M₁ P D₂ Ṡ,S D₂ P M₁ G₁ R₁ Ṡ,False
citrarupi,CitrarUpi,citrarUpi,4,Vanaspati,S R1 G1 M1 D2 S,S D2 M1 G1 R1 S,S R₁ G₁ M₁ D₂ Ṡ,S D₂ M₁ G₁ R₁ Ṡ,False
girijavali,GirijAvaLi,girijAvaLi,4,Vanaspati,S R1 M1 P D2 N2 S,S D2 P M1 R1 S,S R₁ M₁ P D₂ N₂ Ṡ,S D₂ P M₁ R₁ Ṡ,False
himavaluka,HimavAluka,himavAluka,4,Vanaspati,S G1 M1 P D2 S,S D2 P M1 G1 S,S G₁ M₁ P D₂ Ṡ,S D₂ P M₁ G₁ Ṡ,False
indushitala,IndushItaLa,indushItaLa,4,Vanaspati,S R1 G1 M1 P D2 N2 D2 S,S D2 N2 P M1 G1 R1 S,S R₁ G₁ M₁ P D₂ N₂ D₂ Ṡ,S D₂ N₂ P M₁ G₁ R₁ Ṡ,False
jnanadayaki,JnAnadAyaki,jnAnadAyaki,4,Vanaspati,S R1 G1 D2 N2 S,S N2 D2 G1 R1 S,S R₁ G₁ D₂ N₂ Ṡ,S N₂ D₂ G₁ R₁ Ṡ,False
karajavali,KarajAvaLi,karajAvaLi,4,Vanaspati,S R1 M1 P D2 N2 S,S N2 D2 N2 P M1 R1 S,S R₁ M₁ P D₂ N₂ Ṡ,S N₂ D₂ N₂ P M₁ R₁ Ṡ,False
karnatakasurati,KarnATakasuraTi,karnATakasuraTi,4,Vanaspati,S R1 G1 M1 P D2 S,S N2 D2 P M1 R1 S,S R₁ G₁ M₁ P D₂ Ṡ,S N₂ D₂ P M₁ R₁ Ṡ,False
karnatakasurati,KarnATakasuraTi,karnATakasuraTi,4,Vanaspati,S R1 G1 M1 P D2 S,S N2 D2 P M1 G1 R1 S,S R₁ G₁ M₁ P D₂ Ṡ,S N₂ D₂ P M₁ G₁ R₁ Ṡ,False
kayajapriya,KAyajapriyA,kAyajapriyA,4,Vanaspati,S R1 G1 P D2 N2 S,S N2 D2 P G1 R1 S,S R₁ G₁ P D₂ N₂ Ṡ,S N₂ D₂ P G₁ R₁ Ṡ,False
krajavali,KrajAvaLi,krajAvaLi,4,Vanaspati,S R1 M1 P D2 N2 S,S D2 P M1 R1 S,S R₁ M₁ P D₂ N₂ Ṡ,S D₂ P M₁ R₁ Ṡ,False
lilaranjani,LIlAranjani,lIlAranjani,4,Vanaspati,S M1 R1 G1 M1 P S,S N2 D2 P M1 G1 R1 S,S M₁ R₁ G₁ M₁ P Ṡ,S N₂ D₂ P M₁ G₁ R₁ Ṡ,False
mandemari,MandEmari,mandEmari,4,Vanaspati,S R1 M1 P N2 S,S N2 D2 P M1 G1 R1 S,S R₁ M₁ P N₂ Ṡ,S N₂ D₂ P M₁ G₁ R₁ Ṡ,False
nadavarali,NAdavarALi,nAdavarALi,4,Vanaspati,S R1 M1 P D2 S,S N2 D2 N2 P M1 G1 R1 S,S R₁ M₁ P D₂ Ṡ,S N₂ D₂ N₂ P M₁ G₁ R₁ Ṡ,False
namavarali,NAmavarALi,nAmavarALi,4,Vanaspati,S R1 G1 M1 P D2 S,S N2 D2 N2 P M1 G1 R1 S,S R₁ G₁ M₁ P D₂ Ṡ,S N₂ D₂ N₂ P M₁ G₁ R₁ Ṡ,False
osadi,OSadi,OSadi,4,Vanaspati,S R1 G1 M1 D2 N2 S,S N2 D2 P D2 M1 G1 R1 S,S R₁ G₁ M₁ D₂ N₂ Ṡ,S N₂ D₂ P D₂ M₁ G₁ R₁ Ṡ,False
pratiti,PratIti,pratIti,4,Vanaspati,S G1 M1 P D2 N2 S,S N2 D2 P M1 G1 S,S G₁ M₁ P D₂ N₂ Ṡ,S N₂ D₂ P M₁ G₁ Ṡ,False
rasali,RasALi,rasALi,4,Vanaspati,S R1 M1 P D2 N2 S,S D2 P M1 R1 S,S R₁ M₁ P D₂ N₂ Ṡ,S D₂ P M₁ R₁ Ṡ,False
rasali,RasALi,rasALi,4,Vanaspati,S R1 M1 P D2 N2 S,S N2 D2 P M1 G1 R1 S,S R₁ M₁ P D₂ N₂ Ṡ,S N₂ D₂ P M₁ G₁ R₁ Ṡ,False
rasali,RasALi,rasALi,4,Vanaspati,S R1 M1 P D2 N2 S,S D2 M1 P R1 S,S R₁ M₁ P D₂ N₂ Ṡ,S D₂ M₁ P R₁ Ṡ,False
shardalangi,ShardaLAngi,shardaLAngi,4,Vanaspati,S G1 M1 D2 N2 S,S N2 D2 M1 G1 S,S G₁ M₁ D₂ N₂ Ṡ,S N₂ D₂ M₁ G₁ Ṡ,False
shvetamabri,ShvEtAmabri,shvEtAmabri,4,Vanaspati,S R1 G1 M1 P M1 D2 N2 S S,S N2 P M1 G1 R1 S,S R₁ G₁ M₁ P M₁ D₂ N₂ Ṡ S,S N₂ P M₁ G₁ R₁ Ṡ,False
shvetambari,ShvEtAmbari,shvEtAmbari,4,Vanaspati,S R1 G1 M1 P M1 D2 N2 S,S N2 P M1 G1 R1 S,S R₁ G₁ M₁ P M₁ D₂ N₂ Ṡ,S N₂ P M₁ G₁ R₁ Ṡ,False
sugatri,SugAtri,sugAtri,4,Vanaspati,S M1 P D2 N2 S,S D2 P M1 G1 R1 S,S M₁ P D₂ N₂ Ṡ,S D₂ P M₁ G₁ R₁ Ṡ,False
surabhusani,SurabhUSaNi,surabhUSaNi,4,Vanaspati,S R1 G1 M1 P S,S N2 D2 P M1 G1 R1 S,S R₁ G₁ M₁ P Ṡ,S N₂ D₂ P M₁ G₁ R₁ Ṡ,False
surabhusani,SurabhUSaNi,surabhUSaNi,4,Vanaspati,S R1 G1 M1 P S,S N2 D2 N2 P M1 R1 S,S R₁ G₁ M₁ P Ṡ,S N₂ D₂ N₂ P M₁ R₁ Ṡ,False
tamasvini,TAmasvini,tAmasvini,4,Vanaspati,S R1 G1 P D2 S,S D2 P G1 R1 S,S R₁ G₁ P D₂ Ṡ,S D₂ P G₁ R₁ Ṡ,False
vallika,Vallika,vallika,4,Vanaspati,S R1 G1 P N2 S,S N2 P G1 R1 S,S R₁ G₁ P N₂ Ṡ,S N₂ P G₁ R₁ Ṡ,False
vanali,VanAli,vanAli,4,Vanaspati,S R1 M1 P D2 N2 S,S D2 P M1 R1 S,S R₁ M₁ P D₂ N₂ Ṡ,S D₂ P M₁ R₁ Ṡ,False
vanamali,VanamAli,vanamAli,4,Vanaspati,S R1 M1 P D2 N2 S,S D2 P M1 R1 S,S R₁ M₁ P D₂ N₂ Ṡ,S D₂ P M₁ R₁ Ṡ,False
vanaspati,Vanaspati,vanaspati,4,Vanaspati,S R1 G1 M1 P D2 N2 S,S N2 D2 P M1 G1 R1 S,S R₁ G₁ M₁ P D₂ N₂ Ṡ,S N₂ D₂ P M₁ G₁ R₁ Ṡ,False
varite,VaritE,varitE,4,Vanaspati,S G1 P D2 N2 S,S N2 P G1 S,S G₁ P D₂ N₂ Ṡ,S N₂ P G₁ Ṡ,False
viravikrama,VIravikramA,vIravikramA,4,Vanaspati,S R1 G1 M1 P D2 N2 S,S N2 P D2 M1 G1 R1 S,S R₁ G₁ M₁ P D₂ N₂ Ṡ,S N₂ P D₂ M₁ G₁ R₁ Ṡ,False
viravikrama,VIravikramA,vIravikramA,4,Vanaspati,S R1 G1 M1 P D2 N2 S,S N2 D2 P M1 G1 R1 S,S R₁ G₁ M₁ P D₂ N₂ Ṡ,S N₂ D₂ P M₁ G₁ R₁ Ṡ,False
vitapi,ViTapi,viTapi,4,Vanaspati,S R1 M1 P D2 S,S D2 P M1 R1 S,S R₁ M₁ P D₂ Ṡ,S D₂ P M₁ R₁ Ṡ,False
vitthalapriya,ViTThalapriyA,viTThalapriyA,4,Vanaspati,S R1 M1 P D2 S,S D2 P M1 R1 S,S R₁ M₁ P D₂ Ṡ,S D₂ P M₁ R₁ Ṡ,False
manoranjani,ManOranjani,manOranjani,5,Maanavati,S R1 M1 P D2 N3 S,S N3 D2 P M1 G1 R1 S,S R₁ M₁ P D₂ N₃ Ṡ,S N₃ D₂ P M₁ G₁ R₁ Ṡ,False
abhimanini,AbhimAnini,abhimAnini,5,Maanavati,S R1 G1 M1 D2 N3 S,S N3 D2 M1 G1 R1 S,S R₁ G₁ M₁ D₂ N₃ Ṡ,S N₃ D₂ M₁ G₁ R₁ Ṡ,False
bhupalamanohari,BhUpALamanOhari,bhUpALamanOhari,5,Maanavati,S G1 M1 P D2 N3 S,S N3 D2 P M1 G1 S,S G₁ M₁ P D₂ N₃ Ṡ,S N₃ D₂ P M₁ G₁ Ṡ,False
citramani,CitramaNi,citramaNi,5,Maanavati,S R1 M1 P D2 N3 S,S N3 D2 P M1 G1 R1 S,S R₁ M₁ P D₂ N₃ Ṡ,S N₃ D₂ P M₁ G₁ R₁ Ṡ,False
deshikagauri,DEshikagauri,dEshikagauri,5,Maanavati,S R1 G1 M1 D2 P N3 S,S D2 N3 P M1 G1 R1 S,S R₁ G₁ M₁ D₂ P N₃ Ṡ,S D₂ N₃ P M₁ G₁ R₁ Ṡ,False
deshyagauri,DEshyagauri,dEshyagauri,5,Maanavati,S R1 G1 M1 D2 P N3 S,S D2 N3 P M1 G1 R1 S,S R₁ G₁ M₁ D₂ P N₃ Ṡ,S D₂ N₃ P M₁ G₁ R₁ Ṡ,False
deshyagauri,DEshyagauri,dEshyagauri,5,Maanavati,S R1 G1 M1 P D2 P N3 S,S D2 N3 P M1 G1 R1 S,S R₁ G₁ M₁ P D₂ P N₃ Ṡ,S D₂ N₃ P M₁ G₁ R₁ Ṡ,False
ghanashyamala,GhanashyAmalA,ghanashyAmalA,5,Maanavati,S G1 M1 P D2 S,S N3 D2 P M1 G1 R1 S,S G₁ M₁ P D₂ Ṡ,S N₃ D₂ P M₁ G₁ R₁ Ṡ,False
ghanashyamala,GhanashyAmalA,ghanashyAmalA,5,Maanavati,S R1 G1 M1 D2 N3 D2 S,S D2 N3 P M1 G1 R1 S,S R₁ G₁ M₁ D₂ N₃ D₂ Ṡ,S D₂ N₃ P M₁ G₁ R₁ Ṡ,False
ghanashyamalangi,GhanashyAmalAngi,ghanashyAmalAngi,5,Maanavati,S G1 M1 P D2 N3 P S S,S D2 P R1 G1 S,S G₁ M₁ P D₂ N₃ P Ṡ S,S D₂ P R₁ G₁ Ṡ,False
jayasaveri,JayasAvEri,jayasAvEri,5,Maanavati,S M1 R1 G1 M1 P D2 N3,D2 P M1 G1 R1 S N3 S,S M₁ R₁ G₁ M₁ P D₂ N₃,D₂ P M₁ G₁ R₁ Ṡ N₃ Ṡ,False
jayasaveri,JayasAvEri,jayasAvEri,5,Maanavati,S M1 R1 G1 M1 P D2 N3,D2 P M1 G1 R1 S N3,S M₁ R₁ G₁ M₁ P D₂ N₃,D₂ P M₁ G₁ R₁ Ṡ N₃,False
jnanasvarupini,JnAnasvarUpiNi,jnAnasvarUpiNi,5,Maanavati,S R1 G1 P D2 S,S D2 P R1 G1 S,S R₁ G₁ P D₂ Ṡ,S D₂ P R₁ G₁ Ṡ,False
jyotsnapriya,JyOtsnApriyA,jyOtsnApriyA,5,Maanavati,S R1 G1 D2 N3 S,S N3 D2 G1 R1 S,S R₁ G₁ D₂ N₃ Ṡ,S N₃ D₂ G₁ R₁ Ṡ,False
kamya,KAmya,kAmya,5,Maanavati,S R1 G1 P D2 N3 S,S N3 D2 P M1 G1 R1 G1 S,S R₁ G₁ P D₂ N₃ Ṡ,S N₃ D₂ P M₁ G₁ R₁ G₁ Ṡ,False
kamya,KAmya,kAmya,5,Maanavati,S R1 G1 P D2 N3 S,S N3 D2 P M1 G1 R1 S,S R₁ G₁ P D₂ N₃ Ṡ,S N₃ D₂ P M₁ G₁ R₁ Ṡ,False
kandarpamanohari,KandarpamanOhari,kandarpamanOhari,5,Maanavati,S R1 G1 P D2 N3 S,S N3 D2 P G1 R1 S,S R₁ G₁ P D₂ N₃ Ṡ,S N₃ D₂ P G₁ R₁ Ṡ,False
kandarpamanohari,KandarpamanOhari,kandarpamanOhari,5,Maanavati,S R1 G1 P P D2 N3 S,S N3 D2 P G1 R1 S,S R₁ G₁ P P D₂ N₃ Ṡ,S N₃ D₂ P G₁ R₁ Ṡ,False
kaumati,Kaumati,kaumati,5,Maanavati,S R1 G1 P D2 N3 S,S N3 D2 P M1 G1 R1 S,S R₁ G₁ P D₂ N₃ Ṡ,S N₃ D₂ P M₁ G₁ R₁ Ṡ,False
kunjari,Kunjari,kunjari,5,Maanavati,S R1 M1 P D2 P S,S N3 D2 P M1 G1 R1 S,S R₁ M₁ P D₂ P Ṡ,S N₃ D₂ P M₁ G₁ R₁ Ṡ,False
manavati,MAnavati,mAnavati,5,Maanavati,S R1 G1 M1 P D2 N3 S,S N3 D2 P M1 G1 R1 S,S R₁ G₁ M₁ P D₂ N₃ Ṡ,S N₃ D₂ P M₁ G₁ R₁ Ṡ,False
mangalabhusani,MangaLabhUSaNi,mangaLabhUSaNi,5,Maanavati,S D2 S N3 S R1 G1 M1 P,M1 G1 R1 S N3 D2 P,S D₂ Ṡ N₃ Ṡ R₁ G₁ M₁ P,M₁ G₁ R₁ Ṡ N₃ D₂ P,False
mangalabhusani,MangaLabhUSaNi,mangaLabhUSaNi,5,Maanavati,P D2 S N3 S R1 G1 P,M1 G1 R1 S N3 D2 P,P D₂ Ṡ N₃ Ṡ R₁ G₁ P,M₁ G₁ R₁ Ṡ N₃ D₂ P,False
mangalabhusani,MangaLabhUSaNi,mangaLabhUSaNi,5,Maanavati,P D2 N3 S R1 G1 M1 P,M1 G1 R1 S N3 D2 P,P D₂ N₃ Ṡ R₁ G₁ M₁ P,M₁ G₁ R₁ Ṡ N₃ D₂ P,False
mangalabhusani,MangaLabhUSaNi,mangaLabhUSaNi,5,Maanavati,P D2 N3 S R1 G1 M1 P,P M1 G1 R1 S N3 D2 P,P D₂ N₃ Ṡ R₁ G₁ M₁ P,P M₁ G₁ R₁ Ṡ N₃ D₂ P,False
mangalabhusani,MangaLabhUSaNi,mangaLabhUSaNi,5,Maanavati,P D2 S N3 S R1 G1 M1 P,M1 G1 R1 S N3 D2 P,P D₂ Ṡ N₃ Ṡ R₁ G₁ M₁ P,M₁ G₁ R₁ Ṡ N₃ D₂ P,False
mangaladeshika,MangaLadEshika,mangaLadEshika,5,Maanavati,S R1 G1 M1 P N3 D2 S,S N3 P D2 M1 G1 R1 S,S R₁ G₁ M₁ P N₃ D₂ Ṡ,S N₃ P D₂ M₁ G₁ R₁ Ṡ,False
mangaladeshika,MangaLadEshika,mangaLadEshika,5,Maanavati,S R1 G1 M1 P D2 N3 S,S N3 P D2 M1 G1 R1 S,S R₁ G₁ M₁ P D₂ N₃ Ṡ,S N₃ P D₂ M₁ G₁ R₁ Ṡ,False
mangaladeshika,MangaLadEshika,mangaLadEshika,5,Maanavati,S R1 G1 M1 P N3 D2 S,S N3 M1 D2 M1 G1 R1 S,S R₁ G₁ M₁ P N₃ D₂ Ṡ,S N₃ M₁ D₂ M₁ G₁ R₁ Ṡ,False
mangaladeshika,MangaLadEshika,mangaLadEshika,5,Maanavati,S R1 G1 M1 P D2 N3 D2 S,S N3 P D2 M1 G1 R1 S,S R₁ G₁ M₁ P D₂ N₃ D₂ Ṡ,S N₃ P D₂ M₁ G₁ R₁ Ṡ,False
manoranjani,ManOranjani,manOranjani,5,Maanavati,S R1 M1 P D2 N3 S,S N3 D2 P D2 M1 G1 R1 S,S R₁ M₁ P D₂ N₃ Ṡ,S N₃ D₂ P D₂ M₁ G₁ R₁ Ṡ,False
manoranjani,ManOranjani,manOranjani,5,Maanavati,S R1 M1 P D2 N3 S,S N3 S D2 P M1 P M1 R1 G1 S,S R₁ M₁ P D₂ N₃ Ṡ,S N₃ Ṡ D₂ P M₁ P M₁ R₁ G₁ Ṡ,False
minalocani,MInalOcani,mInalOcani,5,Maanavati,S R1 G1 M1 P D2 N3 P S,S N3 D2 P M1 G1 R1 S,S R₁ G₁ M₁ P D₂ N₃ P Ṡ,S N₃ D₂ P M₁ G₁ R₁ Ṡ,False
purvakannada,PUrvakannaDa,pUrvakannaDa,5,Maanavati,S R1 G1 M1 P D2 P S,S D2 N3 D2 P M1 G1 R1 S,S R₁ G₁ M₁ P D₂ P Ṡ,S D₂ N₃ D₂ P M₁ G₁ R₁ Ṡ,False
purvakannada,PUrvakannaDa,pUrvakannaDa,5,Maanavati,S R1 G1 M1 P S,S D2 N3 D2 P M1 G1 R1 S,S R₁ G₁ M₁ P Ṡ,S D₂ N₃ D₂ P M₁ G₁ R₁ Ṡ,False
purvasindhu,PUrvasindhu,pUrvasindhu,5,Maanavati,S R1 G1 M1 P S N3 S,S D2 P M1 D2 M1 G1 R1 S,S R₁ G₁ M₁ P Ṡ N₃ Ṡ,S D₂ P M₁ D₂ M₁ G₁ R₁ Ṡ,False
rasavarali,RasavarALi,rasavarALi,5,Maanavati,S R1 G1 M1 P D2 N3 D2 S,S N3 D2 P M1 G1 R1 S,S R₁ G₁ M₁ P D₂ N₃ D₂ Ṡ,S N₃ D₂ P M₁ G₁ R₁ Ṡ,False
sagu,SAgu,sAgu,5,Maanavati,S G1 P D2 N3 S,S N3 D2 P G1 S,S G₁ P D₂ N₃ Ṡ,S N₃ D₂ P G₁ Ṡ,False
sarika,SArika,sArika,5,Maanavati,S R1 G1 P N3 S,S N3 P G1 R1 S,S R₁ G₁ P N₃ Ṡ,S N₃ P G₁ R₁ Ṡ,False
shravanti,Shravanti,shravanti,5,Maanavati,S G1 M1 D2 N3 S,S N3 D2 M1 G1 S,S G₁ M₁ D₂ N₃ Ṡ,S N₃ D₂ M₁ G₁ Ṡ,False
tanukeerti,Tanukeerti,tanukeerti,6,Taanaroopi,S R1 M1 P N3 S,S N3 D3 N3 P M1 G1 M1 R1 S,S R₁ M₁ P N₃ Ṡ,S N₃ D₃ N₃ P M₁ G₁ M₁ R₁ Ṡ,False
bhinnanisadam,BhinnaniSAdam,bhinnaniSAdam,6,Taanaroopi,S R1 G1 M1 D3 S,S D3 M1 G1 R1 S,S R₁ G₁ M₁ D₃ Ṡ,S D₃ M₁ G₁ R₁ Ṡ,False
chayanarayani,ChAyAnArAyaNi,chAyAnArAyaNi,6,Taanaroopi,S M1 P M1 D3 N3 S,S N3 D3 N3 P M1 G1 R1 S,S M₁ P M₁ D₃ N₃ Ṡ,S N₃ D₃ N₃ P M₁ G₁ R₁ Ṡ,False
chayanarayani,ChAyAnArAyaNi,chAyAnArAyaNi,6,Taanaroopi,S P M1 P D3 N3 S,S N3 D3 N3 P M1 G1 R1 S,S P M₁ P D₃ N₃ Ṡ,S N₃ D₃ N₃ P M₁ G₁ R₁ Ṡ,False
deshyanarayani,DEshyanArAyaNi,dEshyanArAyaNi,6,Taanaroopi,S R1 G1 M1 P N3 S,S N3 D3 N3 P M1 G1 R1 S,S R₁ G₁ M₁ P N₃ Ṡ,S N₃ D₃ N₃ P M₁ G₁ R₁ Ṡ,False
deshyanarayani,DEshyanArAyaNi,dEshyanArAyaNi,6,Taanaroopi,S R1 G1 M1 P N3 S,S N3 D3 N3 P M1 R1 S,S R₁ G₁ M₁ P N₃ Ṡ,S N₃ D₃ N₃ P M₁ R₁ Ṡ,False
deshyasurati,DEshyasuraTi,dEshyasuraTi,6,Taanaroopi,S M1 R1 G1 M1 P D3 N3,P M1 G1 R1 S R1 S,S M₁ R₁ G₁ M₁ P D₃ N₃,P M₁ G₁ R₁ Ṡ R₁ Ṡ,False
deshyasurati,DEshyasuraTi,dEshyasuraTi,6,Taanaroopi,S M1 R1 G1 M1 P D3 N3,P M1 G1 R1 S N3 S,S M₁ R₁ G₁ M₁ P D₃ N₃,P M₁ G₁ R₁ Ṡ N₃ Ṡ,False
deshyasurti,DEshyasurTi,dEshyasurTi,6,Taanaroopi,S M1 R1 G1 M1 P D3 N3,P M1 G1 R1 S N3,S M₁ R₁ G₁ M₁ P D₃ N₃,P M₁ G₁ R₁ Ṡ N₃,False
dharanipriya,DharaNipriyA,dharaNipriyA,6,Taanaroopi,S R1 G1 D3 N3 S,S N3 D3 G1 R1 S,S R₁ G₁ D₃ N₃ Ṡ,S N₃ D₃ G₁ R₁ Ṡ,False
gaulamalavi,GauLamALavi,gauLamALavi,6,Taanaroopi,S R1 G1 M1 P D3 N3 P N3 S,S P D3 N3 P M1 G1 R1 S,S R₁ G₁ M₁ P D₃ N₃ P N₃ Ṡ,S P D₃ N₃ P M₁ G₁ R₁ Ṡ,False
gaulamalavi,GauLamALavi,gauLamALavi,6,Taanaroopi,S R1 G1 M1 P D3 N3 P N3 S,S D3 P N3 P M1 G1 R1 S,S R₁ G₁ M₁ P D₃ N₃ P N₃ Ṡ,S D₃ P N₃ P M₁ G₁ R₁ Ṡ,False
ishvari,Ishvari,Ishvari,6,Taanaroopi,S R1 G1 M1 P D3 N3,S D3 P M1 G1 R1 S,S R₁ G₁ M₁ P D₃ N₃,S D₃ P M₁ G₁ R₁ Ṡ,False
jnanasvarupini,JnAnasvarUpiNi,jnAnasvarUpiNi,6,Taanaroopi,S R1 G1 P D3 S,S D3 P G1 R1 S,S R₁ G₁ P D₃ Ṡ,S D₃ P G₁ R₁ Ṡ,False
kamalapati,KamalApati,kamalApati,6,Taanaroopi,S G1 P D3 N3 S,S N3 D3 P G1 S,S G₁ P D₃ N₃ Ṡ,S N₃ D₃ P G₁ Ṡ,False
karunipriya,KaruNipriyA,karuNipriyA,6,Taanaroopi,S R1 G1 D3 N3 S,S N3 D3 G1 R1 S,S R₁ G₁ D₃ N₃ Ṡ,S N₃ D₃ G₁ R₁ Ṡ,False
kasmiri,KASmIri,kASmIri,6,Taanaroopi,S R1 G1 P D3 N3 S,S N3 D3 P G1 R1 S,S R₁ G₁ P D₃ N₃ Ṡ,S N₃ D₃ P G₁ R₁ Ṡ,False
mahila,MahiLa,mahiLa,6,Taanaroopi,S G1 M1 P D3 N3 S,S N3 D3 P M1 G1 S,S G₁ M₁ P D₃ N₃ Ṡ,S N₃ D₃ P M₁ G₁ Ṡ,False
nadarupi,NAdarUpi,nAdarUpi,6,Taanaroopi,S R1 G1 M1 D3 N3 S,S N3 D3 M1 G1 R1 S,S R₁ G₁ M₁ D₃ N₃ Ṡ,S N₃ D₃ M₁ G₁ R₁ Ṡ,False
sahyaja,Sahyaja,sahyaja,6,Taanaroopi,S G1 M1 P D3 S,S D3 P M1 G1 S,S G₁ M₁ P D₃ Ṡ,S D₃ P M₁ G₁ Ṡ,False
shrimalavi,ShrImALavi,shrImALavi,6,Taanaroopi,S R1 G1 M1 P N3 D3 N3 S,S P M1 G1 R1 S,S R₁ G₁ M₁ P N₃ D₃ N₃ Ṡ,S P M₁ G₁ R₁ Ṡ,False
shrngaramani,ShrngaramaNi,shrngaramaNi,6,Taanaroopi,S R1 G1 M1 P N3 S,S N3 D3 P M1 G1 R1 S,S R₁ G₁ M₁ P N₃ Ṡ,S N₃ D₃ P M₁ G₁ R₁ Ṡ,False
shrngarini,ShrngAriNi,shrngAriNi,6,Taanaroopi,S R1 G1 M1 P N3 S,S N3 D3 P M1 G1 R1 S,S R₁ G₁ M₁ P N₃ Ṡ,S N₃ D₃ P M₁ G₁ R₁ Ṡ,False
shrngarini,ShrngAriNi,shrngAriNi,6,Taanaroopi,S R1 G1 M1 P S,S N3 D3 P M1 G1 R1 S,S R₁ G₁ M₁ P Ṡ,S N₃ D₃ P M₁ G₁ R₁ Ṡ,False
shrngarini,ShrngAriNi,shrngAriNi,6,Taanaroopi,S G1 R1 P M1 P S,S N3 D3 P M1 G1 R1 S,S G₁ R₁ P M₁ P Ṡ,S N₃ D₃ P M₁ G₁ R₁ Ṡ,False
sindhumalavi,SindhumALavi,sindhumALavi,6,Taanaroopi,S R1 G1 M1 P D3 N3 P N3 S,S N3 P M1 R1 S,S R₁ G₁ M₁ P D₃ N₃ P N₃ Ṡ,S N₃ P M₁ R₁ Ṡ,False
tanarupi,TAnarUpi,tAnarUpi,6,Taanaroopi,S R1 G1 M1 P D3 N3 S,S N3 D3 P M1 G1 R1 S,S R₁ G₁ M₁ P D₃ N₃ Ṡ,S N₃ D₃ P M₁ G₁ R₁ Ṡ,False
tanukirti,TanukIrti,tanukIrti,6,Taanaroopi,S R1 G1 M1 P S,S N3 D3 P M1 G1 M1 G1 R1 S,S R₁ G₁ M₁ P Ṡ,S N₃ D₃ P M₁ G₁ M₁ G₁ R₁ Ṡ,False
tanukirti,TanukIrti,tanukIrti,6,Taanaroopi,S R1 G1 M1 P S,S N3 S D3 P D3 M1 G1 R1 S,S R₁ G₁ M₁ P Ṡ,S N₃ Ṡ D₃ P D₃ M₁ G₁ R₁ Ṡ,False
tanukirti,TanukIrti,tanukIrti,6,Taanaroopi,S R1 M1 P N3 S,S N3 D3 N3 P M1 G1 M1 R1 S,S R₁ M₁ P N₃ Ṡ,S N₃ D₃ N₃ P M₁ G₁ M₁ R₁ Ṡ,False
tanukirti,TanukIrti,tanukIrti,6,Taanaroopi,S R1 M1 P N3 S,S N3 D3 N3 P M1 G1 R1 S,S R₁ M₁ P N₃ Ṡ,S N₃ D₃ N₃ P M₁ G₁ R₁ Ṡ,False
tilakaprakashini,TilakaprakAshini,tilakaprakAshini,6,Taanaroopi,S R1 G1 M1 P D3 N3 S,S N3 D3 P M1 G1 R1 S,S R₁ G₁ M₁ P D₃ N₃ Ṡ,S N₃ D₃ P M₁ G₁ R₁ Ṡ,False
vibhavari,VibhAvari,vibhAvari,6,Taanaroopi,S R1 M1 P D3 S,S D3 P M1 R1 S,S R₁ M₁ P D₃ Ṡ,S D₃ P M₁ R₁ Ṡ,False
viphani,ViphaNi,viphaNi,6,Taanaroopi,S G1 M1 D3 N3 S,S N3 D3 M1 G1 S,S G₁ M₁ D₃ N₃ Ṡ,S N₃ D₃ M₁ G₁ Ṡ,False
senaagrani,SEnaagraNi,sEnaagraNi,7,SEnaavati,S R1 G2 R1 M1 G2 M1 P N1 D1 S,S N1 D1 P M1 G2 M1 G2 R1 S,S R₁ G₂ R₁ M₁ G₂ M₁ P N₁ D₁ Ṡ,S N₁ D₁ P M₁ G₂ M₁ G₂ R₁ Ṡ,False
anguru,Anguru,anguru,7,SEnaavati,S G2 M1 D1 N1 S,S N1 D1 M1 G2 S,S G₂ M₁ D₁ N₁ Ṡ,S N₁ D₁ M₁ G₂ Ṡ,False
anikini,AnIkini,anIkini,7,SEnaavati,S R1 G2 M1 D1 N1 S,S N1 D1 M1 G2 R1 S,S R₁ G₂ M₁ D₁ N₁ Ṡ,S N₁ D₁ M₁ G₂ R₁ Ṡ,False
bhamagaula,BhAmAgauLa,bhAmAgauLa,7,SEnaavati,D1 S R1 G2 M1 P D1 N1,D1 P M1 G2 R1 S N1 D1 P,D₁ Ṡ R₁ G₂ M₁ P D₁ N₁,D₁ P M₁ G₂ R₁ Ṡ N₁ D₁ P,False
bhanugaula,BhAnugauLa,bhAnugauLa,7,SEnaavati,D1 S R1 G2 M1 P D1 N1,D1 P M1 G2 R1 S N1 D1 P,D₁ Ṡ R₁ G₂ M₁ P D₁ N₁,D₁ P M₁ G₂ R₁ Ṡ N₁ D₁ P,False
bhogacintamani,BhOgacintAmaNI,bhOgacintAmaNI,7,SEnaavati,S R1 M1 P D1 S,S N1 D1 P M1 G2 R1 S,S R₁ M₁ P D₁ Ṡ,S N₁ D₁ P M₁ G₂ R₁ Ṡ,False
bhogacintamani,BhOgacintAmaNi,bhOgacintAmaNi,7,SEnaavati,S R1 G2 M1 P N1 S,S N1 D1 P M1 G2 R1 S,S R₁ G₂ M₁ P N₁ Ṡ,S N₁ D₁ P M₁ G₂ R₁ Ṡ,False
bhogaranjani,BhOgaranjani,bhOgaranjani,7,SEnaavati,S R1 G2 M1 P D1 S,S N1 D1 P M1 G2 R1 S,S R₁ G₂ M₁ P D₁ Ṡ,S N₁ D₁ P M₁ G₂ R₁ Ṡ,False
bhogashikhamani,BhOgashikhAmaNI,bhOgashikhAmaNI,7,SEnaavati,S M1 G2 M1 D1 N1 S,S N1 D1 P M1 G2 R1 S,S M₁ G₂ M₁ D₁ N₁ Ṡ,S N₁ D₁ P M₁ G₂ R₁ Ṡ,False
bhogi,BhOgi,bhOgi,7,SEnaavati,S G2 M1 P D1 N1 D1 S,S N1 D1 P M1 G2 S,S G₂ M₁ P D₁ N₁ D₁ Ṡ,S N₁ D₁ P M₁ G₂ Ṡ,False
bhogi,BhOgi,bhOgi,7,SEnaavati,S G2 M1 P D1 N1 S,S N1 D1 P M1 G2 R1 S,S G₂ M₁ P D₁ N₁ Ṡ,S N₁ D₁ P M₁ G₂ R₁ Ṡ,False
bhogi,BhOgi,bhOgi,7,SEnaavati,S G2 M1 P D1 N1 D1 S,S N1 D1 P M1 G2 R1 S,S G₂ M₁ P D₁ N₁ D₁ Ṡ,S N₁ D₁ P M₁ G₂ R₁ Ṡ,False
bhogi,BhOgi,bhOgi,7,SEnaavati,S G2 R1 M1 P D1 N1 S,S N1 D1 P M1 D1 P M1 G2 R1,S G₂ R₁ M₁ P D₁ N₁ Ṡ,S N₁ D₁ P M₁ D₁ P M₁ G₂ R₁,False
chayagauri,ChAyAgauri,chAyAgauri,7,SEnaavati,S R1 G2 M1 G2 M1 P N1 D1 N1 S,S N1 D1 P M1 G2 R1 S,S R₁ G₂ M₁ G₂ M₁ P N₁ D₁ N₁ Ṡ,S N₁ D₁ P M₁ G₂ R₁ Ṡ,False
chayagauri,ChAyAgauri,chAyAgauri,7,SEnaavati,S R1 M1 G2 M1 P N1 D1 N1 S,S N1 D1 P M1 G2 R1 S,S R₁ M₁ G₂ M₁ P N₁ D₁ N₁ Ṡ,S N₁ D₁ P M₁ G₂ R₁ Ṡ,False
chayamala,ChAyAmAlA,chAyAmAlA,7,SEnaavati,S G2 R1 G2 M1 P D1 N1 D1 S,S N1 D1 P M1 G2 R1 S,S G₂ R₁ G₂ M₁ P D₁ N₁ D₁ Ṡ,S N₁ D₁ P M₁ G₂ R₁ Ṡ,False
chayamalavi,ChAyAmALavi,chAyAmALavi,7,SEnaavati,S G2 R1 G2 M1 P D1 N1 D1 S,S N1 D1 P M1 G2 R1 S,S G₂ R₁ G₂ M₁ P D₁ N₁ D₁ Ṡ,S N₁ D₁ P M₁ G₂ R₁ Ṡ,False
chayamalavi,ChAyAmALavi,chAyAmALavi,7,SEnaavati,S G2 R1 G2 M1 P D1 N1 S,S N1 D1 P M1 G2 R1 S,S G₂ R₁ G₂ M₁ P D₁ N₁ Ṡ,S N₁ D₁ P M₁ G₂ R₁ Ṡ,False
cintamani,CintAmaNi,cintAmaNi,7,SEnaavati,S R1 G2 M1 S M1 P D1 N1 S,S N1 D1 P M1 G2 R1 S,S R₁ G₂ M₁ Ṡ M₁ P D₁ N₁ Ṡ,S N₁ D₁ P M₁ G₂ R₁ Ṡ,False
ciranti,CiranTi,ciranTi,7,SEnaavati,S R1 G2 P D1 N1 S,S N1 D1 P G2 R1 S,S R₁ G₂ P D₁ N₁ Ṡ,S N₁ D₁ P G₂ R₁ Ṡ,False
cittakarsani,CittakarSaNi,cittakarSaNi,7,SEnaavati,S R1 G2 M1 D1 S,S D1 M1 G2 R1 S,S R₁ G₂ M₁ D₁ Ṡ,S D₁ M₁ G₂ R₁ Ṡ,False
dirghika,DIrghikA,dIrghikA,7,SEnaavati,S R1 G2 D1 N1 S,S N1 D1 G2 R1 S,S R₁ G₂ D₁ N₁ Ṡ,S N₁ D₁ G₂ R₁ Ṡ,False
gaulacandrika,GauLacandrikA,gauLacandrikA,7,SEnaavati,S R1 M1 P D1 S,S N1 D1 P G2 R1 S,S R₁ M₁ P D₁ Ṡ,S N₁ D₁ P G₂ R₁ Ṡ,False
hamsanandana,Hamsanandana,hamsanandana,7,SEnaavati,S R1 G2 M1 P S,S P M1 G2 R1 S,S R₁ G₂ M₁ P Ṡ,S P M₁ G₂ R₁ Ṡ,False
hamsanandi,HamsAnandi,hamsAnandi,7,SEnaavati,S R1 G2 M1 P S,S P M1 G2 R1 S,S R₁ G₂ M₁ P Ṡ,S P M₁ G₂ R₁ Ṡ,False
ishagaula,IshagauLa,IshagauLa,7,SEnaavati,S M1 G2 M1 P D1 N1 S,S D1 P D1 M1 G2 R1 S,S M₁ G₂ M₁ P D₁ N₁ Ṡ,S D₁ P D₁ M₁ G₂ R₁ Ṡ,False
kalasaveri,KalAsAvEri,kalAsAvEri,7,SEnaavati,S R1 G2 M1 P D1 N1 S,S N1 D1 P M1 G2 R1 S,S R₁ G₂ M₁ P D₁ N₁ Ṡ,S N₁ D₁ P M₁ G₂ R₁ Ṡ,False
kalasaveri,KalAsAvEri,kalAsAvEri,7,SEnaavati,S R1 G2 P N1 S,S N1 P G2 R1 S,S R₁ G₂ P N₁ Ṡ,S N₁ P G₂ R₁ Ṡ,False
karatoyam,KaratOyam,karatOyam,7,SEnaavati,S R1 G2 M1 P N1 S,S N1 D1 P M1 G2 R1 S,S R₁ G₂ M₁ P N₁ Ṡ,S N₁ D₁ P M₁ G₂ R₁ Ṡ,False
malayajalepini,MalayajalEpini,malayajalEpini,7,SEnaavati,S R1 G2 M1 N1 S,S N1 M1 G2 R1 S,S R₁ G₂ M₁ N₁ Ṡ,S N₁ M₁ G₂ R₁ Ṡ,False
malini,MAlini,mAlini,7,SEnaavati,S R1 G2 M1 P S,S N1 D1 M1 G2 R1 S,S R₁ G₂ M₁ P Ṡ,S N₁ D₁ M₁ G₂ R₁ Ṡ,False
margini,MArgiNi,mArgiNi,7,SEnaavati,S R1 G2 M1 P S,S N1 D1 M1 G2 R1 S,S R₁ G₂ M₁ P Ṡ,S N₁ D₁ M₁ G₂ R₁ Ṡ,False
navarasamala,NavarasamAlA,navarasamAlA,7,SEnaavati,S R1 G2 M1 P D1 S,S N1 D1 P M1 R1 S,S R₁ G₂ M₁ P D₁ Ṡ,S N₁ D₁ P M₁ R₁ Ṡ,False
rajaranjani,RAjaranjani,rAjaranjani,7,SEnaavati,S R1 G2 P N1 S,S N1 P G2 R1 S,S R₁ G₂ P N₁ Ṡ,S N₁ P G₂ R₁ Ṡ,False
saindavagauri,Saindavagauri,saindavagauri,7,SEnaavati,S R1 G2 M1 P D1 N1 S,S N1 D1 M1 G2 M1 R1 S,S R₁ G₂ M₁ P D₁ N₁ Ṡ,S N₁ D₁ M₁ G₂ M₁ R₁ Ṡ,False
saindhavagaula,SaindhavagauLa,saindhavagauLa,7,SEnaavati,S R1 G2 M1 P D1 N1 S,S N1 D1 M1 G2 M1 R1 S,S R₁ G₂ M₁ P D₁ N₁ Ṡ,S N₁ D₁ M₁ G₂ M₁ R₁ Ṡ,False
saindhavagaula,SaindhavagauLa,saindhavagauLa,7,SEnaavati,S R1 G2 M1 P D1 N1 S,S D1 P M1 G2 R1 S,S R₁ G₂ M₁ P D₁ N₁ Ṡ,S D₁ P M₁ G₂ R₁ Ṡ,False
senagrani,SEnagraNi,sEnagraNi,7,SEnaavati,S R1 G2 M1 G2 M1 D1 N1 S,S N1 D1 P M1 G2 R1 S,S R₁ G₂ M₁ G₂ M₁ D₁ N₁ Ṡ,S N₁ D₁ P M₁ G₂ R₁ Ṡ,False
senagrani,SEnAgraNi,sEnAgraNi,7,SEnaavati,S R1 G2 M1 D1 N1 S,S D1 P M1 G2 R1 S,S R₁ G₂ M₁ D₁ N₁ Ṡ,S D₁ P M₁ G₂ R₁ Ṡ,False
senagrani,SEnAgraNi,sEnAgraNi,7,SEnaavati,S R1 G2 R1 M1 D1 N1 S,S N1 D1 P M1 G2 R1 S,S R₁ G₂ R₁ M₁ D₁ N₁ Ṡ,S N₁ D₁ P M₁ G₂ R₁ Ṡ,False
senagrani,SEnAgraNi,sEnAgraNi,7,SEnaavati,S R1 M1 P N1 S,S N1 D1 P D1 M1 G2 R1 S,S R₁ M₁ P N₁ Ṡ,S N₁ D₁ P D₁ M₁ G₂ R₁ Ṡ,False
senagrani,SEnAgraNi,sEnAgraNi,7,SEnaavati,S R1 G2 R1 M1 G2 M1 D1 N1 S,S N1 D1 P M1 G2 R1 S,S R₁ G₂ R₁ M₁ G₂ M₁ D₁ N₁ Ṡ,S N₁ D₁ P M₁ G₂ R₁ Ṡ,False
senapati,SEnapati,sEnapati,7,SEnaavati,S R1 G2 M1 P N1 S,S N1 D1 P M1 G2 R1 S,S R₁ G₂ M₁ P N₁ Ṡ,S N₁ D₁ P M₁ G₂ R₁ Ṡ,False
senavati,SEnAvati,sEnAvati,7,SEnaavati,S R1 G2 M1 P D1 N1 S,S N1 D1 P M1 G2 R1 S,S R₁ G₂ M₁ P D₁ N₁ Ṡ,S N₁ D₁ P M₁ G₂ R₁ Ṡ,False
shashimanjari,Shashimanjari,shashimanjari,7,SEnaavati,S G2 M1 P D1 N1 S,S N1 D1 P G2 R1 S,S G₂ M₁ P D₁ N₁ Ṡ,S N₁ D₁ P G₂ R₁ Ṡ,False
shiranti,Shiranti,shiranti,7,SEnaavati,S R1 G2 P D1 N1 S,S N1 D1 P G2 R1 S,S R₁ G₂ P D₁ N₁ Ṡ,S N₁ D₁ P G₂ R₁ Ṡ,False
sindhugauri,Sindhugauri,sindhugauri,7,SEnaavati,S G2 R1 G2 M1 P S,S D1 P M1 G2 R1 S,S G₂ R₁ G₂ M₁ P Ṡ,S D₁ P M₁ G₂ R₁ Ṡ,False
sindhumukhari,SindhumukhAri,sindhumukhAri,7,SEnaavati,S G2 R1 G2 M1 P S,S D1 P M1 G2 R1 S,S G₂ R₁ G₂ M₁ P Ṡ,S D₁ P M₁ G₂ R₁ Ṡ,False
vasantagaula,VasantagauLa,vasantagauLa,7,SEnaavati,S R1 G2 M1 P D1 N1 S,S N1 D1 P M1 G2 R1 S,S R₁ G₂ M₁ P D₁ N₁ Ṡ,S N₁ D₁ P M₁ G₂ R₁ Ṡ,False
vitika,VITikA,vITikA,7,SEnaavati,S G2 M1 P N1 S,S N1 P M1 G2 S,S G₂ M₁ P N₁ Ṡ,S N₁ P M₁ G₂ Ṡ,False
janatodi,JanatODi,janatODi,8,HanumatODi,S R1 G2 M P D1 N2 S,S N2 D1 P M G2 R1 S,S R₁ G₂ M P D₁ N₂ Ṡ,S N₂ D₁ P M G₂ R₁ Ṡ,False
adbhodam,AdbhOdam,adbhOdam,8,HanumatODi,S G2 M1 D1 N2 S,S N2 D1 M1 G2 S,S G₂ M₁ D₁ N₂ Ṡ,S N₂ D₁ M₁ G₂ Ṡ,False
adumnayakan,AdumnAyakan,AdumnAyakan,8,HanumatODi,S R1 G2 M1 P D1 N2 S,S D1 P M1 G2 R1 S,S R₁ G₂ M₁ P D₁ N₂ Ṡ,S D₁ P M₁ G₂ R₁ Ṡ,False
ahiri,Ahiri,Ahiri,8,HanumatODi,S M1 G2 M1 P D1 N2 S,S N2 D1 P M1 G2 R1 S,S M₁ G₂ M₁ P D₁ N₂ Ṡ,S N₂ D₁ P M₁ G₂ R₁ Ṡ,False
ahiri,Ahiri,Ahiri,8,HanumatODi,S R1 S G2 M1 P D1 N2 S,S N2 D1 P M1 G2 R1 S,S R₁ Ṡ G₂ M₁ P D₁ N₂ Ṡ,S N₂ D₁ P M₁ G₂ R₁ Ṡ,False
ambikaipriyan,Ambikaipriyan,ambikaipriyan,8,HanumatODi,S R1 G2 P D1 N2 S,S N2 D1 M1 G2 R1 S,S R₁ G₂ P D₁ N₂ Ṡ,S N₂ D₁ M₁ G₂ R₁ Ṡ,False
amrtadhanyasi,AmrtadhanyAsi,amrtadhanyAsi,8,HanumatODi,S R1 G2 M1 P N2 S,S N2 P M1 G2 R1 S,S R₁ G₂ M₁ P N₂ Ṡ,S N₂ P M₁ G₂ R₁ Ṡ,False
anandaguhan,Anandaguhan,Anandaguhan,8,HanumatODi,S R1 G2 P D1 S,S N2 D1 P M1 G2 R1 S,S R₁ G₂ P D₁ Ṡ,S N₂ D₁ P M₁ G₂ R₁ Ṡ,False
anandakuttan,AnandakUttan,AnandakUttan,8,HanumatODi,S R1 M1 P N2 S,S N2 D1 P M1 G2 R1 S,S R₁ M₁ P N₂ Ṡ,S N₂ D₁ P M₁ G₂ R₁ Ṡ,False
arurnayaki,ArurnAyaki,arurnAyaki,8,HanumatODi,S G2 P D1 N2 S,S N2 D1 P M1 G2 R1 S,S G₂ P D₁ N₂ Ṡ,S N₂ D₁ P M₁ G₂ R₁ Ṡ,False
asaveri,AsAvEri,asAvEri,8,HanumatODi,S R1 M1 P D1 S,S N2 D1 P M1 G2 R1 S,S R₁ M₁ P D₁ Ṡ,S N₂ D₁ P M₁ G₂ R₁ Ṡ,False
asaveri,AsAvEri,asAvEri,8,HanumatODi,S R1 M1 P D1 S,S N2 S P D1 M1 P R1 G2 R1,S R₁ M₁ P D₁ Ṡ,S N₂ Ṡ P D₁ M₁ P R₁ G₂ R₁,False
asaveri,AsAvEri,asAvEri,8,HanumatODi,S R1 M1 P D1 S,S N2 S P D1 M1 R1 G2 R1 S,S R₁ M₁ P D₁ Ṡ,S N₂ Ṡ P D₁ M₁ R₁ G₂ R₁ Ṡ,False
asaveri,AsAvEri,asAvEri,8,HanumatODi,S R1 M1 P D1 S,S N2 S P D1 N2 D1 P M1 G2,S R₁ M₁ P D₁ Ṡ,S N₂ Ṡ P D₁ N₂ D₁ P M₁ G₂,False
asaveri,AsAvEri,asAvEri,8,HanumatODi,S R1 M1 P D1 S,S N2 S P D1 P D1 M1 P M1,S R₁ M₁ P D₁ Ṡ,S N₂ Ṡ P D₁ P D₁ M₁ P M₁,False
asaveritodi,AsAvEritODi,asAvEritODi,8,HanumatODi,S R1 M1 P D1 N2 S,S N2 D1 P M1 G2 R1 S,S R₁ M₁ P D₁ N₂ Ṡ,S N₂ D₁ P M₁ G₂ R₁ Ṡ,False
atibhagavan,Atibhagavan,atibhagavan,8,HanumatODi,S R1 G2 M1 P D1 N2 S,S N2 D1 P M1 R1 S,S R₁ G₂ M₁ P D₁ N₂ Ṡ,S N₂ D₁ P M₁ R₁ Ṡ,False
bhadratodi,BhadratODi,bhadratODi,8,HanumatODi,S R1 G2 M1 D1 S,S N2 D1 P G2 S,S R₁ G₂ M₁ D₁ Ṡ,S N₂ D₁ P G₂ Ṡ,False
bhanucandrika,BhAnucandrikA,bhAnucandrikA,8,HanumatODi,S M1 D1 N2 S,S N2 D1 M1 G2 S,S M₁ D₁ N₂ Ṡ,S N₂ D₁ M₁ G₂ Ṡ,False
bharati,BhArati,bhArati,8,HanumatODi,S R1 G2 M1 P D1 N2 S,S N2 P M1 G2 R1 S,S R₁ G₂ M₁ P D₁ N₂ Ṡ,S N₂ P M₁ G₂ R₁ Ṡ,False
bhaskaran,BhAskaran,bhAskaran,8,HanumatODi,S R1 G2 P N2 S,S N2 P G2 R1 S,S R₁ G₂ P N₂ Ṡ,S N₂ P G₂ R₁ Ṡ,False
bhismavali,BhISmAvaLi,bhISmAvaLi,8,HanumatODi,S G2 R1 G2 M1 D1 P N2 D1 S,S N2 D1 G2 R1 S,S G₂ R₁ G₂ M₁ D₁ P N₂ D₁ Ṡ,S N₂ D₁ G₂ R₁ Ṡ,False
bhramaraketana,BhramarakEtana,bhramarakEtana,8,HanumatODi,S R1 G2 M1 P N2 D1 N2 S,S N2 D1 P M1 G2 S,S R₁ G₂ M₁ P N₂ D₁ N₂ Ṡ,S N₂ D₁ P M₁ G₂ Ṡ,False
bhupala,BhUpALa,bhUpALa,8,HanumatODi,S R1 G2 P D1 S,S D1 P G2 R1 S,S R₁ G₂ P D₁ Ṡ,S D₁ P G₂ R₁ Ṡ,False
bhupala,BhUpALa,bhUpALa,8,HanumatODi,S R1 G2 P D1 S,S N2 D1 P G2 R1 S,S R₁ G₂ P D₁ Ṡ,S N₂ D₁ P G₂ R₁ Ṡ,False
bhupalatodi,BhUpALatODi,bhUpALatODi,8,HanumatODi,S R1 G2 P D1 S,S N2 D1 P M1 G2 R1 S,S R₁ G₂ P D₁ Ṡ,S N₂ D₁ P M₁ G₂ R₁ Ṡ,False
candragandhara,CandragAndhAra,candragAndhAra,8,HanumatODi,S R1 G2 M1 S,S M1 G2 R1 S,S R₁ G₂ M₁ Ṡ,S M₁ G₂ R₁ Ṡ,False
candragandhara,CandragAndhAra,candragAndhAra,8,HanumatODi,S R1 G2 M1 S,S D1 M1 G2 R1 S,S R₁ G₂ M₁ Ṡ,S D₁ M₁ G₂ R₁ Ṡ,False
candrakantam,CandrakAntam,candrakAntam,8,HanumatODi,S R1 G2 M1 P D1 N2 S,S P D1 N2 D1 P M1 G2 S R1 S,S R₁ G₂ M₁ P D₁ N₂ Ṡ,S P D₁ N₂ D₁ P M₁ G₂ Ṡ R₁ Ṡ,False
candrakantam,CandrakAntam,candrakAntam,8,HanumatODi,S R1 G2 M1 P N2 S,S N2 D1 P M1 G2 R1 S,S R₁ G₂ M₁ P N₂ Ṡ,S N₂ D₁ P M₁ G₂ R₁ Ṡ,False
candrikagaula,CandrikAgauLa,candrikAgauLa,8,HanumatODi,S R1 G2 M1 P D1 S,S D1 M1 R1 S,S R₁ G₂ M₁ P D₁ Ṡ,S D₁ M₁ R₁ Ṡ,False
candrikagaula,CandrikAgauLa,candrikAgauLa,8,HanumatODi,S R1 G2 M1 P D1 S,S D1 P M1 R1 S,S R₁ G₂ M₁ P D₁ Ṡ,S D₁ P M₁ R₁ Ṡ,False
candrikagaula,CandrikAgauLa,candrikAgauLa,8,HanumatODi,S R1 G2 M1 P D1 S,S N2 D1 P M1 G2 R1 S,S R₁ G₂ M₁ P D₁ Ṡ,S N₂ D₁ P M₁ G₂ R₁ Ṡ,False
candrikatodi,CandrikAtODi,candrikAtODi,8,HanumatODi,S G2 M1 P D1 S,S D1 P M1 G2 S,S G₂ M₁ P D₁ Ṡ,S D₁ P M₁ G₂ Ṡ,False
chayabauli,ChAyAbauLi,chAyAbauLi,8,HanumatODi,S R1 G2 M1 S P M1 D1 N2 S,S N2 D1 P M1 G2 R1 S,S R₁ G₂ M₁ Ṡ P M₁ D₁ N₂ Ṡ,S N₂ D₁ P M₁ G₂ R₁ Ṡ,False
chayabauli,ChAyAbauLi,chAyAbauLi,8,HanumatODi,S R1 G2 M1 S P M1 D1 N2 S,S N2 P D1 M1 G2 R1 S,S R₁ G₂ M₁ Ṡ P M₁ D₁ N₂ Ṡ,S N₂ P D₁ M₁ G₂ R₁ Ṡ,False
deshikabangala,DEshikabangALA,dEshikabangALA,8,HanumatODi,S R1 G2 M1 P D1 N2 S,S D1 P M1 G2 R1 S,S R₁ G₂ M₁ P D₁ N₂ Ṡ,S D₁ P M₁ G₂ R₁ Ṡ,False
deshyabangala,DEshyabangALA,dEshyabangALA,8,HanumatODi,S R1 G2 M1 P M1 D1 N2 S,S D1 P M1 G2 R1 S,S R₁ G₂ M₁ P M₁ D₁ N₂ Ṡ,S D₁ P M₁ G₂ R₁ Ṡ,False
deshyatodi,DEshyatODi,dEshyatODi,8,HanumatODi,S G2 M1 P D1 N2 S,S N2 D1 P G2 M1 R1 S,S G₂ M₁ P D₁ N₂ Ṡ,S N₂ D₁ P G₂ M₁ R₁ Ṡ,False
deshyatodi,DEshyatODi,dEshyatODi,8,HanumatODi,S R1 G2 M1 P D1 N2 S,S N2 D1 N2 D1 P M1 G2 R1 S,S R₁ G₂ M₁ P D₁ N₂ Ṡ,S N₂ D₁ N₂ D₁ P M₁ G₂ R₁ Ṡ,False
dhanyasi,DhanyAsi,dhanyAsi,8,HanumatODi,S G2 M1 P N2 S,S N2 D1 P M1 G2 R1 S,S G₂ M₁ P N₂ Ṡ,S N₂ D₁ P M₁ G₂ R₁ Ṡ,False
dhavalakesari,DhavaLakEsari,dhavaLakEsari,8,HanumatODi,S R1 G2 M1 P D1 N2 S,S N2 P M1 G2 S,S R₁ G₂ M₁ P D₁ N₂ Ṡ,S N₂ P M₁ G₂ Ṡ,False
dhiravarali,DhIravarALi,dhIravarALi,8,HanumatODi,S G2 M1 D1 S,S D1 P M1 G2 R1 S,S G₂ M₁ D₁ Ṡ,S D₁ P M₁ G₂ R₁ Ṡ,False
dipaoli,DIpaoLi,dIpaoLi,8,HanumatODi,S M1 P D1 N2 S,S D1 P G2 S,S M₁ P D₁ N₂ Ṡ,S D₁ P G₂ Ṡ,False
divyamavati,DivyamAvati,divyamAvati,8,HanumatODi,S G2 M1 P D1 N2 S,S N2 D1 P M1 G2 S,S G₂ M₁ P D₁ N₂ Ṡ,S N₂ D₁ P M₁ G₂ Ṡ,False
ekanayaka,EkanAyaka,EkanAyaka,8,HanumatODi,S G2 P D1 S,S N2 P R1 S,S G₂ P D₁ Ṡ,S N₂ P R₁ Ṡ,False
gambhiravasantam,GambhIravasantam,gambhIravasantam,8,HanumatODi,S M1 G2 M1 R1 G2 M1 P N2 D1 N2 P D1 N2 S,S D1 P M1 R1 S,S M₁ G₂ M₁ R₁ G₂ M₁ P N₂ D₁ N₂ P D₁ N₂ Ṡ,S D₁ P M₁ R₁ Ṡ,False
ghanta,GhaNTa,ghaNTa,8,HanumatODi,S G2 R1 G2 M1 P N2 S,S N2 D1 P M1 G2 R1 S,S G₂ R₁ G₂ M₁ P N₂ Ṡ,S N₂ D₁ P M₁ G₂ R₁ Ṡ,False
ghanta,GhaNTa,ghaNTa,8,HanumatODi,S R1 G2 M1 P D1 N2,D1 P M1 G2 R1S N2 D1 P N2 S,S R₁ G₂ M₁ P D₁ N₂,D₁ P M₁ G₂ R1S N₂ D₁ P N₂ Ṡ,False
gomurtakam,GOmUrtakam,gOmUrtakam,8,HanumatODi,S R1 G2 M1 P D1 N2 S,S N2 P M1 G2 R1 S,S R₁ G₂ M₁ P D₁ N₂ Ṡ,S N₂ P M₁ G₂ R₁ Ṡ,False
gomurtakam,GOmUrtakam,gOmUrtakam,8,HanumatODi,S R1 G2 M1 P N2 S,S N2 P M1 G2 R1 S,S R₁ G₂ M₁ P N₂ Ṡ,S N₂ P M₁ G₂ R₁ Ṡ,False
hanumatodi,HanumatODi,hanumatODi,8,HanumatODi,S R1 G2 M1 P D1 N2 S,S N2 D1 P M1 G2 R1 S,S R₁ G₂ M₁ P D₁ N₂ Ṡ,S N₂ D₁ P M₁ G₂ R₁ Ṡ,False
himangi,HimAngi,himAngi,8,HanumatODi,S R1 G2 M1 P N2 D1 S,S N2 P D1 M1 G2 R1 S,S R₁ G₂ M₁ P N₂ D₁ Ṡ,S N₂ P D₁ M₁ G₂ R₁ Ṡ,False
himavardhani,Himavardhani,himavardhani,8,HanumatODi,S R1 M1 P N2 S,S N2 D1 P M1 D1 M1 G2 R1 S,S R₁ M₁ P N₂ Ṡ,S N₂ D₁ P M₁ D₁ M₁ G₂ R₁ Ṡ,False
hindolam,HindOLam,hindOLam,8,HanumatODi,S G2 M1 D1 N2 S,S N2 D1 M1 G2 S,S G₂ M₁ D₁ N₂ Ṡ,S N₂ D₁ M₁ G₂ Ṡ,False
hiranyalalita,HiraNyalalitA,hiraNyalalitA,8,HanumatODi,S G2 R1 G2 M1 P N2 S,S D1 P M1 G2 R1 S,S G₂ R₁ G₂ M₁ P N₂ Ṡ,S D₁ P M₁ G₂ R₁ Ṡ,False
hiranyalalita,HiraNyalalitA,hiraNyalalitA,8,HanumatODi,S R1 G2 R1 M1 P D1 N2 S,S D1 P M1 G2 R1 S,S R₁ G₂ R₁ M₁ P D₁ N₂ Ṡ,S D₁ P M₁ G₂ R₁ Ṡ,False
indirai,Indirai,indirai,8,HanumatODi,S G2 P N2 S,S N2 P G2 S,S G₂ P N₂ Ṡ,S N₂ P G₂ Ṡ,False
indusaranganata,IndusAranganATa,indusAranganATa,8,HanumatODi,S R1 G2 M1 P M1 D1 N2 S,S D1 P M1 G2 R1 S,S R₁ G₂ M₁ P M₁ D₁ N₂ Ṡ,S D₁ P M₁ G₂ R₁ Ṡ,False
innishaidhvani,Innishaidhvani,innishaidhvani,8,HanumatODi,S G2 P N2 S,S D1 M1 R1 S,S G₂ P N₂ Ṡ,S D₁ M₁ R₁ Ṡ,False
janatodi,JanatODi,janatODi,8,HanumatODi,S R1 G2 M1 P D1 N2 S,S N2 D1 P M1 R1 S,S R₁ G₂ M₁ P D₁ N₂ Ṡ,S N₂ D₁ P M₁ R₁ Ṡ,False
janyatodi,JanyatODi,janyatODi,8,HanumatODi,S R1 G2 M1 D1 N2 S,S N2 D1 M1 G2 R1 S,S R₁ G₂ M₁ D₁ N₂ Ṡ,S N₂ D₁ M₁ G₂ R₁ Ṡ,False
jnanamani,JnAnamaNi,jnAnamaNi,8,HanumatODi,S G2 M1 P D1 N2 S,S N2 D1 P M1 G2 S,S G₂ M₁ P D₁ N₂ Ṡ,S N₂ D₁ P M₁ G₂ Ṡ,False
jnanamani,JnAnamaNi,jnAnamaNi,8,HanumatODi,S G2 M1 P D1 N2 S,S N2 D1 P M1 G2 R1 S,S G₂ M₁ P D₁ N₂ Ṡ,S N₂ D₁ P M₁ G₂ R₁ Ṡ,False
kalahamsagamini,KAlahamsagAmini,kAlahamsagAmini,8,HanumatODi,S R1 G2 M1 P N2 S,S N2 P M1 G2 R1 S,S R₁ G₂ M₁ P N₂ Ṡ,S N₂ P M₁ G₂ R₁ Ṡ,False
kalasaveri,KalAsAvEri,kalAsAvEri,8,HanumatODi,S R1 G2 M1 P D1 N2 S,S N2 D1 P M1 G2 R1 S,S R₁ G₂ M₁ P D₁ N₂ Ṡ,S N₂ D₁ P M₁ G₂ R₁ Ṡ,False
kalasaveri,KalAsAvEri,kalAsAvEri,8,HanumatODi,S R1 G2 M1 P D1 P N2 S,S N2 P D1 P M1 G2 R1 S,S R₁ G₂ M₁ P D₁ P N₂ Ṡ,S N₂ P D₁ P M₁ G₂ R₁ Ṡ,False
kalasaveri,KalAsAvEri,kalAsAvEri,8,HanumatODi,S R1 G2 P N2 S,S N2 P G2 R1 S,S R₁ G₂ P N₂ Ṡ,S N₂ P G₂ R₁ Ṡ,False
kamsari,Kamsari,kamsari,8,HanumatODi,S G2 R1 G2 M1 P N2 S,S N2 D1 P M1 G2 R1 S,S G₂ R₁ G₂ M₁ P N₂ Ṡ,S N₂ D₁ P M₁ G₂ R₁ Ṡ,False
kanakamandana,Kanakamandana,kanakamandana,8,HanumatODi,S R1 G2 M1 P D1 N2 S,S D1 P M1 P G2 R1 S,S R₁ G₂ M₁ P D₁ N₂ Ṡ,S D₁ P M₁ P G₂ R₁ Ṡ,False
kanakamandana,Kanakamandana,kanakamandana,8,HanumatODi,S R1 G2 M1 P D1 N2 S,S D1 P M1 P M1 G2 R1 S,S R₁ G₂ M₁ P D₁ N₂ Ṡ,S D₁ P M₁ P M₁ G₂ R₁ Ṡ,False
kantadhanyasi,KAntadhanyAsi,kAntadhanyAsi,8,HanumatODi,S G2 M1 P N2 S,S N2 D1 P N2 P M1 G2 R1 S,S G₂ M₁ P N₂ Ṡ,S N₂ D₁ P N₂ P M₁ G₂ R₁ Ṡ,False
kashyapi,Kashyapi,kashyapi,8,HanumatODi,S R1 G2 P D1 N2 S,S D1 P M1 G2 S,S R₁ G₂ P D₁ N₂ Ṡ,S D₁ P M₁ G₂ Ṡ,False
ketu,KEtu,kEtu,8,HanumatODi,S G2 P D1 S,S N2 P G2 R1 S,S G₂ P D₁ Ṡ,S N₂ P G₂ R₁ Ṡ,False
khadgadharini,KhaDgadhAriNi,khaDgadhAriNi,8,HanumatODi,S G2 M1 P D1 S,S D1 P M1 G2 S,S G₂ M₁ P D₁ Ṡ,S D₁ P M₁ G₂ Ṡ,False
khadgadharini,KhaDgadhAriNi,khaDgadhAriNi,8,HanumatODi,S R1 P D1 N2 S,S N2 D1 P R1 S,S R₁ P D₁ N₂ Ṡ,S N₂ D₁ P R₁ Ṡ,False
khadyotapriya,KhaDyOtapriyA,khaDyOtapriyA,8,HanumatODi,S R1 M1 D1 N2 S,S N2 D1 M1 R1 S,S R₁ M₁ D₁ N₂ Ṡ,S N₂ D₁ M₁ R₁ Ṡ,False
khadyotyakanti,KhaDyOtyakAnti,khaDyOtyakAnti,8,HanumatODi,S R1 M1 D1 N2 S,S N2 D1 M1 R1 S,S R₁ M₁ D₁ N₂ Ṡ,S N₂ D₁ M₁ R₁ Ṡ,False
ksanika,KSaNikA,kSaNikA,8,HanumatODi,S G2 M1 P D1 S,S D1 P M1 G2 S,S G₂ M₁ P D₁ Ṡ,S D₁ P M₁ G₂ Ṡ,False
kujan,Kujan,kujan,8,HanumatODi,S G2 P N2 S,S N2 D1 P M1 G2 R1 S,S G₂ P N₂ Ṡ,S N₂ D₁ P M₁ G₂ R₁ Ṡ,False
madhupati,Madhupati,madhupati,8,HanumatODi,S G2 P D1 S,S D1 P G2 S,S G₂ P D₁ Ṡ,S D₁ P G₂ Ṡ,False
mahaambika,MahAambikA,mahAambikA,8,HanumatODi,S R1 G2 P D1 N2 S,S N2 D1 P G2 R1 S,S R₁ G₂ P D₁ N₂ Ṡ,S N₂ D₁ P G₂ R₁ Ṡ,False
mahasukhavati,MahAsukhavati,mahAsukhavati,8,HanumatODi,S R1 G2 M1 P N2 S,S N2 D1 M1 G2 S,S R₁ G₂ M₁ P N₂ Ṡ,S N₂ D₁ M₁ G₂ Ṡ,False
makaranartanapriya,MakaranartanapriyA,makaranartanapriyA,8,HanumatODi,S R1 M1 P D1 N2 S,S N2 P M1 G2 S,S R₁ M₁ P D₁ N₂ Ṡ,S N₂ P M₁ G₂ Ṡ,False
malakosh,MAlakOsh,mAlakOsh,8,HanumatODi,N2 S G2 M1 D1 N2 S,S N2 D1 M1 G2 S,N₂ Ṡ G₂ M₁ D₁ N₂ Ṡ,S N₂ D₁ M₁ G₂ Ṡ,False
malaron,MalarOn,malarOn,8,HanumatODi,S G2 M1 P D1 S,S N2 D1 P M1 G2 R1 S,S G₂ M₁ P D₁ Ṡ,S N₂ D₁ P M₁ G₂ R₁ Ṡ,False
maudakadhanyasi,MaudakadhanyAsi,maudakadhanyAsi,8,HanumatODi,S G2 M1 P N2 S,S N2 D1 P M1 P N2 P M1 G2 S,S G₂ M₁ P N₂ Ṡ,S N₂ D₁ P M₁ P N₂ P M₁ G₂ Ṡ,False
mautadhanyasi,MautadhanyAsi,mautadhanyAsi,8,HanumatODi,S G2 M1 P N2 S,S N2 D1 P N2 P M1 G2 M1 G2 R1 S,S G₂ M₁ P N₂ Ṡ,S N₂ D₁ P N₂ P M₁ G₂ M₁ G₂ R₁ Ṡ,False
mautkadhanyasi,MautkadhanyAsi,mautkadhanyAsi,8,HanumatODi,S G2 M1 P N2 S,S N2 P M1 G2 R1 S,S G₂ M₁ P N₂ Ṡ,S N₂ P M₁ G₂ R₁ Ṡ,False
meghavarna,MEghavarNa,mEghavarNa,8,HanumatODi,S G2 P D1 S,S N2 D1 P M1 G2 R1 S,S G₂ P D₁ Ṡ,S N₂ D₁ P M₁ G₂ R₁ Ṡ,False
mrgaksi,MrgAkSi,mrgAkSi,8,HanumatODi,S R1 G2 M1 N2 S,S N2 M1 G2 R1 S,S R₁ G₂ M₁ N₂ Ṡ,S N₂ M₁ G₂ R₁ Ṡ,False
murugaksi,MurugAkSi,murugAkSi,8,HanumatODi,S R1 G2 M1 N2 S,S N2 M1 G2 R1 S,S R₁ G₂ M₁ N₂ Ṡ,S N₂ M₁ G₂ R₁ Ṡ,False
nadagiri,NAdagiri,nAdagiri,8,HanumatODi,S R1 G2 M1 P N2 S,S N2 P M1 G2 R1 S,S R₁ G₂ M₁ P N₂ Ṡ,S N₂ P M₁ G₂ R₁ Ṡ,False
nadakali,NAdakALi,nAdakALi,8,HanumatODi,S R1 G2 M1 P N2 S,S N2 D1 P M1 G2 R1 S,S R₁ G₂ M₁ P N₂ Ṡ,S N₂ D₁ P M₁ G₂ R₁ Ṡ,False
nadanali,NAdanALi,nAdanALi,8,HanumatODi,S R1 G2 M1 N2 S,S N2 D1 P M1 G2 R1 S,S R₁ G₂ M₁ N₂ Ṡ,S N₂ D₁ P M₁ G₂ R₁ Ṡ,False
nadanali,NAdanAli,nAdanAli,8,HanumatODi,S R1 G2 M1 P N2 S,S N2 D1 P M1 G2 R1 S,S R₁ G₂ M₁ P N₂ Ṡ,S N₂ D₁ P M₁ G₂ R₁ Ṡ,False
nadatali,NAdatALi,nAdatALi,8,HanumatODi,S R1 G2 M1 P N2 S,S N2 D1 P M1 G2 R1 S,S R₁ G₂ M₁ P N₂ Ṡ,S N₂ D₁ P M₁ G₂ R₁ Ṡ,False
nagamndalam,NAgamNDalam,nAgamNDalam,8,HanumatODi,S R1 G2 M1 P D1 N2 S,S D1 P M1 G2 R1 S,S R₁ G₂ M₁ P D₁ N₂ Ṡ,S D₁ P M₁ G₂ R₁ Ṡ,False
nagavarali,NAgavarALi,nAgavarALi,8,HanumatODi,N2 S G2 R1 G2 M1 P D1,P M1 G2 R1 S N2,N₂ Ṡ G₂ R₁ G₂ M₁ P D₁,P M₁ G₂ R₁ Ṡ N₂,False
nagavarali,NAgavarALi,nAgavarALi,8,HanumatODi,N2 S R1 G2 M1 P D1,P D1 P M1 G2 R1 S N2,N₂ Ṡ R₁ G₂ M₁ P D₁,P D₁ P M₁ G₂ R₁ Ṡ N₂,False
nagavarali,NAgavarALi,nAgavarALi,8,HanumatODi,N2 S R1 G2 M1 P D1,P M1 G2 R1 S N2,N₂ Ṡ R₁ G₂ M₁ P D₁,P M₁ G₂ R₁ Ṡ N₂,False
nagavarali,NAgavarALi,nAgavarALi,8,HanumatODi,N2 S R1 G2 M1 P D1 P P M1 G2 R1 S N2,S N2 S G2 R1 G2 M1 P D1 P M1 R1 S N2 S,N₂ Ṡ R₁ G₂ M₁ P D₁ P P M₁ G₂ R₁ Ṡ N₂,S N₂ Ṡ G₂ R₁ G₂ M₁ P D₁ P M₁ R₁ Ṡ N₂ Ṡ,False
nagavarali,NAgavarALi,nAgavarALi,8,HanumatODi,S G2 R1 G2 M1 P D1,D1 P M1 G2 R1 S,S G₂ R₁ G₂ M₁ P D₁,D₁ P M₁ G₂ R₁ Ṡ,False
nagavarali,NAgavarALi,nAgavarALi,8,HanumatODi,S N2 S R1 G2 M1 P D1,P M1 G2 R1 S N2 S,S N₂ Ṡ R₁ G₂ M₁ P D₁,P M₁ G₂ R₁ Ṡ N₂ Ṡ,False
nagavarali,NAgavarALi,nAgavarALi,8,HanumatODi,S N2 S R1 M1 P D1,P M1 G2 R1 S N2 S,S N₂ Ṡ R₁ M₁ P D₁,P M₁ G₂ R₁ Ṡ N₂ Ṡ,False
nagavarali,NAgavarALi,nAgavarALi,8,HanumatODi,S R1 G2 M1 P D1 N2,D1 P M1 G2 R1 S N2 S,S R₁ G₂ M₁ P D₁ N₂,D₁ P M₁ G₂ R₁ Ṡ N₂ Ṡ,False
nagavarali,NAgavarALI,nAgavarALI,8,HanumatODi,S R1 G2 M1 P M1 D1 N2 S,S N2 D1 M1 P G2 R1 S,S R₁ G₂ M₁ P M₁ D₁ N₂ Ṡ,S N₂ D₁ M₁ P G₂ R₁ Ṡ,False
nathanali,NAthanALi,nAthanALi,8,HanumatODi,S R1 G2 M1 N2 S,S N2 D1 P M1 G2 R1 S,S R₁ G₂ M₁ N₂ Ṡ,S N₂ D₁ P M₁ G₂ R₁ Ṡ,False
navamalika,NavamAlika,navamAlika,8,HanumatODi,S R1 G2 D1 N2 S,S N2 D1 G2 R1 S,S R₁ G₂ D₁ N₂ Ṡ,S N₂ D₁ G₂ R₁ Ṡ,False
navasutika,NavasutikA,navasutikA,8,HanumatODi,S R1 G2 D1 N2 S,S N2 D1 G2 R1 S,S R₁ G₂ D₁ N₂ Ṡ,S N₂ D₁ G₂ R₁ Ṡ,False
niskaran,NiSkaran,niSkaran,8,HanumatODi,S R1 M1 P D1 S,S D1 P M1 R1 S,S R₁ M₁ P D₁ Ṡ,S D₁ P M₁ R₁ Ṡ,False
pancama,Pancama,pancama,8,HanumatODi,S R1 S G2 M1 P N2 S,S N2 D1 P M1 G2 R1 S,S R₁ Ṡ G₂ M₁ P N₂ Ṡ,S N₂ D₁ P M₁ G₂ R₁ Ṡ,False
pariti,ParIti,parIti,8,HanumatODi,S R1 M1 P N2 S,S N2 P M1 R1 S,S R₁ M₁ P N₂ Ṡ,S N₂ P M₁ R₁ Ṡ,False
parkkaran,PArkkaran,pArkkaran,8,HanumatODi,S R1 G2 P N2 S,S N2 P G2 R1 S,S R₁ G₂ P N₂ Ṡ,S N₂ P G₂ R₁ Ṡ,False
prabhupriya,PrabhupriyA,prabhupriyA,8,HanumatODi,S G2 M1 P D1 S,S D1 P M1 G2 S,S G₂ M₁ P D₁ Ṡ,S D₁ P M₁ G₂ Ṡ,False
punnagaodi,PunnAgaODi,punnAgaODi,8,HanumatODi,N2 S R1 G2 M1 P,P M1 G2 R1 S N2 D1,N₂ Ṡ R₁ G₂ M₁ P,P M₁ G₂ R₁ Ṡ N₂ D₁,False
punnagatodi,PunnAgatODi,punnAgatODi,8,HanumatODi,N2 D1 N2 S R1 G2 M1 P,D1 P M1 G2 R1 S N2 D1 N2,N₂ D₁ N₂ Ṡ R₁ G₂ M₁ P,D₁ P M₁ G₂ R₁ Ṡ N₂ D₁ N₂,False
punnagatodi,PunnAgatODi,punnAgatODi,8,HanumatODi,N2 D1 S R1 G2 M1 P D1 N2,D1 P M1 G2 R1 S N2 D1 N2,N₂ D₁ Ṡ R₁ G₂ M₁ P D₁ N₂,D₁ P M₁ G₂ R₁ Ṡ N₂ D₁ N₂,False
punnagavarali,PunnAgavarALi,punnAgavarALi,8,HanumatODi,N2 S R1 G2 M1 P D1 N2,N2 D1 P M1 G2 R1 S N2,N₂ Ṡ R₁ G₂ M₁ P D₁ N₂,N₂ D₁ P M₁ G₂ R₁ Ṡ N₂,False
punnagavarali,PunnAgavarALi,punnAgavarALi,8,HanumatODi,N2 S R1 G2 M1 P D1 N2,N2 D1 P M1 G2 R1 S N2 S,N₂ Ṡ R₁ G₂ M₁ P D₁ N₂,N₂ D₁ P M₁ G₂ R₁ Ṡ N₂ Ṡ,False
punnagavarali,PunnAgavarALi,punnAgavarALi,8,HanumatODi,N2 S R1 G2 M1 P D1 N2,N2 D1 P M1 P G2 R1 S,N₂ Ṡ R₁ G₂ M₁ P D₁ N₂,N₂ D₁ P M₁ P G₂ R₁ Ṡ,False
punnagavarali,PunnAgavarALi,punnAgavarALi,8,HanumatODi,N2 S R1 G2 M1 P D1 N2,D1 P M1 G2 R1 S N2,N₂ Ṡ R₁ G₂ M₁ P D₁ N₂,D₁ P M₁ G₂ R₁ Ṡ N₂,False
punnagavarali,PunnAgavarALi,punnAgavarALi,8,HanumatODi,N2 S R1 G2 M1 P D1,D1 P M1 G2 R1 S N2,N₂ Ṡ R₁ G₂ M₁ P D₁,D₁ P M₁ G₂ R₁ Ṡ N₂,False
punnagavarali,PunnAgavarALi,punnAgavarALi,8,HanumatODi,S R1 G2 M1 P D1 N2,N2 D1 P M1 G2 R1 S N2,S R₁ G₂ M₁ P D₁ N₂,N₂ D₁ P M₁ G₂ R₁ Ṡ N₂,False
punnagavarali,PunnAgavarALi,punnAgavarALi,8,HanumatODi,S R1 G2 M1 P D1 N2,N2 D1 P M1 G2 R1 S N2 S,S R₁ G₂ M₁ P D₁ N₂,N₂ D₁ P M₁ G₂ R₁ Ṡ N₂ Ṡ,False
rajacintamni,RAjacintAmNi,rAjacintAmNi,8,HanumatODi,S R1 M1 P N2 S,S N2 D1 M1 G2 R1 S,S R₁ M₁ P N₂ Ṡ,S N₂ D₁ M₁ G₂ R₁ Ṡ,False
rajaratna,RAjaratna,rAjaratna,8,HanumatODi,S R1 G2 M1 P D1 N2 S,S N2 P M1 G2 R1 S,S R₁ G₂ M₁ P D₁ N₂ Ṡ,S N₂ P M₁ G₂ R₁ Ṡ,False
rajatavali,RajatAvaLi,rajatAvaLi,8,HanumatODi,S R1 G2 M1 D1P D1 N2 S,S N2 D1 M1 G2 P R1 S,S R₁ G₂ M₁ D1P D₁ N₂ Ṡ,S N₂ D₁ M₁ G₂ P R₁ Ṡ,False
rambhavali,RambhAvaLi,rambhAvaLi,8,HanumatODi,S R1 M1 P D1 S,S N2 P M1 G2 R1 M1 S,S R₁ M₁ P D₁ Ṡ,S N₂ P M₁ G₂ R₁ M₁ Ṡ,False
rangatodi,RangatODi,rangatODi,8,HanumatODi,S G2 M1 P D1 N2 S,S N2 D1 P M1 G2 R1 S,S G₂ M₁ P D₁ N₂ Ṡ,S N₂ D₁ P M₁ G₂ R₁ Ṡ,False
rasapratapa,RasapratApa,rasapratApa,8,HanumatODi,S R1 G2 M1 N2 S,S N2 D1 P M1 G2 R1 S,S R₁ G₂ M₁ N₂ Ṡ,S N₂ D₁ P M₁ G₂ R₁ Ṡ,False
ravanapriya,RAvaNApriyA,rAvaNApriyA,8,HanumatODi,S R1 G2 M1 P D1 N2 S,S D1 P M1 G2 R1 S,S R₁ G₂ M₁ P D₁ N₂ Ṡ,S D₁ P M₁ G₂ R₁ Ṡ,False
regupti,REgupti,rEgupti,8,HanumatODi,S R1 G2 P D1 S,S D1 P G2 P G2 R1 S,S R₁ G₂ P D₁ Ṡ,S D₁ P G₂ P G₂ R₁ Ṡ,False
regupti,REgupti,rEgupti,8,HanumatODi,S R1 G2 P D1 S,S D1 P G2 R1 G2 P D1 S,S R₁ G₂ P D₁ Ṡ,S D₁ P G₂ R₁ G₂ P D₁ Ṡ,False
regupti,REgupti,rEgupti,8,HanumatODi,S R1 G2 P D1 S,S D1 P G2 R1 S,S R₁ G₂ P D₁ Ṡ,S D₁ P G₂ R₁ Ṡ,False
rukmangi,RukmAngi,rukmAngi,8,HanumatODi,S R1 G2 P N2 S,S N2 P G2 R1 S,S R₁ G₂ P N₂ Ṡ,S N₂ P G₂ R₁ Ṡ,False
sakalakalavalli,SakalakalAvalli,sakalakalAvalli,8,HanumatODi,S R1 M1 D1 S,S N2 P G2 S,S R₁ M₁ D₁ Ṡ,S N₂ P G₂ Ṡ,False
sakalaloka,SakalalOka,sakalalOka,8,HanumatODi,S G2 M1 D1 S,S N2 P M1 R1 S,S G₂ M₁ D₁ Ṡ,S N₂ P M₁ R₁ Ṡ,False
sakalasvarupi,SakalasvarUpi,sakalasvarUpi,8,HanumatODi,S R1 M1 D1 S,S N2 P G2 R1 S,S R₁ M₁ D₁ Ṡ,S N₂ P G₂ R₁ Ṡ,False
sakamukhi,Sakamukhi,sakamukhi,8,HanumatODi,S R1 M1 G2 M1 D1 N2 S,S N2 D1 P M1 R1 M1 G2 S,S R₁ M₁ G₂ M₁ D₁ N₂ Ṡ,S N₂ D₁ P M₁ R₁ M₁ G₂ Ṡ,False
sakatolarava,Sakatolarava,sakatolarava,8,HanumatODi,S R1 M1 P D1 S,S N2 D1 N2 P M1 G2 R1 S,S R₁ M₁ P D₁ Ṡ,S N₂ D₁ N₂ P M₁ G₂ R₁ Ṡ,False
samantashrimani,SAmantashrImaNi,sAmantashrImaNi,8,HanumatODi,S G2 M1 D1 N2 S,S N2 P M1 G2 R1 S,S G₂ M₁ D₁ N₂ Ṡ,S N₂ P M₁ G₂ R₁ Ṡ,False
samavasantam,SAmavasantam,sAmavasantam,8,HanumatODi,S R1 G2 M1 P N2 S,S N2 D1 P M1 G2 R1 S,S R₁ G₂ M₁ P N₂ Ṡ,S N₂ D₁ P M₁ G₂ R₁ Ṡ,False
sambandan,Sambandan,sambandan,8,HanumatODi,S R1 M1 P D1 S,S N2 P M1 G2 R1 S,S R₁ M₁ P D₁ Ṡ,S N₂ P M₁ G₂ R₁ Ṡ,False
sampradayatodi,SampradAyatODi,sampradAyatODi,8,HanumatODi,S R1 G2 M1 D1 N2 S,S N2 D1 M1 G2 R1 S,S R₁ G₂ M₁ D₁ N₂ Ṡ,S N₂ D₁ M₁ G₂ R₁ Ṡ,False
sarathigaula,SArathigauLa,sArathigauLa,8,HanumatODi,N2 S R1 G2 M1 P D1 N2 S,S N2 P M1 G2 R1 S,N₂ Ṡ R₁ G₂ M₁ P D₁ N₂ Ṡ,S N₂ P M₁ G₂ R₁ Ṡ,False
saujanya,Saujanya,saujanya,8,HanumatODi,S R1 M1 D1 S,S D1 M1 R1 S,S R₁ M₁ D₁ Ṡ,S D₁ M₁ R₁ Ṡ,False
shantasvarupi,ShAntasvarUpi,shAntasvarUpi,8,HanumatODi,S G2 P D1 S,S N2 P M1 R1 S,S G₂ P D₁ Ṡ,S N₂ P M₁ R₁ Ṡ,False
shardularava,ShardulArava,shardulArava,8,HanumatODi,S R1 M1 P D1 S,S N2 D1 N2 P M1 G2 R1 S,S R₁ M₁ P D₁ Ṡ,S N₂ D₁ N₂ P M₁ G₂ R₁ Ṡ,False
shivanandam,ShivAnandam,shivAnandam,8,HanumatODi,S R1 G2 M1 P D1 N2 S,S N2 P M1 R1 S,S R₁ G₂ M₁ P D₁ N₂ Ṡ,S N₂ P M₁ R₁ Ṡ,False
shravanamallika,ShravaNamallikA,shravaNamallikA,8,HanumatODi,S G2 M1 P D1 N2 S,S N2 D1 P M1 G2 R1 S,S G₂ M₁ P D₁ N₂ Ṡ,S N₂ D₁ P M₁ G₂ R₁ Ṡ,False
shuddhamaruva,Shuddhamaruva,shuddhamaruva,8,HanumatODi,S G2 M1 P D1 S,S D1 P M1 R1 G2 R1 S,S G₂ M₁ P D₁ Ṡ,S D₁ P M₁ R₁ G₂ R₁ Ṡ,False
shuddhamaruva,Shuddhamaruva,shuddhamaruva,8,HanumatODi,S G2 P D1 S,S D1 P M1 R1 G2 R1 S,S G₂ P D₁ Ṡ,S D₁ P M₁ R₁ G₂ R₁ Ṡ,False
shuddhasamantam,ShuddhasAmantam,shuddhasAmantam,8,HanumatODi,D1 S R1 M1 P D1 D1 P M1 G2 R1 S,S R1 M1 G2 M1 P D1 P M1 G2 R1 S,D₁ Ṡ R₁ M₁ P D₁ D₁ P M₁ G₂ R₁ Ṡ,S R₁ M₁ G₂ M₁ P D₁ P M₁ G₂ R₁ Ṡ,False
shuddhasamantam,ShuddhasAmantam,shuddhasAmantam,8,HanumatODi,D1 S R1 M1 P D1,D1 P M1 G2 R1 S D1 S,D₁ Ṡ R₁ M₁ P D₁,D₁ P M₁ G₂ R₁ Ṡ D₁ Ṡ,False
shuddhasamantam,ShuddhasAmantam,shuddhasAmantam,8,HanumatODi,D1 S R1 M1 P D1,D1 P M1 G2 R1 S,D₁ Ṡ R₁ M₁ P D₁,D₁ P M₁ G₂ R₁ Ṡ,False
shuddhasamantam,ShuddhasAmantam,shuddhasAmantam,8,HanumatODi,D1 S R1 M1 P D1,D1 P M1 R1 S,D₁ Ṡ R₁ M₁ P D₁,D₁ P M₁ R₁ Ṡ,False
shuddhasamantam,ShuddhasAmantam,shuddhasAmantam,8,HanumatODi,S G2 R1 M1 P D1,D1 P M1 G2 R1 S,S G₂ R₁ M₁ P D₁,D₁ P M₁ G₂ R₁ Ṡ,False
shuddhasamantam,ShuddhasAmantam,shuddhasAmantam,8,HanumatODi,S R1 G2 M1 P D1 N2 S,S N2 D1 P D1 M1 G2 R1 S,S R₁ G₂ M₁ P D₁ N₂ Ṡ,S N₂ D₁ P D₁ M₁ G₂ R₁ Ṡ,False
shuddhasamantam,ShuddhasAmantam,shuddhasAmantam,8,HanumatODi,D1 S R1 M1 P D1,S D1 P M1 G2 R1 S,D₁ Ṡ R₁ M₁ P D₁,S D₁ P M₁ G₂ R₁ Ṡ,False
shuddhasamantam,ShuddhasAmantam,shuddhasAmantam,8,HanumatODi,S R1 G2 R1 M1 P D1,D1 P M1 G2 R1 S,S R₁ G₂ R₁ M₁ P D₁,D₁ P M₁ G₂ R₁ Ṡ,False
shuddhasimantini,ShuddhasImantini,shuddhasImantini,8,HanumatODi,S G2 M1 N2 D1 S,S D1 M1 G2 R1 S,S G₂ M₁ N₂ D₁ Ṡ,S D₁ M₁ G₂ R₁ Ṡ,False
shuddhasimantini,ShuddhasImantini,shuddhasImantini,8,HanumatODi,S R1 G2 M1 P D1 S,S D1 P M1 G2 R1 S,S R₁ G₂ M₁ P D₁ Ṡ,S D₁ P M₁ G₂ R₁ Ṡ,False
shuddhatodi,ShuddhatODi,shuddhatODi,8,HanumatODi,S R1 G2 M1 D1 N2 S,S N2 D1 M1 G2 R1 S,S R₁ G₂ M₁ D₁ N₂ Ṡ,S N₂ D₁ M₁ G₂ R₁ Ṡ,False
shukravardhana,Shukravardhana,shukravardhana,8,HanumatODi,S R1 G2 M1 D1 N2 S,S N2 D1 N2 P D1 P M1 R1 G2,S R₁ G₂ M₁ D₁ N₂ Ṡ,S N₂ D₁ N₂ P D₁ P M₁ R₁ G₂,False
sindhusaveri,SindhusAvEri,sindhusAvEri,8,HanumatODi,S R1 M1 P D1 S,S N2 P G2 S,S R₁ M₁ P D₁ Ṡ,S N₂ P G₂ Ṡ,False
somasundari,SOmasundari,sOmasundari,8,HanumatODi,S G2 P N2 S,S D1 P M1 G2 R1 S,S G₂ P N₂ Ṡ,S D₁ P M₁ G₂ R₁ Ṡ,False
somurtika,SomUrtikA,somUrtikA,8,HanumatODi,S R1 G2 M1 P N2 D1 S,S N2 D1 P M1 G2 R1 S,S R₁ G₂ M₁ P N₂ D₁ Ṡ,S N₂ D₁ P M₁ G₂ R₁ Ṡ,False
sukhasundari,Sukhasundari,sukhasundari,8,HanumatODi,S G2 M1 D1 S,S N2 P M1 G2 R1 S,S G₂ M₁ D₁ Ṡ,S N₂ P M₁ G₂ R₁ Ṡ,False
sukhila,SukhilA,sukhilA,8,HanumatODi,S R1 G2 M1 P D1 S,S N2 P G2 S,S R₁ G₂ M₁ P D₁ Ṡ,S N₂ P G₂ Ṡ,False
sukumara,SukumAra,sukumAra,8,HanumatODi,S R1 G2 M1 P D1 N2 S,S D1 P G2 S,S R₁ G₂ M₁ P D₁ N₂ Ṡ,S D₁ P G₂ Ṡ,False
sundaragandhara,SundaragAndhAra,sundaragAndhAra,8,HanumatODi,S R1 G2 M1 S,S D1 M1 G2 R1 S,S R₁ G₂ M₁ Ṡ,S D₁ M₁ G₂ R₁ Ṡ,False
surantyadhanyasi,SurAntyadhanyAsi,surAntyadhanyAsi,8,HanumatODi,S R1 G2 M1 P D1 N2 S,S N2 P G2 S,S R₁ G₂ M₁ P D₁ N₂ Ṡ,S N₂ P G₂ Ṡ,False
surantyahindola,SurAntyahindOLa,surAntyahindOLa,8,HanumatODi,S R1 G2 M1 P D1 N2 S,S D1 M1 G2 S,S R₁ G₂ M₁ P D₁ N₂ Ṡ,S D₁ M₁ G₂ Ṡ,False
suryaoli,SUryaoLi,sUryaoLi,8,HanumatODi,S G2 M1 P D1 S,S N2 P M1 R1 S,S G₂ M₁ P D₁ Ṡ,S N₂ P M₁ R₁ Ṡ,False
svarnamalli,SvarNamalli,svarNamalli,8,HanumatODi,S G2 M1 P D1 N2 S,S N2 D1 P M1 G2 R1 S,S G₂ M₁ P D₁ N₂ Ṡ,S N₂ D₁ P M₁ G₂ R₁ Ṡ,False
svarnamallika,SvarNamallikA,svarNamallikA,8,HanumatODi,S G2 M1 P D1 N2 S,S N2 D1 P M1 G2 R1 S,S G₂ M₁ P D₁ N₂ Ṡ,S N₂ D₁ P M₁ G₂ R₁ Ṡ,False
tangamani,TangamaNi,tangamaNi,8,HanumatODi,S R1 G2 M1 P D1 N2 S,S N2 P M1 G2 S,S R₁ G₂ M₁ P D₁ N₂ Ṡ,S N₂ P M₁ G₂ Ṡ,False
tarangam,Tarangam,tarangam,8,HanumatODi,S G2 P D1 N2 S,S N2 D1 P G2 S,S G₂ P D₁ N₂ Ṡ,S N₂ D₁ P G₂ Ṡ,False
tiruccandran,Tiruccandran,tiruccandran,8,HanumatODi,S G2 M1 P N2 S,S D1 P R1 S,S G₂ M₁ P N₂ Ṡ,S D₁ P R₁ Ṡ,False
tiruccendan,TiruccEndan,tiruccEndan,8,HanumatODi,S R1 G2 P D1 N2 S,S D1 M1 G2 S,S R₁ G₂ P D₁ N₂ Ṡ,S D₁ M₁ G₂ Ṡ,False
tiruccendilvel,TiruccendilvEl,tiruccendilvEl,8,HanumatODi,S R1 G2 M1 P D1 S,S N2 P M1 G2 R1 S,S R₁ G₂ M₁ P D₁ Ṡ,S N₂ P M₁ G₂ R₁ Ṡ,False
tiruccintani,TiruccintANi,tiruccintANi,8,HanumatODi,S R1 M1 P D1 N2 S,S D1 M1 G2 S,S R₁ M₁ P D₁ N₂ Ṡ,S D₁ M₁ G₂ Ṡ,False
tirukkuttan,TirukkUttan,tirukkUttan,8,HanumatODi,S R1 M1 P D1 N2 S,S N2 D1 P M1 G2 S,S R₁ M₁ P D₁ N₂ Ṡ,S N₂ D₁ P M₁ G₂ Ṡ,False
tiruttandavanayaki,TiruttANDavanAyaki,tiruttANDavanAyaki,8,HanumatODi,S G2 M1 P D1 N2 S,S N2 D1 M1 R1 S,S G₂ M₁ P D₁ N₂ Ṡ,S N₂ D₁ M₁ R₁ Ṡ,False
todi,TODi,tODi,8,HanumatODi,S R1 G2 M1 D1 N2 S,S N2 D1 M1 G2 R1 S,S R₁ G₂ M₁ D₁ N₂ Ṡ,S N₂ D₁ M₁ G₂ R₁ Ṡ,False
todi,TODi,tODi,8,HanumatODi,S R1 G2 M1 P D1 N2 S,S N2 D1 M1 G2 R1 S,S R₁ G₂ M₁ P D₁ N₂ Ṡ,S N₂ D₁ M₁ G₂ R₁ Ṡ,False
urimangi,UrimAngi,urimAngi,8,HanumatODi,S R1 G2 M1 P D1 N2 D1 S,S N2 D1 P M1 G2 R1 S,S R₁ G₂ M₁ P D₁ N₂ D₁ Ṡ,S N₂ D₁ P M₁ G₂ R₁ Ṡ,False
vaidarbha,Vaidarbha,vaidarbha,8,HanumatODi,S R1 G2 M1 P D1 N2 P S,S N2 D1 M1 G2 R1 S,S R₁ G₂ M₁ P D₁ N₂ P Ṡ,S N₂ D₁ M₁ G₂ R₁ Ṡ,False
vajrahasitam,Vajrahasitam,vajrahasitam,8,HanumatODi,S R1 G2 M1 P D1 N2 S,S N2 D1 M1 G2 R1 S,S R₁ G₂ M₁ P D₁ N₂ Ṡ,S N₂ D₁ M₁ G₂ R₁ Ṡ,False
vakkal,VAkkAL,vAkkAL,8,HanumatODi,S R1 M1 P D1 N2 S,S N2 D1 P M1 R1 S,S R₁ M₁ P D₁ N₂ Ṡ,S N₂ D₁ P M₁ R₁ Ṡ,False
valitodi,VAlitODi,vAlitODi,8,HanumatODi,S R1 G2 M1 P D1 N2 S,S D1 P G2 R1 S,S R₁ G₂ M₁ P D₁ N₂ Ṡ,S D₁ P G₂ R₁ Ṡ,False
vasantalilavati,VasantalIlAvati,vasantalIlAvati,8,HanumatODi,S R1 M1 P N2 S,S N2 D1 M1 G2 R1 S,S R₁ M₁ P N₂ Ṡ,S N₂ D₁ M₁ G₂ R₁ Ṡ,False
vasantashrimani,VasantashrImaNi,vasantashrImaNi,8,HanumatODi,S G2 M1 P N2 S,S N2 D1 M1 G2 R1 S,S G₂ M₁ P N₂ Ṡ,S N₂ D₁ M₁ G₂ R₁ Ṡ,False
vipulananda,VipulAnandA,vipulAnandA,8,HanumatODi,S R1 G2 M1 P N2 S,S D1 P G2 S,S R₁ G₂ M₁ P N₂ Ṡ,S D₁ P G₂ Ṡ,False
viravarali,VIravarALi,vIravarALi,8,HanumatODi,S R1 M1 D1 S,S N2 D1 P M1 G2 R1 S,S R₁ M₁ D₁ Ṡ,S N₂ D₁ P M₁ G₂ R₁ Ṡ,False
dhunibhinnashadjam,Dhunibhinnashadjam,dhunibhinnashadjam,9,DhEnukaa,S R1 G2 R1 P M1 P N3 S,S D1 P M1 G2 R1 S,S R₁ G₂ R₁ P M₁ P N₃ Ṡ,S D₁ P M₁ G₂ R₁ Ṡ,False
adirainayaka,AdirainAyaka,AdirainAyaka,9,DhEnukaa,S R1 G2 M1 P D1 N3 S,S N3 D1 M1 G2 S,S R₁ G₂ M₁ P D₁ N₃ Ṡ,S N₃ D₁ M₁ G₂ Ṡ,False
bageshribahar,BAgEshrIbahAr,bAgEshrIbahAr,9,DhEnukaa,S R1 G2 M1 P N3 S,S N3 S N3 P M1 G2 R1 S,S R₁ G₂ M₁ P N₃ Ṡ,S N₃ Ṡ N₃ P M₁ G₂ R₁ Ṡ,False
bauman,Bauman,bauman,9,DhEnukaa,S R1 M1 P D1 S,S N3 P M1 R1 S,S R₁ M₁ P D₁ Ṡ,S N₃ P M₁ R₁ Ṡ,False
bhargavi,BhArgavi,bhArgavi,9,DhEnukaa,S G2 M1 P D1 N3 S,S N3 D1 P M1 G2 S,S G₂ M₁ P D₁ N₃ Ṡ,S N₃ D₁ P M₁ G₂ Ṡ,False
bhinnasadjam,BhinnaSaDjam,bhinnaSaDjam,9,DhEnukaa,S R1 G2 R1 D1 M1 P N3 S,S D1 P M1 G2 R1 S,S R₁ G₂ R₁ D₁ M₁ P N₃ Ṡ,S D₁ P M₁ G₂ R₁ Ṡ,False
bhinnasadjam,BhinnaSaDjam,bhinnaSaDjam,9,DhEnukaa,S R1 G2 R1 P M1 P N3 S,S D1 P M1 G2 R1 S,S R₁ G₂ R₁ P M₁ P N₃ Ṡ,S D₁ P M₁ G₂ R₁ Ṡ,False
bhinnasadjam,BhinnaSaDjam,bhinnaSaDjam,9,DhEnukaa,S R1 M1 P N3 S,S D1 R1 M1 G2 R1 S,S R₁ M₁ P N₃ Ṡ,S D₁ R₁ M₁ G₂ R₁ Ṡ,False
bhogavarali,BhOgavarALi,bhOgavarALi,9,DhEnukaa,S R1 G2 M1 P N3 S,S N3 P M1 G2 R1 S,S R₁ G₂ M₁ P N₃ Ṡ,S N₃ P M₁ G₂ R₁ Ṡ,False
candrika,CandrikA,candrikA,9,DhEnukaa,S G2 M1 D1 N3 S,S N3 D1 M1 G2 S,S G₂ M₁ D₁ N₃ Ṡ,S N₃ D₁ M₁ G₂ Ṡ,False
cittabhramari,Cittabhramari,cittabhramari,9,DhEnukaa,S R1 G2 P D1 S,S N3 D1 P G2 R1 S,S R₁ G₂ P D₁ Ṡ,S N₃ D₁ P G₂ R₁ Ṡ,False
dahana,Dahana,dahana,9,DhEnukaa,S G2 P N3 S,S N3 D1 M1 G2 R1 S,S G₂ P N₃ Ṡ,S N₃ D₁ M₁ G₂ R₁ Ṡ,False
dajasari,DajasAri,dajasAri,9,DhEnukaa,S R1 G2 M1 P D1 N3 S,S P M1 G2 R1 S,S R₁ G₂ M₁ P D₁ N₃ Ṡ,S P M₁ G₂ R₁ Ṡ,False
dakka,Dakka,Dakka,9,DhEnukaa,S G2 M1 P M1 D1 N3 S,S N3 D1 P M1 G2 R1 S,S G₂ M₁ P M₁ D₁ N₃ Ṡ,S N₃ D₁ P M₁ G₂ R₁ Ṡ,False
dakka,Dakka,Dakka,9,DhEnukaa,S G2 P M1 D1 N3 S,S N3 D1 P M1 G2 R1 S,S G₂ P M₁ D₁ N₃ Ṡ,S N₃ D₁ P M₁ G₂ R₁ Ṡ,False
dakka,Dakka,Dakka,9,DhEnukaa,S R1 M1 G2 M1 P D1 N3 S,S D1 P M1 M1 G2 R1 D1 S,S R₁ M₁ G₂ M₁ P D₁ N₃ Ṡ,S D₁ P M₁ M₁ G₂ R₁ D₁ Ṡ,False
deshikarudri,DEshikArudri,dEshikArudri,9,DhEnukaa,S M1 R1 G2 M1 P N3 S,S D1 P M1 G2 R1 S,S M₁ R₁ G₂ M₁ P N₃ Ṡ,S D₁ P M₁ G₂ R₁ Ṡ,False
deshikarudri,DEshikArudri,dEshikArudri,9,DhEnukaa,S M1 R1 G2 M1 P N3 S,S N3 P D1 M1 G2 R1 S,S M₁ R₁ G₂ M₁ P N₃ Ṡ,S N₃ P D₁ M₁ G₂ R₁ Ṡ,False
deshyaandhali,DEshyaAndhALi,dEshyaAndhALi,9,DhEnukaa,S R1 G2 M1 P N3 D1 S,S D1 P M1 G2 R1 S,S R₁ G₂ M₁ P N₃ D₁ Ṡ,S D₁ P M₁ G₂ R₁ Ṡ,False
devaraja,DEvarAja,dEvarAja,9,DhEnukaa,S R1 M1 P D1 S,S N3 P M1 G2 R1 S,S R₁ M₁ P D₁ Ṡ,S N₃ P M₁ G₂ R₁ Ṡ,False
devi,DEvi,dEvi,9,DhEnukaa,S G2 M1 P D1 N3 S,S N3 D1 M1 G2 R1 S,S G₂ M₁ P D₁ N₃ Ṡ,S N₃ D₁ M₁ G₂ R₁ Ṡ,False
dhairyamukhi,Dhairyamukhi,dhairyamukhi,9,DhEnukaa,S R1 G2 M1 P D1 S,S N3 P M1 P R1 G2 R1 S,S R₁ G₂ M₁ P D₁ Ṡ,S N₃ P M₁ P R₁ G₂ R₁ Ṡ,False
dhaumyaraga,DhaumyarAgA,dhaumyarAgA,9,DhEnukaa,S R1 G2 M1 P D1 S,S N3 D1 P M1 G2 R1 S,S R₁ G₂ M₁ P D₁ Ṡ,S N₃ D₁ P M₁ G₂ R₁ Ṡ,False
dhenuka,DhEnukA,dhEnukA,9,DhEnukaa,S R1 G2 M1 P D1 N3 S,S N3 D1 P M1 G2 R1 S,S R₁ G₂ M₁ P D₁ N₃ Ṡ,S N₃ D₁ P M₁ G₂ R₁ Ṡ,False
dhunibhinnashadja,DhunibhinnashaDja,dhunibhinnashaDja,9,DhEnukaa,S R1 G2 M1 P D1 N3 S,S N3 D1 P M1 G2 R1 S,S R₁ G₂ M₁ P D₁ N₃ Ṡ,S N₃ D₁ P M₁ G₂ R₁ Ṡ,False
gajasari,GajasAri,gajasAri,9,DhEnukaa,S R1 G2 M1 P N3 D1 S,S P M1 G2 R1 S,S R₁ G₂ M₁ P N₃ D₁ Ṡ,S P M₁ G₂ R₁ Ṡ,False
gajashri,GajashrI,gajashrI,9,DhEnukaa,S R1 G2 M1 P D1 N3 S,S P M1 G2 R1 S,S R₁ G₂ M₁ P D₁ N₃ Ṡ,S P M₁ G₂ R₁ Ṡ,False
gajashri,GajashrI,gajashrI,9,DhEnukaa,S R1 G2 M1 P N3 D1 S,S P M1 G2 R1 S,S R₁ G₂ M₁ P N₃ D₁ Ṡ,S P M₁ G₂ R₁ Ṡ,False
gauribangala,GaurIbangALA,gaurIbangALA,9,DhEnukaa,D1 S R1 M1 P D1 N3,D1 P M1 G2 R1 S N3 D1 P,D₁ Ṡ R₁ M₁ P D₁ N₃,D₁ P M₁ G₂ R₁ Ṡ N₃ D₁ P,False
gauribangala,GauribangALA,gauribangALA,9,DhEnukaa,D1 S R1 M1 P D1 N3,D1 P M1 G2 R1 S N3 D1 S,D₁ Ṡ R₁ M₁ P D₁ N₃,D₁ P M₁ G₂ R₁ Ṡ N₃ D₁ Ṡ,False
gautamanadi,Gautamanadi,gautamanadi,9,DhEnukaa,S R1 G2 M1 P D1 N3 S,S D1 M1 R1 S,S R₁ G₂ M₁ P D₁ N₃ Ṡ,S D₁ M₁ R₁ Ṡ,False
jalakrida,JalakrIDa,jalakrIDa,9,DhEnukaa,S R1 G2 M1 P D1 N3 S,S D1 P M1 G2 R1 S,S R₁ G₂ M₁ P D₁ N₃ Ṡ,S D₁ P M₁ G₂ R₁ Ṡ,False
jambu,JAmbu,jAmbu,9,DhEnukaa,S R1 G2 M1 P D1 N3 S,S N3 P M1 G2 R1 S,S R₁ G₂ M₁ P D₁ N₃ Ṡ,S N₃ P M₁ G₂ R₁ Ṡ,False
jayadhenuka,JayadhEnukA,jayadhEnukA,9,DhEnukaa,S R1 G2 M1 P D1 N3 S,S N3 D1 M1 G2 R1 S,S R₁ G₂ M₁ P D₁ N₃ Ṡ,S N₃ D₁ M₁ G₂ R₁ Ṡ,False
jnan,JnAN,jnAN,9,DhEnukaa,S G2 M1 P D1 N3 S,S D1 M1 R1 S,S G₂ M₁ P D₁ N₃ Ṡ,S D₁ M₁ R₁ Ṡ,False
jnananayaka,JnAnanAyaka,jnAnanAyaka,9,DhEnukaa,S R1 M1 P D1 S,S N3 P M1 G2 R1 S,S R₁ M₁ P D₁ Ṡ,S N₃ P M₁ G₂ R₁ Ṡ,False
jnanavalli,JnAnavalli,jnAnavalli,9,DhEnukaa,S G2 P D1 S,S N3 P M1 G2 R1 S,S G₂ P D₁ Ṡ,S N₃ P M₁ G₂ R₁ Ṡ,False
jnanayurdi,JnAnayurdi,jnAnayurdi,9,DhEnukaa,S G2 P N3 S,S N3 P G2 S,S G₂ P N₃ Ṡ,S N₃ P G₂ Ṡ,False
jnani,JnAni,jnAni,9,DhEnukaa,S G2 M1 D1 S,S N3 D1 P G2 R1 S,S G₂ M₁ D₁ Ṡ,S N₃ D₁ P G₂ R₁ Ṡ,False
jnata,JnAtA,jnAtA,9,DhEnukaa,S R1 G2 M1 D1 N3 S,S N3 P G2 S,S R₁ G₂ M₁ D₁ N₃ Ṡ,S N₃ P G₂ Ṡ,False
kanakadri,KanakAdri,kanakAdri,9,DhEnukaa,S R1 G2 P D1 N3 S,S N3 D1 P G2 R1 S,S R₁ G₂ P D₁ N₃ Ṡ,S N₃ D₁ P G₂ R₁ Ṡ,False
karamukha,Karamukha,karamukha,9,DhEnukaa,S R1 G2 M1 D1 S,S N3 D1 P M1 G2 R1 S,S R₁ G₂ M₁ D₁ Ṡ,S N₃ D₁ P M₁ G₂ R₁ Ṡ,False
karani,KAraNi,kAraNi,9,DhEnukaa,S R1 G2 P N3 S,S N3 D1 P M1 G2 R1 S,S R₁ G₂ P N₃ Ṡ,S N₃ D₁ P M₁ G₂ R₁ Ṡ,False
karuttan,Karuttan,karuttan,9,DhEnukaa,S G2 M1 P D1 N3 S,S N3 P M1 R1 S,S G₂ M₁ P D₁ N₃ Ṡ,S N₃ P M₁ R₁ Ṡ,False
kokanata,KOkanata,kOkanata,9,DhEnukaa,S R1 G2 M1 P D1 N3 S,S D1 P G2 S,S R₁ G₂ M₁ P D₁ N₃ Ṡ,S D₁ P G₂ Ṡ,False
konraishudi,KonraishUDi,konraishUDi,9,DhEnukaa,S R1 G2 P D1 N3 S,S N3 P M1 G2 S,S R₁ G₂ P D₁ N₃ Ṡ,S N₃ P M₁ G₂ Ṡ,False
koshalai,KOshalai,kOshalai,9,DhEnukaa,S R1 G2 M1 P D1 N3 S,S N3 P G2 S,S R₁ G₂ M₁ P D₁ N₃ Ṡ,S N₃ P G₂ Ṡ,False
koshika,KOshika,kOshika,9,DhEnukaa,S R1 G2 M1 P D1 N3 S,S D1 M1 G2 S,S R₁ G₂ M₁ P D₁ N₃ Ṡ,S D₁ M₁ G₂ Ṡ,False
kotravai,Kotravai,kotravai,9,DhEnukaa,S R1 M1 P N3 S,S D1 P M1 G2 S,S R₁ M₁ P N₃ Ṡ,S D₁ P M₁ G₂ Ṡ,False
ksen,KSEn,kSEn,9,DhEnukaa,S G2 P N3 S,S N3 D1 P M1 G2 R1 S,S G₂ P N₃ Ṡ,S N₃ D₁ P M₁ G₂ R₁ Ṡ,False
kulakanni,Kulakanni,kulakanni,9,DhEnukaa,S R1 G2 M1 P N3 S,S D1 P M1 G2 S,S R₁ G₂ M₁ P N₃ Ṡ,S D₁ P M₁ G₂ Ṡ,False
kulishapani,KulishapANi,kulishapANi,9,DhEnukaa,S R1 M1 P D1 N3 S,S N3 P M1 G2 S,S R₁ M₁ P D₁ N₃ Ṡ,S N₃ P M₁ G₂ Ṡ,False
lalitashrikanthi,LalitashrIkaNThi,lalitashrIkaNThi,9,DhEnukaa,S R1 G2 M1 P D1 N3 S,S N3 D1 P M1 D1 M1 G2 R1 S,S R₁ G₂ M₁ P D₁ N₃ Ṡ,S N₃ D₁ P M₁ D₁ M₁ G₂ R₁ Ṡ,False
lalitashrikarni,LalitashrIkarNi,lalitashrIkarNi,9,DhEnukaa,S R1 G2 M1 P D1 N3 S,S N3 D1 P M1 D1 M1 G2 R1 S,S R₁ G₂ M₁ P D₁ N₃ Ṡ,S N₃ D₁ P M₁ D₁ M₁ G₂ R₁ Ṡ,False
madhavashri,MAdhavashrI,mAdhavashrI,9,DhEnukaa,S G2 R1 G2 M1 P N3 D1 S,S N3 D1 P M1 G2 R1 S,S G₂ R₁ G₂ M₁ P N₃ D₁ Ṡ,S N₃ D₁ P M₁ G₂ R₁ Ṡ,False
maralagamini,MarALagAmini,marALagAmini,9,DhEnukaa,S R1 G2 M1 N3 S,S N3 M1 G2 R1 S,S R₁ G₂ M₁ N₃ Ṡ,S N₃ M₁ G₂ R₁ Ṡ,False
margavi,MArgavi,mArgavi,9,DhEnukaa,S G2 M1 P D1 N3 S,S N3 D1 P M1 G2 S,S G₂ M₁ P D₁ N₃ Ṡ,S N₃ D₁ P M₁ G₂ Ṡ,False
mohananata,MOhananATa,mOhananATa,9,DhEnukaa,S G2 M1 P D1 P M1 P N3 N3,S N3 P D1 D1 P M1 G2 S,S G₂ M₁ P D₁ P M₁ P N₃ N₃,S N₃ P D₁ D₁ P M₁ G₂ Ṡ,False
mohananata,MOhananATa,mOhananATa,9,DhEnukaa,S G2 M1 P N3 S,S N3 P D1 P M1 G2 S,S G₂ M₁ P N₃ Ṡ,S N₃ P D₁ P M₁ G₂ Ṡ,False
nagasaka,NAgasaka,nAgasaka,9,DhEnukaa,S G2 R1 G2 P D1 P N3 S,S N3 D1 P M1 P G2 R1 S,S G₂ R₁ G₂ P D₁ P N₃ Ṡ,S N₃ D₁ P M₁ P G₂ R₁ Ṡ,False
nemi,NEmi,nEmi,9,DhEnukaa,S G2 M1 D1 N3 S,S N3 P M1 G2 R1 S,S G₂ M₁ D₁ N₃ Ṡ,S N₃ P M₁ G₂ R₁ Ṡ,False
nila,NIlA,nIlA,9,DhEnukaa,S R1 G2 M1 D1 N3 S,S N3 D1 P M1 G2 R1 S,S R₁ G₂ M₁ D₁ N₃ Ṡ,S N₃ D₁ P M₁ G₂ R₁ Ṡ,False
purnaparaju,PUrNaparaju,pUrNaparaju,9,DhEnukaa,S M1 G2 M1 P D1 N3 S,S N3 D1 P M1 G2 R1 S,S M₁ G₂ M₁ P D₁ N₃ Ṡ,S N₃ D₁ P M₁ G₂ R₁ Ṡ,False
purvaparaju,PUrvaparaju,pUrvaparaju,9,DhEnukaa,S M1 G2 M1 D1 N3 S,S N3 D1 P M1 G2 S,S M₁ G₂ M₁ D₁ N₃ Ṡ,S N₃ D₁ P M₁ G₂ Ṡ,False
salmali,SAlmali,sAlmali,9,DhEnukaa,S R1 G2 P N3 S,S N3 P G2 R1 S,S R₁ G₂ P N₃ Ṡ,S N₃ P G₂ R₁ Ṡ,False
sangamendi,SangamEndi,sangamEndi,9,DhEnukaa,S R1 G2 M1 D1 N3 S,S N3 D1 M1 G2 R1 S,S R₁ G₂ M₁ D₁ N₃ Ṡ,S N₃ D₁ M₁ G₂ R₁ Ṡ,False
shanavi,ShAnavi,shAnavi,9,DhEnukaa,S M1 P D1 N3 S,S N3 D1 P M1 S,S M₁ P D₁ N₃ Ṡ,S N₃ D₁ P M₁ Ṡ,False
sheman,ShEman,shEman,9,DhEnukaa,S R1 M1 P S,S N3 D1 P M1 G2 R1 S,S R₁ M₁ P Ṡ,S N₃ D₁ P M₁ G₂ R₁ Ṡ,False
sheraman,ShEramAn,shEramAn,9,DhEnukaa,S G2 M1 D1 S,S N3 D1 P M1 G2 R1 S,S G₂ M₁ D₁ Ṡ,S N₃ D₁ P M₁ G₂ R₁ Ṡ,False
sheran,ShEran,shEran,9,DhEnukaa,S G2 P D1 S,S N3 D1 P M1 G2 R1 S,S G₂ P D₁ Ṡ,S N₃ D₁ P M₁ G₂ R₁ Ṡ,False
sheyan,ShEyAn,shEyAn,9,DhEnukaa,S R1 M1 D1 S,S N3 D1 P M1 G2 R1 S,S R₁ M₁ D₁ Ṡ,S N₃ D₁ P M₁ G₂ R₁ Ṡ,False
sheyyal,SheyyAL,sheyyAL,9,DhEnukaa,S R1 G2 M1 D1 S,S D1 M1 G2 R1 S,S R₁ G₂ M₁ D₁ Ṡ,S D₁ M₁ G₂ R₁ Ṡ,False
shilamban,Shilamban,shilamban,9,DhEnukaa,S G2 P D1 N3 S,S N3 D1 P G2 S,S G₂ P D₁ N₃ Ṡ,S N₃ D₁ P G₂ Ṡ,False
shilapancama,ShIlApancama,shIlApancama,9,DhEnukaa,S R1 G2 M1 P N3 S,S N3 D1 P M1 G2 R1 S,S R₁ G₂ M₁ P N₃ Ṡ,S N₃ D₁ P M₁ G₂ R₁ Ṡ,False
shivamurti,ShivamUrti,shivamUrti,9,DhEnukaa,S G2 M1 P D1 N3 S,S N3 D1 P M1 G2 R1 S,S G₂ M₁ P D₁ N₃ Ṡ,S N₃ D₁ P M₁ G₂ R₁ Ṡ,False
shokavarali,ShOkavarALi,shOkavarALi,9,DhEnukaa,S G2 M1 N3 D1 P,P M1 G2 R1 S,S G₂ M₁ N₃ D₁ P,P M₁ G₂ R₁ Ṡ,False
shokavarali,ShOkavarALi,shOkavarALi,9,DhEnukaa,S G2 M1 N3 D1,P M1 G2 R1 M1 G2 R1 S,S G₂ M₁ N₃ D₁,P M₁ G₂ R₁ M₁ G₂ R₁ Ṡ,False
shokavarali,ShOkavarALi,shOkavarALi,9,DhEnukaa,S G2 M1 N3,D1 P M1 G2 R1 S,S G₂ M₁ N₃,D₁ P M₁ G₂ R₁ Ṡ,False
shokavarali,ShOkavarALi,shOkavarALi,9,DhEnukaa,S G2 M1 R1 D1 P M1 G2 R1 M1 G2 S,S G2 R1 M1 G2 M1 P N3 D1 P M1 G2 R1 S,S G₂ M₁ R₁ D₁ P M₁ G₂ R₁ M₁ G₂ Ṡ,S G₂ R₁ M₁ G₂ M₁ P N₃ D₁ P M₁ G₂ R₁ Ṡ,False
shrikanta,ShrIkAnta,shrIkAnta,9,DhEnukaa,S R1 M1 P D1 N3 S,S D1 P G2 S,S R₁ M₁ P D₁ N₃ Ṡ,S D₁ P G₂ Ṡ,False
shrikantha,ShrIkaNTha,shrIkaNTha,9,DhEnukaa,S R1 G2 M1 P N3 S,S D1 P G2 S,S R₁ G₂ M₁ P N₃ Ṡ,S D₁ P G₂ Ṡ,False
shyamali,ShyAmaLI,shyAmaLI,9,DhEnukaa,S R1 G2 P N3 S,S N3 P G2 R1 S,S R₁ G₂ P N₃ Ṡ,S N₃ P G₂ R₁ Ṡ,False
sindhucintamani,SindhucintAmaNi,sindhucintAmaNi,9,DhEnukaa,S R1 M1 G2 M1 D1 P D1 S,S D1 P M1 G2 R1 S,S R₁ M₁ G₂ M₁ D₁ P D₁ Ṡ,S D₁ P M₁ G₂ R₁ Ṡ,False
sitapancamam,SItApancamam,sItApancamam,9,DhEnukaa,S R1 G2 M1 P N3 S,S N3 D1 P M1 G2 R1 S,S R₁ G₂ M₁ P N₃ Ṡ,S N₃ D₁ P M₁ G₂ R₁ Ṡ,False
somaragam,SOmarAgAm,sOmarAgAm,9,DhEnukaa,S R1 M1 G2 M1 D1 P D1 S,S D1 P M1 G2 M1 R1 G2 R1 S,S R₁ M₁ G₂ M₁ D₁ P D₁ Ṡ,S D₁ P M₁ G₂ M₁ R₁ G₂ R₁ Ṡ,False
takka,Takka,Takka,9,DhEnukaa,S G2 M1 P D1 N3 S,S N3 D1 P M1 G2 R1 S,S G₂ M₁ P D₁ N₃ Ṡ,S N₃ D₁ P M₁ G₂ R₁ Ṡ,False
takka,Takka,Takka,9,DhEnukaa,S G2 M1 P M1 D1 N3 S,S N3 D1 P M1 G2 R1 S,S G₂ M₁ P M₁ D₁ N₃ Ṡ,S N₃ D₁ P M₁ G₂ R₁ Ṡ,False
tika,TIkA,tIkA,9,DhEnukaa,S R1 M1 G2 M1 P D1 N3 S,S N3 D1 P M1 G2 R1 G2 S,S R₁ M₁ G₂ M₁ P D₁ N₃ Ṡ,S N₃ D₁ P M₁ G₂ R₁ G₂ Ṡ,False
tiruhusanan,Tiruhusanan,tiruhusanan,9,DhEnukaa,S R1 G2 M1 P D1 N3 S,S N3 P M1 G2 S,S R₁ G₂ M₁ P D₁ N₃ Ṡ,S N₃ P M₁ G₂ Ṡ,False
tiruindrai,Tiruindrai,tiruindrai,9,DhEnukaa,S G2 M1 P D1 N3 S,S N3 D1 P M1 G2 R1 S,S G₂ M₁ P D₁ N₃ Ṡ,S N₃ D₁ P M₁ G₂ R₁ Ṡ,False
tirumadhupati,Tirumadhupati,tirumadhupati,9,DhEnukaa,S R1 M1 P D1 N3 S,S N3 D1 P M1 G2 R1 S,S R₁ M₁ P D₁ N₃ Ṡ,S N₃ D₁ P M₁ G₂ R₁ Ṡ,False
tiruyogini,TiruyOgini,tiruyOgini,9,DhEnukaa,S R1 G2 M1 P D1 N3 S,S D1 P M1 R1 S,S R₁ G₂ M₁ P D₁ N₃ Ṡ,S D₁ P M₁ R₁ Ṡ,False
trimurtipriya,TrimUrtipriyA,trimUrtipriyA,9,DhEnukaa,S R1 G2 D1 N3 S,S N3 D1 G2 R1 S,S R₁ G₂ D₁ N₃ Ṡ,S N₃ D₁ G₂ R₁ Ṡ,False
udayaravicandrika,UdayaravicandrikA,udayaravicandrikA,9,DhEnukaa,S G2 M1 P N3 S,N3 P M1 G2 S,S G₂ M₁ P N₃ Ṡ,N₃ P M₁ G₂ Ṡ,False
usanan,Usanan,usanan,9,DhEnukaa,S R1 M1 P D1 S,S N3 D1 P M1 G2 R1 S,S R₁ M₁ P D₁ Ṡ,S N₃ D₁ P M₁ G₂ R₁ Ṡ,False
vadamalar,VADAmalar,vADAmalar,9,DhEnukaa,S G2 M1 P N3 S,S N3 D1 P M1 G2 R1 S,S G₂ M₁ P N₃ Ṡ,S N₃ D₁ P M₁ G₂ R₁ Ṡ,False
vanamali,VanamAli,vanamAli,9,DhEnukaa,S R1 G2 P N3 S,S N3 P G2 R1 S,S R₁ G₂ P N₃ Ṡ,S N₃ P G₂ R₁ Ṡ,False
vasantatodi,VasantatODi,vasantatODi,9,DhEnukaa,S R1 G2 M1 D1 N3 S,S N3 D1 M1 R1 S,S R₁ G₂ M₁ D₁ N₃ Ṡ,S N₃ D₁ M₁ R₁ Ṡ,False
vatsa,Vatsa,vatsa,9,DhEnukaa,S R1 G2 M1 D1 N3 S,S N3 D1 M1 G2 R1 S,S R₁ G₂ M₁ D₁ N₃ Ṡ,S N₃ D₁ M₁ G₂ R₁ Ṡ,False
yogagiri,YOgagiri,yOgagiri,9,DhEnukaa,S R1 G2 P D1 S,S N3 D1 P M1 G2 R1 S,S R₁ G₂ P D₁ Ṡ,S N₃ D₁ P M₁ G₂ R₁ Ṡ,False
yogini,YOgini,yOgini,9,DhEnukaa,S R1 G2 P D1 S,S N3 D1 P M1 G2 R1 S,S R₁ G₂ P D₁ Ṡ,S N₃ D₁ P M₁ G₂ R₁ Ṡ,False
natabharanam,NaTabharaNam,naTabharaNam,10,NaaTakapriyaa,S R1 G2 M1 P D2 N2 S,S N2 D2 P M1 G2 R1 S,S R₁ G₂ M₁ P D₂ N₂ Ṡ,S N₂ D₂ P M₁ G₂ R₁ Ṡ,False
accan,Accan,accan,10,NaaTakapriyaa,S R1 M1 P D2 N2 S,S N2 D2 P M1 G2 S,S R₁ M₁ P D₂ N₂ Ṡ,S N₂ D₂ P M₁ G₂ Ṡ,False
adubali,Adubali,adubali,10,NaaTakapriyaa,S R1 M1 D2 S,S N2 D2 P M1 G2 R1 S,S R₁ M₁ D₂ Ṡ,S N₂ D₂ P M₁ G₂ R₁ Ṡ,False
agati,Agati,agati,10,NaaTakapriyaa,S R1 G2 M1 P D2 N2 S,S D2 P M1 R1 S,S R₁ G₂ M₁ P D₂ N₂ Ṡ,S D₂ P M₁ R₁ Ṡ,False
aghorapriya,AghOrapriyA,aghOrapriyA,10,NaaTakapriyaa,S R1 G2 M1 P D2 S,S N2 D2 M1 G2 S,S R₁ G₂ M₁ P D₂ Ṡ,S N₂ D₂ M₁ G₂ Ṡ,False
aghorapriya,AghOrapriyA,aghOrapriyA,10,NaaTakapriyaa,S R1 G2 M1 P D2 N2 S,S N2 D2 M1 G2 S,S R₁ G₂ M₁ P D₂ N₂ Ṡ,S N₂ D₂ M₁ G₂ Ṡ,False
akhilandavalli,AkhilANDavalli,akhilANDavalli,10,NaaTakapriyaa,S R1 G2 M1 P D2 N2 S,S N2 P M1 R1 S,S R₁ G₂ M₁ P D₂ N₂ Ṡ,S N₂ P M₁ R₁ Ṡ,False
akkapada,AkkapAda,akkapAda,10,NaaTakapriyaa,S R1 M1 P N2 S,S N2 D2 P M1 G2 R1 S,S R₁ M₁ P N₂ Ṡ,S N₂ D₂ P M₁ G₂ R₁ Ṡ,False
akkara,Akkara,akkara,10,NaaTakapriyaa,S G2 M1 P D2 S,S N2 D2 P M1 G2 R1 S,S G₂ M₁ P D₂ Ṡ,S N₂ D₂ P M₁ G₂ R₁ Ṡ,False
akodai,AkOdai,akOdai,10,NaaTakapriyaa,S G2 M1 P D2 N2 S,S N2 D2 P M1 R1 S,S G₂ M₁ P D₂ N₂ Ṡ,S N₂ D₂ P M₁ R₁ Ṡ,False
alankarapriya,AlankArapriyA,alankArapriyA,10,NaaTakapriyaa,S R1 G2 M1 D2 N2 S,S N2 D2 M1 G2 R1 S,S R₁ G₂ M₁ D₂ N₂ Ṡ,S N₂ D₂ M₁ G₂ R₁ Ṡ,False
amaresha,AmarEsha,amarEsha,10,NaaTakapriyaa,S G2 P N2 S,S D2 P M1 G2 R1 S,S G₂ P N₂ Ṡ,S D₂ P M₁ G₂ R₁ Ṡ,False
ambalattadi,AmbalattADi,ambalattADi,10,NaaTakapriyaa,S G2 P D2 S,S N2 P M1 R1 S,S G₂ P D₂ Ṡ,S N₂ P M₁ R₁ Ṡ,False
ambanatti,AmbaNatti,ambaNatti,10,NaaTakapriyaa,S G2 P N2 S,S N2 D2 M1 R1 S,S G₂ P N₂ Ṡ,S N₂ D₂ M₁ R₁ Ṡ,False
ambhoja,AmbhOja,ambhOja,10,NaaTakapriyaa,S G2 P N2 S,S D2 M1 R1 S,S G₂ P N₂ Ṡ,S D₂ M₁ R₁ Ṡ,False
ambuyai,Ambuyai,ambuyai,10,NaaTakapriyaa,S G2 P D2 S,S D2 P G2 S,S G₂ P D₂ Ṡ,S D₂ P G₂ Ṡ,False
amisu,Amisu,amisu,10,NaaTakapriyaa,S G2 M1 P D2 S,S N2 P G2 S,S G₂ M₁ P D₂ Ṡ,S N₂ P G₂ Ṡ,False
amrta,Amrta,amrta,10,NaaTakapriyaa,S G2 M1 P N2 S,S D2 P G2 S,S G₂ M₁ P N₂ Ṡ,S D₂ P G₂ Ṡ,False
amrtakirana,AmrtakiraNa,amrtakiraNa,10,NaaTakapriyaa,S R1 M1 P N2 S,S D2 P G2 S,S R₁ M₁ P N₂ Ṡ,S D₂ P G₂ Ṡ,False
amrtanayaka,AmrtanAyaka,amrtanAyaka,10,NaaTakapriyaa,S G2 M1 P S,S N2 D2 M1 R1 S,S G₂ M₁ P Ṡ,S N₂ D₂ M₁ R₁ Ṡ,False
amsumali,AmsumAli,amsumAli,10,NaaTakapriyaa,S R1 M1 D2 S,S N2 P M1 G2 S,S R₁ M₁ D₂ Ṡ,S N₂ P M₁ G₂ Ṡ,False
amudavalli,Amudavalli,amudavalli,10,NaaTakapriyaa,S G2 M1 D2 S,S N2 P M1 R1 S,S G₂ M₁ D₂ Ṡ,S N₂ P M₁ R₁ Ṡ,False
anali,Anali,anali,10,NaaTakapriyaa,S R1 G2 M1 P D2 N2 S,S D2 M1 G2 S,S R₁ G₂ M₁ P D₂ N₂ Ṡ,S D₂ M₁ G₂ Ṡ,False
anamaya,AnAmaya,anAmaya,10,NaaTakapriyaa,S R1 G2 M1 P D2 N2 S,S D2 M1 G2 R1 S,S R₁ G₂ M₁ P D₂ N₂ Ṡ,S D₂ M₁ G₂ R₁ Ṡ,False
anandasvarupi,AnandasvarUpi,AnandasvarUpi,10,NaaTakapriyaa,S R1 G2 P D2 S,S N2 D2 M1 G2 S,S R₁ G₂ P D₂ Ṡ,S N₂ D₂ M₁ G₂ Ṡ,False
anantashayi,AnantashAyi,anantashAyi,10,NaaTakapriyaa,S R1 G2 P N2 S,S D2 M1 G2 R1 S,S R₁ G₂ P N₂ Ṡ,S D₂ M₁ G₂ R₁ Ṡ,False
anapaya,AnapAya,anapAya,10,NaaTakapriyaa,S R1 M1 P N2 S,S D2 P M1 G2 S,S R₁ M₁ P N₂ Ṡ,S D₂ P M₁ G₂ Ṡ,False
andarmadeva,ANDarmAdEva,aNDarmAdEva,10,NaaTakapriyaa,S R1 G2 M1 D2 S,S N2 D2 M1 G2 R1 S,S R₁ G₂ M₁ D₂ Ṡ,S N₂ D₂ M₁ G₂ R₁ Ṡ,False
andarmadevi,ANDarmAdEvi,aNDarmAdEvi,10,NaaTakapriyaa,S R1 M1 P D2 S,S N2 P M1 G2 R1 S,S R₁ M₁ P D₂ Ṡ,S N₂ P M₁ G₂ R₁ Ṡ,False
andhakari,AndhakAri,andhakAri,10,NaaTakapriyaa,S R1 M1 P D2 N2 S,S D2 M1 G2 S,S R₁ M₁ P D₂ N₂ Ṡ,S D₂ M₁ G₂ Ṡ,False
anila,Anila,anila,10,NaaTakapriyaa,S G2 M1 D2 S,S N2 D2 P M1 G2 R1 S,S G₂ M₁ D₂ Ṡ,S N₂ D₂ P M₁ G₂ R₁ Ṡ,False
anjanai,Anjanai,anjanai,10,NaaTakapriyaa,S R1 M1 P D2 N2 S,S N2 D2 M1 G2 S,S R₁ M₁ P D₂ N₂ Ṡ,S N₂ D₂ M₁ G₂ Ṡ,False
ankushapani,AnkushapAni,ankushapAni,10,NaaTakapriyaa,S R1 M1 P D2 S,S N2 D2 P M1 G2 R1 S,S R₁ M₁ P D₂ Ṡ,S N₂ D₂ P M₁ G₂ R₁ Ṡ,False
annavi,ANNAvi,aNNAvi,10,NaaTakapriyaa,S G2 M1 D2 N2 S,S N2 D2 P M1 R1 S,S G₂ M₁ D₂ N₂ Ṡ,S N₂ D₂ P M₁ R₁ Ṡ,False
anurupi,AnurUpi,anurUpi,10,NaaTakapriyaa,S R1 M1 P D2 S,S N2 D2 M1 G2 R1 S,S R₁ M₁ P D₂ Ṡ,S N₂ D₂ M₁ G₂ R₁ Ṡ,False
aparajita,AparAjita,aparAjita,10,NaaTakapriyaa,S R1 G2 M1 P N2 S,S D2 M1 R1 S,S R₁ G₂ M₁ P N₂ Ṡ,S D₂ M₁ R₁ Ṡ,False
aprameya,ApramEya,apramEya,10,NaaTakapriyaa,S G2 M1 D2 S,S N2 D2 M1 G2 R1 S,S G₂ M₁ D₂ Ṡ,S N₂ D₂ M₁ G₂ R₁ Ṡ,False
apsan,Apsan,apsan,10,NaaTakapriyaa,S R1 M1 D2 S,S N2 P M1 G2 R1 S,S R₁ M₁ D₂ Ṡ,S N₂ P M₁ G₂ R₁ Ṡ,False
ashvini,Ashvini,ashvini,10,NaaTakapriyaa,S G2 M1 D2 N2 S,S N2 D2 P M1 G2 R1 S,S G₂ M₁ D₂ N₂ Ṡ,S N₂ D₂ P M₁ G₂ R₁ Ṡ,False
asuraguru,Asuraguru,asuraguru,10,NaaTakapriyaa,S R1 G2 M1 D2 N2 S,S N2 P M1 G2 R1 S,S R₁ G₂ M₁ D₂ N₂ Ṡ,S N₂ P M₁ G₂ R₁ Ṡ,False
atidhata,AtidhAtA,atidhAtA,10,NaaTakapriyaa,S R1 M1 D2 N2 S,S N2 D2 P M1 G2 S,S R₁ M₁ D₂ N₂ Ṡ,S N₂ D₂ P M₁ G₂ Ṡ,False
atsapaka,ATSapAka,aTSapAka,10,NaaTakapriyaa,S G2 M1 P D2 S,S N2 P M1 G2 R1 S,S G₂ M₁ P D₂ Ṡ,S N₂ P M₁ G₂ R₁ Ṡ,False
attamurti,ATTAmUrti,aTTAmUrti,10,NaaTakapriyaa,S G2 M1 P D2 S,S N2 D2 M1 G2 R1 S,S G₂ M₁ P D₂ Ṡ,S N₂ D₂ M₁ G₂ R₁ Ṡ,False
bhagyashabari,BhAgyashabari,bhAgyashabari,10,NaaTakapriyaa,S R1 G2 M1 D2 N2 S,S N2 D2 M1 G2 R1 S,S R₁ G₂ M₁ D₂ N₂ Ṡ,S N₂ D₂ M₁ G₂ R₁ Ṡ,False
bhramaravardhini,Bhramaravardhini,bhramaravardhini,10,NaaTakapriyaa,S R1 M1 P D2 N2 S,S N2 D2 P M1 G2 R1 S,S R₁ M₁ P D₂ N₂ Ṡ,S N₂ D₂ P M₁ G₂ R₁ Ṡ,False
bhutanathan,BhUtanAthan,bhUtanAthan,10,NaaTakapriyaa,S G2 P D2 S,S D2 P G2 S,S G₂ P D₂ Ṡ,S D₂ P G₂ Ṡ,False
buddhan,Buddhan,buddhan,10,NaaTakapriyaa,S G2 P D2 N2 S,S N2 D2 P G2 S,S G₂ P D₂ N₂ Ṡ,S N₂ D₂ P G₂ Ṡ,False
cittamodini,CittamOdini,cittamOdini,10,NaaTakapriyaa,S R1 G2 M1 D2 S,S D2 M1 G2 R1 S,S R₁ G₂ M₁ D₂ Ṡ,S D₂ M₁ G₂ R₁ Ṡ,False
dipakam,DIpakam,dIpakam,10,NaaTakapriyaa,S R1 G2 M1 P D2 N2 S,S N2 D2 D2 P M1 G2 R1 S,S R₁ G₂ M₁ P D₂ N₂ Ṡ,S N₂ D₂ D₂ P M₁ G₂ R₁ Ṡ,False
diparam,DIparam,dIparam,10,NaaTakapriyaa,S R1 G2 M1 P D2 N2 S,S N2 D2 N2 P M1 G2 R1 S,S R₁ G₂ M₁ P D₂ N₂ Ṡ,S N₂ D₂ N₂ P M₁ G₂ R₁ Ṡ,False
gangalan,Gangalan,gangalan,10,NaaTakapriyaa,S G2 M1 P D2 N2 S,S N2 D2 P M1 G2 S,S G₂ M₁ P D₂ N₂ Ṡ,S N₂ D₂ P M₁ G₂ Ṡ,False
gunavati,GuNavati,guNavati,10,NaaTakapriyaa,S R1 M1 P D2 S,S D2 P M1 R1 S,S R₁ M₁ P D₂ Ṡ,S D₂ P M₁ R₁ Ṡ,False
hanumakkodiyon,HanumakkoDiyOn,hanumakkoDiyOn,10,NaaTakapriyaa,S G2 P N2 S,S N2 D2 P M1 G2 R1 S,S G₂ P N₂ Ṡ,S N₂ D₂ P M₁ G₂ R₁ Ṡ,False
hanumanta,Hanumanta,hanumanta,10,NaaTakapriyaa,S G2 M1 P D2 N2 S,S D2 M1 R1 S,S G₂ M₁ P D₂ N₂ Ṡ,S D₂ M₁ R₁ Ṡ,False
hindoladeshika,HindOLadEshika,hindOLadEshika,10,NaaTakapriyaa,S M1 R1 G2 M1 P D2 N2 S,S P N2 D2 M1 G2 R1 S,S M₁ R₁ G₂ M₁ P D₂ N₂ Ṡ,S P N₂ D₂ M₁ G₂ R₁ Ṡ,False
idaikkadan,IDaikkaDaN,iDaikkaDaN,10,NaaTakapriyaa,S R1 G2 M1 P D2 N2 S,S D2 P M1 G2 R1 S,S R₁ G₂ M₁ P D₂ N₂ Ṡ,S D₂ P M₁ G₂ R₁ Ṡ,False
idikkodiyon,IDikkoDiyOn,iDikkoDiyOn,10,NaaTakapriyaa,S R1 G2 M1 P D2 N2 S,S N2 P M1 G2 R1 S,S R₁ G₂ M₁ P D₂ N₂ Ṡ,S N₂ P M₁ G₂ R₁ Ṡ,False
indradhanu,Indradhanu,indradhanu,10,NaaTakapriyaa,S R1 G2 M1 P D2 N2 S,S N2 D2 P M1 G2 S,S R₁ G₂ M₁ P D₂ N₂ Ṡ,S N₂ D₂ P M₁ G₂ Ṡ,False
indraka,Indraka,indraka,10,NaaTakapriyaa,S R1 G2 M1 P D2 N2 S,S N2 D2 M1 G2 R1 S,S R₁ G₂ M₁ P D₂ N₂ Ṡ,S N₂ D₂ M₁ G₂ R₁ Ṡ,False
indrakilam,IndrakIlam,indrakIlam,10,NaaTakapriyaa,S R1 G2 M1 P D2 N2 S,S N2 D2 P M1 R1 S,S R₁ G₂ M₁ P D₂ N₂ Ṡ,S N₂ D₂ P M₁ R₁ Ṡ,False
indranilam,IndranIlam,indranIlam,10,NaaTakapriyaa,S R1 G2 M1 P N2 S,S N2 D2 P M1 G2 R1 S,S R₁ G₂ M₁ P N₂ Ṡ,S N₂ D₂ P M₁ G₂ R₁ Ṡ,False
indrapada,Indrapada,indrapada,10,NaaTakapriyaa,S R1 M1 P D2 N2 S,S N2 D2 P M1 G2 R1 S,S R₁ M₁ P D₂ N₂ Ṡ,S N₂ D₂ P M₁ G₂ R₁ Ṡ,False
ishaijyoti,IshaijyOti,ishaijyOti,10,NaaTakapriyaa,S R1 G2 M1 P D2 N2 S,S P M1 G2 S,S R₁ G₂ M₁ P D₂ N₂ Ṡ,S P M₁ G₂ Ṡ,False
jnanabodhini,JnAnabOdhini,jnAnabOdhini,10,NaaTakapriyaa,S R1 G2 D2 N2 S,S N2 D2 G2 R1 S,S R₁ G₂ D₂ N₂ Ṡ,S N₂ D₂ G₂ R₁ Ṡ,False
kanakadri,KanakAdri,kanakAdri,10,NaaTakapriyaa,S R1 G2 P D2 S,S N2 D2 P M1 G2 R1 S,S R₁ G₂ P D₂ Ṡ,S N₂ D₂ P M₁ G₂ R₁ Ṡ,False
kannadasaurastra,KannaDasaurASTra,kannaDasaurASTra,10,NaaTakapriyaa,S N2 M1 G2 M1 D2 P D2 N2 S,S N2 D2 P M1 G2 R1 S,S N₂ M₁ G₂ M₁ D₂ P D₂ N₂ Ṡ,S N₂ D₂ P M₁ G₂ R₁ Ṡ,False
kannadasaurastra,KannaDasaurASTra,kannaDasaurASTra,10,NaaTakapriyaa,S R1 M1 G2 M1 D2 P D2 N2 S,S N2 D2 P M1 G2 S,S R₁ M₁ G₂ M₁ D₂ P D₂ N₂ Ṡ,S N₂ D₂ P M₁ G₂ Ṡ,False
kannadasaurastra,KannaDasaurAStra,kannaDasaurAStra,10,NaaTakapriyaa,S R1 M1 G2 M1 P D2 N2 S,S N2 D2 P M1 G2 S,S R₁ M₁ G₂ M₁ P D₂ N₂ Ṡ,S N₂ D₂ P M₁ G₂ Ṡ,False
kinnareshapriya,KinnareshapriyA,kinnareshapriyA,10,NaaTakapriyaa,S R1 G2 P D2 N2 S,S N2 D2 P G2 R1 S,S R₁ G₂ P D₂ N₂ Ṡ,S N₂ D₂ P G₂ R₁ Ṡ,False
madhavakalyani,MAdhavakalyANi,mAdhavakalyANi,10,NaaTakapriyaa,S R1 G2 M1 P D2 S,S N2 D2 P M1 G2 R1 S,S R₁ G₂ M₁ P D₂ Ṡ,S N₂ D₂ P M₁ G₂ R₁ Ṡ,False
madhavakalyani,MAdhavakalyANi,mAdhavakalyANi,10,NaaTakapriyaa,S R1 G2 P D2 S,S N2 D2 P M1 G2 R1 S,S R₁ G₂ P D₂ Ṡ,S N₂ D₂ P M₁ G₂ R₁ Ṡ,False
magadashri,MagadashrI,magadashrI,10,NaaTakapriyaa,S G2 R1 G2 M1 P N2 D2 N2 S,S N2 D2 P M1 G2 R1 S,S G₂ R₁ G₂ M₁ P N₂ D₂ N₂ Ṡ,S N₂ D₂ P M₁ G₂ R₁ Ṡ,False
magadashri,MAgadashrI,mAgadashrI,10,NaaTakapriyaa,S G2 R1 M1 P D2 S,S N2 D2 N2 P M1 G2 R1 S,S G₂ R₁ M₁ P D₂ Ṡ,S N₂ D₂ N₂ P M₁ G₂ R₁ Ṡ,False
magadashri,MAgadashrI,mAgadashrI,10,NaaTakapriyaa,S G2 R1 M1 P D2 S,S N2 P G2 S,S G₂ R₁ M₁ P D₂ Ṡ,S N₂ P G₂ Ṡ,False
magadhana,Magadhana,magadhana,10,NaaTakapriyaa,S G2 R1 M1 P D2 S,S N2 P M1 R1 S,S G₂ R₁ M₁ P D₂ Ṡ,S N₂ P M₁ R₁ Ṡ,False
magdhari,MagdhAri,magdhAri,10,NaaTakapriyaa,S G2 R1 M1 P D2 S,S N2 P G2 R1 S,S G₂ R₁ M₁ P D₂ Ṡ,S N₂ P G₂ R₁ Ṡ,False
mangaladhanyasi,MangaLadhanyAsi,mangaLadhanyAsi,10,NaaTakapriyaa,S R1 G2 M1 P N2 S,S N2 D2 P G2 R1 S,S R₁ G₂ M₁ P N₂ Ṡ,S N₂ D₂ P G₂ R₁ Ṡ,False
marakatashri,MarakatashrI,marakatashrI,10,NaaTakapriyaa,S G2 R1 M1 P D2 S,S N2 D2 N2 P M1 G2 R1 S,S G₂ R₁ M₁ P D₂ Ṡ,S N₂ D₂ N₂ P M₁ G₂ R₁ Ṡ,False
marakatashri,MarakatashrI,marakatashrI,10,NaaTakapriyaa,S G2 R1 M1 P D2 S,S N2 P G2 S,S G₂ R₁ M₁ P D₂ Ṡ,S N₂ P G₂ Ṡ,False
margini,MArgiNi,mArgiNi,10,NaaTakapriyaa,S R1 G2 M1 P D2 S,S N2 P M1 R1 S,S R₁ G₂ M₁ P D₂ Ṡ,S N₂ P M₁ R₁ Ṡ,False
matangagamini,MAtangagAmini,mAtangagAmini,10,NaaTakapriyaa,S G2 M1 P D2 N2 S,S N2 D2 P M1 G2 S,S G₂ M₁ P D₂ N₂ Ṡ,S N₂ D₂ P M₁ G₂ Ṡ,False
maudadhanyasi,MaudadhanyAsi,maudadhanyAsi,10,NaaTakapriyaa,S G2 M1 P N2 S,S N2 P D2 M1 G2 R1 S,S G₂ M₁ P N₂ Ṡ,S N₂ P D₂ M₁ G₂ R₁ Ṡ,False
megadashri,MEgadashrI,mEgadashrI,10,NaaTakapriyaa,S G2 R1 M1 P D2 S,S N2 D2 N2 P M1 G2 R1 S,S G₂ R₁ M₁ P D₂ Ṡ,S N₂ D₂ N₂ P M₁ G₂ R₁ Ṡ,False
megadashri,MEgadashrI,mEgadashrI,10,NaaTakapriyaa,S G2 R1 M1 P D2 S,S N2 P G2 S,S G₂ R₁ M₁ P D₂ Ṡ,S N₂ P G₂ Ṡ,False
muhurtadhanyasi,MuhUrtadhanyAsi,muhUrtadhanyAsi,10,NaaTakapriyaa,S G2 M1 P N2 S,S N2 D2 P M1 G2 R1 S,S G₂ M₁ P N₂ Ṡ,S N₂ D₂ P M₁ G₂ R₁ Ṡ,False
nagamani,NAgamaNi,nAgamaNi,10,NaaTakapriyaa,S R1 G2 M1 P D2 S,S D2 P M1 G2 R1 S,S R₁ G₂ M₁ P D₂ Ṡ,S D₂ P M₁ G₂ R₁ Ṡ,False
nagasugandhi,NAgasugandhi,nAgasugandhi,10,NaaTakapriyaa,S R1 M1 P N2 D2 S,S N2 D2 P M1 G2 R1 S,S R₁ M₁ P N₂ D₂ Ṡ,S N₂ D₂ P M₁ G₂ R₁ Ṡ,False
natabharanam,NaTabharaNam,naTabharaNam,10,NaaTakapriyaa,S R1 G2 M1 P D2 N2 S,S N2 D2 N2 P M1 G2 M1 R1 S,S R₁ G₂ M₁ P D₂ N₂ Ṡ,S N₂ D₂ N₂ P M₁ G₂ M₁ R₁ Ṡ,False
natabharanam,NaTAbharaNam,naTAbharaNam,10,NaaTakapriyaa,S R1 G2 M1 P D2 N2 S,S N2 P M1 G2 R1 S,S R₁ G₂ M₁ P D₂ N₂ Ṡ,S N₂ P M₁ G₂ R₁ Ṡ,False
natabharanam,NaTAbharaNam,naTAbharaNam,10,NaaTakapriyaa,S R1 G2 M1 P D2 P N2 S,S N2 D2 P M1 G2 M1 R1 S,S R₁ G₂ M₁ P D₂ P N₂ Ṡ,S N₂ D₂ P M₁ G₂ M₁ R₁ Ṡ,False
natabharanam,NaTabharaNam,naTabharaNam,10,NaaTakapriyaa,S R1 G2 M1 P D2 P N2 S,S N2 D2 P M1 G2 R1 S,S R₁ G₂ M₁ P D₂ P N₂ Ṡ,S N₂ D₂ P M₁ G₂ R₁ Ṡ,False
natabharanam,NaTAbharaNam,naTAbharaNam,10,NaaTakapriyaa,S R1 G2 M1 P D2 S,S N2 D2 P M1 G2 R1 S,S R₁ G₂ M₁ P D₂ Ṡ,S N₂ D₂ P M₁ G₂ R₁ Ṡ,False
natakapriya,NATakapriyA,nATakapriyA,10,NaaTakapriyaa,S R1 G2 M1 P D2 N2 S,S N2 D2 P M1 G2 R1 S,S R₁ G₂ M₁ P D₂ N₂ Ṡ,S N₂ D₂ P M₁ G₂ R₁ Ṡ,False
natakatodi,NATakatODi,nATakatODi,10,NaaTakapriyaa,S R1 G2 M1 P D2 N2 S,S D2 P M1 G2 R1 S,S R₁ G₂ M₁ P D₂ N₂ Ṡ,S D₂ P M₁ G₂ R₁ Ṡ,False
natyabharanam,NATyAbharaNam,nATyAbharaNam,10,NaaTakapriyaa,S R1 G2 M1 P D2 S,S N2 D2 P M1 G2 R1 S,S R₁ G₂ M₁ P D₂ Ṡ,S N₂ D₂ P M₁ G₂ R₁ Ṡ,False
natyadharanam,NAtyadhAraNam,nAtyadhAraNam,10,NaaTakapriyaa,S R1 M1 P D2 S,S N2 D2 P M1 R1 S,S R₁ M₁ P D₂ Ṡ,S N₂ D₂ P M₁ R₁ Ṡ,False
niranjani,Niranjani,niranjani,10,NaaTakapriyaa,S R1 G2 M1 P D2 S,S N2 D2 P M1 G2 R1 G2 S,S R₁ G₂ M₁ P D₂ Ṡ,S N₂ D₂ P M₁ G₂ R₁ G₂ Ṡ,False
niranjani,Niranjani,niranjani,10,NaaTakapriyaa,S R1 G2 M1 P D2 S,S N2 D2 P M1 G2 R1 S,S R₁ G₂ M₁ P D₂ Ṡ,S N₂ D₂ P M₁ G₂ R₁ Ṡ,False
niranjani,Niranjani,niranjani,10,NaaTakapriyaa,S R1 G2 P D2 S,S N2 D2 P M1 G2 R1 S,S R₁ G₂ P D₂ Ṡ,S N₂ D₂ P M₁ G₂ R₁ Ṡ,False
purantakam,PurAntakam,purAntakam,10,NaaTakapriyaa,S R1 G2 M1 D2 S,S D2 P M1 G2 R1 S,S R₁ G₂ M₁ D₂ Ṡ,S D₂ P M₁ G₂ R₁ Ṡ,False
purnaka,PUrNaka,pUrNaka,10,NaaTakapriyaa,S R1 G2 M1 D2 S,S D2 M1 G2 R1 S,S R₁ G₂ M₁ D₂ Ṡ,S D₂ M₁ G₂ R₁ Ṡ,False
purvabarasu,PUrvabarasu,pUrvabarasu,10,NaaTakapriyaa,S R1 G2 M1 P N2 N2 S,S N2 P D2 M1 G2 R1 S,S R₁ G₂ M₁ P N₂ N₂ Ṡ,S N₂ P D₂ M₁ G₂ R₁ Ṡ,False
purvaramakriya,PUrvarAmakriyA,pUrvarAmakriyA,10,NaaTakapriyaa,S R1 G2 M1 P N2 D2 N2 S,S N2 D2 P M1 G2 R1 S,S R₁ G₂ M₁ P N₂ D₂ N₂ Ṡ,S N₂ D₂ P M₁ G₂ R₁ Ṡ,False
purvaramakriya,PUrvarAmakriyA,pUrvarAmakriyA,10,NaaTakapriyaa,S R1 G2 M1 P N2 D2 N2 S,S N2 P D2 M1 G2 R1 S,S R₁ G₂ M₁ P N₂ D₂ N₂ Ṡ,S N₂ P D₂ M₁ G₂ R₁ Ṡ,False
purvaramakriya,PUrvarAmakriyA,pUrvarAmakriyA,10,NaaTakapriyaa,S R1 G2 M1 P N2 N2 S,S N2 P D2 M1 G2 R1 S,S R₁ G₂ M₁ P N₂ N₂ Ṡ,S N₂ P D₂ M₁ G₂ R₁ Ṡ,False
ragasugandhi,RAgasugandhi,rAgasugandhi,10,NaaTakapriyaa,S R1 M1 P N2 D2 S,S N2 D2 P M1 G2 R1 S,S R₁ M₁ P N₂ D₂ Ṡ,S N₂ D₂ P M₁ G₂ R₁ Ṡ,False
sakalavallanayakan,SakalavallanAyakan,sakalavallanAyakan,10,NaaTakapriyaa,S R1 G2 M1 P D2 N2 S,S N2 P M1 G2 S,S R₁ G₂ M₁ P D₂ N₂ Ṡ,S N₂ P M₁ G₂ Ṡ,False
sakalavallanayaki,SakalavallanAyaki,sakalavallanAyaki,10,NaaTakapriyaa,S R1 G2 M1 P D2 N2 S,S D2 P M1 G2 S,S R₁ G₂ M₁ P D₂ N₂ Ṡ,S D₂ P M₁ G₂ Ṡ,False
santvabhasini,SantvabhASiNi,santvabhASiNi,10,NaaTakapriyaa,S G2 M1 P D2 S,S D2 P M1 G2 S,S G₂ M₁ P D₂ Ṡ,S D₂ P M₁ G₂ Ṡ,False
santvabhasini,SantvabhASiNi,santvabhASiNi,10,NaaTakapriyaa,S R1 G2 M1 P D2 S,S N2 D2 P M1 S,S R₁ G₂ M₁ P D₂ Ṡ,S N₂ D₂ P M₁ Ṡ,False
sarangabauli,SArangabauLi,sArangabauLi,10,NaaTakapriyaa,S M1 G2 M1 P D2 N2 D2 S,S N2 D2 P M1 G2 M1 R1 S,S M₁ G₂ M₁ P D₂ N₂ D₂ Ṡ,S N₂ D₂ P M₁ G₂ M₁ R₁ Ṡ,False
sarangabauli,SArangabauLi,sArangabauLi,10,NaaTakapriyaa,S M1 G2 M1 P D2 N2 D2 S,S N2 D2 P M1 G2 R1 S,S M₁ G₂ M₁ P D₂ N₂ D₂ Ṡ,S N₂ D₂ P M₁ G₂ R₁ Ṡ,False
shatarupi,ShAtarUpi,shAtarUpi,10,NaaTakapriyaa,S R1 G2 P D2 S,S D2 P G2 R1 S,S R₁ G₂ P D₂ Ṡ,S D₂ P G₂ R₁ Ṡ,False
shivashakti,Shivashakti,shivashakti,10,NaaTakapriyaa,S G2 M1 D2 S,S N2 D2 M1 G2 S,S G₂ M₁ D₂ Ṡ,S N₂ D₂ M₁ G₂ Ṡ,False
shrishantabhasini,ShrIshAntabhASiNI,shrIshAntabhASiNI,10,NaaTakapriyaa,S R1 G2 M1 P D2 S,S N2 D2 M1 G2 R1 S,S R₁ G₂ M₁ P D₂ Ṡ,S N₂ D₂ M₁ G₂ R₁ Ṡ,False
sindhubhairavi,Sindhubhairavi,sindhubhairavi,10,NaaTakapriyaa,M1 P D2 N2 D2 S R1 G2 M1,G2 R1 S N2 D2 P M1 G2 M1,M₁ P D₂ N₂ D₂ Ṡ R₁ G₂ M₁,G₂ R₁ Ṡ N₂ D₂ P M₁ G₂ M₁,False
sindhubhairavi,Sindhubhairavi,sindhubhairavi,10,NaaTakapriyaa,M1 P D2 N2 S R1 G2 M1,G2 R1 S N2 D2 P M1 G2 M1,M₁ P D₂ N₂ Ṡ R₁ G₂ M₁,G₂ R₁ Ṡ N₂ D₂ P M₁ G₂ M₁,False
sindhubhairavi,Sindhubhairavi,sindhubhairavi,10,NaaTakapriyaa,M1 P D2 N2 S R1 G2 M1,G2 R1 S N2 D2 P M1 G2,M₁ P D₂ N₂ Ṡ R₁ G₂ M₁,G₂ R₁ Ṡ N₂ D₂ P M₁ G₂,False
sitakalyani,SItAkalyANi,sItAkalyANi,10,NaaTakapriyaa,S R1 G1 P D2 N2 S,S N2 D2 P G1 R1 S,S R₁ G₁ P D₂ N₂ Ṡ,S N₂ D₂ P G₁ R₁ Ṡ,False
sudipaka,SudIpaka,sudIpaka,10,NaaTakapriyaa,S R1 G2 M1 P D2 N2 S,S N2 D2 N2 D2 P M1 G2 R1 S,S R₁ G₂ M₁ P D₂ N₂ Ṡ,S N₂ D₂ N₂ D₂ P M₁ G₂ R₁ Ṡ,False
sugandhi,Sugandhi,sugandhi,10,NaaTakapriyaa,S R1 M1 P N2 D2 S,S N2 D2 P M1 G2 R1 S,S R₁ M₁ P N₂ D₂ Ṡ,S N₂ D₂ P M₁ G₂ R₁ Ṡ,False
tiruambikaiyan,Tiruambikaiyan,tiruambikaiyan,10,NaaTakapriyaa,S R1 M1 D2 S,S N2 M1 G2 S,S R₁ M₁ D₂ Ṡ,S N₂ M₁ G₂ Ṡ,False
tiruandivanna,TiruandivaNNa,tiruandivaNNa,10,NaaTakapriyaa,S R1 G2 M1 P D2 S,S N2 P G2 S,S R₁ G₂ M₁ P D₂ Ṡ,S N₂ P G₂ Ṡ,False
tiruindra,Tiruindra,tiruindra,10,NaaTakapriyaa,S R1 G2 M1 D2 N2 S,S N2 D2 P M1 G2 R1 S,S R₁ G₂ M₁ D₂ N₂ Ṡ,S N₂ D₂ P M₁ G₂ R₁ Ṡ,False
tiruindrani,TiruindrANi,tiruindrANi,10,NaaTakapriyaa,S G2 M1 P D2 N2 S,S N2 D2 P M1 G2 R1 S,S G₂ M₁ P D₂ N₂ Ṡ,S N₂ D₂ P M₁ G₂ R₁ Ṡ,False
tiruindu,Tiruindu,tiruindu,10,NaaTakapriyaa,S R1 G2 P D2 N2 S,S N2 D2 P M1 G2 R1 S,S R₁ G₂ P D₂ N₂ Ṡ,S N₂ D₂ P M₁ G₂ R₁ Ṡ,False
tirumaaccuta,TirumAaccuta,tirumAaccuta,10,NaaTakapriyaa,S R1 M1 P D2 N2 S,S D2 P M1 G2 R1 S,S R₁ M₁ P D₂ N₂ Ṡ,S D₂ P M₁ G₂ R₁ Ṡ,False
tirumaambuyan,TirumAambuyan,tirumAambuyan,10,NaaTakapriyaa,S G2 M1 D2 S,S N2 M1 R1 S,S G₂ M₁ D₂ Ṡ,S N₂ M₁ R₁ Ṡ,False
vaijayanti,Vaijayanti,vaijayanti,10,NaaTakapriyaa,S G2 M1 P D2 S,S D2 P G2 R1 S,S G₂ M₁ P D₂ Ṡ,S D₂ P G₂ R₁ Ṡ,False
vaijayanti,Vaijayanti,vaijayanti,10,NaaTakapriyaa,S R1 G2 P D2 S,S D2 P G2 R1 S,S R₁ G₂ P D₂ Ṡ,S D₂ P G₂ R₁ Ṡ,False
vasantakannada,VasantakannaDa,vasantakannaDa,10,NaaTakapriyaa,S R1 G2 M1 P N2,D2 P M1 G2 R1 S N2,S R₁ G₂ M₁ P N₂,D₂ P M₁ G₂ R₁ Ṡ N₂,False
vijayanarayani,VijayanArAyaNi,vijayanArAyaNi,10,NaaTakapriyaa,S R1 G2 M1 P D2 S,S N2 D2 P M1 G2 R1 S,S R₁ G₂ M₁ P D₂ Ṡ,S N₂ D₂ P M₁ G₂ R₁ Ṡ,False
yogabodhana,YOgabOdhana,yOgabOdhana,10,NaaTakapriyaa,S R1 G2 M1 D2 N2 S,S P M1 G2 R1 S,S R₁ G₂ M₁ D₂ N₂ Ṡ,S P M₁ G₂ R₁ Ṡ,False
yogabodhini,YOgabOdhini,yOgabOdhini,10,NaaTakapriyaa,S R1 G2 M1 D2 N2 S,S D2 P M1 G2 R1 S,S R₁ G₂ M₁ D₂ N₂ Ṡ,S D₂ P M₁ G₂ R₁ Ṡ,False
yogabodhini,YOgabOdhini,yOgabOdhini,10,NaaTakapriyaa,S R1 G2 M1 D2 N2 S,S D2 P M1 R1 G2 R1 S,S R₁ G₂ M₁ D₂ N₂ Ṡ,S D₂ P M₁ R₁ G₂ R₁ Ṡ,False
yogamati,YOgamati,yOgamati,10,NaaTakapriyaa,S R1 G2 M1 D2 N2 S,S D2 P M1 R1 G2 R1 S,S R₁ G₂ M₁ D₂ N₂ Ṡ,S D₂ P M₁ R₁ G₂ R₁ Ṡ,False
yogavati,YOgavati,yOgavati,10,NaaTakapriyaa,S R1 G2 M1 P D2 N2 S,S D2 P M1 R1 G2 R1 S,S R₁ G₂ M₁ P D₂ N₂ Ṡ,S D₂ P M₁ R₁ G₂ R₁ Ṡ,False
kokilaaravam,KOkilaaravam,kOkilaaravam,11,KOkilapriyaa,S R1 M1 P D2 N3 S,S N3 D2 P M1 G2 R2 S,S R₁ M₁ P D₂ N₃ Ṡ,S N₃ D₂ P M₁ G₂ R₂ Ṡ,False
aimmukhan,Aimmukhan,aimmukhan,11,KOkilapriyaa,S R1 G2 P D2 S,S N3 D2 P M1 G2 R1 S,S R₁ G₂ P D₂ Ṡ,S N₃ D₂ P M₁ G₂ R₁ Ṡ,False
alaimaghal,AlaimaghaL,alaimaghaL,11,KOkilapriyaa,S R1 M1 D2 S,S N3 P M1 G2 R1 S,S R₁ M₁ D₂ Ṡ,S N₃ P M₁ G₂ R₁ Ṡ,False
alankari,Alankari,alankari,11,KOkilapriyaa,S G2 M1 D2 S,S N3 D2 P M1 G2 R1 S,S G₂ M₁ D₂ Ṡ,S N₃ D₂ P M₁ G₂ R₁ Ṡ,False
alarata,Alarata,alarata,11,KOkilapriyaa,S R1 M1 D2 S,S N3 D2 P M1 G2 R1 S,S R₁ M₁ D₂ Ṡ,S N₃ D₂ P M₁ G₂ R₁ Ṡ,False
alarava,Alarava,alarava,11,KOkilapriyaa,S G2 M1 P S,S N3 D2 P M1 G2 R1 S,S G₂ M₁ P Ṡ,S N₃ D₂ P M₁ G₂ R₁ Ṡ,False
alaya,Alaya,alaya,11,KOkilapriyaa,S G2 M1 P D2 N3 S,S D2 M1 R1 S,S G₂ M₁ P D₂ N₃ Ṡ,S D₂ M₁ R₁ Ṡ,False
alayuta,AlAyuta,alAyuta,11,KOkilapriyaa,S R1 G2 M1 P N3 S,S N3 D2 M1 S,S R₁ G₂ M₁ P N₃ Ṡ,S N₃ D₂ M₁ Ṡ,False
allagadri,AllagAdri,allagAdri,11,KOkilapriyaa,S G2 M1 D2 S,S N3 D2 M1 G2 R1 S,S G₂ M₁ D₂ Ṡ,S N₃ D₂ M₁ G₂ R₁ Ṡ,False
alliyan,AlliyAn,alliyAn,11,KOkilapriyaa,S G2 M1 P S,S N3 D2 M1 G2 R1 S,S G₂ M₁ P Ṡ,S N₃ D₂ M₁ G₂ R₁ Ṡ,False
amborukattal,AmbOrukattAL,ambOrukattAL,11,KOkilapriyaa,S R1 G2 M1 P D2 N3 S,S D2 P M1 G2 R1 S,S R₁ G₂ M₁ P D₂ N₃ Ṡ,S D₂ P M₁ G₂ R₁ Ṡ,False
ammaiyappar,Ammaiyappar,ammaiyappar,11,KOkilapriyaa,S R1 G2 M1 P D2 N3 S,S N3 D2 M1 G2 R1 S,S R₁ G₂ M₁ P D₂ N₃ Ṡ,S N₃ D₂ M₁ G₂ R₁ Ṡ,False
arana,AraNa,araNa,11,KOkilapriyaa,S R1 G2 M1 P D2 N3 S,S D2 M1 G2 R1 S,S R₁ G₂ M₁ P D₂ N₃ Ṡ,S D₂ M₁ G₂ R₁ Ṡ,False
arani,AraNi,araNi,11,KOkilapriyaa,S R1 G2 M1 P D2 N3 S,S N3 P M1 R1 S,S R₁ G₂ M₁ P D₂ N₃ Ṡ,S N₃ P M₁ R₁ Ṡ,False
aranverppu,Aranverppu,aranverppu,11,KOkilapriyaa,S G2 M1 P D2 N3 S,S N3 D2 M1 R1 S,S G₂ M₁ P D₂ N₃ Ṡ,S N₃ D₂ M₁ R₁ Ṡ,False
arappalliyan,ArappaLLIyAn,arappaLLIyAn,11,KOkilapriyaa,S G2 M1 P D2 S,S N3 D2 P M1 G2 R1 S,S G₂ M₁ P D₂ Ṡ,S N₃ D₂ P M₁ G₂ R₁ Ṡ,False
arattan,Arattan,arattan,11,KOkilapriyaa,S R1 G2 M1 P D2 N3 S,S D2 P M1 G2 S,S R₁ G₂ M₁ P D₂ N₃ Ṡ,S D₂ P M₁ G₂ Ṡ,False
aravagiri,Aravagiri,aravagiri,11,KOkilapriyaa,S R1 M1 P D2 S,S N3 D2 P M1 G2 R1 S,S R₁ M₁ P D₂ Ṡ,S N₃ D₂ P M₁ G₂ R₁ Ṡ,False
aravamani,AravamaNi,aravamaNi,11,KOkilapriyaa,S R1 G2 M1 P D2 S,S N3 D2 P M1 G2 S,S R₁ G₂ M₁ P D₂ Ṡ,S N₃ D₂ P M₁ G₂ Ṡ,False
aravanaiyan,AravaNaiyAn,aravaNaiyAn,11,KOkilapriyaa,S G2 M1 P D2 N3 S,S N3 D2 P M1 R1 S,S G₂ M₁ P D₂ N₃ Ṡ,S N₃ D₂ P M₁ R₁ Ṡ,False
aravindalocana,AravindalOcana,aravindalOcana,11,KOkilapriyaa,S R1 M1 P D2 N3 S,S D2 P M1 G2 R1 S,S R₁ M₁ P D₂ N₃ Ṡ,S D₂ P M₁ G₂ R₁ Ṡ,False
ardhanarisha,ArdhanArIsha,ardhanArIsha,11,KOkilapriyaa,S R1 G2 P M1 S,S N3 D2 M1 G2 S,S R₁ G₂ P M₁ Ṡ,S N₃ D₂ M₁ G₂ Ṡ,False
arikandapulavar,ArikanDapulavar,arikanDapulavar,11,KOkilapriyaa,S R1 M1 P D2 S,S N3 D2 P M1 G2 S,S R₁ M₁ P D₂ Ṡ,S N₃ D₂ P M₁ G₂ Ṡ,False
arimani,Arimani,arimani,11,KOkilapriyaa,S R1 M1 P D2 S,S N3 D2 M1 G2 S,S R₁ M₁ P D₂ Ṡ,S N₃ D₂ M₁ G₂ Ṡ,False
arindaman,ArindamaN,arindamaN,11,KOkilapriyaa,S R1 M1 P N3 S,S D2 P M1 G2 R1 S,S R₁ M₁ P N₃ Ṡ,S D₂ P M₁ G₂ R₁ Ṡ,False
aru,Aru,aru,11,KOkilapriyaa,S G2 M1 P D2 S,S N3 P M1 R1 S,S G₂ M₁ P D₂ Ṡ,S N₃ P M₁ R₁ Ṡ,False
aruarumalati,Aruarumalati,aruarumalati,11,KOkilapriyaa,S R1 G2 M1 P D2 N3 S,S D2 M1 G2 S,S R₁ G₂ M₁ P D₂ N₃ Ṡ,S D₂ M₁ G₂ Ṡ,False
aruayirani,AruAyirANi,aruAyirANi,11,KOkilapriyaa,S G2 M1 P D2 N3 S,S N3 D2 P M1 G2 R1 S,S G₂ M₁ P D₂ N₃ Ṡ,S N₃ D₂ P M₁ G₂ R₁ Ṡ,False
arunamani,AruNamaNi,aruNamaNi,11,KOkilapriyaa,S G2 M1 P N3 S,S D2 P M1 R1 S,S G₂ M₁ P N₃ Ṡ,S D₂ P M₁ R₁ Ṡ,False
arunambari,AruNAmbari,aruNAmbari,11,KOkilapriyaa,S G2 P S,S N3 P M1 G2 R1 S,S G₂ P Ṡ,S N₃ P M₁ G₂ R₁ Ṡ,False
avalokita,AvalOkita,avalOkita,11,KOkilapriyaa,S R1 M1 D2 S,S N3 D2 M1 G2 S,S R₁ M₁ D₂ Ṡ,S N₃ D₂ M₁ G₂ Ṡ,False
avanan,AvaNan,avaNan,11,KOkilapriyaa,S G2 M1 P D2 S,S N3 P M1 S,S G₂ M₁ P D₂ Ṡ,S N₃ P M₁ Ṡ,False
avanibharaka,AvanibhAraka,avanibhAraka,11,KOkilapriyaa,S G2 M1 D2 S,S N3 M1 R1 S,S G₂ M₁ D₂ Ṡ,S N₃ M₁ R₁ Ṡ,False
avanikelva,AvanikELva,avanikELva,11,KOkilapriyaa,S R1 M1 D2 S,S N3 M1 G2 S,S R₁ M₁ D₂ Ṡ,S N₃ M₁ G₂ Ṡ,False
avarodha,Avarodha,avarodha,11,KOkilapriyaa,S R1 M1 P N3 S,S D2 M1 G2 S,S R₁ M₁ P N₃ Ṡ,S D₂ M₁ G₂ Ṡ,False
avasha,Avasha,avasha,11,KOkilapriyaa,S R1 M1 P D2 S,S N3 P M1 S,S R₁ M₁ P D₂ Ṡ,S N₃ P M₁ Ṡ,False
avikarai,Avikarai,avikarai,11,KOkilapriyaa,S G2 P D2 S,S N3 P M1 S,S G₂ P D₂ Ṡ,S N₃ P M₁ Ṡ,False
avikari,AvikAri,avikAri,11,KOkilapriyaa,S G2 P D2 S,S N3 M1 R1 S,S G₂ P D₂ Ṡ,S N₃ M₁ R₁ Ṡ,False
bhayasvini,Bhayasvini,bhayasvini,11,KOkilapriyaa,S G2 M1 P D2 N3 S,S N3 D2 P M1 G2 S,S G₂ M₁ P D₂ N₃ Ṡ,S N₃ D₂ P M₁ G₂ Ṡ,False
caturananapriya,CaturAnanapriyA,caturAnanapriyA,11,KOkilapriyaa,S R1 G2 P D2 N3 S,S N3 D2 P G2 R1 S,S R₁ G₂ P D₂ N₃ Ṡ,S N₃ D₂ P G₂ R₁ Ṡ,False
chayasaindhavi,ChAyAsaindhavi,chAyAsaindhavi,11,KOkilapriyaa,S R1 G2 M1 P D2 P N3 S,S D2 N3 P M1 G2 R1 S,S R₁ G₂ M₁ P D₂ P N₃ Ṡ,S D₂ N₃ P M₁ G₂ R₁ Ṡ,False
chayasaindhavi,ChAyAsaindhavi,chAyAsaindhavi,11,KOkilapriyaa,S R1 G2 M1 P D2 P N3 S,S N3 D2 P M1 G2 R1 S,S R₁ G₂ M₁ P D₂ P N₃ Ṡ,S N₃ D₂ P M₁ G₂ R₁ Ṡ,False
chayasaindhavi,ChAyAsaindhavi,chAyAsaindhavi,11,KOkilapriyaa,S R1 G2 M1 P D2 P N3 S,S N3 D2 P M1 G2 S,S R₁ G₂ M₁ P D₂ P N₃ Ṡ,S N₃ D₂ P M₁ G₂ Ṡ,False
chitramani,ChitramaNi,chitramaNi,11,KOkilapriyaa,S R1 M1 P D2 N3 S,S N3 D2 P M1 G2 R1 S,S R₁ M₁ P D₂ N₃ Ṡ,S N₃ D₂ P M₁ G₂ R₁ Ṡ,False
diparam,DIpAram,dIpAram,11,KOkilapriyaa,S R1 G2 M1 P D2 N3 S,S N3 D2 N3 D2 P M1 M1 G2 R1,S R₁ G₂ M₁ P D₂ N₃ Ṡ,S N₃ D₂ N₃ D₂ P M₁ M₁ G₂ R₁,False
haripriya,HaripriyA,haripriyA,11,KOkilapriyaa,S G2 M1 D2 S,S N3 P M1 R1 S,S G₂ M₁ D₂ Ṡ,S N₃ P M₁ R₁ Ṡ,False
heramba,HEramba,hEramba,11,KOkilapriyaa,S G2 P D2 N3 S,S N3 D2 P G2 S,S G₂ P D₂ N₃ Ṡ,S N₃ D₂ P G₂ Ṡ,False
ishanan,Ishanan,Ishanan,11,KOkilapriyaa,S R1 G2 P D2 N3 S,S N3 D2 P M1 G2 R1 S,S R₁ G₂ P D₂ N₃ Ṡ,S N₃ D₂ P M₁ G₂ R₁ Ṡ,False
ishapriya,IshapriyA,IshapriyA,11,KOkilapriyaa,S R1 G2 M1 D2 N3 S,S N3 D2 M1 G2 R1 S,S R₁ G₂ M₁ D₂ N₃ Ṡ,S N₃ D₂ M₁ G₂ R₁ Ṡ,False
jnanacintamani,JnAnacintAmaNi,jnAnacintAmaNi,11,KOkilapriyaa,S R1 M1 D2 N3 S,S N3 D2 P M1 R1 S,S R₁ M₁ D₂ N₃ Ṡ,S N₃ D₂ P M₁ R₁ Ṡ,False
kaumari,KaumAri,kaumAri,11,KOkilapriyaa,S R1 G2 M1 P D2 S,S N3 D2 P M1 G2 R1 S,S R₁ G₂ M₁ P D₂ Ṡ,S N₃ D₂ P M₁ G₂ R₁ Ṡ,False
kayamukhan,Kayamukhan,kayamukhan,11,KOkilapriyaa,S R1 M1 P D2 N3 S,S N3 D2 P M1 G2 S,S R₁ M₁ P D₂ N₃ Ṡ,S N₃ D₂ P M₁ G₂ Ṡ,False
kokilakamavardhani,KOkilakAmavardhani,kOkilakAmavardhani,11,KOkilapriyaa,S G2 M1 P M1 N3 D2 N3 S,S N3 P D2 M1 G2 S,S G₂ M₁ P M₁ N₃ D₂ N₃ Ṡ,S N₃ P D₂ M₁ G₂ Ṡ,False
kokilapriya,KOkilapriyA,kOkilapriyA,11,KOkilapriyaa,S R1 G2 M1 P D2 N3 S,S N3 D2 P M1 G2 R1 S,S R₁ G₂ M₁ P D₂ N₃ Ṡ,S N₃ D₂ P M₁ G₂ R₁ Ṡ,False
kokilaravam,KOkilAravam,kOkilAravam,11,KOkilapriyaa,S R1 G2 R1 M1 P D2 N3 S,S N3 D2 P M1 G2 R1 S,S R₁ G₂ R₁ M₁ P D₂ N₃ Ṡ,S N₃ D₂ P M₁ G₂ R₁ Ṡ,False
kokilaravam,KOkilAravam,kOkilAravam,11,KOkilapriyaa,S R1 M1 M1 P M1 P D2 N3 S,S N3 D2 D2 P M1 G2 R1 S,S R₁ M₁ M₁ P M₁ P D₂ N₃ Ṡ,S N₃ D₂ D₂ P M₁ G₂ R₁ Ṡ,False
kokilaravam,KOkilAravam,kOkilAravam,11,KOkilapriyaa,S R1 M1 P D2 S,S N3 D2 P M1 G2 R1 S,S R₁ M₁ P D₂ Ṡ,S N₃ D₂ P M₁ G₂ R₁ Ṡ,False
manmagan,Manmagan,manmagan,11,KOkilapriyaa,S G2 M1 P D2 N3 S,S N3 D2 P M1 G2 S,S G₂ M₁ P D₂ N₃ Ṡ,S N₃ D₂ P M₁ G₂ Ṡ,False
maruvadeshika,MaruvadEshika,maruvadEshika,11,KOkilapriyaa,S G2 M1 P D2 P N3 S,S N3 D2 P M1 G2 R1 S,S G₂ M₁ P D₂ P N₃ Ṡ,S N₃ D₂ P M₁ G₂ R₁ Ṡ,False
maruvadeshika,MaruvadEshika,maruvadEshika,11,KOkilapriyaa,S G2 M1 P D2 P N3 S,S N3 D2 P M1 P G2 R1 S,S G₂ M₁ P D₂ P N₃ Ṡ,S N₃ D₂ P M₁ P G₂ R₁ Ṡ,False
maruvadeshika,MaruvadEshika,maruvadEshika,11,KOkilapriyaa,S G2 M1 P D2 P N3 S,S N3 D2 P M1 P M1 G2 R1 S,S G₂ M₁ P D₂ P N₃ Ṡ,S N₃ D₂ P M₁ P M₁ G₂ R₁ Ṡ,False
matiruaranmaghan,MAtiruaranmaghan,mAtiruaranmaghan,11,KOkilapriyaa,S R1 M1 P D2 N3 S,S D2 P M1 G2 S,S R₁ M₁ P D₂ N₃ Ṡ,S D₂ P M₁ G₂ Ṡ,False
matiruazhalava,MAtiruazhalava,mAtiruazhalava,11,KOkilapriyaa,S G2 P N3 S,S D2 M1 R1 S,S G₂ P N₃ Ṡ,S D₂ M₁ R₁ Ṡ,False
mukhapriya,MukhapriyA,mukhapriyA,11,KOkilapriyaa,S R1 G2 M1 D2 N3 S,S N3 D2 M1 G2 R1 S,S R₁ G₂ M₁ D₂ N₃ Ṡ,S N₃ D₂ M₁ G₂ R₁ Ṡ,False
nadamukhari,NAdamukhAri,nAdamukhAri,11,KOkilapriyaa,S R1 G2 M1 P D2 S,S N3 D2 P M1 G2 R1 S,S R₁ G₂ M₁ P D₂ Ṡ,S N₃ D₂ P M₁ G₂ R₁ Ṡ,False
nanban,NaNban,naNban,11,KOkilapriyaa,S G2 M1 P D2 S,S N3 D2 P M1 R1 S,S G₂ M₁ P D₂ Ṡ,S N₃ D₂ P M₁ R₁ Ṡ,False
naradamukhari,NAradamukhAri,nAradamukhAri,11,KOkilapriyaa,S R1 G2 M1 P D2 S,S N3 D2 P M1 G2 R1 S,S R₁ G₂ M₁ P D₂ Ṡ,S N₃ D₂ P M₁ G₂ R₁ Ṡ,False
payasvini,PAyasvini,pAyasvini,11,KOkilapriyaa,S G2 M1 P D2 N3 S,S N3 D2 P M1 G2 S,S G₂ M₁ P D₂ N₃ Ṡ,S N₃ D₂ P M₁ G₂ Ṡ,False
ratnamani,RatnamaNi,ratnamaNi,11,KOkilapriyaa,S R1 G2 M1 P D2 N3 S,S N3 D2 P G2 R1 S,S R₁ G₂ M₁ P D₂ N₃ Ṡ,S N₃ D₂ P G₂ R₁ Ṡ,False
sarada,SArada,sArada,11,KOkilapriyaa,S G2 M1 P N3 S,S N3 D2 P M1 G2 R1 S,S G₂ M₁ P N₃ Ṡ,S N₃ D₂ P M₁ G₂ R₁ Ṡ,False
saradabhairavi,SAradabhairavi,sAradabhairavi,11,KOkilapriyaa,S R1 G2 M1 P D2 N3 S,S N3 P G2 R1 S,S R₁ G₂ M₁ P D₂ N₃ Ṡ,S N₃ P G₂ R₁ Ṡ,False
shuddhalalita,ShuddhalalitA,shuddhalalitA,11,KOkilapriyaa,S P M1 D2 N3 S,S N3 S D2 P M1 R1 S,S P M₁ D₂ N₃ Ṡ,S N₃ Ṡ D₂ P M₁ R₁ Ṡ,False
shuddhamanjari,Shuddhamanjari,shuddhamanjari,11,KOkilapriyaa,S G2 M1 P M1 D2 N3 S,S N3 D2 P M1 G2 R1 S,S G₂ M₁ P M₁ D₂ N₃ Ṡ,S N₃ D₂ P M₁ G₂ R₁ Ṡ,False
sindhukriya,SindhukriyA,sindhukriyA,11,KOkilapriyaa,S R1 G2 M1 P M1 D2 N3 S,S D2 P M1 G2 R1 S,S R₁ G₂ M₁ P M₁ D₂ N₃ Ṡ,S D₂ P M₁ G₂ R₁ Ṡ,False
tiruambalai,TiruambAlai,tiruambAlai,11,KOkilapriyaa,S R1 G2 M1 P D2 N3 S,S D2 M1 R1 S,S R₁ G₂ M₁ P D₂ N₃ Ṡ,S D₂ M₁ R₁ Ṡ,False
tiruaravindai,Tiruaravindai,tiruaravindai,11,KOkilapriyaa,S R1 G2 M1 P N3 S,S D2 P M1 G2 S,S R₁ G₂ M₁ P N₃ Ṡ,S D₂ P M₁ G₂ Ṡ,False
tiruhayagriva,TiruhayagrIva,tiruhayagrIva,11,KOkilapriyaa,S R1 G2 M1 P N3 S,S N3 D2 P M1 G2 R1 S,S R₁ G₂ M₁ P N₃ Ṡ,S N₃ D₂ P M₁ G₂ R₁ Ṡ,False
tirumaalavan,TirumAalavan,tirumAalavan,11,KOkilapriyaa,S R1 M1 P D2 N3 S,S D2 M1 G2 S,S R₁ M₁ P D₂ N₃ Ṡ,S D₂ M₁ G₂ Ṡ,False
tittibhadhvani,Tittibhadhvani,tittibhadhvani,11,KOkilapriyaa,S R1 G2 D2 N3 S,S N3 D2 G2 R1 S,S R₁ G₂ D₂ N₃ Ṡ,S N₃ D₂ G₂ R₁ Ṡ,False
ukapriya,UkapriyA,ukapriyA,11,KOkilapriyaa,S R1 G2 M1 D2 N3 S,S N3 D2 M1 G2 R1 S,S R₁ G₂ M₁ D₂ N₃ Ṡ,S N₃ D₂ M₁ G₂ R₁ Ṡ,False
vardhani,Vardhani,vardhani,11,KOkilapriyaa,S G2 M1 P D2 N3 S,S N3 P D2 P M1 G2 S,S G₂ M₁ P D₂ N₃ Ṡ,S N₃ P D₂ P M₁ G₂ Ṡ,False
vardhani,Vardhani,vardhani,11,KOkilapriyaa,S G2 M1 P M1 P D2 N3 S,S N3 P D2 M1 G2 R1 S,S G₂ M₁ P M₁ P D₂ N₃ Ṡ,S N₃ P D₂ M₁ G₂ R₁ Ṡ,False
vasantamalli,Vasantamalli,vasantamalli,11,KOkilapriyaa,S G2 M1 P N3 S,S D2 P M1 G2 S,S G₂ M₁ P N₃ Ṡ,S D₂ P M₁ G₂ Ṡ,False
vasantanarayani,VasantanArAyaNi,vasantanArAyaNi,11,KOkilapriyaa,S R1 G2 M1 P S,S N3 D2 P M1 G2 R1 S,S R₁ G₂ M₁ P Ṡ,S N₃ D₂ P M₁ G₂ R₁ Ṡ,False
vasanti,Vasanti,vasanti,11,KOkilapriyaa,S R1 G2 P N3 S,S N3 P G2 R1 S,S R₁ G₂ P N₃ Ṡ,S N₃ P G₂ R₁ Ṡ,False
bhanukokila,BhAnukOkila,bhAnukOkila,12,Roopavati,S M1 P D3 N3 S,S D3 N3 P M1 G2 S,S M₁ P D₃ N₃ Ṡ,S D₃ N₃ P M₁ G₂ Ṡ,False
bhanukokila,BhAnukOkila,bhAnukOkila,12,Roopavati,S M1 P D3 N3 S,S N3 D3 P M1 G2 S,S M₁ P D₃ N₃ Ṡ,S N₃ D₃ P M₁ G₂ Ṡ,False
bhogavati,BhOgavati,bhOgavati,12,Roopavati,S R1 G2 M1 D3 S,S D3 M1 G2 R1 S,S R₁ G₂ M₁ D₃ Ṡ,S D₃ M₁ G₂ R₁ Ṡ,False
binduherali,BinduheraLi,binduheraLi,12,Roopavati,S R1 G2 R1 G2 M1 P D3 M1 P D3 N3 S,S N3 D3 P M1 G2 R1 S,S R₁ G₂ R₁ G₂ M₁ P D₃ M₁ P D₃ N₃ Ṡ,S N₃ D₃ P M₁ G₂ R₁ Ṡ,False
gapriyanayakham,GapriyanAyakham,gapriyanAyakham,12,Roopavati,S M1 P D3 N3 S,S N3 D3 P M1 G2 R1 S,S M₁ P D₃ N₃ Ṡ,S N₃ D₃ P M₁ G₂ R₁ Ṡ,False
kapila,Kapila,kapila,12,Roopavati,S R1 G2 P D3 N3 S,S N3 D3 P G2 R1 S,S R₁ G₂ P D₃ N₃ Ṡ,S N₃ D₃ P G₂ R₁ Ṡ,False
ksepini,KSEpini,kSEpini,12,Roopavati,S G2 M1 P D3 S,S D3 P M1 G2 S,S G₂ M₁ P D₃ Ṡ,S D₃ P M₁ G₂ Ṡ,False
lavanyavati,LAvaNyavati,lAvaNyavati,12,Roopavati,S R1 G2 M1 D3 N3 S,S N3 D3 M1 G2 R1 S,S R₁ G₂ M₁ D₃ N₃ Ṡ,S N₃ D₃ M₁ G₂ R₁ Ṡ,False
madhavapriya,MAdhavapriyA,mAdhavapriyA,12,Roopavati,S G2 M1 P D3 N3 S,S N3 D3 P M1 G2 S,S G₂ M₁ P D₃ N₃ Ṡ,S N₃ D₃ P M₁ G₂ Ṡ,False
nagarajam,NAgarAjam,nAgarAjam,12,Roopavati,S R1 G2 M1 P D3 S,S N3 D3 P M1 G2 S,S R₁ G₂ M₁ P D₃ Ṡ,S N₃ D₃ P M₁ G₂ Ṡ,False
pratapavasantam,PratApavasantam,pratApavasantam,12,Roopavati,S M1 R1 G2 M1 P N3 S,S N3 P M1 R1 S,S M₁ R₁ G₂ M₁ P N₃ Ṡ,S N₃ P M₁ R₁ Ṡ,False
purnasvaravali,PUrNasvarAvaLi,pUrNasvarAvaLi,12,Roopavati,S G2 M1 P D3 N3 S,S N3 D3 P M1 G2 R1 S,S G₂ M₁ P D₃ N₃ Ṡ,S N₃ D₃ P M₁ G₂ R₁ Ṡ,False
raupyanakham,Raupyanakham,raupyanakham,12,Roopavati,S M1 P D3 N3 S,S D3 N3 P M1 G2 R1 S,S M₁ P D₃ N₃ Ṡ,S D₃ N₃ P M₁ G₂ R₁ Ṡ,False
raupyanakham,Raupyanakham,raupyanakham,12,Roopavati,S M1 P D3 N3 S,S N3 D3 N3 D3 P M1 G2 R1 S,S M₁ P D₃ N₃ Ṡ,S N₃ D₃ N₃ D₃ P M₁ G₂ R₁ Ṡ,False
raupyanakham,Raupyanakham,raupyanakham,12,Roopavati,S M1 P D3 N3 S,S N3 P M1 G2 R1 S,S M₁ P D₃ N₃ Ṡ,S N₃ P M₁ G₂ R₁ Ṡ,False
raupyanakham,Raupyanakham,raupyanakham,12,Roopavati,S R1 G2 M1 P N3 S,S N3 D3 P M1 G2 R1 S,S R₁ G₂ M₁ P N₃ Ṡ,S N₃ D₃ P M₁ G₂ R₁ Ṡ,False
raupyanakham,Raupyanakham,raupyanakham,12,Roopavati,S R1 G2 P S,S N3 D3 N3 M1 G2 R1 S,S R₁ G₂ P Ṡ,S N₃ D₃ N₃ M₁ G₂ R₁ Ṡ,False
rekhavati,REkhAvati,rEkhAvati,12,Roopavati,S R1 G2 M1 P N3 D3 S,S N3 D3 P M1G2 R1 S,S R₁ G₂ M₁ P N₃ D₃ Ṡ,S N₃ D₃ P M1G2 R₁ Ṡ,False
rupavati,RUpavati,rUpavati,12,Roopavati,S R1 G2 M1 P D3 N3 S,S N3 D3 P M1 G2 R1 S,S R₁ G₂ M₁ P D₃ N₃ Ṡ,S N₃ D₃ P M₁ G₂ R₁ Ṡ,False
rupavati,RUpavati,rUpavati,12,Roopavati,S R1 P M1 P P S S,S N3 D3 N3 P M1 G2 R1 S,S R₁ P M₁ P P Ṡ S,S N₃ D₃ N₃ P M₁ G₂ R₁ Ṡ,False
samakurinji,SAmakurinji,sAmakurinji,12,Roopavati,S G2 P D3 N3 S,S N3 D3 N3 P M1 G2 R1 S,S G₂ P D₃ N₃ Ṡ,S N₃ D₃ N₃ P M₁ G₂ R₁ Ṡ,False
shashankakirana,ShashAnkakiraNa,shashAnkakiraNa,12,Roopavati,S R1 G2 P D3 S,S D3 P G2 R1 S,S R₁ G₂ P D₃ Ṡ,S D₃ P G₂ R₁ Ṡ,False
shuddharupavati,ShuddharUpavati,shuddharUpavati,12,Roopavati,S R1 M1 P S,S N3 D3 P M1 G2 S,S R₁ M₁ P Ṡ,S N₃ D₃ P M₁ G₂ Ṡ,False
shyamakalyani,ShyAmakalyANi,shyAmakalyANi,12,Roopavati,S M1 G2 M1 P D3 N3 S,S N3 P D3 N3 P M1 G2 R1 S,S M₁ G₂ M₁ P D₃ N₃ Ṡ,S N₃ P D₃ N₃ P M₁ G₂ R₁ Ṡ,False
somabhairavi,SOmabhairavi,sOmabhairavi,12,Roopavati,S R1 G2 M1 P S,S N3 P D3 N3 P M1 G2 R1 S,S R₁ G₂ M₁ P Ṡ,S N₃ P D₃ N₃ P M₁ G₂ R₁ Ṡ,False
tamasuranjani,TAmasuranjani,tAmasuranjani,12,Roopavati,S R1 G2 D3 N3 S,S N3 D3 G2 R1 S,S R₁ G₂ D₃ N₃ Ṡ,S N₃ D₃ G₂ R₁ Ṡ,False
hejjajji,Hejjajji,hejjajji,13,Gaayakapriyaa,S R1 M1 G3 M1 P D1 S,S N3 D1 P M1 G3 R1 S,S R₁ M₁ G₃ M₁ P D₁ Ṡ,S N₃ D₁ P M₁ G₃ R₁ Ṡ,False
bhujangacintamani,BhujangacintAmaNI,bhujangacintAmaNI,13,Gaayakapriyaa,S P M1 P D1 N1 D1 S,S N1 D1 P M1 G3 R1 S,S P M₁ P D₁ N₁ D₁ Ṡ,S N₁ D₁ P M₁ G₃ R₁ Ṡ,False
danvi,Danvi,danvi,13,Gaayakapriyaa,S R1 G3 M1 N1 S,S N1 M1 G3 R1 S,S R₁ G₃ M₁ N₁ Ṡ,S N₁ M₁ G₃ R₁ Ṡ,False
devamukhari,DEvamukhAri,dEvamukhAri,13,Gaayakapriyaa,S R1 M1 P D1 N1 S,S N1 D1 N1 P M1 R1 S,S R₁ M₁ P D₁ N₁ Ṡ,S N₁ D₁ N₁ P M₁ R₁ Ṡ,False
devamukhari,DEvamukhAri,dEvamukhAri,13,Gaayakapriyaa,S R1 M1 P D1 N1 S,S N1 D1 P M1 R1 S,S R₁ M₁ P D₁ N₁ Ṡ,S N₁ D₁ P M₁ R₁ Ṡ,False
dhauri,Dhauri,dhauri,13,Gaayakapriyaa,S R1 G3 M1 N1 S,S N1 M1 G3 R1 S,S R₁ G₃ M₁ N₁ Ṡ,S N₁ M₁ G₃ R₁ Ṡ,False
dhiramati,DhIramati,dhIramati,13,Gaayakapriyaa,S R1 M1 P D1 S,S D1 M1 R1 G3 R1 S,S R₁ M₁ P D₁ Ṡ,S D₁ M₁ R₁ G₃ R₁ Ṡ,False
dhonka,Dhonka,dhonka,13,Gaayakapriyaa,S G3 P D1 N1 S,S N1 D1 P G3 S,S G₃ P D₁ N₁ Ṡ,S N₁ D₁ P G₃ Ṡ,False
esari,Esari,Esari,13,Gaayakapriyaa,S R1 G3 M1 P D1 S,S N1 D1 P M1 G3 R1 S,S R₁ G₃ M₁ P D₁ Ṡ,S N₁ D₁ P M₁ G₃ R₁ Ṡ,False
gayakapriya,GAyakapriyA,gAyakapriyA,13,Gaayakapriyaa,S R1 G3 M1 P D1 N1 S,S N1 D1 P M1 G3 R1 S,S R₁ G₃ M₁ P D₁ N₁ Ṡ,S N₁ D₁ P M₁ G₃ R₁ Ṡ,False
geyahejjajji,GEyahejjajjI,gEyahejjajjI,13,Gaayakapriyaa,S R1 M1 G3 M1 P D1 S,S N1 D1 P M1 G3 R1,S R₁ M₁ G₃ M₁ P D₁ Ṡ,S N₁ D₁ P M₁ G₃ R₁,False
gitapriya,GItapriyA,gItapriyA,13,Gaayakapriyaa,S R1 G3 M1 P D1 N1 S,S D1 P M1 G3 R1 S,S R₁ G₃ M₁ P D₁ N₁ Ṡ,S D₁ P M₁ G₃ R₁ Ṡ,False
hamsanatani,HamsanaTani,hamsanaTani,13,Gaayakapriyaa,S G3 M1 P S,S P M1 G3 R1 S,S G₃ M₁ P Ṡ,S P M₁ G₃ R₁ Ṡ,False
hamsavaridhi,HamsavAridhi,hamsavAridhi,13,Gaayakapriyaa,S R1 M1 P D1 S,S D1 P M1 R1 S,S R₁ M₁ P D₁ Ṡ,S D₁ P M₁ R₁ Ṡ,False
hejjajji,HejjajjI,hejjajjI,13,Gaayakapriyaa,S R1 G3 M1 N1 D1 S,S D1 P M1 G3 R1 S,S R₁ G₃ M₁ N₁ D₁ Ṡ,S D₁ P M₁ G₃ R₁ Ṡ,False
hejjajji,Hejjajji,hejjajji,13,Gaayakapriyaa,S R1 G3 M1 P D1 S,S N1 D1 N1 P M1 G3 R1 S,S R₁ G₃ M₁ P D₁ Ṡ,S N₁ D₁ N₁ P M₁ G₃ R₁ Ṡ,False
hejjajji,HejjajjI,hejjajjI,13,Gaayakapriyaa,S R1 G3 M1 P D1 S,S N1 D1 P M1 G3 R1 S,S R₁ G₃ M₁ P D₁ Ṡ,S N₁ D₁ P M₁ G₃ R₁ Ṡ,False
hejjajji,HejjajjI,hejjajjI,13,Gaayakapriyaa,S R1 G3 R1 M1 G3 M1 P D1 N1 S,S D1 N1 D1 M1 G3 R1 S,S R₁ G₃ R₁ M₁ G₃ M₁ P D₁ N₁ Ṡ,S D₁ N₁ D₁ M₁ G₃ R₁ Ṡ,False
hejjajji,HejjajjI,hejjajjI,13,Gaayakapriyaa,S R1 G3 R1 M1 G3 M1 P N1 D1 S,S N1 D1 P M1 G3 R1 S,S R₁ G₃ R₁ M₁ G₃ M₁ P N₁ D₁ Ṡ,S N₁ D₁ P M₁ G₃ R₁ Ṡ,False
hejji,Hejji,hejji,13,Gaayakapriyaa,S R1 G3 R1 M1 G3 M1 P D1 N1 S,S N1 D1 P M1 R1 S,S R₁ G₃ R₁ M₁ G₃ M₁ P D₁ N₁ Ṡ,S N₁ D₁ P M₁ R₁ Ṡ,False
jaskavali,JaskAvaLi,jaskAvaLi,13,Gaayakapriyaa,S M1 P D1 N1 S,S N1 D1 P M1 S,S M₁ P D₁ N₁ Ṡ,S N₁ D₁ P M₁ Ṡ,False
jujahuli,JUjAhuLi,jUjAhuLi,13,Gaayakapriyaa,S G3 M1 P D1 N1 S,S D1 N1 D1 P M1 G3 S,S G₃ M₁ P D₁ N₁ Ṡ,S D₁ N₁ D₁ P M₁ G₃ Ṡ,False
jujahuli,JUjAhuLi,jUjAhuLi,13,Gaayakapriyaa,S M1 G3 M1 P D1 N1 S,S D1 N1 D1 P M1 G3 S,S M₁ G₃ M₁ P D₁ N₁ Ṡ,S D₁ N₁ D₁ P M₁ G₃ Ṡ,False
jujahuli,JUjAhuLi,jUjAhuLi,13,Gaayakapriyaa,S R1 M1 P N1 D1 N1 S,S N1 D1 P M1 G3 R1 S,S R₁ M₁ P N₁ D₁ N₁ Ṡ,S N₁ D₁ P M₁ G₃ R₁ Ṡ,False
jujahuli,JUjAhuLi,jUjAhuLi,13,Gaayakapriyaa,S R1 M1 P N1 D1 N1 S,S N1 D1 P M1 G3 S,S R₁ M₁ P N₁ D₁ N₁ Ṡ,S N₁ D₁ P M₁ G₃ Ṡ,False
jujavali,JUjAvaLi,jUjAvaLi,13,Gaayakapriyaa,S M1 G3 M1 P D1 N1 S,S D1 N1 D1 P M1 G3 S,S M₁ G₃ M₁ P D₁ N₁ Ṡ,S D₁ N₁ D₁ P M₁ G₃ Ṡ,False
kalakamadi,KalakamaDi,kalakamaDi,13,Gaayakapriyaa,S R1 M1 P D1 N1 S,S N1 D1 P M1 R1 S,S R₁ M₁ P D₁ N₁ Ṡ,S N₁ D₁ P M₁ R₁ Ṡ,False
kalakanthi,KalakaNThi,kalakaNThi,13,Gaayakapriyaa,S R1 G3 M1 P N1 D1 N1 S,S N1 D1 M1 G3 R1 S,S R₁ G₃ M₁ P N₁ D₁ N₁ Ṡ,S N₁ D₁ M₁ G₃ R₁ Ṡ,False
kalakanthi,KalakaNThi,kalakaNThi,13,Gaayakapriyaa,S R1 M1 P D1 N1 S,S N1 D1 P G3 R1 S,S R₁ M₁ P D₁ N₁ Ṡ,S N₁ D₁ P G₃ R₁ Ṡ,False
kalakanthi,KalakaNThi,kalakaNThi,13,Gaayakapriyaa,S R1 M1 P D1 N1 S,S N1 D1 P M1 R1 M1 G3 S,S R₁ M₁ P D₁ N₁ Ṡ,S N₁ D₁ P M₁ R₁ M₁ G₃ Ṡ,False
kalakanthi,KalakaNThi,kalakaNThi,13,Gaayakapriyaa,S R1 M1 P D1 N1 S,S N1 D1 P M1 R1 S,S R₁ M₁ P D₁ N₁ Ṡ,S N₁ D₁ P M₁ R₁ Ṡ,False
kalakanthi,KalakaNThi,kalakaNThi,13,Gaayakapriyaa,S R1 M1 P N1 D1 N1 S,S N1 D1 M1 G3 R1 S,S R₁ M₁ P N₁ D₁ N₁ Ṡ,S N₁ D₁ M₁ G₃ R₁ Ṡ,False
kalgada,KalgaDa,kalgaDa,13,Gaayakapriyaa,S G3 M1 D1 N1 S,S N1 D1 M1 G3 R1 S,S G₃ M₁ D₁ N₁ Ṡ,S N₁ D₁ M₁ G₃ R₁ Ṡ,False
kalgada,KalgaDa,kalgaDa,13,Gaayakapriyaa,S R1 G3 M1 R1 G3 M1 P D1 N1,S N1 P D1 N1 D1 P M1 G3 R1,S R₁ G₃ M₁ R₁ G₃ M₁ P D₁ N₁,S N₁ P D₁ N₁ D₁ P M₁ G₃ R₁,False
kalgada,KalgaDa,kalgaDa,13,Gaayakapriyaa,S R1 G3 P D1 N1 S,S N1 D1 P G3 R1 S,S R₁ G₃ P D₁ N₁ Ṡ,S N₁ D₁ P G₃ R₁ Ṡ,False
kalgada,KalgaDa,kalgaDa,13,Gaayakapriyaa,S R1 M1 G3 R1 G3 M1 P D1 N1,S N1 P D1 N1 D1 P M1 G3 R1,S R₁ M₁ G₃ R₁ G₃ M₁ P D₁ N₁,S N₁ P D₁ N₁ D₁ P M₁ G₃ R₁,False
kaliki,KalIki,kalIki,13,Gaayakapriyaa,S R1 G3 M1 P D1 N1 S,S N1 D1 P M1 R1 S,S R₁ G₃ M₁ P D₁ N₁ Ṡ,S N₁ D₁ P M₁ R₁ Ṡ,False
kalpanadharini,KalpanadhAriNi,kalpanadhAriNi,13,Gaayakapriyaa,S G3 M1 P D1 S,S N1 D1 P M1 G3 R1 S,S G₃ M₁ P D₁ Ṡ,S N₁ D₁ P M₁ G₃ R₁ Ṡ,False
kaltada,KaltaDa,kaltaDa,13,Gaayakapriyaa,S R1 G3 P D1 N1 S,S N1 D1 N1 P G3 R1 S,S R₁ G₃ P D₁ N₁ Ṡ,S N₁ D₁ N₁ P G₃ R₁ Ṡ,False
kaltada,KaltaDa,kaltaDa,13,Gaayakapriyaa,S R1 G3 P D1 N1 S,S N1 D1 P G3 R1 S,S R₁ G₃ P D₁ N₁ Ṡ,S N₁ D₁ P G₃ R₁ Ṡ,False
kalyanakesari,KalyANakEsari,kalyANakEsari,13,Gaayakapriyaa,S R1 G3 M1 D1 S,S D1 P M1 G3 R1 S,S R₁ G₃ M₁ D₁ Ṡ,S D₁ P M₁ G₃ R₁ Ṡ,False
kalyanakesari,KalyANakEsari,kalyANakEsari,13,Gaayakapriyaa,S R1 G3 P D1 S,S D1 P M1 G3 R1 S,S R₁ G₃ P D₁ Ṡ,S D₁ P M₁ G₃ R₁ Ṡ,False
kanaka,Kanaka,kanaka,13,Gaayakapriyaa,S G3 M1 D1 N1 S,S N1 D1 M1 G3 S,S G₃ M₁ D₁ N₁ Ṡ,S N₁ D₁ M₁ G₃ Ṡ,False
karikadya,Karikadya,karikadya,13,Gaayakapriyaa,N1 S G3 M1 P D1 N1,D1 P M1 G3 R1 S N1,N₁ Ṡ G₃ M₁ P D₁ N₁,D₁ P M₁ G₃ R₁ Ṡ N₁,False
kesari,KEsari,kEsari,13,Gaayakapriyaa,S R1 G3 M1 P D1 S,S N1 D1 P M1 G3 R1 S,S R₁ G₃ M₁ P D₁ Ṡ,S N₁ D₁ P M₁ G₃ R₁ Ṡ,False
kirvani,KIrvANi,kIrvANi,13,Gaayakapriyaa,S R1 G3 R1 M1 G3 M1 D1 N1 P S,S N1 D1 P M1 G3 R1 S,S R₁ G₃ R₁ M₁ G₃ M₁ D₁ N₁ P Ṡ,S N₁ D₁ P M₁ G₃ R₁ Ṡ,False
kuntalakambhoji,KuntalakAmbhOji,kuntalakAmbhOji,13,Gaayakapriyaa,S G3 M1 P D1 N1 D1 S,S N1 D1 P M1 G3 S,S G₃ M₁ P D₁ N₁ D₁ Ṡ,S N₁ D₁ P M₁ G₃ Ṡ,False
kuntalakambhoji,KuntalakAmbhOji,kuntalakAmbhOji,13,Gaayakapriyaa,S G3 P D1 N1 D1 S,S N1 D1 P M1 G3 S,S G₃ P D₁ N₁ D₁ Ṡ,S N₁ D₁ P M₁ G₃ Ṡ,False
lokapriya,LOkapriyA,lOkapriyA,13,Gaayakapriyaa,S R1 G3 M1 D1 N1 S,S N1 D1 M1 G3 R1 S,S R₁ G₃ M₁ D₁ N₁ Ṡ,S N₁ D₁ M₁ G₃ R₁ Ṡ,False
maricika,MarIcika,marIcika,13,Gaayakapriyaa,S G3 M1 P D1 N1 S,S N1 D1 P M1 G3 S,S G₃ M₁ P D₁ N₁ Ṡ,S N₁ D₁ P M₁ G₃ Ṡ,False
maruvakannada,MaruvakannaDa,maruvakannaDa,13,Gaayakapriyaa,S R1 M1 G3 M1 P N1 S,S N1 P M1 R1 G3 R1 S,S R₁ M₁ G₃ M₁ P N₁ Ṡ,S N₁ P M₁ R₁ G₃ R₁ Ṡ,False
megha,MEgha,mEgha,13,Gaayakapriyaa,S G3 M1 P N1 D1 P S,S N1 D1 P R1 S,S G₃ M₁ P N₁ D₁ P Ṡ,S N₁ D₁ P R₁ Ṡ,False
megha,MEgha,mEgha,13,Gaayakapriyaa,S R1 M1 P N1 D1 P S,S N1 D1 P M1 G3 R1 S,S R₁ M₁ P N₁ D₁ P Ṡ,S N₁ D₁ P M₁ G₃ R₁ Ṡ,False
megha,MEgha,mEgha,13,Gaayakapriyaa,S R1 M1 P N1 D1 S,S N1 D1 P M1 R1 S,S R₁ M₁ P N₁ D₁ Ṡ,S N₁ D₁ P M₁ R₁ Ṡ,False
nagasamantam,NAgasAmantam,nAgasAmantam,13,Gaayakapriyaa,S R1 P M1 P D1 S,S D1 P M1 R1 S,S R₁ P M₁ P D₁ Ṡ,S D₁ P M₁ R₁ Ṡ,False
nagavahini,NAgavAhini,nAgavAhini,13,Gaayakapriyaa,S R1 G3 P M1 D1 N1 S,S N1 D1 P M1 G3 R1 S,S R₁ G₃ P M₁ D₁ N₁ Ṡ,S N₁ D₁ P M₁ G₃ R₁ Ṡ,False
namanarayani,NAmanArAyaNi,nAmanArAyaNi,13,Gaayakapriyaa,S R1 M1 P D1 N1 S,S P D1 N1 P M1 R1 S,S R₁ M₁ P D₁ N₁ Ṡ,S P D₁ N₁ P M₁ R₁ Ṡ,False
navarasacandrika,NavarasacandrikA,navarasacandrikA,13,Gaayakapriyaa,S R1 G3 P M1 D1 S,S D1 P M1 G3 R1 S,S R₁ G₃ P M₁ D₁ Ṡ,S D₁ P M₁ G₃ R₁ Ṡ,False
navarasacandrika,NavarasacandrikA,navarasacandrikA,13,Gaayakapriyaa,S R1 G3 P M1 D1 S,S D1 P M1 S R1 G3,S R₁ G₃ P M₁ D₁ Ṡ,S D₁ P M₁ Ṡ R₁ G₃,False
pujabauli,PUjAbauLi,pUjAbauLi,13,Gaayakapriyaa,S G3 M1 P D1 N1 S,S N1 D1 P M1 G3 R1 S,S G₃ M₁ P D₁ N₁ Ṡ,S N₁ D₁ P M₁ G₃ R₁ Ṡ,False
ratnabhusani,RatnabhUSaNi,ratnabhUSaNi,13,Gaayakapriyaa,S R1 G3 M1 P S,S P M1 G3 R1 S,S R₁ G₃ M₁ P Ṡ,S P M₁ G₃ R₁ Ṡ,False
sallasini,SallAsini,sallAsini,13,Gaayakapriyaa,S R1 G3 M1 P N1 S,S P M1 G3 R1 S,S R₁ G₃ M₁ P N₁ Ṡ,S P M₁ G₃ R₁ Ṡ,False
samanarayani,SAmanArAyaNi,sAmanArAyaNi,13,Gaayakapriyaa,S R1 M1 P D1 N1 S,S P D1 N1 P M1 R1 S,S R₁ M₁ P D₁ N₁ Ṡ,S P D₁ N₁ P M₁ R₁ Ṡ,False
sarvamangala,SarvamangaLa,sarvamangaLa,13,Gaayakapriyaa,S R1 G3 M1 P D1 N1 S P N1,S N1 D1 P G3 R1 S,S R₁ G₃ M₁ P D₁ N₁ Ṡ P N₁,S N₁ D₁ P G₃ R₁ Ṡ,False
sujaskavali,SujaskAvaLi,sujaskAvaLi,13,Gaayakapriyaa,S M1 G3 M1 P D1 N1 S,S D1 N1 D1 P M1 G3 S,S M₁ G₃ M₁ P D₁ N₁ Ṡ,S D₁ N₁ D₁ P M₁ G₃ Ṡ,False
sukhapani,SukhapANi,sukhapANi,13,Gaayakapriyaa,S R1 G3 P N1 S,S N1 P G3 R1 S,S R₁ G₃ P N₁ Ṡ,S N₁ P G₃ R₁ Ṡ,False
sukhavani,SukhavANi,sukhavANi,13,Gaayakapriyaa,S R1 G3 P N1 S,S N1 P G3 R1 S,S R₁ G₃ P N₁ Ṡ,S N₁ P G₃ R₁ Ṡ,False
suravarali,SuravarALi,suravarALi,13,Gaayakapriyaa,S M1 P D1 N1 S,S N1 D1 P M1 D1 S,S M₁ P D₁ N₁ Ṡ,S N₁ D₁ P M₁ D₁ Ṡ,False
suravarali,SuravarALi,suravarALi,13,Gaayakapriyaa,S M1 P D1 N1 S,S N1 P D1 M1 S,S M₁ P D₁ N₁ Ṡ,S N₁ P D₁ M₁ Ṡ,False
suravarali,SuravarALi,suravarALi,13,Gaayakapriyaa,S M1 P D1 N1,S N1 D1 P M1 S,S M₁ P D₁ N₁,S N₁ D₁ P M₁ Ṡ,False
susavali,SusAvaLi,susAvaLi,13,Gaayakapriyaa,S G3 M1P D1 N1 S,S N1 D1 M1 G3 S,S G₃ M1P D₁ N₁ Ṡ,S N₁ D₁ M₁ G₃ Ṡ,False
sushankavali,SushankAvaLi,sushankAvaLi,13,Gaayakapriyaa,S M1 G3 M1 P D1 N1 S,S D1 N1 D1 P M1 G3 S,S M₁ G₃ M₁ P D₁ N₁ Ṡ,S D₁ N₁ D₁ P M₁ G₃ Ṡ,False
suvrta,Suvrta,suvrta,13,Gaayakapriyaa,S R1 G3 M1 D1 S,S D1 M1 G3 R1 S,S R₁ G₃ M₁ D₁ Ṡ,S D₁ M₁ G₃ R₁ Ṡ,False
tridashiranjani,Tridashiranjani,tridashiranjani,13,Gaayakapriyaa,S R1 G3 D1 N1 S,S N1 D1 G3 R1 S,S R₁ G₃ D₁ N₁ Ṡ,S N₁ D₁ G₃ R₁ Ṡ,False
vasantabhairavi,Vasantabhairavi,vasantabhairavi,14,VakulaabharaNam,S R1 G3 M1 D1 N2 S,S N2 D1 M1 G3 R1 S,S R₁ G₃ M₁ D₁ N₂ Ṡ,S N₂ D₁ M₁ G₃ R₁ Ṡ,False
adavai,Adavai,Adavai,14,VakulaabharaNam,S R1 G3 M1 P D1 N2 S,S D1 M1 G3 S,S R₁ G₃ M₁ P D₁ N₂ Ṡ,S D₁ M₁ G₃ Ṡ,False
ahiri,Ahiri,Ahiri,14,VakulaabharaNam,S R1 S G3 M1 P D1 N2 S,S N2 D1 P M1 G3 R1 S,S R₁ Ṡ G₃ M₁ P D₁ N₂ Ṡ,S N₂ D₁ P M₁ G₃ R₁ Ṡ,False
ahiri,Ahiri,Ahiri,14,VakulaabharaNam,S R1 S M1 G3 M1 P D1 N2 S,S N2 D1 P M1 G3 M1 R1 S,S R₁ Ṡ M₁ G₃ M₁ P D₁ N₂ Ṡ,S N₂ D₁ P M₁ G₃ M₁ R₁ Ṡ,False
akhandala,AkhaNDala,akhaNDala,14,VakulaabharaNam,S R1 G3 P D1 N2 S,S N2 P M1 R1 S,S R₁ G₃ P D₁ N₂ Ṡ,S N₂ P M₁ R₁ Ṡ,False
akkam,Akkam,Akkam,14,VakulaabharaNam,S R1 G3 P D1 N2 S,S N2 D1 P G3 S,S R₁ G₃ P D₁ N₂ Ṡ,S N₂ D₁ P G₃ Ṡ,False
akkayili,Akkayili,Akkayili,14,VakulaabharaNam,S R1 M1 P N2 S,S N2 D1 M1 G3 R1 S,S R₁ M₁ P N₂ Ṡ,S N₂ D₁ M₁ G₃ R₁ Ṡ,False
alakadhipati,ALakAdhipati,aLakAdhipati,14,VakulaabharaNam,S R1 G3 M1 P D1 N2 S,S D1 P M1 G3 R1 S,S R₁ G₃ M₁ P D₁ N₂ Ṡ,S D₁ P M₁ G₃ R₁ Ṡ,False
alari,ALari,ALari,14,VakulaabharaNam,S R1 G3 D1 S,S N2 P M1 G3 S,S R₁ G₃ D₁ Ṡ,S N₂ P M₁ G₃ Ṡ,False
ali,ALi,aLi,14,VakulaabharaNam,S R1 G3 M1 P D1 N2 S,S N2 D1 M1 G3 R1 S,S R₁ G₃ M₁ P D₁ N₂ Ṡ,S N₂ D₁ M₁ G₃ R₁ Ṡ,False
alola,AlOla,AlOla,14,VakulaabharaNam,S R1 G3 P N2 S,S D1 M1 R1 S,S R₁ G₃ P N₂ Ṡ,S D₁ M₁ R₁ Ṡ,False
ambikaara,AmbikaAra,ambikaAra,14,VakulaabharaNam,S G3 M1 P S,S N2 D1 M1 G3 R1 S,S G₃ M₁ P Ṡ,S N₂ D₁ M₁ G₃ R₁ Ṡ,False
ambikeya,AmbikEya,ambikEya,14,VakulaabharaNam,S G3 P D1 S,S N2 D1 M1 G3 R1 S,S G₃ P D₁ Ṡ,S N₂ D₁ M₁ G₃ R₁ Ṡ,False
amudasurabhi,Amudasurabhi,amudasurabhi,14,VakulaabharaNam,S M1 G3 M1 P D1 S,S N2 D1 P M1 R1 S,S M₁ G₃ M₁ P D₁ Ṡ,S N₂ D₁ P M₁ R₁ Ṡ,False
anakadundubi,Anakadundubi,Anakadundubi,14,VakulaabharaNam,S R1 G3 P S,S N2 P M1 S,S R₁ G₃ P Ṡ,S N₂ P M₁ Ṡ,False
ananda,Ananda,Ananda,14,VakulaabharaNam,S R1 G3 M1 P S,S N2 D1 P M1 G3 R1 S,S R₁ G₃ M₁ P Ṡ,S N₂ D₁ P M₁ G₃ R₁ Ṡ,False
anantan,Anantan,anantan,14,VakulaabharaNam,S R1 G3 M1 P S,S N2 D1 P M1 G3 R1 S,S R₁ G₃ M₁ P Ṡ,S N₂ D₁ P M₁ G₃ R₁ Ṡ,False
anata,Anata,anata,14,VakulaabharaNam,S R1 G3 P M1 S,S N2 D1 P M1 G3 R1 S,S R₁ G₃ P M₁ Ṡ,S N₂ D₁ P M₁ G₃ R₁ Ṡ,False
anila,Anila,Anila,14,VakulaabharaNam,S G3 M1 P D1 N2 S,S N2 P M1 S,S G₃ M₁ P D₁ N₂ Ṡ,S N₂ P M₁ Ṡ,False
ankura,Ankura,Ankura,14,VakulaabharaNam,S G3 M1 P N2 S,S N2 D1 P M1 R1 S,S G₃ M₁ P N₂ Ṡ,S N₂ D₁ P M₁ R₁ Ṡ,False
anuru,AnUru,anUru,14,VakulaabharaNam,S R1 G3 P D1 N2 S,S N2 D1 M1 G3 R1 S,S R₁ G₃ P D₁ N₂ Ṡ,S N₂ D₁ M₁ G₃ R₁ Ṡ,False
aracelvi,Aracelvi,aracelvi,14,VakulaabharaNam,S R1 G3 M1 P D1 N2 S,S N2 D1 P M1 G3 S,S R₁ G₃ M₁ P D₁ N₂ Ṡ,S N₂ D₁ P M₁ G₃ Ṡ,False
arakkodi,ArakkoDi,arakkoDi,14,VakulaabharaNam,S R1 G3 M1 P D1 N2 S,S N2 D1 P G3 R1 S,S R₁ G₃ M₁ P D₁ N₂ Ṡ,S N₂ D₁ P G₃ R₁ Ṡ,False
aral,Aral,Aral,14,VakulaabharaNam,S R1 G3 P S,S N2 D1 P M1 G3 S,S R₁ G₃ P Ṡ,S N₂ D₁ P M₁ G₃ Ṡ,False
aravari,AravAri,AravAri,14,VakulaabharaNam,S R1 G3 P S,S N2 D1 P M1 R1 S,S R₁ G₃ P Ṡ,S N₂ D₁ P M₁ R₁ Ṡ,False
aravazhiandanan,AravAzhiandaNan,aravAzhiandaNan,14,VakulaabharaNam,S R1 G3 M1 D1 N2 S,S N2 D1 P M1 G3 R1 S,S R₁ G₃ M₁ D₁ N₂ Ṡ,S N₂ D₁ P M₁ G₃ R₁ Ṡ,False
arivaran,Arivaran,arivaran,14,VakulaabharaNam,S R1 G3 M1 P D1 N2 S,S N2 D1 M1 R1 S,S R₁ G₃ M₁ P D₁ N₂ Ṡ,S N₂ D₁ M₁ R₁ Ṡ,False
ariyai,Ariyai,Ariyai,14,VakulaabharaNam,S G3 M1 P D1 S,S N2 P R1 S,S G₃ M₁ P D₁ Ṡ,S N₂ P R₁ Ṡ,False
arugunan,AruguNan,aruguNan,14,VakulaabharaNam,S R1 G3 M1 P D1 N2 S,S N2 P M1 G3 S,S R₁ G₃ M₁ P D₁ N₂ Ṡ,S N₂ P M₁ G₃ Ṡ,False
arumin,ArumIn,arumIn,14,VakulaabharaNam,S G3 M1 P N2 S,S N2 D1 P M1 G3 R1 S,S G₃ M₁ P N₂ Ṡ,S N₂ D₁ P M₁ G₃ R₁ Ṡ,False
aruminkadalan,ArumInkAdalan,arumInkAdalan,14,VakulaabharaNam,S R1 P M1 N2 S,S N2 D1 P M1 G3 R1 S,S R₁ P M₁ N₂ Ṡ,S N₂ D₁ P M₁ G₃ R₁ Ṡ,False
aruvai,Aruvai,aruvai,14,VakulaabharaNam,S R1 M1 P D1 N2 S,S N2 P G3 R1 S,S R₁ M₁ P D₁ N₂ Ṡ,S N₂ P G₃ R₁ Ṡ,False
ashilaka,AshIlaka,AshIlaka,14,VakulaabharaNam,S R1 M1 P N2 S,S N2 D1 M1 G3 S,S R₁ M₁ P N₂ Ṡ,S N₂ D₁ M₁ G₃ Ṡ,False
asukha,Asukha,Asukha,14,VakulaabharaNam,S R1 G3 M1 P S,S N2 D1 M1 G3 R1 S,S R₁ G₃ M₁ P Ṡ,S N₂ D₁ M₁ G₃ R₁ Ṡ,False
asuvalayana,AsuvalAyana,AsuvalAyana,14,VakulaabharaNam,S G3 M1 D1 N2 S,S N2 P M1 G3 R1 S,S G₃ M₁ D₁ N₂ Ṡ,S N₂ P M₁ G₃ R₁ Ṡ,False
atakuta,AtakUTa,AtakUTa,14,VakulaabharaNam,S G3 M1 P N2 S,S N2 D1 P M1 S,S G₃ M₁ P N₂ Ṡ,S N₂ D₁ P M₁ Ṡ,False
atapa,Atapa,Atapa,14,VakulaabharaNam,S G3 M1 P N2 S,S N2 D1 M1 R1 S,S G₃ M₁ P N₂ Ṡ,S N₂ D₁ M₁ R₁ Ṡ,False
atrar,ATrAr,aTrAr,14,VakulaabharaNam,S G3 M1 P D1 N2 S,S N2 P M1 R1 S,S G₃ M₁ P D₁ N₂ Ṡ,S N₂ P M₁ R₁ Ṡ,False
attan,Attan,Attan,14,VakulaabharaNam,S R1 M1 D1 S,S N2 D1 P M1 G3 R1 S,S R₁ M₁ D₁ Ṡ,S N₂ D₁ P M₁ G₃ R₁ Ṡ,False
atticudi,AtticUDi,AtticUDi,14,VakulaabharaNam,S G3 M1 P S,S N2 D1 P M1 G3 R1 S,S G₃ M₁ P Ṡ,S N₂ D₁ P M₁ G₃ R₁ Ṡ,False
attiya,Attiya,Attiya,14,VakulaabharaNam,S G3 P N2 S,S N2 D1 P M1 G3 R1 S,S G₃ P N₂ Ṡ,S N₂ D₁ P M₁ G₃ R₁ Ṡ,False
avidaiyar,AviDaiyAr,AviDaiyAr,14,VakulaabharaNam,S G3 M1 D1 S,S N2 P M1 R1 S,S G₃ M₁ D₁ Ṡ,S N₂ P M₁ R₁ Ṡ,False
azhalvannannayaki,AzhalvaNNannAyaki,azhalvaNNannAyaki,14,VakulaabharaNam,S R1 G3 M1 P D1 N2 S,S N2 P M1 G3 R1 S,S R₁ G₃ M₁ P D₁ N₂ Ṡ,S N₂ P M₁ G₃ R₁ Ṡ,False
bhogavarali,BhOgavarALi,bhOgavarALi,14,VakulaabharaNam,S R1 G3 M1 P N2 S,S N2 P M1 G3 R1 S,S R₁ G₃ M₁ P N₂ Ṡ,S N₂ P M₁ G₃ R₁ Ṡ,False
bhuvanaranjani,Bhuvanaranjani,bhuvanaranjani,14,VakulaabharaNam,S G3 M1 P D1 N2 S,S N2 D1 P M1 G3 S,S G₃ M₁ P D₁ N₂ Ṡ,S N₂ D₁ P M₁ G₃ Ṡ,False
caitakaranjani,Caitakaranjani,caitakaranjani,14,VakulaabharaNam,S G3 M1 P D1 S,S N2 D1 M1 G3 R1 S,S G₃ M₁ P D₁ Ṡ,S N₂ D₁ M₁ G₃ R₁ Ṡ,False
camundi,CAmuNDi,cAmuNDi,14,VakulaabharaNam,S G3 M1 P D1 S,S D1 P M1 G3 S,S G₃ M₁ P D₁ Ṡ,S D₁ P M₁ G₃ Ṡ,False
camuni,CAmuNi,cAmuNi,14,VakulaabharaNam,S G3 M1 P D1 S,S D1 P M1 G3 S,S G₃ M₁ P D₁ Ṡ,S D₁ P M₁ G₃ Ṡ,False
candrakrsna,CandrAkrSNa,candrAkrSNa,14,VakulaabharaNam,S R1 M1 D1 S,S N2 D1 M1 G3 S,S R₁ M₁ D₁ Ṡ,S N₂ D₁ M₁ G₃ Ṡ,False
candrashekharapriya,CandrashEkharapriyA,candrashEkharapriyA,14,VakulaabharaNam,S R1 G3 P D1 N2 S,S N2 D1 P G3 R1 S,S R₁ G₃ P D₁ N₂ Ṡ,S N₂ D₁ P G₃ R₁ Ṡ,False
candrika,CandrikA,candrikA,14,VakulaabharaNam,S R1 G3 M1 P N2 S,S N2 P M1 G3 R1 S,S R₁ G₃ M₁ P N₂ Ṡ,S N₂ P M₁ G₃ R₁ Ṡ,False
ganashobhitam,GAnashObhitam,gAnashObhitam,14,VakulaabharaNam,S R1 G3 M1 D1 N2 D1 S,S D1 N2 P M1 G3 R1 S,S R₁ G₃ M₁ D₁ N₂ D₁ Ṡ,S D₁ N₂ P M₁ G₃ R₁ Ṡ,False
ghanashyamala,GhanashyAmaLa,ghanashyAmaLa,14,VakulaabharaNam,S R1 G3 M1 D1 N2 D1 S,S D1 N2 P M1 G3 R1 S,S R₁ G₃ M₁ D₁ N₂ D₁ Ṡ,S D₁ N₂ P M₁ G₃ R₁ Ṡ,False
guhaara,Guhaara,guhaara,14,VakulaabharaNam,S R1 M1 D1 S,S N2 P M1 G3 S,S R₁ M₁ D₁ Ṡ,S N₂ P M₁ G₃ Ṡ,False
hamsakambhoji,HamsakAmbhOji,hamsakAmbhOji,14,VakulaabharaNam,S R1 G3 M1 D1 N2 S,S N2 D1 P M1 R1 S,S R₁ G₃ M₁ D₁ N₂ Ṡ,S N₂ D₁ P M₁ R₁ Ṡ,False
kalindaja,KALindaja,kALindaja,14,VakulaabharaNam,S R1 G3 M1 P N2 S,S N2 P M1 G3 R1 S,S R₁ G₃ M₁ P N₂ Ṡ,S N₂ P M₁ G₃ R₁ Ṡ,False
kalindajanmadini,KAlindajanmadini,kAlindajanmadini,14,VakulaabharaNam,S R1 G3 M1 D1 S,S P M1 G3 R1 S,S R₁ G₃ M₁ D₁ Ṡ,S P M₁ G₃ R₁ Ṡ,False
kalindajanmadini,KAlindajanmadini,kAlindajanmadini,14,VakulaabharaNam,S R1 G3 M1 P D1 S,S N2 P M1 G3 R1 S,S R₁ G₃ M₁ P D₁ Ṡ,S N₂ P M₁ G₃ R₁ Ṡ,False
kamalamanohari,KamalamanOhari,kamalamanOhari,14,VakulaabharaNam,S G3 M1 P N2 S,S N2 D1 P M1 G3 S,S G₃ M₁ P N₂ Ṡ,S N₂ D₁ P M₁ G₃ Ṡ,False
karnatakaandali,KarnATakaAndALi,karnATakaAndALi,14,VakulaabharaNam,S G3 R1 M1 P D1 N2 S,S D1 P M1 G3 R1 S,S G₃ R₁ M₁ P D₁ N₂ Ṡ,S D₁ P M₁ G₃ R₁ Ṡ,False
karnatakaandali,KarnATakaAndALi,karnATakaAndALi,14,VakulaabharaNam,S G3 R1 M1 P D1 N2 S,S N2 P M1 G3 R1 S,S G₃ R₁ M₁ P D₁ N₂ Ṡ,S N₂ P M₁ G₃ R₁ Ṡ,False
kuvalayabharanam,KuvalayAbharaNam,kuvalayAbharaNam,14,VakulaabharaNam,S R1 G3 M1 D1 N2 S,S N2 D1 M1 G3 R1 S,S R₁ G₃ M₁ D₁ N₂ Ṡ,S N₂ D₁ M₁ G₃ R₁ Ṡ,False
kuzhagan,Kuzhagan,kuzhagan,14,VakulaabharaNam,S R1 G3 M1 P N2 S,S N2 P M1 R1 S,S R₁ G₃ M₁ P N₂ Ṡ,S N₂ P M₁ R₁ Ṡ,False
lalitapancamam,Lalitapancamam,lalitapancamam,14,VakulaabharaNam,R1 S G3 M1 D1 N2 S,S N2 D1 P M1 G3 R1 S,R₁ Ṡ G₃ M₁ D₁ N₂ Ṡ,S N₂ D₁ P M₁ G₃ R₁ Ṡ,False
lasaki,LAsaki,lAsaki,14,VakulaabharaNam,S R1 G3 P N2 S,S N2 P G3 R1 S,S R₁ G₃ P N₂ Ṡ,S N₂ P G₃ R₁ Ṡ,False
lasaki,LAsaki,lAsaki,14,VakulaabharaNam,S R1 M1 P N2 S,S P M1 G3 R1 S,S R₁ M₁ P N₂ Ṡ,S P M₁ G₃ R₁ Ṡ,False
malara,MAlara,mAlara,14,VakulaabharaNam,S R1 G3 M1 P S,S N2 D1 M1 S,S R₁ G₃ M₁ P Ṡ,S N₂ D₁ M₁ Ṡ,False
malini,MAlini,mAlini,14,VakulaabharaNam,S G3 P D1 S,S D1 P G3 S,S G₃ P D₁ Ṡ,S D₁ P G₃ Ṡ,False
nandini,Nandini,nandini,14,VakulaabharaNam,S R1 M1 P D1 N2 S,S N2 D1 P M1 R1 S,S R₁ M₁ P D₁ N₂ Ṡ,S N₂ D₁ P M₁ R₁ Ṡ,False
nidalaprakashini,NiDalaprakAshini,niDalaprakAshini,14,VakulaabharaNam,S M1 P D1 N2 S,S N2 P M1 G3 R1 S,S M₁ P D₁ N₂ Ṡ,S N₂ P M₁ G₃ R₁ Ṡ,False
palini,PAlini,pAlini,14,VakulaabharaNam,S R1 G3 D1 N2 S,S N2 D1 G3 R1 S,S R₁ G₃ D₁ N₂ Ṡ,S N₂ D₁ G₃ R₁ Ṡ,False
palini,PAlini,pAlini,14,VakulaabharaNam,S R1 G3 P N2 S,S N2 P G3 R1 S,S R₁ G₃ P N₂ Ṡ,S N₂ P G₃ R₁ Ṡ,False
pancama,Pancama,pancama,14,VakulaabharaNam,S M1 G3 M1 P D1 N2 S,S N2 D1 N2 D1 P M1 G3 R1 S,S M₁ G₃ M₁ P D₁ N₂ Ṡ,S N₂ D₁ N₂ D₁ P M₁ G₃ R₁ Ṡ,False
purvadarshi,PUrvadarshi,pUrvadarshi,14,VakulaabharaNam,S G3 M1 P D1 N2,D1 P M1 G3 R1 S N2,S G₃ M₁ P D₁ N₂,D₁ P M₁ G₃ R₁ Ṡ N₂,False
purvadarshi,PUrvadarshi,pUrvadarshi,14,VakulaabharaNam,S R1 S G3 M1 P D1 N2,D1 P M1 G3 R1 S N2 S,S R₁ Ṡ G₃ M₁ P D₁ N₂,D₁ P M₁ G₃ R₁ Ṡ N₂ Ṡ,False
ragavasantam,RAgavasantam,rAgavasantam,14,VakulaabharaNam,S R1 M1 P N2 D1 S,S N2 D1 M1 P M1 G3 R1 S,S R₁ M₁ P N₂ D₁ Ṡ,S N₂ D₁ M₁ P M₁ G₃ R₁ Ṡ,False
revati,REvati,rEvati,14,VakulaabharaNam,S R1 M1 P N2 S,S N2 P M1 G3 R1 S,S R₁ M₁ P N₂ Ṡ,S N₂ P M₁ G₃ R₁ Ṡ,False
saikataranjani,Saikataranjani,saikataranjani,14,VakulaabharaNam,S G3 M1 P D1 S,S N2 D1 M1 G3 R1 S,S G₃ M₁ P D₁ Ṡ,S N₂ D₁ M₁ G₃ R₁ Ṡ,False
sallapam,SallApam,sallApam,14,VakulaabharaNam,S G3 M1 D1 N2 S,S N2 D1 M1 G3 S,S G₃ M₁ D₁ N₂ Ṡ,S N₂ D₁ M₁ G₃ Ṡ,False
shivaara,ShivAAra,shivAAra,14,VakulaabharaNam,S R1 M1 D1 S,S N2 P M1 G3 R1 S,S R₁ M₁ D₁ Ṡ,S N₂ P M₁ G₃ R₁ Ṡ,False
shivapada,ShivapAda,shivapAda,14,VakulaabharaNam,S R1 M1 D1 S,S N2 P G3 S,S R₁ M₁ D₁ Ṡ,S N₂ P G₃ Ṡ,False
shriadikavi,ShrIAdikavi,shrIAdikavi,14,VakulaabharaNam,S R1 G3 M1 P D1 N2 S,S D1 M1 R1 S,S R₁ G₃ M₁ P D₁ N₂ Ṡ,S D₁ M₁ R₁ Ṡ,False
shriaditya,ShrIAditya,shrIAditya,14,VakulaabharaNam,S G3 P D1 S,S N2 D1 P M1 G3 R1 S,S G₃ P D₁ Ṡ,S N₂ D₁ P M₁ G₃ R₁ Ṡ,False
shriaduvahana,ShrIADuvAhana,shrIADuvAhana,14,VakulaabharaNam,S R1 G3 P D1 N2 S,S N2 D1 M1 R1 S,S R₁ G₃ P D₁ N₂ Ṡ,S N₂ D₁ M₁ R₁ Ṡ,False
shrianaka,ShrIAnaka,shrIAnaka,14,VakulaabharaNam,S G3 M1 D1 S,S N2 P M1 R1 S,S G₃ M₁ D₁ Ṡ,S N₂ P M₁ R₁ Ṡ,False
shrianandalocana,ShrIAnandalOcana,shrIAnandalOcana,14,VakulaabharaNam,S G3 M1 P D1 N2 S,S N2 D1 M1 R1 S,S G₃ M₁ P D₁ N₂ Ṡ,S N₂ D₁ M₁ R₁ Ṡ,False
shrianandavalli,ShrIAnandavalli,shrIAnandavalli,14,VakulaabharaNam,S R1 M1 P D1 N2 S,S D1 M1 G3 S,S R₁ M₁ P D₁ N₂ Ṡ,S D₁ M₁ G₃ Ṡ,False
shrianavila,ShrIanAvila,shrIanAvila,14,VakulaabharaNam,S R1 M1 P D1 N2 S,S N2 P M1 R1 S,S R₁ M₁ P D₁ N₂ Ṡ,S N₂ P M₁ R₁ Ṡ,False
shrianila,ShrIaNila,shrIaNila,14,VakulaabharaNam,S R1 M1 P D1 N2 S,S N2 D1 M1 R1 S,S R₁ M₁ P D₁ N₂ Ṡ,S N₂ D₁ M₁ R₁ Ṡ,False
shriasana,ShrIAsana,shrIAsana,14,VakulaabharaNam,S R1 G3 P N2 S,S N2 D1 M1 G3 R1 S,S R₁ G₃ P N₂ Ṡ,S N₂ D₁ M₁ G₃ R₁ Ṡ,False
shriata,ShrIAta,shrIAta,14,VakulaabharaNam,S R1 G3 M1 P D1 N2 S,S N2 D1 M1 R1 S,S R₁ G₃ M₁ P D₁ N₂ Ṡ,S N₂ D₁ M₁ R₁ Ṡ,False
shrikalkada,ShrIkalkaDa,shrIkalkaDa,14,VakulaabharaNam,S R1 G3 P D1 N2 S,S N2 D1 P G3 R1 S,S R₁ G₃ P D₁ N₂ Ṡ,S N₂ D₁ P G₃ R₁ Ṡ,False
shrikuvalayabharanam,ShrIkuvalayabharaNam,shrIkuvalayabharaNam,14,VakulaabharaNam,S R1 G3 M1 D1 N2 S,S N2 D1 M1 G3 R1 S,S R₁ G₃ M₁ D₁ N₂ Ṡ,S N₂ D₁ M₁ G₃ R₁ Ṡ,False
shrimaalakantha,ShrImAAlakanTha,shrImAAlakanTha,14,VakulaabharaNam,S G3 M1 P N2 S,S D1 M1 R1 S,S G₃ M₁ P N₂ Ṡ,S D₁ M₁ R₁ Ṡ,False
shyama,ShyAma,shyAma,14,VakulaabharaNam,S R1 G3 P M1 D1 N2 S,S N2 D1 M1 G3 S,S R₁ G₃ P M₁ D₁ N₂ Ṡ,S N₂ D₁ M₁ G₃ Ṡ,False
shyamacintamani,ShyAmacintAmaNi,shyAmacintAmaNi,14,VakulaabharaNam,S R1 M1 P D1 S,S N2 D1 P M1 G3 R1 S,S R₁ M₁ P D₁ Ṡ,S N₂ D₁ P M₁ G₃ R₁ Ṡ,False
shyamacintamani,ShyAmacintAmaNi,shyAmacintAmaNi,14,VakulaabharaNam,S R1 M1 P D1 S,S N2 P D1 M1 G3 R1 S,S R₁ M₁ P D₁ Ṡ,S N₂ P D₁ M₁ G₃ R₁ Ṡ,False
soma,SOma,sOma,14,VakulaabharaNam,S R1 G3 P M1 D1 N2 S,S N2 D1 M1 G3 R1 S,S R₁ G₃ P M₁ D₁ N₂ Ṡ,S N₂ D₁ M₁ G₃ R₁ Ṡ,False
soma,SOma,sOma,14,VakulaabharaNam,S R1 M1 P M1 D1 N2 S,S N2 D1 M1 G3 R1 S,S R₁ M₁ P M₁ D₁ N₂ Ṡ,S N₂ D₁ M₁ G₃ R₁ Ṡ,False
soma,SOma,sOma,14,VakulaabharaNam,S R1 P M1 D1 N2 S,S N2 D1 M1 G3 R1 S,S R₁ P M₁ D₁ N₂ Ṡ,S N₂ D₁ M₁ G₃ R₁ Ṡ,False
sudalayadi,Sudalayadi,sudalayadi,14,VakulaabharaNam,S G3 P D1 N2 S,S N2 D1 P G3 S,S G₃ P D₁ N₂ Ṡ,S N₂ D₁ P G₃ Ṡ,False
sudhakambhoji,SudhAkAmbhOji,sudhAkAmbhOji,14,VakulaabharaNam,S G3 R1 M1 P N2 S,S N2 P M1 G3 R1 S,S G₃ R₁ M₁ P N₂ Ṡ,S N₂ P M₁ G₃ R₁ Ṡ,False
suryavarati,SUryavarATi,sUryavarATi,14,VakulaabharaNam,S R1 M1 P D1 S,S N2 D1 M1 G3 R1 S,S R₁ M₁ P D₁ Ṡ,S N₂ D₁ M₁ G₃ R₁ Ṡ,False
tandavollasini,TANDavOllAsini,tANDavOllAsini,14,VakulaabharaNam,S R1 G3 P D1 N2 S,S N2 D1 P G3 R1 S,S R₁ G₃ P D₁ N₂ Ṡ,S N₂ D₁ P G₃ R₁ Ṡ,False
tannavan,Tannavan,tannavan,14,VakulaabharaNam,S G3 P N2 S,S N2 P G3 S,S G₃ P N₂ Ṡ,S N₂ P G₃ Ṡ,False
tapam,TApam,tApam,14,VakulaabharaNam,S G3 P D1 N2 S,S N2 D1 P G3 S,S G₃ P D₁ N₂ Ṡ,S N₂ D₁ P G₃ Ṡ,False
tapanan,Tapanan,tapanan,14,VakulaabharaNam,S R1 G3 M1 D1 S,S D1 M1 G3 R1 S,S R₁ G₃ M₁ D₁ Ṡ,S D₁ M₁ G₃ R₁ Ṡ,False
tapasapriya,TapasapriyA,tapasapriyA,14,VakulaabharaNam,S R1 G3 M1 N2 S,S N2 M1 G3 R1 S,S R₁ G₃ M₁ N₂ Ṡ,S N₂ M₁ G₃ R₁ Ṡ,False
tiruaravan,Tiruaravan,tiruaravan,14,VakulaabharaNam,S G3 M1 P D1 N2 S,S N2 D1 P M1 G3 R1 S,S G₃ M₁ P D₁ N₂ Ṡ,S N₂ D₁ P M₁ G₃ R₁ Ṡ,False
tiruattireya,TiruAttirEya,tiruAttirEya,14,VakulaabharaNam,S R1 M1 P D1 N2 S,S N2 D1 M1 S,S R₁ M₁ P D₁ N₂ Ṡ,S N₂ D₁ M₁ Ṡ,False
tirumaarivan,TirumAarivan,tirumAarivan,14,VakulaabharaNam,S R1 G3 M1 P D1 N2 S,S N2 P M1 R1 S,S R₁ G₃ M₁ P D₁ N₂ Ṡ,S N₂ P M₁ R₁ Ṡ,False
vakulabharana,VakuLAbharaNa,vakuLAbharaNa,14,VakulaabharaNam,S R1 G3 M1 P D1 N2 S,S N2 D1 P M1 G3 R1 S,S R₁ G₃ M₁ P D₁ N₂ Ṡ,S N₂ D₁ P M₁ G₃ R₁ Ṡ,False
vasantabhairavi,Vasantabhairavi,vasantabhairavi,14,VakulaabharaNam,S G3 R1 G3 M1 P N2 D1 N2 S,S N2 D1 P G3 R1 S,S G₃ R₁ G₃ M₁ P N₂ D₁ N₂ Ṡ,S N₂ D₁ P G₃ R₁ Ṡ,False
vasantabhairavi,Vasantabhairavi,vasantabhairavi,14,VakulaabharaNam,S G3 R1 M1 P N2 D1 N2 S,S N2 D1 P M1 R1 S,S G₃ R₁ M₁ P N₂ D₁ N₂ Ṡ,S N₂ D₁ P M₁ R₁ Ṡ,False
vasantabhairavi,Vasantabhairavi,vasantabhairavi,14,VakulaabharaNam,S R1 G3 M1 D1 N2 S,S N2 D1 M1 P M1 G3 R1 S,S R₁ G₃ M₁ D₁ N₂ Ṡ,S N₂ D₁ M₁ P M₁ G₃ R₁ Ṡ,False
vasantabhairavi,Vasantabhairavi,vasantabhairavi,14,VakulaabharaNam,S R1 G3 M1 D1 N2 S,S N2 D1 N2 D1 M1 P M1 G3 R1 S,S R₁ G₃ M₁ D₁ N₂ Ṡ,S N₂ D₁ N₂ D₁ M₁ P M₁ G₃ R₁ Ṡ,False
vasantabhairavi,Vasantabhairavi,vasantabhairavi,14,VakulaabharaNam,S R1 G3 M1 D1 N2 S,S N2 D1 P M1 G3 R1 S,S R₁ G₃ M₁ D₁ N₂ Ṡ,S N₂ D₁ P M₁ G₃ R₁ Ṡ,False
vasantabhairavi,Vasantabhairavi,vasantabhairavi,14,VakulaabharaNam,S R1 M1 P D1 N2 S,S N2 D1 P M1 R1 S,S R₁ M₁ P D₁ N₂ Ṡ,S N₂ D₁ P M₁ R₁ Ṡ,False
vasantaka,Vasantaka,vasantaka,14,VakulaabharaNam,S R1 M1 P N2 D1 S,S N2 D1 D1 P M1 S M1 G3 R1 S,S R₁ M₁ P N₂ D₁ Ṡ,S N₂ D₁ D₁ P M₁ Ṡ M₁ G₃ R₁ Ṡ,False
vasantamukhari,VasantamukhAri,vasantamukhAri,14,VakulaabharaNam,S G3 R1 G3 M1 P N2 D1 S,S N2 D1 P M1 G3 R1 S,S G₃ R₁ G₃ M₁ P N₂ D₁ Ṡ,S N₂ D₁ P M₁ G₃ R₁ Ṡ,False
vasantamukhari,VasantamukhAri,vasantamukhAri,14,VakulaabharaNam,S M1 G3 M1 P D1 N2 S,S N2 D1 P M1 G3 R1 S,S M₁ G₃ M₁ P D₁ N₂ Ṡ,S N₂ D₁ P M₁ G₃ R₁ Ṡ,False
vasantamukhari,VasantamukhAri,vasantamukhAri,14,VakulaabharaNam,S R1 M1 G3 M1 P D1 N2 S,S N2 D1 P M1 G3 R1 S,S R₁ M₁ G₃ M₁ P D₁ N₂ Ṡ,S N₂ D₁ P M₁ G₃ R₁ Ṡ,False
vativasantabhairavi,Vativasantabhairavi,vativasantabhairavi,14,VakulaabharaNam,S R1 G3 M1 M1 D1 N2 S,S N2 D1 M1 G3 M1 P M1 G3 R1,S R₁ G₃ M₁ M₁ D₁ N₂ Ṡ,S N₂ D₁ M₁ G₃ M₁ P M₁ G₃ R₁,False
vidashoka,ViDashoka,viDashoka,14,VakulaabharaNam,S R1 M1 D1 N2 S,S N2 D1 M1 R1 S,S R₁ M₁ D₁ N₂ Ṡ,S N₂ D₁ M₁ R₁ Ṡ,False
vijayollasini,VijayOllAsini,vijayOllAsini,14,VakulaabharaNam,S R1 G3 M1 P M1 D1 N2 S,S N2 D1 P M1 G3 R1 S,S R₁ G₃ M₁ P M₁ D₁ N₂ Ṡ,S N₂ D₁ P M₁ G₃ R₁ Ṡ,False
viraala,VIraALa,vIraALa,14,VakulaabharaNam,S R1 G3 P D1 S,S N2 D1 P M1 G3 R1 S,S R₁ G₃ P D₁ Ṡ,S N₂ D₁ P M₁ G₃ R₁ Ṡ,False
viralon,ViralOn,viralOn,14,VakulaabharaNam,S R1 G3 P D1 S,S N2 D1 P M1 G3 R1 S,S R₁ G₃ P D₁ Ṡ,S N₂ D₁ P M₁ G₃ R₁ Ṡ,False
vitashokan,VItashOkan,vItashOkan,14,VakulaabharaNam,S R1 M1 D1 N2 S,S N2 D1 M1 R1 S,S R₁ M₁ D₁ N₂ Ṡ,S N₂ D₁ M₁ R₁ Ṡ,False
anamayan,Anamayan,anamayan,15,MaayamaaLava,S R1 G3 M1 D1 N3 S,S N3 D1 M1 G3 R1 S,S R₁ G₃ M₁ D₁ N₃ Ṡ,S N₃ D₁ M₁ G₃ R₁ Ṡ,False
anandai,Anandai,Anandai,15,MaayamaaLava,S R1 G3 M1 P D1 N3 S,S N3 P M1 G3 R1 S,S R₁ G₃ M₁ P D₁ N₃ Ṡ,S N₃ P M₁ G₃ R₁ Ṡ,False
andivannan,ANDivaNNan,ANDivaNNan,15,MaayamaaLava,S R1 M1 P N3 S,S N3 D1 P G3 S,S R₁ M₁ P N₃ Ṡ,S N₃ D₁ P G₃ Ṡ,False
ardhadeshika,ArdhadEshikA,ardhadEshikA,15,MaayamaaLava,S R1 G3 M1 N3 D1 N3 S,S D1 M1 S R1 S R1 S,S R₁ G₃ M₁ N₃ D₁ N₃ Ṡ,S D₁ M₁ Ṡ R₁ Ṡ R₁ Ṡ,False
ardhadeshika,ArdhadEshikA,ardhadEshikA,15,MaayamaaLava,S R1 G3 M1 P D1 N3 S,S D1 P M1 G3 R1 S,S R₁ G₃ M₁ P D₁ N₃ Ṡ,S D₁ P M₁ G₃ R₁ Ṡ,False
ardhadeshika,ArdhadEshikA,ardhadEshikA,15,MaayamaaLava,S R1 M1 P N3 D1 S,S N3 D1 N3 P D1 M1 G3 R1 G3 S,S R₁ M₁ P N₃ D₁ Ṡ,S N₃ D₁ N₃ P D₁ M₁ G₃ R₁ G₃ Ṡ,False
ardhambari,ArdhAmbari,ardhAmbari,15,MaayamaaLava,S R1 G3 M1 P D1 N3 S,S N3 P M1 R1 S,S R₁ G₃ M₁ P D₁ N₃ Ṡ,S N₃ P M₁ R₁ Ṡ,False
ardhradeshika,ArdhradEshikA,ArdhradEshikA,15,MaayamaaLava,S G3 M1 P D1 N3 S,S D1 P M1 G3 R1 S,S G₃ M₁ P D₁ N₃ Ṡ,S D₁ P M₁ G₃ R₁ Ṡ,False
ardhradeshika,ArdhradEshikA,ArdhradEshikA,15,MaayamaaLava,S R1 G3 M1 P D1 N3 S,S N3 P D1 P M1 G3 R1 S,S R₁ G₃ M₁ P D₁ N₃ Ṡ,S N₃ P D₁ P M₁ G₃ R₁ Ṡ,False
ardradesi,ArdradEsi,ArdradEsi,15,MaayamaaLava,S R1 G3 M1 P D1 S N3 S,S D1 P M1 G3 R1 S,S R₁ G₃ M₁ P D₁ Ṡ N₃ Ṡ,S D₁ P M₁ G₃ R₁ Ṡ,False
ardrambari,ArdrAmbari,ArdrAmbari,15,MaayamaaLava,S R1 G3 M1 P D1 N3 S,S N3 P M1 R1 S,S R₁ G₃ M₁ P D₁ N₃ Ṡ,S N₃ P M₁ R₁ Ṡ,False
arudradesi,ArudradEsi,arudradEsi,15,MaayamaaLava,S R1 G3 M1 P D1 N3 S,S D1 P M1 G3 R1 S,S R₁ G₃ M₁ P D₁ N₃ Ṡ,S D₁ P M₁ G₃ R₁ Ṡ,False
asamanjari,Asamanjari,Asamanjari,15,MaayamaaLava,S R1 G3 P D1 S,S N3 P M1 R1 S,S R₁ G₃ P D₁ Ṡ,S N₃ P M₁ R₁ Ṡ,False
ayanmalai,AyanmAlai,AyanmAlai,15,MaayamaaLava,S R1 M1 P D1 N3 S,S N3 P G3 R1 S,S R₁ M₁ P D₁ N₃ Ṡ,S N₃ P G₃ R₁ Ṡ,False
bageshribahar,BAgEshrIbahAr,bAgEshrIbahAr,15,MaayamaaLava,S G3 R1 G3 M1 P D1 S,S N3 D1 P M1 G3 R1 S,S G₃ R₁ G₃ M₁ P D₁ Ṡ,S N₃ D₁ P M₁ G₃ R₁ Ṡ,False
bageshribahar,BAgEshrIbahAr,bAgEshrIbahAr,15,MaayamaaLava,S R1 G3 P D1 N3 S,S D1 N3 D1 M1 G3 R1 S,S R₁ G₃ P D₁ N₃ Ṡ,S D₁ N₃ D₁ M₁ G₃ R₁ Ṡ,False
balikavasanta,BAlikAvasanta,bAlikAvasanta,15,MaayamaaLava,S R1 G3 M1 P D1 N3 S,S N3 D1 N3 P M1 G3 R1 S,S R₁ G₃ M₁ P D₁ N₃ Ṡ,S N₃ D₁ N₃ P M₁ G₃ R₁ Ṡ,False
balikavasanta,BAlikAvasanta,bAlikAvasanta,15,MaayamaaLava,S R1 G3 M1 P D1 N3 S,S N3 D1 N3 P M1 P D1 N3 M1 G3 R1 S,S R₁ G₃ M₁ P D₁ N₃ Ṡ,S N₃ D₁ N₃ P M₁ P D₁ N₃ M₁ G₃ R₁ Ṡ,False
basamana,BasamAna,basamAna,15,MaayamaaLava,S R1 G3 M1 P D1 N3 S,S N3 D1 N3 P M1 R1 M1 G3 S,S R₁ G₃ M₁ P D₁ N₃ Ṡ,S N₃ D₁ N₃ P M₁ R₁ M₁ G₃ Ṡ,False
baulangi,BauLAngi,bauLAngi,15,MaayamaaLava,S G3 R1 G3 M1 P D1 P S,S N3 D1 P M1 G3 R1 S,S G₃ R₁ G₃ M₁ P D₁ P Ṡ,S N₃ D₁ P M₁ G₃ R₁ Ṡ,False
bauli,BauLi,bauLi,15,MaayamaaLava,S R1 G3 P D1 N3 D1 S,S N3 D1 P G3 R1 S,S R₁ G₃ P D₁ N₃ D₁ Ṡ,S N₃ D₁ P G₃ R₁ Ṡ,False
bauli,BauLi,bauLi,15,MaayamaaLava,S R1 G3 P D1 S,S N3 D1 P G3 R1 S,S R₁ G₃ P D₁ Ṡ,S N₃ D₁ P G₃ R₁ Ṡ,False
bhairava,Bhairava,bhairava,15,MaayamaaLava,S R1 G3 M1 P D2 N2 S,S D2 P M1 M1 P M1 G3 R1 S,S R₁ G₃ M₁ P D₂ N₂ Ṡ,S D₂ P M₁ M₁ P M₁ G₃ R₁ Ṡ,False
bhajamana,BhajamanA,bhajamanA,15,MaayamaaLava,S R1 G3 M1 P D1 N3 S,S N3 D1 N3 P M1 R1 G3 M1 G3 S,S R₁ G₃ M₁ P D₁ N₃ Ṡ,S N₃ D₁ N₃ P M₁ R₁ G₃ M₁ G₃ Ṡ,False
bhamamani,BhAmAmaNi,bhAmAmaNi,15,MaayamaaLava,S M1 R1 G3 M1 D1 N3 S,S D1 P G3 R1 S,S M₁ R₁ G₃ M₁ D₁ N₃ Ṡ,S D₁ P G₃ R₁ Ṡ,False
bhamini,BhAmini,bhAmini,15,MaayamaaLava,S G3 M1 P D1 N3 S,S N3 D1 P M1 G3 S,S G₃ M₁ P D₁ N₃ Ṡ,S N₃ D₁ P M₁ G₃ Ṡ,False
bharmakesari,BharmakEsari,bharmakEsari,15,MaayamaaLava,S R1 G3 P D1 N3 S,S N3 D1 N3 M1 G3 R1 S,S R₁ G₃ P D₁ N₃ Ṡ,S N₃ D₁ N₃ M₁ G₃ R₁ Ṡ,False
bharmamani,BhArmamaNi,bhArmamaNi,15,MaayamaaLava,S M1 R1 G3 M1 D1 N3 S,S D1 P G3 R1 S,S M₁ R₁ G₃ M₁ D₁ N₃ Ṡ,S D₁ P G₃ R₁ Ṡ,False
bhavahamsa,Bhavahamsa,bhavahamsa,15,MaayamaaLava,S G3 P D1 N3 S,S N3 P R1 M1 G3 S,S G₃ P D₁ N₃ Ṡ,S N₃ P R₁ M₁ G₃ Ṡ,False
bhavahamsa,BhAvahamsa,bhAvahamsa,15,MaayamaaLava,S G3 P D1 S,S N3 P R1 M1 G3 S,S G₃ P D₁ Ṡ,S N₃ P R₁ M₁ G₃ Ṡ,False
bhavini,BhAvini,bhAvini,15,MaayamaaLava,S G3 M1 P D1 N3 S,S N3 D1 P M1 G3 S,S G₃ M₁ P D₁ N₃ Ṡ,S N₃ D₁ P M₁ G₃ Ṡ,False
bhavini,BhAvini,bhAvini,15,MaayamaaLava,S R1 G3 P D1 N3 S,S N3 D1 P G3 R1 S,S R₁ G₃ P D₁ N₃ Ṡ,S N₃ D₁ P G₃ R₁ Ṡ,False
bhogavasantam,BhOgavasantam,bhOgavasantam,15,MaayamaaLava,S R1 G3 M1 P D1 S,S N3 M1 G3 R1 S,S R₁ G₃ M₁ P D₁ Ṡ,S N₃ M₁ G₃ R₁ Ṡ,False
bhupala,BhUpALa,bhUpALa,15,MaayamaaLava,S R1 G3 P D1 S,S D1 P G3 R1 S,S R₁ G₃ P D₁ Ṡ,S D₁ P G₃ R₁ Ṡ,False
bibasu,BibAsu,bibAsu,15,MaayamaaLava,S R1 G3 P D1 N3 S,S N3 D1 P G3 R1 S,S R₁ G₃ P D₁ N₃ Ṡ,S N₃ D₁ P G₃ R₁ Ṡ,False
bibasu,BibAsu,bibAsu,15,MaayamaaLava,S R1 G3 P D1 S,S D1 P G3 R1 S,S R₁ G₃ P D₁ Ṡ,S D₁ P G₃ R₁ Ṡ,False
bibasu,BibAsu,bibAsu,15,MaayamaaLava,S R1 G3 P D1 S,S D1 P M1 R1 S,S R₁ G₃ P D₁ Ṡ,S D₁ P M₁ R₁ Ṡ,False
bibasu,BibAsu,bibAsu,15,MaayamaaLava,S R1 S G3 P D1 S,S N3 D1 P M1 P D1 P G3 R1 S,S R₁ Ṡ G₃ P D₁ Ṡ,S N₃ D₁ P M₁ P D₁ P G₃ R₁ Ṡ,False
binduherali,BinduheraLi,binduheraLi,15,MaayamaaLava,S R1 G3 R1 G3 M1 P D1 N3 D1 M1 P D1 N3 S,S N3 D1 P M1 G3 R1 S,S R₁ G₃ R₁ G₃ M₁ P D₁ N₃ D₁ M₁ P D₁ N₃ Ṡ,S N₃ D₁ P M₁ G₃ R₁ Ṡ,False
bindumalini,BindumAlini,bindumAlini,15,MaayamaaLava,S G3 R1 G3 M1 P N3 S,S N3 S D1 P G3 R1 S,S G₃ R₁ G₃ M₁ P N₃ Ṡ,S N₃ Ṡ D₁ P G₃ R₁ Ṡ,False
brahmalila,BrahmalIlA,brahmalIlA,15,MaayamaaLava,S R1 G3 M1 D1 N3 S,S N3 D1 P M1 G3 R1 S,S R₁ G₃ M₁ D₁ N₃ Ṡ,S N₃ D₁ P M₁ G₃ R₁ Ṡ,False
cammarakriya,CammarakriyA,cammarakriyA,15,MaayamaaLava,S R1 G3 D1 N3 S,S N3 D1 P R1 S,S R₁ G₃ D₁ N₃ Ṡ,S N₃ D₁ P R₁ Ṡ,False
candracuda,CandracUDa,candracUDa,15,MaayamaaLava,S M1 G3 M1 P D1 S,S N3 D1 P M1 G3 S,S M₁ G₃ M₁ P D₁ Ṡ,S N₃ D₁ P M₁ G₃ Ṡ,False
candrarekha,CandrarEkhA,candrarEkhA,15,MaayamaaLava,S R1 G3 P N3 D1 N3 S,S D1 P M1 G3 R1 S,S R₁ G₃ P N₃ D₁ N₃ Ṡ,S D₁ P M₁ G₃ R₁ Ṡ,False
candrikadavali,CandrikAdavaLi,candrikAdavaLi,15,MaayamaaLava,S R1 M1 P D1 N3 S,S N3 D1 P M1 G3 S,S R₁ M₁ P D₁ N₃ Ṡ,S N₃ D₁ P M₁ G₃ Ṡ,False
candrikagaula,CandrikAgauLa,candrikAgauLa,15,MaayamaaLava,S R1 M1 P D1 N3 S,S N3 D1 P M1 G3 S,S R₁ M₁ P D₁ N₃ Ṡ,S N₃ D₁ P M₁ G₃ Ṡ,False
caruvardhani,CAruvardhani,cAruvardhani,15,MaayamaaLava,S R1 M1 P D1 N3 S,S D1 P M1 G3 R1 S,S R₁ M₁ P D₁ N₃ Ṡ,S D₁ P M₁ G₃ R₁ Ṡ,False
cekarnika,CekarNika,cekarNika,15,MaayamaaLava,S M1 G3 M1 P D1 N3 S,S N3 P M1 G3 R1 S,S M₁ G₃ M₁ P D₁ N₃ Ṡ,S N₃ P M₁ G₃ R₁ Ṡ,False
cetagauri,CEtagauri,cEtagauri,15,MaayamaaLava,S G3 M1 P D1 N3 S,S N3 D1 P M1 G3 S,S G₃ M₁ P D₁ N₃ Ṡ,S N₃ D₁ P M₁ G₃ Ṡ,False
chayagaula,ChAyAgauLa,chAyAgauLa,15,MaayamaaLava,S R1 G3 R1 M1 P D1 N3 S,S D1 N3 P M1 G3 S,S R₁ G₃ R₁ M₁ P D₁ N₃ Ṡ,S D₁ N₃ P M₁ G₃ Ṡ,False
chayagaula,ChAyAgauLa,chAyAgauLa,15,MaayamaaLava,S R1 M1 D1 M1 P N3 S,S N3 D1 P M1 G3 R1 S,S R₁ M₁ D₁ M₁ P N₃ Ṡ,S N₃ D₁ P M₁ G₃ R₁ Ṡ,False
chayagaula,ChAyAgauLa,chAyAgauLa,15,MaayamaaLava,S R1 M1 P D1 P M1 P D1 S,S N3 D1 D1 P M1 G3 S R1 S,S R₁ M₁ P D₁ P M₁ P D₁ Ṡ,S N₃ D₁ D₁ P M₁ G₃ Ṡ R₁ Ṡ,False
chayagaula,ChAyAgauLa,chAyAgauLa,15,MaayamaaLava,S R1 M1 P N3 S,S N3 D1 P M1 G3 R1 S,S R₁ M₁ P N₃ Ṡ,S N₃ D₁ P M₁ G₃ R₁ Ṡ,False
chayagaula,ChAyAgauLa,chAyAgauLa,15,MaayamaaLava,S R1 M1 P N3 S,S N3 D1 P M1 G3 S R1 S,S R₁ M₁ P N₃ Ṡ,S N₃ D₁ P M₁ G₃ Ṡ R₁ Ṡ,False
chayagauri,ChAyAgauri,chAyAgauri,15,MaayamaaLava,S R1 M1 G3 M1 P N3 D1 N3 S,S N3 D1 P M1 G3 M1 R1 S,S R₁ M₁ G₃ M₁ P N₃ D₁ N₃ Ṡ,S N₃ D₁ P M₁ G₃ M₁ R₁ Ṡ,False
chayakaushika,ChAyAkaushika,chAyAkaushika,15,MaayamaaLava,S G3 R1 G3 M1 P N3 S,S N3 D1 P M1 G3 R1 S,S G₃ R₁ G₃ M₁ P N₃ Ṡ,S N₃ D₁ P M₁ G₃ R₁ Ṡ,False
chayakaushika,ChAyAkaushika,chAyAkaushika,15,MaayamaaLava,S N3 S G3 R1 G3 M1 P N3 S,S N3 D1 P M1 G3 R1 S,S N₃ Ṡ G₃ R₁ G₃ M₁ P N₃ Ṡ,S N₃ D₁ P M₁ G₃ R₁ Ṡ,False
chikamara,ChIkamara,chIkamara,15,MaayamaaLava,S R1 G3 M1 P D1 N3,N3 D1 P M1 G3 R1 S N3,S R₁ G₃ M₁ P D₁ N₃,N₃ D₁ P M₁ G₃ R₁ Ṡ N₃,False
citramandra,Citramandra,citramandra,15,MaayamaaLava,S R1 G3 M1 N3 S,S N3 D1 M1 G3 R1 S,S R₁ G₃ M₁ N₃ Ṡ,S N₃ D₁ M₁ G₃ R₁ Ṡ,False
citramandra,Citramandra,citramandra,15,MaayamaaLava,S R1 G3 M1 N3 S,S N3 D1 P M1 G3 R1 S,S R₁ G₃ M₁ N₃ Ṡ,S N₃ D₁ P M₁ G₃ R₁ Ṡ,False
dakka,Dakka,Dakka,15,MaayamaaLava,S G3 M1 D1 D1 N3 D1 S,S D1 M1 G3 R1 G3 S,S G₃ M₁ D₁ D₁ N₃ D₁ Ṡ,S D₁ M₁ G₃ R₁ G₃ Ṡ,False
dakka,Dakka,Dakka,15,MaayamaaLava,S G3 M1 P M1 G3 M1 D1 N3 S,S N3 D1 M1 P M1 G3 M1 R1 G3 S,S G₃ M₁ P M₁ G₃ M₁ D₁ N₃ Ṡ,S N₃ D₁ M₁ P M₁ G₃ M₁ R₁ G₃ Ṡ,False
dakka,Dakka,Dakka,15,MaayamaaLava,S R1 G3 M1 G3 M1 D1 N3 S,S N3 P M1 G3 M1 P R1 G3 S,S R₁ G₃ M₁ G₃ M₁ D₁ N₃ Ṡ,S N₃ P M₁ G₃ M₁ P R₁ G₃ Ṡ,False
dakka,Dakka,Dakka,15,MaayamaaLava,S R1 S G3 M1 G3 M1 P M1 D1 N3 S,S N3 D1 M1 G3 S M1 R1 S,S R₁ Ṡ G₃ M₁ G₃ M₁ P M₁ D₁ N₃ Ṡ,S N₃ D₁ M₁ G₃ Ṡ M₁ R₁ Ṡ,False
dakka,Dakka,Dakka,15,MaayamaaLava,S R1 S G3 M1 G3 P M1 D1 N3 S,S N3 D1 M1 G3 P M1 R1 S,S R₁ Ṡ G₃ M₁ G₃ P M₁ D₁ N₃ Ṡ,S N₃ D₁ M₁ G₃ P M₁ R₁ Ṡ,False
daksayani,DakSAyaNi,dakSAyaNi,15,MaayamaaLava,S R1 P D1 N3 S,S N3 D1 P R1 S,S R₁ P D₁ N₃ Ṡ,S N₃ D₁ P R₁ Ṡ,False
darakavasanta,DArakavasanta,dArakavasanta,15,MaayamaaLava,S G3 R1 M1 P N3 S,S N3 D1 P M1 G3 R1 S,S G₃ R₁ M₁ P N₃ Ṡ,S N₃ D₁ P M₁ G₃ R₁ Ṡ,False
deshyagaula,DEshyagauLa,dEshyagauLa,15,MaayamaaLava,G3 R1 S P D1 N3 S,S N3 D1 P S R1 S,G₃ R₁ Ṡ P D₁ N₃ Ṡ,S N₃ D₁ P Ṡ R₁ Ṡ,False
deshyagaula,DEshyagauLa,dEshyagauLa,15,MaayamaaLava,S M1 G3 M1 P D1 N3 D1 S,S N3 D1 P M1 R1 G3 R1 S,S M₁ G₃ M₁ P D₁ N₃ D₁ Ṡ,S N₃ D₁ P M₁ R₁ G₃ R₁ Ṡ,False
deshyagaula,DEshyagauLa,dEshyagauLa,15,MaayamaaLava,S R1 P D1 N3 S,S N3 D1 P R1 S,S R₁ P D₁ N₃ Ṡ,S N₃ D₁ P R₁ Ṡ,False
deshyagaula,DEshyagauLa,dEshyagauLa,15,MaayamaaLava,S R1 S P D1 N3 S,S N3 D1 P S R1 S,S R₁ Ṡ P D₁ N₃ Ṡ,S N₃ D₁ P Ṡ R₁ Ṡ,False
deshyaregupti,DEshyarEgupti,dEshyarEgupti,15,MaayamaaLava,S R1 G3 R1 M1 P D1 N3 S,S D1 N3 D1 P M1 G3 S,S R₁ G₃ R₁ M₁ P D₁ N₃ Ṡ,S D₁ N₃ D₁ P M₁ G₃ Ṡ,False
deshyarevagupti,DEshyarEvagupti,dEshyarEvagupti,15,MaayamaaLava,S R1 G3 R1 M1 P D1 N3 S,S D1 N3 D1 P M1 G3 S,S R₁ G₃ R₁ M₁ P D₁ N₃ Ṡ,S D₁ N₃ D₁ P M₁ G₃ Ṡ,False
devaranjani,DEvaranjani,dEvaranjani,15,MaayamaaLava,S M1 P D1 N3 S,S N3 D1 P M1 S,S M₁ P D₁ N₃ Ṡ,S N₃ D₁ P M₁ Ṡ,False
devaranji,DEvaranji,dEvaranji,15,MaayamaaLava,S M1 P D1 N3 S,S N3 D1 P M1 S,S M₁ P D₁ N₃ Ṡ,S N₃ D₁ P M₁ Ṡ,False
devaranji,DEvaranji,dEvaranji,15,MaayamaaLava,S R1 M1 P D1 P N3 S,S N3 D1 P M1 S,S R₁ M₁ P D₁ P N₃ Ṡ,S N₃ D₁ P M₁ Ṡ,False
dhakka,Dhakka,Dhakka,15,MaayamaaLava,S R1 G3 M1 P M1 G3 M1 D1 N3 S,S N3 D1 M1 P M1 G3 M1 R1 G3 S,S R₁ G₃ M₁ P M₁ G₃ M₁ D₁ N₃ Ṡ,S N₃ D₁ M₁ P M₁ G₃ M₁ R₁ G₃ Ṡ,False
dhamaranjani,DhAmaranjani,dhAmaranjani,15,MaayamaaLava,S R1 M1 P N3 D1 S,S D1 M1 P M1 R1 G3 S,S R₁ M₁ P N₃ D₁ Ṡ,S D₁ M₁ P M₁ R₁ G₃ Ṡ,False
dhatakunda,Dhatakunda,dhatakunda,15,MaayamaaLava,S R1 M1 G3 M1 N3 D1 N3 S,S D1 P M1 R1 S,S R₁ M₁ G₃ M₁ N₃ D₁ N₃ Ṡ,S D₁ P M₁ R₁ Ṡ,False
dhavalangi,DhavaLAngi,dhavaLAngi,15,MaayamaaLava,S R1 G3 M1 P D1 P S,S N3 D1 P M1 G3 R1 S,S R₁ G₃ M₁ P D₁ P Ṡ,S N₃ D₁ P M₁ G₃ R₁ Ṡ,False
dhiramati,DhIramati,dhIramati,15,MaayamaaLava,S R1 M1 P D1 S,S D1 P M1 R1 G3 R1 S,S R₁ M₁ P D₁ Ṡ,S D₁ P M₁ R₁ G₃ R₁ Ṡ,False
dhisanarati,DhISaNArati,dhISaNArati,15,MaayamaaLava,S R1 G3 M1 D1 N3 S,S N3 D1 P D1 M1 R1 S N3 D1 N3 S,S R₁ G₃ M₁ D₁ N₃ Ṡ,S N₃ D₁ P D₁ M₁ R₁ Ṡ N₃ D₁ N₃ Ṡ,False
dikshanarti,DIkshanArti,dIkshanArti,15,MaayamaaLava,S R1 G3 M1 D1 N3 S,S N3 D1 P D1 M1 R1 S N3 D1,S R₁ G₃ M₁ D₁ N₃ Ṡ,S N₃ D₁ P D₁ M₁ R₁ Ṡ N₃ D₁,False
divyabauli,DivyabauLi,divyabauLi,15,MaayamaaLava,S R1 G3 P N3 S,S D1 P M1 G3 R1 G3 S,S R₁ G₃ P N₃ Ṡ,S D₁ P M₁ G₃ R₁ G₃ Ṡ,False
divyabauli,DivyabauLi,divyabauLi,15,MaayamaaLava,S R1 G3 P S,S D1 P M1 G3 R1 S,S R₁ G₃ P Ṡ,S D₁ P M₁ G₃ R₁ Ṡ,False
divyamangala,DivyamangaLa,divyamangaLa,15,MaayamaaLava,S R1 G3 M1 P N3 D1 S,S D1 P M1 G3 R1 S,S R₁ G₃ M₁ P N₃ D₁ Ṡ,S D₁ P M₁ G₃ R₁ Ṡ,False
divyamanjula,DivyamanjuLa,divyamanjuLa,15,MaayamaaLava,S R1 G3 M1 P N3 D1 S,S D1 P M1 G3 R1 S,S R₁ G₃ M₁ P N₃ D₁ Ṡ,S D₁ P M₁ G₃ R₁ Ṡ,False
ekaksari,EkAkSari,EkAkSari,15,MaayamaaLava,S R1 G3 M1 P D1 N3 S,S N3 P M1 R1 G3 M1 R1 S,S R₁ G₃ M₁ P D₁ N₃ Ṡ,S N₃ P M₁ R₁ G₃ M₁ R₁ Ṡ,False
ekalila,EkalIlA,EkalIlA,15,MaayamaaLava,S R1 G3 R1 M1 P N3 D1 N3 P D1 S,S D1 P M1 G3 R1 S,S R₁ G₃ R₁ M₁ P N₃ D₁ N₃ P D₁ Ṡ,S D₁ P M₁ G₃ R₁ Ṡ,False
ekanika,EkAnIka,EkAnIka,15,MaayamaaLava,S M1 G3 M1 P D1 N3 S,S N3 P M1 G3 R1 S,S M₁ G₃ M₁ P D₁ N₃ Ṡ,S N₃ P M₁ G₃ R₁ Ṡ,False
elaksari,ElAkSari,ElAkSari,15,MaayamaaLava,S R1 G3 M1 P D1 N3 S,S N3 P M1 R1 G3 M1 R1 S,S R₁ G₃ M₁ P D₁ N₃ Ṡ,S N₃ P M₁ R₁ G₃ M₁ R₁ Ṡ,False
elaksari,ElAkSari,ElAkSari,15,MaayamaaLava,S R1 G3 M1 P D1 N3 S,S N3 P M1 R1 G3 M1 S,S R₁ G₃ M₁ P D₁ N₃ Ṡ,S N₃ P M₁ R₁ G₃ M₁ Ṡ,False
gamanalalita,GamanalalitA,gamanalalitA,15,MaayamaaLava,S R1 S G3 M1 P D1 N3 D1 S,S D1 M1 G3 R1 S,S R₁ Ṡ G₃ M₁ P D₁ N₃ D₁ Ṡ,S D₁ M₁ G₃ R₁ Ṡ,False
ganasabha,GAnasabhA,gAnasabhA,15,MaayamaaLava,S R1 M1 D1 N3 P S,S N3 D1 N3 D1 P M1 G3 R1 S,S R₁ M₁ D₁ N₃ P Ṡ,S N₃ D₁ N₃ D₁ P M₁ G₃ R₁ Ṡ,False
ganasakha,GAnasakhA,gAnasakhA,15,MaayamaaLava,S R1 M1 D1 N3 P S,S D1 N3 D1 P M1 G3 R1 S,S R₁ M₁ D₁ N₃ P Ṡ,S D₁ N₃ D₁ P M₁ G₃ R₁ Ṡ,False
ganasvabhavam,GAnasvabhAvam,gAnasvabhAvam,15,MaayamaaLava,S R1 M1 D1 N3 P S,S N3 D1 N3 D1 P M1 G3 R1 S,S R₁ M₁ D₁ N₃ P Ṡ,S N₃ D₁ N₃ D₁ P M₁ G₃ R₁ Ṡ,False
gandharabauli,GAndhArabauLi,gAndhArabauLi,15,MaayamaaLava,S M1 G3 P D1 N3 S,S N3 D1 G3 R1 S,S M₁ G₃ P D₁ N₃ Ṡ,S N₃ D₁ G₃ R₁ Ṡ,False
gandhragaula,GAndhragauLa,gAndhragauLa,15,MaayamaaLava,S M1 G3 P D1 N3 S,S N3 D1 P G3 R1 S,S M₁ G₃ P D₁ N₃ Ṡ,S N₃ D₁ P G₃ R₁ Ṡ,False
gaula,GauLa,gauLa,15,MaayamaaLava,S R1 G3 M1 R1 M1 P N3 S,S N3 P M1 G3 M1 R1 S,S R₁ G₃ M₁ R₁ M₁ P N₃ Ṡ,S N₃ P M₁ G₃ M₁ R₁ Ṡ,False
gaula,GauLa,gauLa,15,MaayamaaLava,S R1 G3 M1 R1 M1 P N3 S,S N3 P M1 G3 R1 S,S R₁ G₃ M₁ R₁ M₁ P N₃ Ṡ,S N₃ P M₁ G₃ R₁ Ṡ,False
gaula,GauLa,gauLa,15,MaayamaaLava,S R1 G3 R1 M1 P N3 S,S N3 P M1 G3 M1 R1 S,S R₁ G₃ R₁ M₁ P N₃ Ṡ,S N₃ P M₁ G₃ M₁ R₁ Ṡ,False
gaula,GauLa,gauLa,15,MaayamaaLava,S R1 M1 P N3 S,S N3 P M1 G3 M1 R1 G3 M1 R1,S R₁ M₁ P N₃ Ṡ,S N₃ P M₁ G₃ M₁ R₁ G₃ M₁ R₁,False
gaula,GauLa,gauLa,15,MaayamaaLava,S R1 M1 P N3 S,S N3 P M1 R1 G3 M1 R1 S,S R₁ M₁ P N₃ Ṡ,S N₃ P M₁ R₁ G₃ M₁ R₁ Ṡ,False
gaularevagupti,GauLarEvagupti,gauLarEvagupti,15,MaayamaaLava,S R1 G3 P D1 S,S D1 P G3 R1 S,S R₁ G₃ P D₁ Ṡ,S D₁ P G₃ R₁ Ṡ,False
gaulipantu,GauLipantu,gauLipantu,15,MaayamaaLava,S R1 G3 R1 M1 P D1 P N3 S,S N3 D1 P M1 G3 R1 S,S R₁ G₃ R₁ M₁ P D₁ P N₃ Ṡ,S N₃ D₁ P M₁ G₃ R₁ Ṡ,False
gaulipantu,GauLipantu,gauLipantu,15,MaayamaaLava,S R1 M1 P N3 S,S N3 D1 M1 P D1 M1 G3 R1 S,S R₁ M₁ P N₃ Ṡ,S N₃ D₁ M₁ P D₁ M₁ G₃ R₁ Ṡ,False
gaulipantu,GauLipantu,gauLipantu,15,MaayamaaLava,S R1 M1 P N3 S,S N3 D1 P M1 D1 M1 G3 R1 S,S R₁ M₁ P N₃ Ṡ,S N₃ D₁ P M₁ D₁ M₁ G₃ R₁ Ṡ,False
gaulipantu,GauLipantu,gauLipantu,15,MaayamaaLava,S R1 M1 P N3 S,S N3 D1 P M1 P D1 M1 G3 R1 S,S R₁ M₁ P N₃ Ṡ,S N₃ D₁ P M₁ P D₁ M₁ G₃ R₁ Ṡ,False
gauri,Gauri,gauri,15,MaayamaaLava,S R1 G3 M1 P D1 N3 S,S N3 D1 P M1 P M1 G3 R1 S,S R₁ G₃ M₁ P D₁ N₃ Ṡ,S N₃ D₁ P M₁ P M₁ G₃ R₁ Ṡ,False
gauri,Gauri,gauri,15,MaayamaaLava,S R1 M1 N3 S,S N3 D1 P M1 G3 R1 S,S R₁ M₁ N₃ Ṡ,S N₃ D₁ P M₁ G₃ R₁ Ṡ,False
gauri,Gauri,gauri,15,MaayamaaLava,S R1 M1 P D1 P N3 S,S N3 D1 P M1 G3 R1 S,S R₁ M₁ P D₁ P N₃ Ṡ,S N₃ D₁ P M₁ G₃ R₁ Ṡ,False
gauri,Gauri,gauri,15,MaayamaaLava,S R1 M1 P N3 S,S N3 D1 P G3 R1 S,S R₁ M₁ P N₃ Ṡ,S N₃ D₁ P G₃ R₁ Ṡ,False
gauri,Gauri,gauri,15,MaayamaaLava,S R1 M1 P N3 S,S N3 D1 P M1 G3 R1 S,S R₁ M₁ P N₃ Ṡ,S N₃ D₁ P M₁ G₃ R₁ Ṡ,False
gauri,Gauri,gauri,15,MaayamaaLava,S R1 S P D1 N3 S,S N3 D1 P S R1 S,S R₁ Ṡ P D₁ N₃ Ṡ,S N₃ D₁ P Ṡ R₁ Ṡ,False
ghanasindhu,Ghanasindhu,ghanasindhu,15,MaayamaaLava,S M1 G3 M1 P D1 N3 D1 S,S N3 D1 P M1 G3 R1 S,S M₁ G₃ M₁ P D₁ N₃ D₁ Ṡ,S N₃ D₁ P M₁ G₃ R₁ Ṡ,False
girija,GirijA,girijA,15,MaayamaaLava,S G3 M1 D1 N3 S,S N3 D1 M1 G3 R1 S,S G₃ M₁ D₁ N₃ Ṡ,S N₃ D₁ M₁ G₃ R₁ Ṡ,False
gomukhi,GOmukhi,gOmukhi,15,MaayamaaLava,G3 R1 S M1 P D1 N3 S,S N3 D1 P G3 R1 S,G₃ R₁ Ṡ M₁ P D₁ N₃ Ṡ,S N₃ D₁ P G₃ R₁ Ṡ,False
gopikakusumam,GOpikAkusumam,gOpikAkusumam,15,MaayamaaLava,S R1 M1 D1 N3 S,S N3 D1 M1 R1 S,S R₁ M₁ D₁ N₃ Ṡ,S N₃ D₁ M₁ R₁ Ṡ,False
guhapada,GuhapAda,guhapAda,15,MaayamaaLava,S R1 G3 M1 P D1 N3 S,S N3 D1 M1 G3 R1 S,S R₁ G₃ M₁ P D₁ N₃ Ṡ,S N₃ D₁ M₁ G₃ R₁ Ṡ,False
guhatirumalai,GuhatirumAlai,guhatirumAlai,15,MaayamaaLava,S G3 M1 P D1 S,S N3 D1 P M1 G3 R1 S,S G₃ M₁ P D₁ Ṡ,S N₃ D₁ P M₁ G₃ R₁ Ṡ,False
gummakambhoji,GummakAmbhOji,gummakAmbhOji,15,MaayamaaLava,S G3 P D1 N3 D1 S,S N3 D1 P M1 G3 R1 S,S G₃ P D₁ N₃ D₁ Ṡ,S N₃ D₁ P M₁ G₃ R₁ Ṡ,False
gummakambhoji,GummakAmbhOji,gummakAmbhOji,15,MaayamaaLava,S R1 G3 M1 D1 N3 D1 S,S N3 D1 P M1 G3 R1 S,S R₁ G₃ M₁ D₁ N₃ D₁ Ṡ,S N₃ D₁ P M₁ G₃ R₁ Ṡ,False
gummakambhoji,GummakAmbhOji,gummakAmbhOji,15,MaayamaaLava,S R1 G3 P D1 N3 D1 S,S N3 D1 P M1 G3 R1 S,S R₁ G₃ P D₁ N₃ D₁ Ṡ,S N₃ D₁ P M₁ G₃ R₁ Ṡ,False
gummakambhoji,GummakAmbhOji,gummakAmbhOji,15,MaayamaaLava,S R1 G3 P D1 N3 S,S D1 N3 P M1 G3 R1 S,S R₁ G₃ P D₁ N₃ Ṡ,S D₁ N₃ P M₁ G₃ R₁ Ṡ,False
gummakambhoji,GummakAmbhOji,gummakAmbhOji,15,MaayamaaLava,S R1 G3 P D1 N3 S,S N3 D1 P M1 G3 R1 S,S R₁ G₃ P D₁ N₃ Ṡ,S N₃ D₁ P M₁ G₃ R₁ Ṡ,False
gummakambhoji,GummakAmbhOji,gummakAmbhOji,15,MaayamaaLava,S R1 G3 P D1 S,S N3 D1 P M1 G3 R1 S,S R₁ G₃ P D₁ Ṡ,S N₃ D₁ P M₁ G₃ R₁ Ṡ,False
gunasindhu,GuNasindhu,guNasindhu,15,MaayamaaLava,S M1 G3 M1 P D1 N3 D1 S,S N3 D1 P M1 G3 R1 S,S M₁ G₃ M₁ P D₁ N₃ D₁ Ṡ,S N₃ D₁ P M₁ G₃ R₁ Ṡ,False
gundakriya,GuNDakriyA,guNDakriyA,15,MaayamaaLava,S R1 G3 M1 P D1 N3 S,S N3 P M1 G3 M1 D1 P M1 G3,S R₁ G₃ M₁ P D₁ N₃ Ṡ,S N₃ P M₁ G₃ M₁ D₁ P M₁ G₃,False
gundakriya,GuNDakriyA,guNDakriyA,15,MaayamaaLava,S R1 G3 R1 M1 N3 D1 N3 S,S N3 D1 P M1 G3 R1 G3 R1 S,S R₁ G₃ R₁ M₁ N₃ D₁ N₃ Ṡ,S N₃ D₁ P M₁ G₃ R₁ G₃ R₁ Ṡ,False
gundakriya,GuNDakriyA,guNDakriyA,15,MaayamaaLava,S R1 G3 R1 M1 P N3 D1 N3 S,S N3 D1 P M1 G3 R1 R1 G3 R1,S R₁ G₃ R₁ M₁ P N₃ D₁ N₃ Ṡ,S N₃ D₁ P M₁ G₃ R₁ R₁ G₃ R₁,False
gundakriya,GuNDakriyA,guNDakriyA,15,MaayamaaLava,S R1 G3 R1 M1 P N3 S,S N3 P D1 M1 G3 R1 S,S R₁ G₃ R₁ M₁ P N₃ Ṡ,S N₃ P D₁ M₁ G₃ R₁ Ṡ,False
gundakriya,GuNDakriyA,guNDakriyA,15,MaayamaaLava,S R1 G3 R1 M1 P N3 S,S N3 P D1 P M1 G3 R1 S,S R₁ G₃ R₁ M₁ P N₃ Ṡ,S N₃ P D₁ P M₁ G₃ R₁ Ṡ,False
gundakriya,GuNDakriyA,guNDakriyA,15,MaayamaaLava,S R1 M1 P N3 S,S N3 P D1 P G3 R1 S,S R₁ M₁ P N₃ Ṡ,S N₃ P D₁ P G₃ R₁ Ṡ,False
gundakriya,GuNDakriyA,guNDakriyA,15,MaayamaaLava,S R1 M1 P N3 S,S N3 P D1 P M1 G3 R1 S,S R₁ M₁ P N₃ Ṡ,S N₃ P D₁ P M₁ G₃ R₁ Ṡ,False
gundakriya,GuNDakriyA,guNDakriyA,15,MaayamaaLava,S R1 P M1 N3 S,S N3 P D1 P M1 G3 R1 S,S R₁ P M₁ N₃ Ṡ,S N₃ P D₁ P M₁ G₃ R₁ Ṡ,False
gurjari,Gurjari,gurjari,15,MaayamaaLava,S R1 G3 M1 P D1 N3 S,S D1 N3 D1 P M1 G3 R1 S,S R₁ G₃ M₁ P D₁ N₃ Ṡ,S D₁ N₃ D₁ P M₁ G₃ R₁ Ṡ,False
gurjari,Gurjari,gurjari,15,MaayamaaLava,S R1 G3 M1 P D1 N3 S,S D1 N3 P M1 G3 R1 S,S R₁ G₃ M₁ P D₁ N₃ Ṡ,S D₁ N₃ P M₁ G₃ R₁ Ṡ,False
gurjari,Gurjari,gurjari,15,MaayamaaLava,S R1 G3 M1 P D1 N3 S,S D1 P M1 G3 R1 S,S R₁ G₃ M₁ P D₁ N₃ Ṡ,S D₁ P M₁ G₃ R₁ Ṡ,False
gurjari,Gurjari,gurjari,15,MaayamaaLava,S R1 G3 M1 P D1 N3 S,S D1 S N3 D1 P M1 G3 G3 R1 S,S R₁ G₃ M₁ P D₁ N₃ Ṡ,S D₁ Ṡ N₃ D₁ P M₁ G₃ G₃ R₁ Ṡ,False
gurjari,Gurjari,gurjari,15,MaayamaaLava,S R1 G3 P D1 S,S D1 P M1 G3 R1 S,S R₁ G₃ P D₁ Ṡ,S D₁ P M₁ G₃ R₁ Ṡ,False
hamsa,Hamsa,hamsa,15,MaayamaaLava,S R1 M1 P D1 S,S D1 P M1 R1 S,S R₁ M₁ P D₁ Ṡ,S D₁ P M₁ R₁ Ṡ,False
hamsamanjari,Hamsamanjari,hamsamanjari,15,MaayamaaLava,S R1 G3 P D1 S,S N3 P M1 R1 S,S R₁ G₃ P D₁ Ṡ,S N₃ P M₁ R₁ Ṡ,False
hamsavariti,Hamsavariti,hamsavariti,15,MaayamaaLava,S R1 M1 P D1 S,S N3 D1 P M1 R1 S,S R₁ M₁ P D₁ Ṡ,S N₃ D₁ P M₁ R₁ Ṡ,False
hasamanjari,Hasamanjari,hasamanjari,15,MaayamaaLava,S R1 G3 P D1 S,S N3 P M1 R1 S,S R₁ G₃ P D₁ Ṡ,S N₃ P M₁ R₁ Ṡ,False
hiranyakriya,HiraNyakriyA,hiraNyakriyA,15,MaayamaaLava,S M1 G3 M1 D1 N3 S,S N3 D1 P M1 G3 M1 S,S M₁ G₃ M₁ D₁ N₃ Ṡ,S N₃ D₁ P M₁ G₃ M₁ Ṡ,False
indala,IndaLa,indaLa,15,MaayamaaLava,S R1 G3 M1 P D1 N3 S,S N3 D1 P M1 G3 R1 S,S R₁ G₃ M₁ P D₁ N₃ Ṡ,S N₃ D₁ P M₁ G₃ R₁ Ṡ,False
irili,Irili,Irili,15,MaayamaaLava,S R1 G3 M1 P D1 N3 S,S N3 P G3 S,S R₁ G₃ M₁ P D₁ N₃ Ṡ,S N₃ P G₃ Ṡ,False
ishaikadandaipada,IshaikaDandaipAda,IshaikaDandaipAda,15,MaayamaaLava,S R1 G3 M1 D1 S,S N3 D1 P M1 G3 R1 S,S R₁ G₃ M₁ D₁ Ṡ,S N₃ D₁ P M₁ G₃ R₁ Ṡ,False
ishannar,IshannAr,IshannAr,15,MaayamaaLava,S R1 G3 M1 P N3 S,S N3 D1 P G3 S,S R₁ G₃ M₁ P N₃ Ṡ,S N₃ D₁ P G₃ Ṡ,False
jaganmohini,JaganmOhini,jaganmOhini,15,MaayamaaLava,R1 S G3 M1 P N3 S,S N3 P M1 G3 R1 S,R₁ Ṡ G₃ M₁ P N₃ Ṡ,S N₃ P M₁ G₃ R₁ Ṡ,False
jaganmohini,JaganmOhini,jaganmOhini,15,MaayamaaLava,S G3 M1 P N3 S,S N3 D1 P M1 G3 R1 S,S G₃ M₁ P N₃ Ṡ,S N₃ D₁ P M₁ G₃ R₁ Ṡ,False
jaganmohini,JaganmOhini,jaganmOhini,15,MaayamaaLava,S G3 M1 P N3 S,S N3 P M1 G3 R1 S,S G₃ M₁ P N₃ Ṡ,S N₃ P M₁ G₃ R₁ Ṡ,False
jagasu,Jagasu,jagasu,15,MaayamaaLava,S R1 G3 P D1 S,S D1 P G3 R1 S,S R₁ G₃ P D₁ Ṡ,S D₁ P G₃ R₁ Ṡ,False
janapunjari,Janapunjari,janapunjari,15,MaayamaaLava,S R1 G3 M1 D1 N3 S,S N3 D1 P M1 R1 M1 G3 S,S R₁ G₃ M₁ D₁ N₃ Ṡ,S N₃ D₁ P M₁ R₁ M₁ G₃ Ṡ,False
janavarali,JanavarALi,janavarALi,15,MaayamaaLava,S G3 R1 G3 M1 D1 N3 D1 S,S N3 D1 P M1 G3 M1 R1 G3 M1,S G₃ R₁ G₃ M₁ D₁ N₃ D₁ Ṡ,S N₃ D₁ P M₁ G₃ M₁ R₁ G₃ M₁,False
jarapunjari,JarApunjari,jarApunjari,15,MaayamaaLava,S R1 G3 M1 D1 N3 S,S N3 D1 P M1 R1 M1 G3 S,S R₁ G₃ M₁ D₁ N₃ Ṡ,S N₃ D₁ P M₁ R₁ M₁ G₃ Ṡ,False
jekarnika,JEkarNikA,jEkarNikA,15,MaayamaaLava,S M1 G3 M1 P D1 N3 S,S N3 D1 M1 G3 R1 S,S M₁ G₃ M₁ P D₁ N₃ Ṡ,S N₃ D₁ M₁ G₃ R₁ Ṡ,False
jinavarali,JInavarALi,jInavarALi,15,MaayamaaLava,S G3 R1 G3 M1 D1 N3 D1 S,S N3 D1 P M1 G3 M1 R1 G3 M1,S G₃ R₁ G₃ M₁ D₁ N₃ D₁ Ṡ,S N₃ D₁ P M₁ G₃ M₁ R₁ G₃ M₁,False
jogi,JOgi,jOgi,15,MaayamaaLava,S R1 M1 P D1 S,S D1 N3 D1 M1 R1 M1 G3 S,S R₁ M₁ P D₁ Ṡ,S D₁ N₃ D₁ M₁ R₁ M₁ G₃ Ṡ,False
jogi,JOgi,jOgi,15,MaayamaaLava,S R1 M1 P D1 S,S D1 N3 D1 P M1 R1 M1 G3 R1,S R₁ M₁ P D₁ Ṡ,S D₁ N₃ D₁ P M₁ R₁ M₁ G₃ R₁,False
kailaiyali,Kailaiyali,kailaiyali,15,MaayamaaLava,S R1 G3 P N3 S,S D1 P M1 G3 S,S R₁ G₃ P N₃ Ṡ,S D₁ P M₁ G₃ Ṡ,False
kalindi,KaLindi,kaLindi,15,MaayamaaLava,S R1 G3 P D1 N3 S,S N3 D1 P G3 R1 S,S R₁ G₃ P D₁ N₃ Ṡ,S N₃ D₁ P G₃ R₁ Ṡ,False
kalyanakesari,KalyANakEsari,kalyANakEsari,15,MaayamaaLava,S R1 G3 P D1 S,S D1 P G3 R1 S,S R₁ G₃ P D₁ Ṡ,S D₁ P G₃ R₁ Ṡ,False
kamalapancamam,Kamalapancamam,kamalapancamam,15,MaayamaaLava,S P M1 G3 M1 P D1 N3 S,S D1 P M1 G3 R1 S,S P M₁ G₃ M₁ P D₁ N₃ Ṡ,S D₁ P M₁ G₃ R₁ Ṡ,False
kamalapancamam,Kamalapancamam,kamalapancamam,15,MaayamaaLava,S P M1 G3 R1 G3 M1 P D1 N3,S D1 P M1 G3 R1 S,S P M₁ G₃ R₁ G₃ M₁ P D₁ N₃,S D₁ P M₁ G₃ R₁ Ṡ,False
kannadabangala,KannaDabangALa,kannaDabangALa,15,MaayamaaLava,S G3 M1 D1 N3 D1 S,S D1 P M1 G3 R1 S,S G₃ M₁ D₁ N₃ D₁ Ṡ,S D₁ P M₁ G₃ R₁ Ṡ,False
kannadabangala,KannaDabangALa,kannaDabangALa,15,MaayamaaLava,S G3 M1 G3 M1 D1 N3 D1 S,S D1 P M1 G3 R1 S,S G₃ M₁ G₃ M₁ D₁ N₃ D₁ Ṡ,S D₁ P M₁ G₃ R₁ Ṡ,False
kannadabangala,KannaDabangALa,kannaDabangALa,15,MaayamaaLava,S R1 G3 M1 D1 N3 D1 S,S N3 D1 P M1 G3 R1 S,S R₁ G₃ M₁ D₁ N₃ D₁ Ṡ,S N₃ D₁ P M₁ G₃ R₁ Ṡ,False
kannadabangala,KannaDabangALa,kannaDabangALa,15,MaayamaaLava,S R1 M1 G3 M1 D1 P D1 S,S D1 P M1 G3 R1 S,S R₁ M₁ G₃ M₁ D₁ P D₁ Ṡ,S D₁ P M₁ G₃ R₁ Ṡ,False
kannadabangala,KannaDabangALa,kannaDabangALa,15,MaayamaaLava,S R1 M1 G3 M1 P D1 S,S D1 P M1 G3 R1 S,S R₁ M₁ G₃ M₁ P D₁ Ṡ,S D₁ P M₁ G₃ R₁ Ṡ,False
kannadabangala,KannaDabangALa,kannaDabangALa,15,MaayamaaLava,S R1 M1 G3 P D1 M1 D1 S,S D1 P M1 G3 R1 S,S R₁ M₁ G₃ P D₁ M₁ D₁ Ṡ,S D₁ P M₁ G₃ R₁ Ṡ,False
kannadabangala,KannaDabangALa,kannaDabangALa,15,MaayamaaLava,S R1 M1 P D1 S,S D1 P M1 G3 R1 S,S R₁ M₁ P D₁ Ṡ,S D₁ P M₁ G₃ R₁ Ṡ,False
karaka,Karaka,karaka,15,MaayamaaLava,S G3 P D1 N3 S,S N3 D1 P G3 S,S G₃ P D₁ N₃ Ṡ,S N₃ D₁ P G₃ Ṡ,False
karakala,KarakalA,karakalA,15,MaayamaaLava,S G3 P D1 N3 S,S N3 D1 P G3 S,S G₃ P D₁ N₃ Ṡ,S N₃ D₁ P G₃ Ṡ,False
karnatakasaranga,KarnATakasAranga,karnATakasAranga,15,MaayamaaLava,S R1 G3 M1 G3 P N3 D1 M1 P D1 N3 S,S D1 M1 P M1 G3 R1 S,S R₁ G₃ M₁ G₃ P N₃ D₁ M₁ P D₁ N₃ Ṡ,S D₁ M₁ P M₁ G₃ R₁ Ṡ,False
karnatakasaranga,KarnATakasAranga,karnATakasAranga,15,MaayamaaLava,S R1 G3 M1 P D1 N3 S,S D1 M1 P M1 G3 R1 S,S R₁ G₃ M₁ P D₁ N₃ Ṡ,S D₁ M₁ P M₁ G₃ R₁ Ṡ,False
kesabauli,KEsabauLi,kEsabauLi,15,MaayamaaLava,S R1 G3 P D1 S,S N3 D1 P M1 G3 R1 S,S R₁ G₃ P D₁ Ṡ,S N₃ D₁ P M₁ G₃ R₁ Ṡ,False
kesarangi,KEsarangi,kEsarangi,15,MaayamaaLava,S R1 M1 G3 M1 D1 N3 S,S N3 D1 M1 G3 G3 R1 S,S R₁ M₁ G₃ M₁ D₁ N₃ Ṡ,S N₃ D₁ M₁ G₃ G₃ R₁ Ṡ,False
kokilavardhani,KOkilavardhani,kOkilavardhani,15,MaayamaaLava,S M1 G3 D1 N3 S,S N3 D1 M1 G3 R1 S,S M₁ G₃ D₁ N₃ Ṡ,S N₃ D₁ M₁ G₃ R₁ Ṡ,False
kokilavardhani,KOkilavardhani,kOkilavardhani,15,MaayamaaLava,S M1 G3 P D1 N3 S,S N3 D1 M1 G3 R1 S,S M₁ G₃ P D₁ N₃ Ṡ,S N₃ D₁ M₁ G₃ R₁ Ṡ,False
krisnaveni,KriSNavENi,kriSNavENi,15,MaayamaaLava,S R1 G3 M1 P N3 S,S N3 P M1 G3 R1 S,S R₁ G₃ M₁ P N₃ Ṡ,S N₃ P M₁ G₃ R₁ Ṡ,False
kukuta,KukuTa,kukuTa,15,MaayamaaLava,S R1 G3 P D1 N3 S,S N3 D1 P M1 G3 R1 S,S R₁ G₃ P D₁ N₃ Ṡ,S N₃ D₁ P M₁ G₃ R₁ Ṡ,False
kumkumambari,KumkumAmbari,kumkumAmbari,15,MaayamaaLava,S N3 D1 N3 S R1 G3 M1 P N3 D1 N3,D1 P M1 G3 R1 S N3 D1 N3 S,S N₃ D₁ N₃ Ṡ R₁ G₃ M₁ P N₃ D₁ N₃,D₁ P M₁ G₃ R₁ Ṡ N₃ D₁ N₃ Ṡ,False
kumkumambari,KumkumAmbari,kumkumAmbari,15,MaayamaaLava,S N3 D1 N3 S R1 G3 M1 S N3,D1 P M1 G3 R1 S N3 D1 N3 S,S N₃ D₁ N₃ Ṡ R₁ G₃ M₁ Ṡ N₃,D₁ P M₁ G₃ R₁ Ṡ N₃ D₁ N₃ Ṡ,False
kumkumambari,KumkumAmbari,kumkumAmbari,15,MaayamaaLava,S R1 G3 M1 P D1 N3 S,S D1 P M1 G3 R1 S,S R₁ G₃ M₁ P D₁ N₃ Ṡ,S D₁ P M₁ G₃ R₁ Ṡ,False
lalita,LalitA,lalitA,15,MaayamaaLava,S M1 G3 D1 N3 S,S N3 D1 M1 G3 R1 S,S M₁ G₃ D₁ N₃ Ṡ,S N₃ D₁ M₁ G₃ R₁ Ṡ,False
lalita,LalitA,lalitA,15,MaayamaaLava,S R1 G3 D1 N3 S,S N3 D1 M1 G3 R1 S,S R₁ G₃ D₁ N₃ Ṡ,S N₃ D₁ M₁ G₃ R₁ Ṡ,False
lalita,LalitA,lalitA,15,MaayamaaLava,S R1 G3 M1 D1 D1 N3 S,S N3 D1 M1M1 G3 R1 S,S R₁ G₃ M₁ D₁ D₁ N₃ Ṡ,S N₃ D₁ M1M1 G₃ R₁ Ṡ,False
lalita,LalitA,lalitA,15,MaayamaaLava,S R1 G3 M1 D1 N3 S,S N3 D1 M1 G3 R1 S,S R₁ G₃ M₁ D₁ N₃ Ṡ,S N₃ D₁ M₁ G₃ R₁ Ṡ,False
lalita,LalitA,lalitA,15,MaayamaaLava,S R1 G3 M1 P M1 D1 N3 S,S N3 D1 M1 G3 R1 S,S R₁ G₃ M₁ P M₁ D₁ N₃ Ṡ,S N₃ D₁ M₁ G₃ R₁ Ṡ,False
lalita,LalitA,lalitA,15,MaayamaaLava,S R1 S M1 D1 N3 S,S N3 D1 M1 G3 R1 S,S R₁ Ṡ M₁ D₁ N₃ Ṡ,S N₃ D₁ M₁ G₃ R₁ Ṡ,False
lalitagauri,Lalitagauri,lalitagauri,15,MaayamaaLava,S R1 G3 M1 P D1 N3 S,S D1 P G3 R1 S,S R₁ G₃ M₁ P D₁ N₃ Ṡ,S D₁ P G₃ R₁ Ṡ,False
lalitakriya,LalitakriyA,lalitakriyA,15,MaayamaaLava,S R1 G3 M1 P M1 D1 N3 S,S N3 D1 M1 G3 R1 S,S R₁ G₃ M₁ P M₁ D₁ N₃ Ṡ,S N₃ D₁ M₁ G₃ R₁ Ṡ,False
lalitapancamam,Lalitapancamam,lalitapancamam,15,MaayamaaLava,S G3 M1 D1 N3 S,S N3 D1 P M1 G3 M1 R1 S,S G₃ M₁ D₁ N₃ Ṡ,S N₃ D₁ P M₁ G₃ M₁ R₁ Ṡ,False
lalitapancamam,Lalitapancamam,lalitapancamam,15,MaayamaaLava,S R1 G3 M1 D1 N3 S,S N3 D1 M1 P M1 G3 R1 S,S R₁ G₃ M₁ D₁ N₃ Ṡ,S N₃ D₁ M₁ P M₁ G₃ R₁ Ṡ,False
lalitapancamam,Lalitapancamam,lalitapancamam,15,MaayamaaLava,S R1 G3 M1 P D1 N3 S,S N3 D1 M1 P M1 G3 R1 S,S R₁ G₃ M₁ P D₁ N₃ Ṡ,S N₃ D₁ M₁ P M₁ G₃ R₁ Ṡ,False
lalitapancamam,Lalitapancamam,lalitapancamam,15,MaayamaaLava,S R1 G3 M1 P D1 N3 S,S N3 D1 P M1 G3 R1 S,S R₁ G₃ M₁ P D₁ N₃ Ṡ,S N₃ D₁ P M₁ G₃ R₁ Ṡ,False
lalitapancamam,Lalitapancamam,lalitapancamam,15,MaayamaaLava,S R1 G3 M1 P M1 D1 N3 S,S N3 D1 M1 G3 R1 S,S R₁ G₃ M₁ P M₁ D₁ N₃ Ṡ,S N₃ D₁ M₁ G₃ R₁ Ṡ,False
lalitapriya,LalitapriyA,lalitapriyA,15,MaayamaaLava,S R1 G3 M1 P M1 D1 N3 S,S N3 D1 M1 G3 R1 S,S R₁ G₃ M₁ P M₁ D₁ N₃ Ṡ,S N₃ D₁ M₁ G₃ R₁ Ṡ,False
latarlatika,LatarlatikA,latarlatikA,15,MaayamaaLava,S R1 G3 M1 P D1 S,S D1 P M1 R1 S,S R₁ G₃ M₁ P D₁ Ṡ,S D₁ P M₁ R₁ Ṡ,False
latatanvi,LatAtAnvi,latAtAnvi,15,MaayamaaLava,S G3 M1 G3 P D1 N3 S,S N3 M1 G3 R1 S,S G₃ M₁ G₃ P D₁ N₃ Ṡ,S N₃ M₁ G₃ R₁ Ṡ,False
liptali,LIptali,lIptali,15,MaayamaaLava,S R1 G3 M1 P D1 S,S N3 D1 P M1 G3 R1 S,S R₁ G₃ M₁ P D₁ Ṡ,S N₃ D₁ P M₁ G₃ R₁ Ṡ,False
makarankapriya,MakarankapriyA,makarankapriyA,15,MaayamaaLava,S R1 G3 D1 N3 S,S N3 D1 G3 R1 S,S R₁ G₃ D₁ N₃ Ṡ,S N₃ D₁ G₃ R₁ Ṡ,False
malahari,Malahari,malahari,15,MaayamaaLava,S R1 M1 P D1 S,S D1 P M1 G3 R1 S,S R₁ M₁ P D₁ Ṡ,S D₁ P M₁ G₃ R₁ Ṡ,False
malavagaula,MALavagauLa,mALavagauLa,15,MaayamaaLava,S R1 G3 M1 P D1 N3 S,S N3 D1 P M1 G3 R1 S,S R₁ G₃ M₁ P D₁ N₃ Ṡ,S N₃ D₁ P M₁ G₃ R₁ Ṡ,False
malavakurinji,MALavakurinji,mALavakurinji,15,MaayamaaLava,S G3 P D1 N3 S,S N3 D1 M1 R1 S,S G₃ P D₁ N₃ Ṡ,S N₃ D₁ M₁ R₁ Ṡ,False
malavapancamam,MALavapancamam,mALavapancamam,15,MaayamaaLava,S R1 G3 M1 P N3 S,S N3 D1 P M1 G3 R1 S,S R₁ G₃ M₁ P N₃ Ṡ,S N₃ D₁ P M₁ G₃ R₁ Ṡ,False
malayangi,MalayAngi,malayAngi,15,MaayamaaLava,S R1 G3 P M1 P D1 N3 S,S N3 D1 P M1 P G3 R1 S,S R₁ G₃ P M₁ P D₁ N₃ Ṡ,S N₃ D₁ P M₁ P G₃ R₁ Ṡ,False
malayangi,Malayangi,malayangi,15,MaayamaaLava,S R1 M1 D1 N3 P S,S N3 D1 P M1 P G3 R1 S,S R₁ M₁ D₁ N₃ P Ṡ,S N₃ D₁ P M₁ P G₃ R₁ Ṡ,False
mallari,MallAri,mallAri,15,MaayamaaLava,S G3 M1 P N3 S,S N3 P M1 G3 S,S G₃ M₁ P N₃ Ṡ,S N₃ P M₁ G₃ Ṡ,False
mallikavasantam,MallikAvasantam,mallikAvasantam,15,MaayamaaLava,S G3 M1 P N3 S,S N3 D1 P M1 G3 R1 S,S G₃ M₁ P N₃ Ṡ,S N₃ D₁ P M₁ G₃ R₁ Ṡ,False
malmalai,MAlmAlai,mAlmAlai,15,MaayamaaLava,S R1 G3 P D1 N3 S,S N3 P M1 G3 R1 S,S R₁ G₃ P D₁ N₃ Ṡ,S N₃ P M₁ G₃ R₁ Ṡ,False
manarupi,MAnarUpi,mAnarUpi,15,MaayamaaLava,S R1 G3 M1 D1 N3 P N3 S,S N3 D1 M1 G3 S,S R₁ G₃ M₁ D₁ N₃ P N₃ Ṡ,S N₃ D₁ M₁ G₃ Ṡ,False
mandaragaula,MandaragauLa,mandaragauLa,15,MaayamaaLava,S R1 M1 G3 M1 P D1 P N3 S,S N3 D1 P M1 R1 M1 G3 S,S R₁ M₁ G₃ M₁ P D₁ P N₃ Ṡ,S N₃ D₁ P M₁ R₁ M₁ G₃ Ṡ,False
mangalakaishika,MangaLakaishika,mangaLakaishika,15,MaayamaaLava,S M1 G3 M1 P M1 D1 N3 S,S N3 D1 P M1 G3 R1 S,S M₁ G₃ M₁ P M₁ D₁ N₃ Ṡ,S N₃ D₁ P M₁ G₃ R₁ Ṡ,False
mangalakaishika,MangaLakaishika,mangaLakaishika,15,MaayamaaLava,S M1 G3 M1 P M1 G3 M1,S N3 D1 P M1 G3 R1 S,S M₁ G₃ M₁ P M₁ G₃ M₁,S N₃ D₁ P M₁ G₃ R₁ Ṡ,False
mangalakaishika,MangaLakaishika,mangaLakaishika,15,MaayamaaLava,S M1 G3 M1 P M1,P N3 D1 P M1 G3 R1 S,S M₁ G₃ M₁ P M₁,P N₃ D₁ P M₁ G₃ R₁ Ṡ,False
mangalakaishika,MangaLakaishika,mangaLakaishika,15,MaayamaaLava,S M1 G3 M1 S M1 G3 M1 P M1,S N3 D1 P M1 G3 R1 S,S M₁ G₃ M₁ Ṡ M₁ G₃ M₁ P M₁,S N₃ D₁ P M₁ G₃ R₁ Ṡ,False
mangalakaishika,MangaLakaishika,mangaLakaishika,15,MaayamaaLava,S R1 G3 M1 P D1 S,S N3 D1 P M1 G3 R1 S,S R₁ G₃ M₁ P D₁ Ṡ,S N₃ D₁ P M₁ G₃ R₁ Ṡ,False
mangalakaishika,MangaLakaishika,mangaLakaishika,15,MaayamaaLava,S R1 G3 M1 P M1 G3 P D1 N3,S N3 D1 P M1 G3 R1 S,S R₁ G₃ M₁ P M₁ G₃ P D₁ N₃,S N₃ D₁ P M₁ G₃ R₁ Ṡ,False
mangalakaishika,MangaLakaishika,mangaLakaishika,15,MaayamaaLava,S R1 G3 R1 S M1 G3 M1 P D1,S N3 D1 P M1 G3 R1 G3 R1 S,S R₁ G₃ R₁ Ṡ M₁ G₃ M₁ P D₁,S N₃ D₁ P M₁ G₃ R₁ G₃ R₁ Ṡ,False
mangalakaishika,MangaLakaishika,mangaLakaishika,15,MaayamaaLava,S R1 M1 G3 D1 P S,S N3 D1 P M1 G3 R1 S,S R₁ M₁ G₃ D₁ P Ṡ,S N₃ D₁ P M₁ G₃ R₁ Ṡ,False
mangalakaishika,MangaLakaishika,mangaLakaishika,15,MaayamaaLava,S R1 M1 G3 P D1 S,S N3 D1 P M1 G3 R1 S,S R₁ M₁ G₃ P D₁ Ṡ,S N₃ D₁ P M₁ G₃ R₁ Ṡ,False
mangalakaishiki,MangaLakaishiki,mangaLakaishiki,15,MaayamaaLava,S M1 G3 M1 P,S N3 D1 P M1 G3 R1 S,S M₁ G₃ M₁ P,S N₃ D₁ P M₁ G₃ R₁ Ṡ,False
manolayam,ManOlayam,manOlayam,15,MaayamaaLava,S R1 M1 P D1 S,S N3 D1 P M1 R1 S,S R₁ M₁ P D₁ Ṡ,S N₃ D₁ P M₁ R₁ Ṡ,False
margadeshi,MArgadEshi,mArgadEshi,15,MaayamaaLava,S G3 M1 P D1 N3 S,S N3 D1 P M1 G3 R1 S,S G₃ M₁ P D₁ N₃ Ṡ,S N₃ D₁ P M₁ G₃ R₁ Ṡ,False
margadeshi,MArgadEshi,mArgadEshi,15,MaayamaaLava,S R1 G3 M1 P D1 N3 S,S D1 M1 P G3 R1 S,S R₁ G₃ M₁ P D₁ N₃ Ṡ,S D₁ M₁ P G₃ R₁ Ṡ,False
margadeshi,MArgadEshi,mArgadEshi,15,MaayamaaLava,S R1 G3 P D1 S,S D1 M1 P G3 R1 S,S R₁ G₃ P D₁ Ṡ,S D₁ M₁ P G₃ R₁ Ṡ,False
margasanjivini,MArgasanjIvini,mArgasanjIvini,15,MaayamaaLava,S R1 G3 R1 M1 P D1 N3 P D1,S N3 D1 P M1 G3 R1 S,S R₁ G₃ R₁ M₁ P D₁ N₃ P D₁,S N₃ D₁ P M₁ G₃ R₁ Ṡ,False
marudradesi,MarudradEsi,marudradEsi,15,MaayamaaLava,S R1 G3 M1 P D1 N3 S,S D1 P M1 G3 R1 S,S R₁ G₃ M₁ P D₁ N₃ Ṡ,S D₁ P M₁ G₃ R₁ Ṡ,False
maruva,MAruva,mAruva,15,MaayamaaLava,S G3 M1 D1 N3 S,S N3 D1 P D1 M1 G3 R1 S,S G₃ M₁ D₁ N₃ Ṡ,S N₃ D₁ P D₁ M₁ G₃ R₁ Ṡ,False
maruva,MAruva,mAruva,15,MaayamaaLava,S G3 M1 P D1 N3 D1 P S,S N3 D1 P D1 M1 G3 R1 S,S G₃ M₁ P D₁ N₃ D₁ P Ṡ,S N₃ D₁ P D₁ M₁ G₃ R₁ Ṡ,False
maruva,MAruva,mAruva,15,MaayamaaLava,S G3 M1 P D1 N3 D1 P S,S N3 D1 P M1 D1 M1 P M1 G3 R1 S,S G₃ M₁ P D₁ N₃ D₁ P Ṡ,S N₃ D₁ P M₁ D₁ M₁ P M₁ G₃ R₁ Ṡ,False
maruva,MAruva,mAruva,15,MaayamaaLava,S G3 M1 P D1 N3 S,S N3 D1 P M1 D1 M1 P M1 G3 R1 S,S G₃ M₁ P D₁ N₃ Ṡ,S N₃ D₁ P M₁ D₁ M₁ P M₁ G₃ R₁ Ṡ,False
maruva,MAruva,mAruva,15,MaayamaaLava,S G3 M1 P N3 S,S N3 D1 M1 P M1 G3 R1 S,S G₃ M₁ P N₃ Ṡ,S N₃ D₁ M₁ P M₁ G₃ R₁ Ṡ,False
maruva,MAruva,mAruva,15,MaayamaaLava,S R1 M1 P N3 S,S N3 D1 P M1 G3 M1 R1 S,S R₁ M₁ P N₃ Ṡ,S N₃ D₁ P M₁ G₃ M₁ R₁ Ṡ,False
maruvakannada,MAruvakannaDa,mAruvakannaDa,15,MaayamaaLava,S R1 M1 G3 M1 P N3 S,S N3 P M1 R1 G3 R1 S,S R₁ M₁ G₃ M₁ P N₃ Ṡ,S N₃ P M₁ R₁ G₃ R₁ Ṡ,False
matiruanila,MAtiruAnila,mAtiruAnila,15,MaayamaaLava,S R1 M1 P D1 N3 S,S N3 D1 P M1 G3 R1 S,S R₁ M₁ P D₁ N₃ Ṡ,S N₃ D₁ P M₁ G₃ R₁ Ṡ,False
m1,M1,M1,15,MaayamaaLava,P D1 N3 S,S N3 D1 P M1,P D₁ N₃ Ṡ,S N₃ D₁ P M₁,False
mayamalavagaula,MAyAmALavagauLa,mAyAmALavagauLa,15,MaayamaaLava,S R1 G3 M1 P D1 N3 S,S N3 D1 P M1 G3 R1 S,S R₁ G₃ M₁ P D₁ N₃ Ṡ,S N₃ D₁ P M₁ G₃ R₁ Ṡ,False
mayamalavagaula,MAyAmALavagauLa,mAyAmALavagauLa,15,MaayamaaLava,S R1 G3 M1 P D1 N3,S N3 D1 P M1 G3 R1 S,S R₁ G₃ M₁ P D₁ N₃,S N₃ D₁ P M₁ G₃ R₁ Ṡ,False
mayuracari,MayUracari,mayUracari,15,MaayamaaLava,S R1 G3 R1 M1 D1 N3 S,S N3 D1 P M1 G3 R1 S,S R₁ G₃ R₁ M₁ D₁ N₃ Ṡ,S N₃ D₁ P M₁ G₃ R₁ Ṡ,False
mayuracari,MayUracari,mayUracari,15,MaayamaaLava,S R1 G3 R1 M1 N3 D1 N3 S,S N3 P D1 P M1 G3 R1 S,S R₁ G₃ R₁ M₁ N₃ D₁ N₃ Ṡ,S N₃ P D₁ P M₁ G₃ R₁ Ṡ,False
mayuravasanta,MayUravasanta,mayUravasanta,15,MaayamaaLava,S R1 G3 M1 D1 N3 D1 S,S D1 P M1 R1 S,S R₁ G₃ M₁ D₁ N₃ D₁ Ṡ,S D₁ P M₁ R₁ Ṡ,False
mayuravasanta,MayUravasanta,mayUravasanta,15,MaayamaaLava,S R1 G3 M1 D1 N3 D1 S,S D1 R1 M1 G3 R1 S,S R₁ G₃ M₁ D₁ N₃ D₁ Ṡ,S D₁ R₁ M₁ G₃ R₁ Ṡ,False
mecabauli,MEcabauLi,mEcabauLi,15,MaayamaaLava,S R1 G3 M1 P D1 S,S N3 D1 P M1 G3 R1 S,S R₁ G₃ M₁ P D₁ Ṡ,S N₃ D₁ P M₁ G₃ R₁ Ṡ,False
mecabauli,MEcabauLi,mEcabauLi,15,MaayamaaLava,S R1 G3 P D1 N3 S,S N3 D1 P M1 G3 R1 S,S R₁ G₃ P D₁ N₃ Ṡ,S N₃ D₁ P M₁ G₃ R₁ Ṡ,False
mecabauli,MEcabauLi,mEcabauLi,15,MaayamaaLava,S R1 G3 P D1 S,S N3 D1 P M1 G3 R1 S,S R₁ G₃ P D₁ Ṡ,S N₃ D₁ P M₁ G₃ R₁ Ṡ,False
megharanjani,MEgharanjani,mEgharanjani,15,MaayamaaLava,S R1 G3 M1 D1 N3 S,S N3 P M1 G3 R1 S,S R₁ G₃ M₁ D₁ N₃ Ṡ,S N₃ P M₁ G₃ R₁ Ṡ,False
megharanjani,MEgharanjani,mEgharanjani,15,MaayamaaLava,S R1 G3 M1 N3 S,S N3 M1 G3 R1 S,S R₁ G₃ M₁ N₃ Ṡ,S N₃ M₁ G₃ R₁ Ṡ,False
megharanjani,MEgharanjani,mEgharanjani,15,MaayamaaLava,S R1 G3 M1 N3 S,S N3 M1 G3 S R1 S,S R₁ G₃ M₁ N₃ Ṡ,S N₃ M₁ G₃ Ṡ R₁ Ṡ,False
megharanjani,MEgharanjani,mEgharanjani,15,MaayamaaLava,S R1 M1 P D1 N3 S,S N3 D1 M1 P M1 R1 S,S R₁ M₁ P D₁ N₃ Ṡ,S N₃ D₁ M₁ P M₁ R₁ Ṡ,False
megharanjanii,MEgharanjanii,mEgharanjanii,15,MaayamaaLava,S R1 M1 P D1 N3 S,S D1 P M1 G3 R1 S,S R₁ M₁ P D₁ N₃ Ṡ,S D₁ P M₁ G₃ R₁ Ṡ,False
megharanji,MEgharanji,mEgharanji,15,MaayamaaLava,S R1 G3 M1 N3 S,S N3 M1 G3 R1 S,S R₁ G₃ M₁ N₃ Ṡ,S N₃ M₁ G₃ R₁ Ṡ,False
meghavali,MEghAvaLi,mEghAvaLi,15,MaayamaaLava,S R1 M1 P D1 N3 S,S N3 D1 N3 P M1 R1 M1 G3 R1,S R₁ M₁ P D₁ N₃ Ṡ,S N₃ D₁ N₃ P M₁ R₁ M₁ G₃ R₁,False
mitrakirani,MitrakiraNi,mitrakiraNi,15,MaayamaaLava,S R1 G3 M1 P D1 N3 S,S D1 P M1 G3 R1 S,S R₁ G₃ M₁ P D₁ N₃ Ṡ,S D₁ P M₁ G₃ R₁ Ṡ,False
mitrakirani,MitrakiraNi,mitrakiraNi,15,MaayamaaLava,S R1 G3 M1 P D1 N3 S,S N3 P M1 G3 R1 S,S R₁ G₃ M₁ P D₁ N₃ Ṡ,S N₃ P M₁ G₃ R₁ Ṡ,False
mohanakaishiki,MOhanakaishiki,mOhanakaishiki,15,MaayamaaLava,S R1 M1 P D1 N3 S,S N3 D1 P M1 G3 R1 S,S R₁ M₁ P D₁ N₃ Ṡ,S N₃ D₁ P M₁ G₃ R₁ Ṡ,False
mohanavariti,MOhanavAriti,mOhanavAriti,15,MaayamaaLava,S R1 G3 P D1 N3 S,S N3 D1 P G3 R1 S,S R₁ G₃ P D₁ N₃ Ṡ,S N₃ D₁ P G₃ R₁ Ṡ,False
muduvan,Muduvan,muduvan,15,MaayamaaLava,S G3 M1 P N3 S,S N3 D1 P M1 G3 R1 S,S G₃ M₁ P N₃ Ṡ,S N₃ D₁ P M₁ G₃ R₁ Ṡ,False
nadanamakriya,NAdanAmakriyA,nAdanAmakriyA,15,MaayamaaLava,S R1 G3 M1 P D1 N3 S,N3 D1 P M1 G3 R1 S,S R₁ G₃ M₁ P D₁ N₃ Ṡ,N₃ D₁ P M₁ G₃ R₁ Ṡ,False
nadanamakriya,NAdanAmakriyA,nAdanAmakriyA,15,MaayamaaLava,S R1 G3 M1 P D1 N3 S,S N3 D1 P M1 G3 R1 S,S R₁ G₃ M₁ P D₁ N₃ Ṡ,S N₃ D₁ P M₁ G₃ R₁ Ṡ,False
nadanamakriya,NAdanAmakriyA,nAdanAmakriyA,15,MaayamaaLava,S R1 G3 M1 P D1 N3,D1 P M1 G3 R1 S N3,S R₁ G₃ M₁ P D₁ N₃,D₁ P M₁ G₃ R₁ Ṡ N₃,False
nadanamakriya,NAdanAmakriyA,nAdanAmakriyA,15,MaayamaaLava,S R1 G3 M1 P D1 N3,N3 D1 P M1 G3 R1 S N3,S R₁ G₃ M₁ P D₁ N₃,N₃ D₁ P M₁ G₃ R₁ Ṡ N₃,False
nadanamakriya,NAdanAmakriyA,nAdanAmakriyA,15,MaayamaaLava,S R1 G3 M1 P D1 N3,N3 D1 P M1 G3 R1 S,S R₁ G₃ M₁ P D₁ N₃,N₃ D₁ P M₁ G₃ R₁ Ṡ,False
nadanamakriya,NAdanAmakriyA,nAdanAmakriyA,15,MaayamaaLava,S R1 G3 M1 P D1 N3,S N3 D1 P M1 G3 R1 S,S R₁ G₃ M₁ P D₁ N₃,S N₃ D₁ P M₁ G₃ R₁ Ṡ,False
nadanamakriya,NAdanAmakriyA,nAdanAmakriyA,15,MaayamaaLava,S R1 M1 G3 M1 P D1 N3,N3 D1 P M1 G3 R1 S,S R₁ M₁ G₃ M₁ P D₁ N₃,N₃ D₁ P M₁ G₃ R₁ Ṡ,False
nasavati,NAsAvati,nAsAvati,15,MaayamaaLava,S R1 G3 M1 P N3 S,S N3 D1 P M1 P G3 M1 S,S R₁ G₃ M₁ P N₃ Ṡ,S N₃ D₁ P M₁ P G₃ M₁ Ṡ,False
navabhasura,NavabhAsura,navabhAsura,15,MaayamaaLava,S R1 G3 P N3 S,S N3 D1 M1 G3 R1 M1 G3 S,S R₁ G₃ P N₃ Ṡ,S N₃ D₁ M₁ G₃ R₁ M₁ G₃ Ṡ,False
navarasa,Navarasa,navarasa,15,MaayamaaLava,S R1 G3 M1 N3 D1 N3 S,S N3 P M1 R1 S,S R₁ G₃ M₁ N₃ D₁ N₃ Ṡ,S N₃ P M₁ R₁ Ṡ,False
nepalagaula,NEpALagauLa,nEpALagauLa,15,MaayamaaLava,S R1 G3 M1 D1 N3 S,S N3 D1 M1 G3 R1 S,S R₁ G₃ M₁ D₁ N₃ Ṡ,S N₃ D₁ M₁ G₃ R₁ Ṡ,False
nitilaprakashini,NitilaprakAshini,nitilaprakAshini,15,MaayamaaLava,S M1 P D1 N3 S,S N3 P M1 R1 G3 S,S M₁ P D₁ N₃ Ṡ,S N₃ P M₁ R₁ G₃ Ṡ,False
nityanandakesari,NityAnandakEsari,nityAnandakEsari,15,MaayamaaLava,S R1 G3 P N3 S,S D1 P M1 G3 R1 S,S R₁ G₃ P N₃ Ṡ,S D₁ P M₁ G₃ R₁ Ṡ,False
padi,PADi,pADi,15,MaayamaaLava,R1 M1 P D1 P N3 S,S N3 D1 M1 P M1 G3 M1 R1 G3,R₁ M₁ P D₁ P N₃ Ṡ,S N₃ D₁ M₁ P M₁ G₃ M₁ R₁ G₃,False
padi,PADi,pADi,15,MaayamaaLava,S R1 G3 M1 P D1 S,S N3 D1 P M1 G3 R1 S,S R₁ G₃ M₁ P D₁ Ṡ,S N₃ D₁ P M₁ G₃ R₁ Ṡ,False
padi,PADi,pADi,15,MaayamaaLava,S R1 M1 P D1 P N3 S,S D1 P M1 R1 S,S R₁ M₁ P D₁ P N₃ Ṡ,S D₁ P M₁ R₁ Ṡ,False
padi,PADi,pADi,15,MaayamaaLava,S R1 M1 P N3 S,S N3 D1 P M1 P M1 G3 R1 S,S R₁ M₁ P N₃ Ṡ,S N₃ D₁ P M₁ P M₁ G₃ R₁ Ṡ,False
padi,PADi,pADi,15,MaayamaaLava,S R1 M1 P N3 S,S N3 M1 D1 P M1 R1 S,S R₁ M₁ P N₃ Ṡ,S N₃ M₁ D₁ P M₁ R₁ Ṡ,False
padi,PADi,pADi,15,MaayamaaLava,S R1 M1 P N3 S,S N3 P D1 P M1 R1 S,S R₁ M₁ P N₃ Ṡ,S N₃ P D₁ P M₁ R₁ Ṡ,False
padmavali,PadmAvaLi,padmAvaLi,15,MaayamaaLava,S R1 G3 P D1 N3 S,S N3 D1 P G3 R1 S,S R₁ G₃ P D₁ N₃ Ṡ,S N₃ D₁ P G₃ R₁ Ṡ,False
pahadi,PahADi,pahADi,15,MaayamaaLava,S R1 M1 P N3 S,S N3 P D1 P M1 R1 S,S R₁ M₁ P N₃ Ṡ,S N₃ P D₁ P M₁ R₁ Ṡ,False
palikavasanta,PAlikAvasanta,pAlikAvasanta,15,MaayamaaLava,S R1 G3 M1 P D1 N3 S,S N3 D1 N3 P M1 P D1 N3 M1,S R₁ G₃ M₁ P D₁ N₃ Ṡ,S N₃ D₁ N₃ P M₁ P D₁ N₃ M₁,False
pancali,PAncAli,pAncAli,15,MaayamaaLava,S R1 M1 P D1 N3 S,S N3 D1 P M1 R1 S,S R₁ M₁ P D₁ N₃ Ṡ,S N₃ D₁ P M₁ R₁ Ṡ,False
pancamalalita,Pancamalalita,pancamalalita,15,MaayamaaLava,S R1 G3 M1 P D1 N3 S,S N3 P M1 R1 G3 M1 R1 S,S R₁ G₃ M₁ P D₁ N₃ Ṡ,S N₃ P M₁ R₁ G₃ M₁ R₁ Ṡ,False
pancamalalita,Pancamalalita,pancamalalita,15,MaayamaaLava,S R1 G3 M1 P M1 D1 N3 S,S N3 D1 M1 G3 R1 S,S R₁ G₃ M₁ P M₁ D₁ N₃ Ṡ,S N₃ D₁ M₁ G₃ R₁ Ṡ,False
paraju,Paraju,paraju,15,MaayamaaLava,S G3 M1 P D1 N3 S,S N3 D1 M1 D1 P M1 G3 R1 S,S G₃ M₁ P D₁ N₃ Ṡ,S N₃ D₁ M₁ D₁ P M₁ G₃ R₁ Ṡ,False
paraju,Paraju,paraju,15,MaayamaaLava,S G3 M1 P D1 N3 S,S N3 D1 P M1 G3 R1 S,S G₃ M₁ P D₁ N₃ Ṡ,S N₃ D₁ P M₁ G₃ R₁ Ṡ,False
paraju,Paraju,paraju,15,MaayamaaLava,S M1 G3 M1 P M1 P D1 N3 S,S N3 D1 P M1 G3 R1 S,S M₁ G₃ M₁ P M₁ P D₁ N₃ Ṡ,S N₃ D₁ P M₁ G₃ R₁ Ṡ,False
paraju,Paraju,paraju,15,MaayamaaLava,S R1 G3 M1 P D1 N3 S,S N3 D1 P M1 G3 R1 S,S R₁ G₃ M₁ P D₁ N₃ Ṡ,S N₃ D₁ P M₁ G₃ R₁ Ṡ,False
parashara,ParAshara,parAshara,15,MaayamaaLava,S R1 G3 R1 M1 P N3 D1 N3 P,S N3 D1 G3 R1 S,S R₁ G₃ R₁ M₁ P N₃ D₁ N₃ P,S N₃ D₁ G₃ R₁ Ṡ,False
pavini,Pavini,pavini,15,MaayamaaLava,S G3 M1 P D1 N3 S,S N3 D1 P M1 G3 S,S G₃ M₁ P D₁ N₃ Ṡ,S N₃ D₁ P M₁ G₃ Ṡ,False
pavini,Pavini,pavini,15,MaayamaaLava,S R1 G3 P D1 N3 S,S N3 D1 P G3 R1 S,S R₁ G₃ P D₁ N₃ Ṡ,S N₃ D₁ P G₃ R₁ Ṡ,False
piccaiappa,PiccaiappA,piccaiappA,15,MaayamaaLava,S R1 G3 M1 P D1 S,S N3 D1 M1 G3 S,S R₁ G₃ M₁ P D₁ Ṡ,S N₃ D₁ M₁ G₃ Ṡ,False
prakararanjani,PrakAraranjani,prakAraranjani,15,MaayamaaLava,S R1 G3 M1 P N3 S,S N3 D1 P M1 G3 R1 S,S R₁ G₃ M₁ P N₃ Ṡ,S N₃ D₁ P M₁ G₃ R₁ Ṡ,False
pratapamanjari,PratApamanjari,pratApamanjari,15,MaayamaaLava,S R1 G3 M1 P N3 S,S D1 N3 P M1 G3 R1 S,S R₁ G₃ M₁ P N₃ Ṡ,S D₁ N₃ P M₁ G₃ R₁ Ṡ,False
prataparanjani,PratAparanjani,pratAparanjani,15,MaayamaaLava,S R1 G3 M1 P N3 S,S D1 N3 P M1 G3 R1 S,S R₁ G₃ M₁ P N₃ Ṡ,S D₁ N₃ P M₁ G₃ R₁ Ṡ,False
puranakam,PurANakam,purANakam,15,MaayamaaLava,S R1 M1 G3 R1 M1 P N3 D1 N3 S,S N3 D1 P M1 G3 R1 S,S R₁ M₁ G₃ R₁ M₁ P N₃ D₁ N₃ Ṡ,S N₃ D₁ P M₁ G₃ R₁ Ṡ,False
puranirmai,Puranirmai,puranirmai,15,MaayamaaLava,S R1 G3 P D1 S,S N3 D1 P G3 R1 S,S R₁ G₃ P D₁ Ṡ,S N₃ D₁ P G₃ R₁ Ṡ,False
purnakarnika,PUrNakarNikA,pUrNakarNikA,15,MaayamaaLava,S R1 G3 M1 P D1 N3 P S,S D1 P M1 G3 S,S R₁ G₃ M₁ P D₁ N₃ P Ṡ,S D₁ P M₁ G₃ Ṡ,False
purnapancamam,PUrNapancamam,pUrNapancamam,15,MaayamaaLava,P M1 S R1 G3 P,D1 D1 P M1 S R1 G3 N3,P M₁ Ṡ R₁ G₃ P,D₁ D₁ P M₁ Ṡ R₁ G₃ N₃,False
purnapancamam,PUrNapancamam,pUrNapancamam,15,MaayamaaLava,S R1 G3 M1 P D1 S,D1 P M1 G3 R1 S,S R₁ G₃ M₁ P D₁ Ṡ,D₁ P M₁ G₃ R₁ Ṡ,False
purnapancamam,PUrNapancamam,pUrNapancamam,15,MaayamaaLava,S R1 G3 M1 P D1 S,S D1 P M1 G3 R1 S,S R₁ G₃ M₁ P D₁ Ṡ,S D₁ P M₁ G₃ R₁ Ṡ,False
purnapancamam,PUrNapancamam,pUrNapancamam,15,MaayamaaLava,S R1 G3 M1 P D1,D1 P M1 G3 R1 S,S R₁ G₃ M₁ P D₁,D₁ P M₁ G₃ R₁ Ṡ,False
purnapancamam,PUrNapancamam,pUrNapancamam,15,MaayamaaLava,S R1 G3 M1 P D1,P M1 G3 R1 S,S R₁ G₃ M₁ P D₁,P M₁ G₃ R₁ Ṡ,False
purvakarnika,PUrvakarNikA,pUrvakarNikA,15,MaayamaaLava,S R1 G3 M1 P D1 N3 P S,S D1 P M1 G3 S,S R₁ G₃ M₁ P D₁ N₃ P Ṡ,S D₁ P M₁ G₃ Ṡ,False
purvavasanta,PUrvavasanta,pUrvavasanta,15,MaayamaaLava,S M1 G3 M1 D1 N3 S,S N3 D1 M1 G3 R1 S,S M₁ G₃ M₁ D₁ N₃ Ṡ,S N₃ D₁ M₁ G₃ R₁ Ṡ,False
purvi,PUrvi,pUrvi,15,MaayamaaLava,S G3 R1 G3 M1 P D1 N3 D1 P S,S N3 D1 P M1 G3 P M1 G3 R1 S,S G₃ R₁ G₃ M₁ P D₁ N₃ D₁ P Ṡ,S N₃ D₁ P M₁ G₃ P M₁ G₃ R₁ Ṡ,False
purvi,PUrvi,pUrvi,15,MaayamaaLava,S R1 G3 M1 D1 N3 D1 S,S N3 D1 P M1 D1 M1 G3 R1 S,S R₁ G₃ M₁ D₁ N₃ D₁ Ṡ,S N₃ D₁ P M₁ D₁ M₁ G₃ R₁ Ṡ,False
purvi,PUrvi,pUrvi,15,MaayamaaLava,S R1 G3 M1 D1 N3 D1 S,S N3 D1 P M1 G3 R1 S,S R₁ G₃ M₁ D₁ N₃ D₁ Ṡ,S N₃ D₁ P M₁ G₃ R₁ Ṡ,False
purvi,PUrvi,pUrvi,15,MaayamaaLava,S R1 G3 M1 D1 N3 S,S N3 D1 P M1 G3 R1 S,S R₁ G₃ M₁ D₁ N₃ Ṡ,S N₃ D₁ P M₁ G₃ R₁ Ṡ,False
purvi,PUrvi,pUrvi,15,MaayamaaLava,S R1 G3 M1 P D1 N3 D1 S,S N3 D1 P M1 D1 M1 G3 R1 S,S R₁ G₃ M₁ P D₁ N₃ D₁ Ṡ,S N₃ D₁ P M₁ D₁ M₁ G₃ R₁ Ṡ,False
purvi,PUrvi,pUrvi,15,MaayamaaLava,S R1 G3 M1 P D1 N3 P S,S N3 D1 P D1 D1 G3 R1 S,S R₁ G₃ M₁ P D₁ N₃ P Ṡ,S N₃ D₁ P D₁ D₁ G₃ R₁ Ṡ,False
purvi,PUrvi,pUrvi,15,MaayamaaLava,S R1 G3 M1 P D1 N3 P S,S N3 D1 P D1 M1 G3 R1 S,S R₁ G₃ M₁ P D₁ N₃ P Ṡ,S N₃ D₁ P D₁ M₁ G₃ R₁ Ṡ,False
purvi,PUrvi,pUrvi,15,MaayamaaLava,S R1 G3 M1 P D1 N3 P S,S N3 D1 P M1 D1 M1 G3 R1 S,S R₁ G₃ M₁ P D₁ N₃ P Ṡ,S N₃ D₁ P M₁ D₁ M₁ G₃ R₁ Ṡ,False
purvi,PUrvi,pUrvi,15,MaayamaaLava,S R1 G3 M1 P D1 N3 P S,S N3 D1 P M1 G3 R1 S,S R₁ G₃ M₁ P D₁ N₃ P Ṡ,S N₃ D₁ P M₁ G₃ R₁ Ṡ,False
purvi,PUrvi,pUrvi,15,MaayamaaLava,S R1 G3 M1 P D1 N3 S,S N3 D1 P M1 G3 R1 S,S R₁ G₃ M₁ P D₁ N₃ Ṡ,S N₃ D₁ P M₁ G₃ R₁ Ṡ,False
purvi,PUrvi,pUrvi,15,MaayamaaLava,S R1 G3 M1 P D1 N3 S,S N3 D1 P M1 P D1 M1 G3 R1 S,S R₁ G₃ M₁ P D₁ N₃ Ṡ,S N₃ D₁ P M₁ P D₁ M₁ G₃ R₁ Ṡ,False
purvi,PUrvi,pUrvi,15,MaayamaaLava,S R1 G3 M1 P D1 S,S N3 D1 P M1 G3 R1 S,S R₁ G₃ M₁ P D₁ Ṡ,S N₃ D₁ P M₁ G₃ R₁ Ṡ,False
purvi,PUrvi,pUrvi,15,MaayamaaLava,S R1 G3 P D1 N3 P,S N3 D1 P M1 D1 M1 G3 R1 S,S R₁ G₃ P D₁ N₃ P,S N₃ D₁ P M₁ D₁ M₁ G₃ R₁ Ṡ,False
purvi,PUrvi,pUrvi,15,MaayamaaLava,S R1 G3 P D1 N3 S,S N3 D1 P M1 G3 S,S R₁ G₃ P D₁ N₃ Ṡ,S N₃ D₁ P M₁ G₃ Ṡ,False
purya,PUrya,pUrya,15,MaayamaaLava,S R1 M1 P N3 S,S N3 D1 P M1 G3 M1 R1 S,S R₁ M₁ P N₃ Ṡ,S N₃ D₁ P M₁ G₃ M₁ R₁ Ṡ,False
ragamanohari,RAgamanOhari,rAgamanOhari,15,MaayamaaLava,S R1 G3 M1 P D1 N3 S,S D1 N3 P M1 R1 G3 M1 R1 S,S R₁ G₃ M₁ P D₁ N₃ Ṡ,S D₁ N₃ P M₁ R₁ G₃ M₁ R₁ Ṡ,False
ragapradipika,RAgapradIpikA,rAgapradIpikA,15,MaayamaaLava,S G3 R1 G3 M1 P D1 N3 S,S N3 D1 P M1 G3 M1 P G3 R1 S,S G₃ R₁ G₃ M₁ P D₁ N₃ Ṡ,S N₃ D₁ P M₁ G₃ M₁ P G₃ R₁ Ṡ,False
ramakali,RAmakali,rAmakali,15,MaayamaaLava,S R1 G3 M1 G3 R1 G3 P D1 S,S N3 D1 P M1 G3 R1 S,S R₁ G₃ M₁ G₃ R₁ G₃ P D₁ Ṡ,S N₃ D₁ P M₁ G₃ R₁ Ṡ,False
ramakali,RAmakali,rAmakali,15,MaayamaaLava,S R1 G3 P D1 S,N3 D1 P M1 G3 R1 S,S R₁ G₃ P D₁ Ṡ,N₃ D₁ P M₁ G₃ R₁ Ṡ,False
ramakali,RAmakali,rAmakali,15,MaayamaaLava,S R1 G3 P D1 S,S N3 D1 P M1 G3 R1 S,S R₁ G₃ P D₁ Ṡ,S N₃ D₁ P M₁ G₃ R₁ Ṡ,False
ramakriya,RAmakriyA,rAmakriyA,15,MaayamaaLava,S G3 M1 P D1 N3 S,S N3 P D1 P M1 G3 R1 G3 S,S G₃ M₁ P D₁ N₃ Ṡ,S N₃ P D₁ P M₁ G₃ R₁ G₃ Ṡ,False
ramalalita,RAmalalitA,rAmalalitA,15,MaayamaaLava,S R1 G3 M1 D1 N3 P S,S N3 D1 M1 P M1 G3 S,S R₁ G₃ M₁ D₁ N₃ P Ṡ,S N₃ D₁ M₁ P M₁ G₃ Ṡ,False
ramalila,RAmalIlA,rAmalIlA,15,MaayamaaLava,S R1 G3 M1 D1 N3 P S,S N3 D1 N3 P D1 P M1 G3 R1,S R₁ G₃ M₁ D₁ N₃ P Ṡ,S N₃ D₁ N₃ P D₁ P M₁ G₃ R₁,False
rambhavali,RAmbhAvaLi,rAmbhAvaLi,15,MaayamaaLava,S R1 G3 M1 P D1 N3 S,S N3 D1 N3 P D1 P M1 G3 R1 S,S R₁ G₃ M₁ P D₁ N₃ Ṡ,S N₃ D₁ N₃ P D₁ P M₁ G₃ R₁ Ṡ,False
rasabhaskaram,RasabhAskaram,rasabhAskaram,15,MaayamaaLava,S R1 M1 P N3 S,S N3 P D1 P M1 G3 R1 S,S R₁ M₁ P N₃ Ṡ,S N₃ P D₁ P M₁ G₃ R₁ Ṡ,False
rasasindhu,Rasasindhu,rasasindhu,15,MaayamaaLava,S R1 M1 P N3 S,S N3 D1 P M1 G3 S,S R₁ M₁ P N₃ Ṡ,S N₃ D₁ P M₁ G₃ Ṡ,False
rauti,Rauti,rauti,15,MaayamaaLava,S R1 G3 P D1 S,S D1 P G3 R1 S,S R₁ G₃ P D₁ Ṡ,S D₁ P G₃ R₁ Ṡ,False
regupti,REgupti,rEgupti,15,MaayamaaLava,S R1 G3 P D1 S,S D1 P G3 R1 S,S R₁ G₃ P D₁ Ṡ,S D₁ P G₃ R₁ Ṡ,False
revagupti,REvagupti,rEvagupti,15,MaayamaaLava,S R1 G3 P D1 S,S D1 P G3 R1 S,S R₁ G₃ P D₁ Ṡ,S D₁ P G₃ R₁ Ṡ,False
revagupti,REvagupti,rEvagupti,15,MaayamaaLava,S R1 G3 P D1 S,S N3 D1 P G3 R1 S,S R₁ G₃ P D₁ Ṡ,S N₃ D₁ P G₃ R₁ Ṡ,False
rudrabhisekam,RudrAbhiSEkam,rudrAbhiSEkam,15,MaayamaaLava,S G3 M1 P N3 S,S D1 M1 G3 R1 S,S G₃ M₁ P N₃ Ṡ,S D₁ M₁ G₃ R₁ Ṡ,False
rudradeshika,RudradEshika,rudradEshika,15,MaayamaaLava,S R1 G3 M1 P D1 N3 S,S D1 P M1 S R1 S,S R₁ G₃ M₁ P D₁ N₃ Ṡ,S D₁ P M₁ Ṡ R₁ Ṡ,False
rudrasaveri,RudrasAvEri,rudrasAvEri,15,MaayamaaLava,S M1 G3 M1 P D1 S,S N3 D1 P N3 D1 M1 G3 R1 G3 M1 G3 S,S M₁ G₃ M₁ P D₁ Ṡ,S N₃ D₁ P N₃ D₁ M₁ G₃ R₁ G₃ M₁ G₃ Ṡ,False
rukmambari,RukmAmbari,rukmAmbari,15,MaayamaaLava,S R1 G3 P N3 S,S N3 P G3 R1 S,S R₁ G₃ P N₃ Ṡ,S N₃ P G₃ R₁ Ṡ,False
sadananapriya,SaDAnanapriyA,saDAnanapriyA,15,MaayamaaLava,S R1 M1 D1 N3 S,S N3 D1 M1 P M1 P G3 R1 S,S R₁ M₁ D₁ N₃ Ṡ,S N₃ D₁ M₁ P M₁ P G₃ R₁ Ṡ,False
sahayukta,Sahayukta,sahayukta,15,MaayamaaLava,S R1 M1 G3 M1 D1 S,S N3 P M1 G3 R1 S,S R₁ M₁ G₃ M₁ D₁ Ṡ,S N₃ P M₁ G₃ R₁ Ṡ,False
sakalakalavardhini,SakalakalAvardhini,sakalakalAvardhini,15,MaayamaaLava,S R1 G3 M1 P D1 N3,D1 P M1 G3 R1 S N3 D1 N3 S,S R₁ G₃ M₁ P D₁ N₃,D₁ P M₁ G₃ R₁ Ṡ N₃ D₁ N₃ Ṡ,False
salanganata,SAlanganATa,sAlanganATa,15,MaayamaaLava,S R1 M1 P D1 S,S D1 P G3 R1 S,S R₁ M₁ P D₁ Ṡ,S D₁ P G₃ R₁ Ṡ,False
salanganata,SAlanganATa,sAlanganATa,15,MaayamaaLava,S R1 M1 P D1 S,S N3 D1 P M1 G3 R1 S,S R₁ M₁ P D₁ Ṡ,S N₃ D₁ P M₁ G₃ R₁ Ṡ,False
salanganata,SAlanganATa,sAlanganATa,15,MaayamaaLava,S R1 M1 P D1 S,S N3 S D1 P M1 G3 R1 S,S R₁ M₁ P D₁ Ṡ,S N₃ Ṡ D₁ P M₁ G₃ R₁ Ṡ,False
salanganata,SAlanganATa,sAlanganATa,15,MaayamaaLava,S R1 S M1 P D1 S D1 P S,S N3 S D1 P M1 G3 R1 S,S R₁ Ṡ M₁ P D₁ Ṡ D₁ P Ṡ,S N₃ Ṡ D₁ P M₁ G₃ R₁ Ṡ,False
salanganata,SAlanganATa,sAlanganATa,15,MaayamaaLava,S R1 S M1 P D1 S,S D1 P S N3 S D1 P M1 G3 R1 S,S R₁ Ṡ M₁ P D₁ Ṡ,S D₁ P Ṡ N₃ Ṡ D₁ P M₁ G₃ R₁ Ṡ,False
samantadipaka,SAmantadIpaka,sAmantadIpaka,15,MaayamaaLava,S R1 G3 M1 P N3 S,S N3 P M1 G3 R1 S,S R₁ G₃ M₁ P N₃ Ṡ,S N₃ P M₁ G₃ R₁ Ṡ,False
samantadiparam,SAmantadIpAram,sAmantadIpAram,15,MaayamaaLava,S R1 G3 M1 P N3 S,S N3 P M1 G3 R1 S,S R₁ G₃ M₁ P N₃ Ṡ,S N₃ P M₁ G₃ R₁ Ṡ,False
sarangagaula,SArangagauLa,sArangagauLa,15,MaayamaaLava,S R1 G3 M1 P N3 S,S N3 P D1 N3 P M1 G3 M1 R1 G3 M1 G3 R1 S,S R₁ G₃ M₁ P N₃ Ṡ,S N₃ P D₁ N₃ P M₁ G₃ M₁ R₁ G₃ M₁ G₃ R₁ Ṡ,False
sarangagaula,SArangagauLa,sArangagauLa,15,MaayamaaLava,S R1 G3 M1 P N3 S,S N3 P D1 N3 P M1 G3 M1 R1 S,S R₁ G₃ M₁ P N₃ Ṡ,S N₃ P D₁ N₃ P M₁ G₃ M₁ R₁ Ṡ,False
saranganata,SAranganATa,sAranganATa,15,MaayamaaLava,S R1 M1 P D1 S N3 S,S N3 S D1 P M1 G3 R1 S,S R₁ M₁ P D₁ Ṡ N₃ Ṡ,S N₃ Ṡ D₁ P M₁ G₃ R₁ Ṡ,False
saranganata,SAranganATa,sAranganATa,15,MaayamaaLava,S R1 M1 P D1 S,S N3 D1 P M1 G3 R1 S,S R₁ M₁ P D₁ Ṡ,S N₃ D₁ P M₁ G₃ R₁ Ṡ,False
saranganata,SAranganATa,sAranganATa,15,MaayamaaLava,S R1 M1 P D1 S,S N3 S D1 P M1 G3 R1 S,S R₁ M₁ P D₁ Ṡ,S N₃ Ṡ D₁ P M₁ G₃ R₁ Ṡ,False
sarasamangala,SarasamangaLa,sarasamangaLa,15,MaayamaaLava,S G3 M1 N3 D1 S,S D1 P M1 G3 R1 S,S G₃ M₁ N₃ D₁ Ṡ,S D₁ P M₁ G₃ R₁ Ṡ,False
satyavati,Satyavati,satyavati,15,MaayamaaLava,S G3 R1 G3 P D1 S,S N3 D1 N3 P D1 P G3 R1 S,S G₃ R₁ G₃ P D₁ Ṡ,S N₃ D₁ N₃ P D₁ P G₃ R₁ Ṡ,False
saurastra,SaurAStra,saurAStra,15,MaayamaaLava,S R1 G3 M1 P D1 N3 S,S N3 D1 P M1 G3 M1 R1 S,S R₁ G₃ M₁ P D₁ N₃ Ṡ,S N₃ D₁ P M₁ G₃ M₁ R₁ Ṡ,False
saurastra,SaurAStra,saurAStra,15,MaayamaaLava,S R1 G3 M1 P D1 N3 S,S N3 D1 P M1 G3 R1 S,S R₁ G₃ M₁ P D₁ N₃ Ṡ,S N₃ D₁ P M₁ G₃ R₁ Ṡ,False
saurastra,SaurAStra,saurAStra,15,MaayamaaLava,S R1 G3 M1 P M1 D1 N3 S,S N3 D1 N3 D1 P M1 G3 P M1 R1 S,S R₁ G₃ M₁ P M₁ D₁ N₃ Ṡ,S N₃ D₁ N₃ D₁ P M₁ G₃ P M₁ R₁ Ṡ,False
saveri,SAvEri,sAvEri,15,MaayamaaLava,S R1 M1 P D1 S,S D1 P M1 G3 R1 S,S R₁ M₁ P D₁ Ṡ,S D₁ P M₁ G₃ R₁ Ṡ,False
saveri,SAvEri,sAvEri,15,MaayamaaLava,S R1 M1 P D1 S,S N3 D1 M1 G3 R1 S,S R₁ M₁ P D₁ Ṡ,S N₃ D₁ M₁ G₃ R₁ Ṡ,False
saveri,SAvEri,sAvEri,15,MaayamaaLava,S R1 M1 P D1 S,S N3 D1 P M1 G3 R1 S,S R₁ M₁ P D₁ Ṡ,S N₃ D₁ P M₁ G₃ R₁ Ṡ,False
shadakanapriya,ShaDAkanapriyA,shaDAkanapriyA,15,MaayamaaLava,S R1 M1 D1 N3 S,S N3 D1 M1 P M1 P G3 R1 S,S R₁ M₁ D₁ N₃ Ṡ,S N₃ D₁ M₁ P M₁ P G₃ R₁ Ṡ,False
shaktipada,Shaktipada,shaktipada,15,MaayamaaLava,S R1 G3 M1 P D1 N3 S,S N3 P M1 R1 S,S R₁ G₃ M₁ P D₁ N₃ Ṡ,S N₃ P M₁ R₁ Ṡ,False
shananastra,ShananAStra,shananAStra,15,MaayamaaLava,S R1 G3 P D1 N3 S,S N3 D1 P M1 G3 R1 S,S R₁ G₃ P D₁ N₃ Ṡ,S N₃ D₁ P M₁ G₃ R₁ Ṡ,False
shantakesari,ShAntakEsari,shAntakEsari,15,MaayamaaLava,S R1 M1 P N3 S,S N3 D1 P M1 G3 S,S R₁ M₁ P N₃ Ṡ,S N₃ D₁ P M₁ G₃ Ṡ,False
shashivadana,Shashivadana,shashivadana,15,MaayamaaLava,S R1 G3 M1 P M1 D1 N3 S,S N3 P M1 G3 S,S R₁ G₃ M₁ P M₁ D₁ N₃ Ṡ,S N₃ P M₁ G₃ Ṡ,False
shaurivilasita,Shaurivilasita,shaurivilasita,15,MaayamaaLava,N3 D1 N3 S R1 G3 M1 P M1 P,D1 P M1 G3 R1 S N3 D1 N3 S,N₃ D₁ N₃ Ṡ R₁ G₃ M₁ P M₁ P,D₁ P M₁ G₃ R₁ Ṡ N₃ D₁ N₃ Ṡ,False
shesaprabhata,ShESaprabhAta,shESaprabhAta,15,MaayamaaLava,S G3 M1 P D1 S,S N3 D1 P M1 G3 R1 S,S G₃ M₁ P D₁ Ṡ,S N₃ D₁ P M₁ G₃ R₁ Ṡ,False
shesavahini,ShESavAhini,shESavAhini,15,MaayamaaLava,S R1 G3 M1 P N3 S,S N3 M1 G3 R1 S,S R₁ G₃ M₁ P N₃ Ṡ,S N₃ M₁ G₃ R₁ Ṡ,False
shrijaganmohini,ShrIjaganmOhini,shrIjaganmOhini,15,MaayamaaLava,S G3 M1 P D1 N3 S,S N3 P M1 G3 R1 S,S G₃ M₁ P D₁ N₃ Ṡ,S N₃ P M₁ G₃ R₁ Ṡ,False
shuddhaborjari,ShuddhabOrjari,shuddhabOrjari,15,MaayamaaLava,S G3 R1 G3 P N3 D1 S,S N3 D1 M1 G3 R1 S,S G₃ R₁ G₃ P N₃ D₁ Ṡ,S N₃ D₁ M₁ G₃ R₁ Ṡ,False
shuddhagurjari,ShuddhagUrjari,shuddhagUrjari,15,MaayamaaLava,S G3 R1 G3 P N3 D1 S,S N3 D1 M1 G3 R1 S,S G₃ R₁ G₃ P N₃ D₁ Ṡ,S N₃ D₁ M₁ G₃ R₁ Ṡ,False
shuddhakriya,ShuddhakriyA,shuddhakriyA,15,MaayamaaLava,S R1 G3 M1 P D1 S,S D1 M1 G3 R1 S,S R₁ G₃ M₁ P D₁ Ṡ,S D₁ M₁ G₃ R₁ Ṡ,False
shuddhakriya,ShuddhakriyA,shuddhakriyA,15,MaayamaaLava,S R1 G3 P D1 N3 S,S D1 P M1 G3 R1 S,S R₁ G₃ P D₁ N₃ Ṡ,S D₁ P M₁ G₃ R₁ Ṡ,False
shuddhakriya,ShuddhakriyA,shuddhakriyA,15,MaayamaaLava,S R1 M1 P D1 P N3 S,S N3 D1 P M1 G3 R1 S,S R₁ M₁ P D₁ P N₃ Ṡ,S N₃ D₁ P M₁ G₃ R₁ Ṡ,False
shuddhakriya,ShuddhakriyA,shuddhakriyA,15,MaayamaaLava,S R1 M1 P D1 P N3 S,S N3 D1 P M1 R1 G3 M1 R1 S,S R₁ M₁ P D₁ P N₃ Ṡ,S N₃ D₁ P M₁ R₁ G₃ M₁ R₁ Ṡ,False
shuddhakriya,ShuddhakriyA,shuddhakriyA,15,MaayamaaLava,S R1 M1 P D1 S,S D1 P M1 G3 R1 S,S R₁ M₁ P D₁ Ṡ,S D₁ P M₁ G₃ R₁ Ṡ,False
shuddhakriya,ShuddhakriyA,shuddhakriyA,15,MaayamaaLava,S R1 P M1 P D1 S,S D1 P M1 G3 R1 S,S R₁ P M₁ P D₁ Ṡ,S D₁ P M₁ G₃ R₁ Ṡ,False
shuddhamalahari,Shuddhamalahari,shuddhamalahari,15,MaayamaaLava,S R1 G3 M1 P D1 S,S D1 P G3 R1 S,S R₁ G₃ M₁ P D₁ Ṡ,S D₁ P G₃ R₁ Ṡ,False
shuddhamalahari,Shuddhamalahari,shuddhamalahari,15,MaayamaaLava,S R1 G3 P M1 D1 S,S D1 M1 G3 R1 S,S R₁ G₃ P M₁ D₁ Ṡ,S D₁ M₁ G₃ R₁ Ṡ,False
shuddhamalahari,Shuddhamalahari,shuddhamalahari,15,MaayamaaLava,S R1 G3 P M1 G3 S,S D1 P G3 R1 S,S R₁ G₃ P M₁ G₃ Ṡ,S D₁ P G₃ R₁ Ṡ,False
shukraprabha,ShukraprabhA,shukraprabhA,15,MaayamaaLava,S R1 G3 M1 P D1 N3 S,S N3 D1 N3 P M1 R1 G3 R1 M1 G3 S,S R₁ G₃ M₁ P D₁ N₃ Ṡ,S N₃ D₁ N₃ P M₁ R₁ G₃ R₁ M₁ G₃ Ṡ,False
shvetambari,ShvEtAmbari,shvEtAmbari,15,MaayamaaLava,S R1 M1 P N3 D1 S,S D1 P M1 R1 G3 M1 R1 S,S R₁ M₁ P N₃ D₁ Ṡ,S D₁ P M₁ R₁ G₃ M₁ R₁ Ṡ,False
shyamagaula,ShyAmagauLa,shyAmagauLa,15,MaayamaaLava,S R1 G3 M1 P D1 N3 S,S N3 D1 P M1 G3 S,S R₁ G₃ M₁ P D₁ N₃ Ṡ,S N₃ D₁ P M₁ G₃ Ṡ,False
simhalalita,Simhalalita,simhalalita,15,MaayamaaLava,S R1 G3 M1 D1 N3 S,S N3 D1 P M1 G3 R1 S,S R₁ G₃ M₁ D₁ N₃ Ṡ,S N₃ D₁ P M₁ G₃ R₁ Ṡ,False
simhalila,SimhalIlA,simhalIlA,15,MaayamaaLava,S R1 G3 M1 D1 N3 S,S N3 D1 P M1 P M1 G3 R1 S,S R₁ G₃ M₁ D₁ N₃ Ṡ,S N₃ D₁ P M₁ P M₁ G₃ R₁ Ṡ,False
simhavarali,SimhavarALi,simhavarALi,15,MaayamaaLava,S R1 M1 P D1 N3 S,S N3 D1 P M1 R1 G3 R1 S,S R₁ M₁ P D₁ N₃ Ṡ,S N₃ D₁ P M₁ R₁ G₃ R₁ Ṡ,False
sindhuramakriya,SindhurAmakriyA,sindhurAmakriyA,15,MaayamaaLava,S G3 M1 P D1 N3 S,S N3 D1 P M1 G3 S,S G₃ M₁ P D₁ N₃ Ṡ,S N₃ D₁ P M₁ G₃ Ṡ,False
sindhuramakriya,SindhurAmakriyA,sindhurAmakriyA,15,MaayamaaLava,S G3 M1 P D1 N3 S,S N3 P D1 M1 G3 S,S G₃ M₁ P D₁ N₃ Ṡ,S N₃ P D₁ M₁ G₃ Ṡ,False
sindhuramakriya,SindhurAmakriyA,sindhurAmakriyA,15,MaayamaaLava,S G3 M1 P D1 N3 S,S N3 P D1 P M1 G3 S,S G₃ M₁ P D₁ N₃ Ṡ,S N₃ P D₁ P M₁ G₃ Ṡ,False
sindhuramakriya,SindhurAmakriyA,sindhurAmakriyA,15,MaayamaaLava,S G3 M1 P D1 N3 S,S N3 P M1 G3 R1 G3 S,S G₃ M₁ P D₁ N₃ Ṡ,S N₃ P M₁ G₃ R₁ G₃ Ṡ,False
sindhuramakriya,SindhurAmakriyA,sindhurAmakriyA,15,MaayamaaLava,S R1 G3 M1 P D1 N3 S,S N3 P D1 P M1 G3 R1 G3 S,S R₁ G₃ M₁ P D₁ N₃ Ṡ,S N₃ P D₁ P M₁ G₃ R₁ G₃ Ṡ,False
sindhuramakriya,SindhurAmakriyA,sindhurAmakriyA,15,MaayamaaLava,S R1 M1 P D1 N3 D1 S,S N3 P M1 R1 G3 R1 S,S R₁ M₁ P D₁ N₃ D₁ Ṡ,S N₃ P M₁ R₁ G₃ R₁ Ṡ,False
sindhutarangini,SindhutarangiNi,sindhutarangiNi,15,MaayamaaLava,S R1 G3 M1 D1 N3 S,S N3 D1 P M1 G3 R1 S,S R₁ G₃ M₁ D₁ N₃ Ṡ,S N₃ D₁ P M₁ G₃ R₁ Ṡ,False
sindhutarangini,SindhutarangiNi,sindhutarangiNi,15,MaayamaaLava,S R1 G3 M1 D1 N3 S,S N3 P D1 M1 G3 R1 S,S R₁ G₃ M₁ D₁ N₃ Ṡ,S N₃ P D₁ M₁ G₃ R₁ Ṡ,False
smokambari,SmOkAmbari,smOkAmbari,15,MaayamaaLava,S R1 M1 P N3 D1 S,S D1 P M1 R1 G3 M1 R1 S,S R₁ M₁ P N₃ D₁ Ṡ,S D₁ P M₁ R₁ G₃ M₁ R₁ Ṡ,False
stutipriya,StutipriyA,stutipriyA,15,MaayamaaLava,S G3 M1 P D1 S,S D1 P M1 G3 S,S G₃ M₁ P D₁ Ṡ,S D₁ P M₁ G₃ Ṡ,False
surasindhu,Surasindhu,surasindhu,15,MaayamaaLava,S M1 G3 M1 D1 P D1 N3 D1 S,S N3 D1 P M1 R1 G3 R1 S,S M₁ G₃ M₁ D₁ P D₁ N₃ D₁ Ṡ,S N₃ D₁ P M₁ R₁ G₃ R₁ Ṡ,False
surasindhu,Surasindhu,surasindhu,15,MaayamaaLava,S M1 G3 M1 P D1 N3 D1 S,S N3 D1 P M1 R1 G3 R1 S,S M₁ G₃ M₁ P D₁ N₃ D₁ Ṡ,S N₃ D₁ P M₁ R₁ G₃ R₁ Ṡ,False
surasindhu,Surasindhu,surasindhu,15,MaayamaaLava,S M1 G3 M1 P D1 N3 S,S N3 D1 P M1 R1 G3 R1 S,S M₁ G₃ M₁ P D₁ N₃ Ṡ,S N₃ D₁ P M₁ R₁ G₃ R₁ Ṡ,False
surasindhu,Surasindhu,surasindhu,15,MaayamaaLava,S M1 R1 M1 P D1 N3 D1 S,S N3 D1 N3 P M1 G3 R1 S,S M₁ R₁ M₁ P D₁ N₃ D₁ Ṡ,S N₃ D₁ N₃ P M₁ G₃ R₁ Ṡ,False
surasindhu,Surasindhu,surasindhu,15,MaayamaaLava,S R1 M1 G3 M1 P D1 N3 D1 S,S N3 D1 P M1 G3 R1 S,S R₁ M₁ G₃ M₁ P D₁ N₃ D₁ Ṡ,S N₃ D₁ P M₁ G₃ R₁ Ṡ,False
syayagaula,SyAyAgauLa,syAyAgauLa,15,MaayamaaLava,S R1 G3 M1 P D1 N3 S,S N3 D1 P M1 G3 S,S R₁ G₃ M₁ P D₁ N₃ Ṡ,S N₃ D₁ P M₁ G₃ Ṡ,False
takka,Takka,Takka,15,MaayamaaLava,S R1 S G3 M1 G3 P M1 D1 N3 S,S N3 D1 M1 G3 P M1 R1 G3 S,S R₁ Ṡ G₃ M₁ G₃ P M₁ D₁ N₃ Ṡ,S N₃ D₁ M₁ G₃ P M₁ R₁ G₃ Ṡ,False
talaranjani,TALaranjani,tALaranjani,15,MaayamaaLava,S R1 G3 M1 P D1 N3 S,S N3 D1 M1 D1 P M1 R1 G3 R1 S,S R₁ G₃ M₁ P D₁ N₃ Ṡ,S N₃ D₁ M₁ D₁ P M₁ R₁ G₃ R₁ Ṡ,False
tarabharanam,TArAbharaNam,tArAbharaNam,15,MaayamaaLava,S R1 G3 M1 N3 D1 N3 P D1 N3,S N3 D1 M1 G3 S R1 S,S R₁ G₃ M₁ N₃ D₁ N₃ P D₁ N₃,S N₃ D₁ M₁ G₃ Ṡ R₁ Ṡ,False
taravam,Taravam,taravam,15,MaayamaaLava,S G3 M1 D1 N3 S,S N3 D1 M1 G3 S,S G₃ M₁ D₁ N₃ Ṡ,S N₃ D₁ M₁ G₃ Ṡ,False
tiruanaiyurti,TiruAnaiyUrti,tiruAnaiyUrti,15,MaayamaaLava,S R1 G3 M1 P D1 N3 S,S N3 P G3 R1 S,S R₁ G₃ M₁ P D₁ N₃ Ṡ,S N₃ P G₃ R₁ Ṡ,False
tirumaishanan,TirumAIshAnan,tirumAIshAnan,15,MaayamaaLava,S G3 M1 P D1 N3 S,S N3 P M1 R1 S,S G₃ M₁ P D₁ N₃ Ṡ,S N₃ P M₁ R₁ Ṡ,False
tirumaran,TirumAran,tirumAran,15,MaayamaaLava,S R1 G3 M1 D1 N3 S,S N3 P M1 R1 S,S R₁ G₃ M₁ D₁ N₃ Ṡ,S N₃ P M₁ R₁ Ṡ,False
tirumaumapati,TirumAumApati,tirumAumApati,15,MaayamaaLava,S R1 M1 P N3 S,S D1 M1 G3 S,S R₁ M₁ P N₃ Ṡ,S D₁ M₁ G₃ Ṡ,False
triyambini,Triyambini,triyambini,15,MaayamaaLava,S G3 M1 D1 N3 S,S N3 D1 P M1 G3 R1 G3 S,S G₃ M₁ D₁ N₃ Ṡ,S N₃ D₁ P M₁ G₃ R₁ G₃ Ṡ,False
tulikya,Tulikya,tulikya,15,MaayamaaLava,S G3 S R1 G3 P D1 N3 S,S N3 D1 P G3 R1 S,S G₃ Ṡ R₁ G₃ P D₁ N₃ Ṡ,S N₃ D₁ P G₃ R₁ Ṡ,False
uccikizha,UccikizhA,uccikizhA,15,MaayamaaLava,S R1 G3 P S,S N3 D1 P M1 G3 R1 S,S R₁ G₃ P Ṡ,S N₃ D₁ P M₁ G₃ R₁ Ṡ,False
ucitana,Ucitana,ucitana,15,MaayamaaLava,S G3 M1 P D1 S,S N3 P M1 R1 S,S G₃ M₁ P D₁ Ṡ,S N₃ P M₁ R₁ Ṡ,False
udambidi,UDambiDi,uDambiDi,15,MaayamaaLava,S R1 G3 M1 P N3 S,S N3 D1 M1 S,S R₁ G₃ M₁ P N₃ Ṡ,S N₃ D₁ M₁ Ṡ,False
udasanan,UdAsanan,udAsanan,15,MaayamaaLava,S G3 M1 D1 S,S N3 P M1 G3 R1 S,S G₃ M₁ D₁ Ṡ,S N₃ P M₁ G₃ R₁ Ṡ,False
udiyan,Udiyan,udiyan,15,MaayamaaLava,S R1 M1 D1 S,S N3 P M1 G3 R1 S,S R₁ M₁ D₁ Ṡ,S N₃ P M₁ G₃ R₁ Ṡ,False
udupati,UDupati,uDupati,15,MaayamaaLava,S R1 M1 P D1 N3 S,S N3 P G3 S,S R₁ M₁ P D₁ N₃ Ṡ,S N₃ P G₃ Ṡ,False
ugadi,UgAdi,ugAdi,15,MaayamaaLava,S R1 G3 M1 P D1 N3 S,S D1 M1 G3 S,S R₁ G₃ M₁ P D₁ N₃ Ṡ,S D₁ M₁ G₃ Ṡ,False
ulaganetra,UlaganEtra,ulaganEtra,15,MaayamaaLava,S G3 M1 D1 S,S N3 P M1 R1 S,S G₃ M₁ D₁ Ṡ,S N₃ P M₁ R₁ Ṡ,False
upendran,UpEndran,upEndran,15,MaayamaaLava,S G3 P N3 S,S N3 D1 M1 R1 G3 R1 S,S G₃ P N₃ Ṡ,S N₃ D₁ M₁ R₁ G₃ R₁ Ṡ,False
uppai,Uppai,uppai,15,MaayamaaLava,S G3 M1 P N3 S,S D1 M1 R1 S,S G₃ M₁ P N₃ Ṡ,S D₁ M₁ R₁ Ṡ,False
uragadhipa,UragAdhipa,uragAdhipa,15,MaayamaaLava,S R1 G3 P N3 S,S D1 M1 R1 S,S R₁ G₃ P N₃ Ṡ,S D₁ M₁ R₁ Ṡ,False
uragamanjari,Uragamanjari,uragamanjari,15,MaayamaaLava,S G3 M1 P N3 S,S N3 D1 P M1 R1 G3 M1 R1 S,S G₃ M₁ P N₃ Ṡ,S N₃ D₁ P M₁ R₁ G₃ M₁ R₁ Ṡ,False
urogaka,UrOgaka,urOgaka,15,MaayamaaLava,S R1 M1 D1 S,S N3 P G3 R1 S,S R₁ M₁ D₁ Ṡ,S N₃ P G₃ R₁ Ṡ,False
uruppashi,Uruppashi,uruppashi,15,MaayamaaLava,S G3 P N3 S,S D1 P M1 R1 S,S G₃ P N₃ Ṡ,S D₁ P M₁ R₁ Ṡ,False
usa,USA,uSA,15,MaayamaaLava,S R1 M1 D1 S,S N3 D1 P M1 G3 R1 S,S R₁ M₁ D₁ Ṡ,S N₃ D₁ P M₁ G₃ R₁ Ṡ,False
usana,Usana,usana,15,MaayamaaLava,S G3 P N3 S,S N3 D1 P M1 G3 R1 S,S G₃ P N₃ Ṡ,S N₃ D₁ P M₁ G₃ R₁ Ṡ,False
usavali,USAvaLi,uSAvaLi,15,MaayamaaLava,S R1 M1 P D1 S,S N3 D1 M1 P M1 R1 S,S R₁ M₁ P D₁ Ṡ,S N₃ D₁ M₁ P M₁ R₁ Ṡ,False
uvakai,Uvakai,uvakai,15,MaayamaaLava,S G3 P D1 S,S N3 P R1 S,S G₃ P D₁ Ṡ,S N₃ P R₁ Ṡ,False
uvana,UvaNa,uvaNa,15,MaayamaaLava,S G3 P N3 S,S N3 P R1 S,S G₃ P N₃ Ṡ,S N₃ P R₁ Ṡ,False
vagvaditya,VAgvAditya,vAgvAditya,15,MaayamaaLava,S G3 M1 P N3 S,S N3 D1 P M1 G3 R1 S,S G₃ M₁ P N₃ Ṡ,S N₃ D₁ P M₁ G₃ R₁ Ṡ,False
vagvilalita,VAgvilalita,vAgvilalita,15,MaayamaaLava,S R1 M1 P D1 S,S N3 P D1 P M1 R1 G3 R1 S,S R₁ M₁ P D₁ Ṡ,S N₃ P D₁ P M₁ R₁ G₃ R₁ Ṡ,False
vajracudamani,VajracUDAmaNi,vajracUDAmaNi,15,MaayamaaLava,S R1 G3 P D1 S,S N3 P D1 P M1 G3 R1 S,S R₁ G₃ P D₁ Ṡ,S N₃ P D₁ P M₁ G₃ R₁ Ṡ,False
vasanta,Vasanta,vasanta,15,MaayamaaLava,R1 S G3 M1 D1 N3 S,S N3 D1 N3 G3 M1 M1 P G3 R1,R₁ Ṡ G₃ M₁ D₁ N₃ Ṡ,S N₃ D₁ N₃ G₃ M₁ M₁ P G₃ R₁,False
vasanta,Vasanta,vasanta,15,MaayamaaLava,S G3 M1 D1 N3 S,S N3 D1 M1 G3 M1 P M1 G3 R1,S G₃ M₁ D₁ N₃ Ṡ,S N₃ D₁ M₁ G₃ M₁ P M₁ G₃ R₁,False
vasanta,Vasanta,vasanta,15,MaayamaaLava,S G3 M1 D1 N3 S,S N3 D1 M1 G3 M1 P M1 G3 R1 S,S G₃ M₁ D₁ N₃ Ṡ,S N₃ D₁ M₁ G₃ M₁ P M₁ G₃ R₁ Ṡ,False
vasanta,Vasanta,vasanta,15,MaayamaaLava,S G3 M1 D1 N3 S,S N3 D1 M1 G3 R1 S,S G₃ M₁ D₁ N₃ Ṡ,S N₃ D₁ M₁ G₃ R₁ Ṡ,False
vasanta,Vasanta,vasanta,15,MaayamaaLava,S G3 M1 D1 N3 S,S N3 D1 P M1 G3 R1 S,S G₃ M₁ D₁ N₃ Ṡ,S N₃ D₁ P M₁ G₃ R₁ Ṡ,False
vasantamanohari,VasantamanOhari,vasantamanOhari,15,MaayamaaLava,S R1 G3 M1 P D1 N3 S,S N3 P M1 G3 S,S R₁ G₃ M₁ P D₁ N₃ Ṡ,S N₃ P M₁ G₃ Ṡ,False
vasantapriya,VasantapriyA,vasantapriyA,15,MaayamaaLava,S R1 G3 M1 P D1 P N3 S,S N3 P M1 R1 S,S R₁ G₃ M₁ P D₁ P N₃ Ṡ,S N₃ P M₁ R₁ Ṡ,False
vasantasugandhi,Vasantasugandhi,vasantasugandhi,15,MaayamaaLava,S R1 G3 M1 D1 S,S N3 D1 P M1 R1 S,S R₁ G₃ M₁ D₁ Ṡ,S N₃ D₁ P M₁ R₁ Ṡ,False
vasavalalita,VAsavalalitA,vAsavalalitA,15,MaayamaaLava,S R1 M1 P D1 S,S N3 P D1 P M1 R1 G3 R1 S,S R₁ M₁ P D₁ Ṡ,S N₃ P D₁ P M₁ R₁ G₃ R₁ Ṡ,False
vegavaditya,VEgavAditya,vEgavAditya,15,MaayamaaLava,S G3 M1 P N3 S,S N3 D1 P M1 G3 R1 S,S G₃ M₁ P N₃ Ṡ,S N₃ D₁ P M₁ G₃ R₁ Ṡ,False
villi,Villi,villi,15,MaayamaaLava,S G3 M1 P S,S N3 D1 P M1 G3 R1 S,S G₃ M₁ P Ṡ,S N₃ D₁ P M₁ G₃ R₁ Ṡ,False
vinodini,VinOdini,vinOdini,15,MaayamaaLava,S R1 G3 M1 D1 N3 S,S N3 D1 M1 G3 R1 S,S R₁ G₃ M₁ D₁ N₃ Ṡ,S N₃ D₁ M₁ G₃ R₁ Ṡ,False
vinodini,VinOdini,vinOdini,15,MaayamaaLava,S R1 M1 D1 N3 S,S N3 D1 M1 G3 R1 S,S R₁ M₁ D₁ N₃ Ṡ,S N₃ D₁ M₁ G₃ R₁ Ṡ,False
virasankashini,VIrasankAshini,vIrasankAshini,15,MaayamaaLava,S G3 M1 R1 G3 M1 D1 N3 D1 M1,S N3 D1 P M1 G3 R1 S,S G₃ M₁ R₁ G₃ M₁ D₁ N₃ D₁ M₁,S N₃ D₁ P M₁ G₃ R₁ Ṡ,False
viyoranjani,ViyOranjani,viyOranjani,15,MaayamaaLava,S R1 G3 R1 M1 P D1 N3 S,S N3 D1 M1 G3 S,S R₁ G₃ R₁ M₁ P D₁ N₃ Ṡ,S N₃ D₁ M₁ G₃ Ṡ,False
vurugamanjari,Vurugamanjari,vurugamanjari,15,MaayamaaLava,S R1 G3 M1 P N3 S,S N3 D1 P M1 R1 G3 M1 R1 S,S R₁ G₃ M₁ P N₃ Ṡ,S N₃ D₁ P M₁ R₁ G₃ M₁ R₁ Ṡ,False
vyazhakurinji,VyAzhakurinji,vyAzhakurinji,15,MaayamaaLava,S R1 G3 M1 P D1 N3 S,S N3 P M1 G3 M1 R1 S,S R₁ G₃ M₁ P D₁ N₃ Ṡ,S N₃ P M₁ G₃ M₁ R₁ Ṡ,False
yogalila,YOgalIlA,yOgalIlA,15,MaayamaaLava,S R1 G3 R1 M1 P N3 D1 N3 P D1 S,S N3 D1 P M1 G3 R1 S,S R₁ G₃ R₁ M₁ P N₃ D₁ N₃ P D₁ Ṡ,S N₃ D₁ P M₁ G₃ R₁ Ṡ,False
yudhistira,YudhiSTira,yudhiSTira,15,MaayamaaLava,S R1 G3 P D1 N3 S,S D1 M1 G3 S,S R₁ G₃ P D₁ N₃ Ṡ,S D₁ M₁ G₃ Ṡ,False
toyavegavaahini,TOyavEgavaahini,tOyavEgavaahini,16,Cakravaakam,S R1 G3 M1 P D2 N2 S,S N2 D2 P M1 G3 R1 S,S R₁ G₃ M₁ P D₂ N₂ Ṡ,S N₂ D₂ P M₁ G₃ R₁ Ṡ,False
abhaya,Abhaya,abhaya,16,Cakravaakam,S R1 G3 M1 P D2 N2 S,S N2 D2 P M1 G3 R1 S,S R₁ G₃ M₁ P D₂ N₂ Ṡ,S N₂ D₂ P M₁ G₃ R₁ Ṡ,False
airavati,AirAvati,airAvati,16,Cakravaakam,S R1 G3 M1 P D2 N2 S,S P M1 R1 S,S R₁ G₃ M₁ P D₂ N₂ Ṡ,S P M₁ R₁ Ṡ,False
aiyyan,Aiyyan,aiyyan,16,Cakravaakam,S R1 G3 M1 P D2 N2 S,S D2 M1 R1 S,S R₁ G₃ M₁ P D₂ N₂ Ṡ,S D₂ M₁ R₁ Ṡ,False
ballati,BallAti,ballAti,16,Cakravaakam,S R1 G3 M1 P D2 N2 S,S N2 P M1 R1 G3 M1 R1 S,S R₁ G₃ M₁ P D₂ N₂ Ṡ,S N₂ P M₁ R₁ G₃ M₁ R₁ Ṡ,False
bhaktapriya,BhaktapriyA,bhaktapriyA,16,Cakravaakam,S G3 M1 P D2 N2 S,S N2 D2 P M1 G3 M1 R1 S,S G₃ M₁ P D₂ N₂ Ṡ,S N₂ D₂ P M₁ G₃ M₁ R₁ Ṡ,False
bhaktapriya,BhaktapriyA,bhaktapriyA,16,Cakravaakam,S G3 M1 P D2 N2 S,S N2 D2 P M1 R1 G3 M1 G3 S,S G₃ M₁ P D₂ N₂ Ṡ,S N₂ D₂ P M₁ R₁ G₃ M₁ G₃ Ṡ,False
bhaktapriya,BhaktapriyA,bhaktapriyA,16,Cakravaakam,S G3 M1 P D2 N2 S,S N2 D2 P M1 R1 M1 G3 S,S G₃ M₁ P D₂ N₂ Ṡ,S N₂ D₂ P M₁ R₁ M₁ G₃ Ṡ,False
bhavyalila,BhavyalIlA,bhavyalIlA,16,Cakravaakam,S G3 M1 D2 N2 S,S N2 D2 P M1 G3 S,S G₃ M₁ D₂ N₂ Ṡ,S N₂ D₂ P M₁ G₃ Ṡ,False
bhramaravardini,Bhramaravardini,bhramaravardini,16,Cakravaakam,S R1 M1 P D2 N2 S,S N2 D2 P M1 R1 S,S R₁ M₁ P D₂ N₂ Ṡ,S N₂ D₂ P M₁ R₁ Ṡ,False
bhujangini,BhujangiNi,bhujangiNi,16,Cakravaakam,S R1 G3 M1 D2 N2 S,S N2 D2 M1 G3 R1 S,S R₁ G₃ M₁ D₂ N₂ Ṡ,S N₂ D₂ M₁ G₃ R₁ Ṡ,False
bhujangini,BhujangiNi,bhujangiNi,16,Cakravaakam,S R1 G3 M1 P D2 S,S N2 D2 M1 G3 R1 S,S R₁ G₃ M₁ P D₂ Ṡ,S N₂ D₂ M₁ G₃ R₁ Ṡ,False
bhujangini,BhujangiNi,bhujangiNi,16,Cakravaakam,S R1 S M1 G3 M1 N2 D2 N2 S,S N2 D2 M1 G3 R1 S,S R₁ Ṡ M₁ G₃ M₁ N₂ D₂ N₂ Ṡ,S N₂ D₂ M₁ G₃ R₁ Ṡ,False
bhupalika,BhUpAlikA,bhUpAlikA,16,Cakravaakam,S G3 M1 P N2 S,S N2 D2 P M1 G3 S,S G₃ M₁ P N₂ Ṡ,S N₂ D₂ P M₁ G₃ Ṡ,False
bhuvanamohini,BhuvanamOhini,bhuvanamOhini,16,Cakravaakam,S G3 M1 N2 D2 S,S N2 D2 P M1 G3 R1 S,S G₃ M₁ N₂ D₂ Ṡ,S N₂ D₂ P M₁ G₃ R₁ Ṡ,False
bindukalanka,BindukALanka,bindukALanka,16,Cakravaakam,S R1 G3 M1 P D2 N2 S,S N2 P M1 G3 M1 R1 G3 R1 S,S R₁ G₃ M₁ P D₂ N₂ Ṡ,S N₂ P M₁ G₃ M₁ R₁ G₃ R₁ Ṡ,False
bindumalini,BindumAlini,bindumAlini,16,Cakravaakam,S G3 R1 M1 P D2 N2 P N2 S,S P N2 D2 P G3 R1 S,S G₃ R₁ M₁ P D₂ N₂ P N₂ Ṡ,S P N₂ D₂ P G₃ R₁ Ṡ,False
bindumalini,BindumAlini,bindumAlini,16,Cakravaakam,S R1 G3 M1 G3 P D2 N2 P S,S N2 D2 P G3 M1 G3 R1 S,S R₁ G₃ M₁ G₃ P D₂ N₂ P Ṡ,S N₂ D₂ P G₃ M₁ G₃ R₁ Ṡ,False
bindumalini,BindumAlini,bindumAlini,16,Cakravaakam,S R1 G3 M1 G3 P N2 D2 S,S N2 D2 P G3 M1 G3 R1 S,S R₁ G₃ M₁ G₃ P N₂ D₂ Ṡ,S N₂ D₂ P G₃ M₁ G₃ R₁ Ṡ,False
bindumalini,BindumAlini,bindumAlini,16,Cakravaakam,S R1 M1 P N2 S,S P N2 D2 P G3 R1 G3 R1 S,S R₁ M₁ P N₂ Ṡ,S P N₂ D₂ P G₃ R₁ G₃ R₁ Ṡ,False
cakravaka,CakravAka,cakravAka,16,Cakravaakam,S R1 G3 M1 P D2 N2 S,S N2 D2 P M1 G3 R1 S,S R₁ G₃ M₁ P D₂ N₂ Ṡ,S N₂ D₂ P M₁ G₃ R₁ Ṡ,False
candrakirani,CandrakiraNi,candrakiraNi,16,Cakravaakam,S G3 M1 P M1 D2 N2 S,S N2 D2 N2 P M1 G3 M1 R1 S,S G₃ M₁ P M₁ D₂ N₂ Ṡ,S N₂ D₂ N₂ P M₁ G₃ M₁ R₁ Ṡ,False
caturangini,CaturangiNi,caturangiNi,16,Cakravaakam,S M1 G3 M1 P N2 S,S N2 D2 N2 P M1 G3 R1 S,S M₁ G₃ M₁ P N₂ Ṡ,S N₂ D₂ N₂ P M₁ G₃ R₁ Ṡ,False
chayavati,ChAyAvati,chAyAvati,16,Cakravaakam,S R1 G3 M1 D2 N2 S,S N2 D2 P M1 G3 R1 S,S R₁ G₃ M₁ D₂ N₂ Ṡ,S N₂ D₂ P M₁ G₃ R₁ Ṡ,False
cinmaya,Cinmaya,cinmaya,16,Cakravaakam,S R1 G3 M1 P M1 D2 N2 S,S N2 D2 N2 P M1 G3 R1 S,S R₁ G₃ M₁ P M₁ D₂ N₂ Ṡ,S N₂ D₂ N₂ P M₁ G₃ R₁ Ṡ,False
dehali,DEhaLi,dEhaLi,16,Cakravaakam,S R1 P D2 N2 S,S N2 D2 P R1 S,S R₁ P D₂ N₂ Ṡ,S N₂ D₂ P R₁ Ṡ,False
dhanapalini,DhanapAlini,dhanapAlini,16,Cakravaakam,S R1 G3 M1 P M1 P S,S N2 D2 P M1 D2 M1 G3 R1 S,S R₁ G₃ M₁ P M₁ P Ṡ,S N₂ D₂ P M₁ D₂ M₁ G₃ R₁ Ṡ,False
dhanapalini,DhanapAlini,dhanapAlini,16,Cakravaakam,S R1 G3 M1 P S,S N2 D2 P M1 D2 M1 G3 R1 S,S R₁ G₃ M₁ P Ṡ,S N₂ D₂ P M₁ D₂ M₁ G₃ R₁ Ṡ,False
eccan,Eccan,eccan,16,Cakravaakam,S R1 G3 M1 P D2 N2 S,S N2 P M1 G3 S,S R₁ G₃ M₁ P D₂ N₂ Ṡ,S N₂ P M₁ G₃ Ṡ,False
ediri,Ediri,ediri,16,Cakravaakam,S R1 G3 M1 P D2 N2 S,S N2 D2 P G3 S,S R₁ G₃ M₁ P D₂ N₂ Ṡ,S N₂ D₂ P G₃ Ṡ,False
ellaiyili,Ellaiyili,ellaiyili,16,Cakravaakam,S R1 G3 P D2 N2 S,S N2 P M1 G3 S,S R₁ G₃ P D₂ N₂ Ṡ,S N₂ P M₁ G₃ Ṡ,False
elli,Elli,elli,16,Cakravaakam,S R1 M1 P D2 S,S N2 P M1 G3 R1 S,S R₁ M₁ P D₂ Ṡ,S N₂ P M₁ G₃ R₁ Ṡ,False
ellon,EllOn,ellOn,16,Cakravaakam,S R1 M1 P D2 N2 S,S N2 D2 M1 G3 S,S R₁ M₁ P D₂ N₂ Ṡ,S N₂ D₂ M₁ G₃ Ṡ,False
emman,EmmAn,emmAn,16,Cakravaakam,S R1 G3 M1 P D2 S,S N2 P M1 G3 R1 S,S R₁ G₃ M₁ P D₂ Ṡ,S N₂ P M₁ G₃ R₁ Ṡ,False
endolimalai,ENDOLimAlai,eNDOLimAlai,16,Cakravaakam,S R1 G3 M1 P D2 N2 S,S N2 D2 M1 G3 S,S R₁ G₃ M₁ P D₂ N₂ Ṡ,S N₂ D₂ M₁ G₃ Ṡ,False
engal,Engal,Engal,16,Cakravaakam,S G3 M1 P D2 S,S N2 P M1 G3 R1 S,S G₃ M₁ P D₂ Ṡ,S N₂ P M₁ G₃ R₁ Ṡ,False
enurndon,EnURndOn,EnURndOn,16,Cakravaakam,S G3 M1 P D2 S,S N2 D2 M1 R1 S,S G₃ M₁ P D₂ Ṡ,S N₂ D₂ M₁ R₁ Ṡ,False
ganabhusani,GAnabhUSaNi,gAnabhUSaNi,16,Cakravaakam,S R1 G3 D2 N2 S,S N2 D2 M1 G3 R1 S,S R₁ G₃ D₂ N₂ Ṡ,S N₂ D₂ M₁ G₃ R₁ Ṡ,False
ganadhipa,GaNAdhipa,gaNAdhipa,16,Cakravaakam,S R1 G3 P S,S N2 D2 P M1 S,S R₁ G₃ P Ṡ,S N₂ D₂ P M₁ Ṡ,False
ganathan,GaNAthan,gaNAthan,16,Cakravaakam,S R1 M1 D2 S,S N2 P M1 G3 S,S R₁ M₁ D₂ Ṡ,S N₂ P M₁ G₃ Ṡ,False
ganga,GangA,gangA,16,Cakravaakam,S R1 G3 M1 D2 N2 S,S D2 M1 R1 S,S R₁ G₃ M₁ D₂ N₂ Ṡ,S D₂ M₁ R₁ Ṡ,False
gangasuta,GangAsuta,gangAsuta,16,Cakravaakam,S R1 M1 P D2 N2 S,S D2 M1 G3 S,S R₁ M₁ P D₂ N₂ Ṡ,S D₂ M₁ G₃ Ṡ,False
ganitavinodini,GaNitavinOdini,gaNitavinOdini,16,Cakravaakam,S G3 M1 P N2 S,S N2 D2 P M1 G3 R1 S,S G₃ M₁ P N₂ Ṡ,S N₂ D₂ P M₁ G₃ R₁ Ṡ,False
ghosini,GhOSini,ghOSini,16,Cakravaakam,S M1 G3 M1 P D2 N2 D2 S,S N2 D2 P M1 G3 M1 R1 S,S M₁ G₃ M₁ P D₂ N₂ D₂ Ṡ,S N₂ D₂ P M₁ G₃ M₁ R₁ Ṡ,False
ghrtacci,GhrtAcci,ghrtAcci,16,Cakravaakam,S R1 M1 D2 N2 S,S N2 D2 M1 R1 S,S R₁ M₁ D₂ N₂ Ṡ,S N₂ D₂ M₁ R₁ Ṡ,False
ghusani,GhUSaNi,ghUSaNi,16,Cakravaakam,S M1 G3 M1 P D2 N2 D2 S,S N2 D2 P M1 G3 M1 R1 S,S M₁ G₃ M₁ P D₂ N₂ D₂ Ṡ,S N₂ D₂ P M₁ G₃ M₁ R₁ Ṡ,False
giritaksi,GiritAkSi,giritAkSi,16,Cakravaakam,S R1 M1 D2 N2 S,S N2 D2 M1 R1 S,S R₁ M₁ D₂ N₂ Ṡ,S N₂ D₂ M₁ R₁ Ṡ,False
grishmavali,GrIshmAvaLi,grIshmAvaLi,16,Cakravaakam,S R1 G3 M1 P S,S N2 D2 M1 G3 R1 S,S R₁ G₃ M₁ P Ṡ,S N₂ D₂ M₁ G₃ R₁ Ṡ,False
guhapriya,GuhapriyA,guhapriyA,16,Cakravaakam,S R1 G3 M1 P P M1 D2 N2 S,S D2 N2 P M1 G3 S R1 S,S R₁ G₃ M₁ P P M₁ D₂ N₂ Ṡ,S D₂ N₂ P M₁ G₃ Ṡ R₁ Ṡ,False
guhapriya,GuhapriyA,guhapriyA,16,Cakravaakam,S R1 G3 M1 S P M1 D2 N2 S,S D2 N2 P M1 G3 S R1 S,S R₁ G₃ M₁ Ṡ P M₁ D₂ N₂ Ṡ,S D₂ N₂ P M₁ G₃ Ṡ R₁ Ṡ,False
guhapriya,GuhapriyA,guhapriyA,16,Cakravaakam,S R1 G3 M1 S P M1 D2 N2 S,S D2 N2 P M1 G3 S,S R₁ G₃ M₁ Ṡ P M₁ D₂ N₂ Ṡ,S D₂ N₂ P M₁ G₃ Ṡ,False
guhapriya,GuhapriyA,guhapriyA,16,Cakravaakam,S R1 G3 M1 S P M1 D2 N2 S,S N2 D2 P M1 G3 S R1 S,S R₁ G₃ M₁ Ṡ P M₁ D₂ N₂ Ṡ,S N₂ D₂ P M₁ G₃ Ṡ R₁ Ṡ,False
gunapriya,GuNapriyA,guNapriyA,16,Cakravaakam,S R1 G3 M1 S P M1 D2 N2 S,S D2 N2 P M1 G3 S R1 S,S R₁ G₃ M₁ Ṡ P M₁ D₂ N₂ Ṡ,S D₂ N₂ P M₁ G₃ Ṡ R₁ Ṡ,False
gunitavinodini,GuNitavinOdini,guNitavinOdini,16,Cakravaakam,S G3 M1 P N2 S,S N2 D2 P M1 G3 R1 S,S G₃ M₁ P N₂ Ṡ,S N₂ D₂ P M₁ G₃ R₁ Ṡ,False
janakarsani,JanAkarSaNi,janAkarSaNi,16,Cakravaakam,S R1 G3 M1 D2 N2 S,S N2 D2 P M1 G3 D2 M1 G3 R1 S,S R₁ G₃ M₁ D₂ N₂ Ṡ,S N₂ D₂ P M₁ G₃ D₂ M₁ G₃ R₁ Ṡ,False
janakarsani,JanAkarSaNi,janAkarSaNi,16,Cakravaakam,S R1 G3 M1 P M1 D2 N2 S,S N2 D2 P M1 G3 D2 M1 G3 R1 S,S R₁ G₃ M₁ P M₁ D₂ N₂ Ṡ,S N₂ D₂ P M₁ G₃ D₂ M₁ G₃ R₁ Ṡ,False
kadaiyam,KaDaiyam,kaDaiyam,16,Cakravaakam,S G3 M1 P N2 S,S D2 M1 R1 S,S G₃ M₁ P N₂ Ṡ,S D₂ M₁ R₁ Ṡ,False
kadalvannan,KaDalvaNNan,kaDalvaNNan,16,Cakravaakam,S R1 G3 P N2 S,S D2 M1 R1 S,S R₁ G₃ P N₂ Ṡ,S D₂ M₁ R₁ Ṡ,False
kadambini,KAdambini,kAdambini,16,Cakravaakam,S R1 G3 M1 P D2 N2 S,S N2 D2 M1 R1 G3 M1 G3 S,S R₁ G₃ M₁ P D₂ N₂ Ṡ,S N₂ D₂ M₁ R₁ G₃ M₁ G₃ Ṡ,False
kadi,KaDi,kaDi,16,Cakravaakam,S R1 M1 P D2 S,S N2 P G3 S,S R₁ M₁ P D₂ Ṡ,S N₂ P G₃ Ṡ,False
kalavati,KalAvati,kalAvati,16,Cakravaakam,S R1 G3 M1 P D2 N2 P S,S N2 D2 N2 P M1 G3 R1 S,S R₁ G₃ M₁ P D₂ N₂ P Ṡ,S N₂ D₂ N₂ P M₁ G₃ R₁ Ṡ,False
kalavati,KalAvati,kalAvati,16,Cakravaakam,S R1 G3 M1 P D2 N2 S,S N2 D2 N2 P M1 G3 R1 S,S R₁ G₃ M₁ P D₂ N₂ Ṡ,S N₂ D₂ N₂ P M₁ G₃ R₁ Ṡ,False
kalavati,KalAvati,kalAvati,16,Cakravaakam,S R1 G3 M1 P D2 P S,S N2 D2 N2 P M1 G3 R1 S,S R₁ G₃ M₁ P D₂ P Ṡ,S N₂ D₂ N₂ P M₁ G₃ R₁ Ṡ,False
kalavati,KalAvati,kalAvati,16,Cakravaakam,S R1 M1 P D2 M1,S N2 D2 P M1 G3 S R1 S,S R₁ M₁ P D₂ M₁,S N₂ D₂ P M₁ G₃ Ṡ R₁ Ṡ,False
kalavati,KalAvati,kalAvati,16,Cakravaakam,S R1 M1 P D2 S,S D2 P M1 G3 R1 S,S R₁ M₁ P D₂ Ṡ,S D₂ P M₁ G₃ R₁ Ṡ,False
kalavati,KalAvati,kalAvati,16,Cakravaakam,S R1 M1 P D2 S,S D2 P M1 G3 S,S R₁ M₁ P D₂ Ṡ,S D₂ P M₁ G₃ Ṡ,False
kalavati,KalAvati,kalAvati,16,Cakravaakam,S R1 M1 P D2 S,S N2 D2 P M1 G3 R1 S,S R₁ M₁ P D₂ Ṡ,S N₂ D₂ P M₁ G₃ R₁ Ṡ,False
kaminipriya,KAminipriyA,kAminipriyA,16,Cakravaakam,S R1 G3 M1 D2 N2 S,S N2 M1 G3 R1 S,S R₁ G₃ M₁ D₂ N₂ Ṡ,S N₂ M₁ G₃ R₁ Ṡ,False
kanai,KaNai,kaNai,16,Cakravaakam,S R1 M1 D2 S,S N2 P G3 S,S R₁ M₁ D₂ Ṡ,S N₂ P G₃ Ṡ,False
kanakabhusani,KanakabhUSaNi,kanakabhUSaNi,16,Cakravaakam,S R1 G3 D2 N2 S,S N2 D2 M1 G3 R1 S,S R₁ G₃ D₂ N₂ Ṡ,S N₂ D₂ M₁ G₃ R₁ Ṡ,False
kancikai,Kancikai,kancikai,16,Cakravaakam,S G3 P D2 S,S N2 P M1 G3 R1 S,S G₃ P D₂ Ṡ,S N₂ P M₁ G₃ R₁ Ṡ,False
kancuki,Kancuki,kancuki,16,Cakravaakam,S G3 P N2 S,S D2 P M1 G3 R1 S,S G₃ P N₂ Ṡ,S D₂ P M₁ G₃ R₁ Ṡ,False
kanikaimalai,KaNikaimAlai,kaNikaimAlai,16,Cakravaakam,S R1 M1 D2 S,S N2 D2 P G3 S,S R₁ M₁ D₂ Ṡ,S N₂ D₂ P G₃ Ṡ,False
kaniyan,KaNiyAn,kaNiyAn,16,Cakravaakam,S G3 P N2 S,S D2 M1 R1 S,S G₃ P N₂ Ṡ,S D₂ M₁ R₁ Ṡ,False
kanjam,Kanjam,kanjam,16,Cakravaakam,S R1 G3 M1 D2 N2 S,S D2 M1 G3 S,S R₁ G₃ M₁ D₂ N₂ Ṡ,S D₂ M₁ G₃ Ṡ,False
kanjari,KanjAri,kanjAri,16,Cakravaakam,S R1 M1 D2 S,S N2 P M1 G3 R1 S,S R₁ M₁ D₂ Ṡ,S N₂ P M₁ G₃ R₁ Ṡ,False
karnabhusani,KarNabhUSaNi,karNabhUSaNi,16,Cakravaakam,S R1 G3 D2 N2 S,S N2 D2 P M1 G3 R1 S,S R₁ G₃ D₂ N₂ Ṡ,S N₂ D₂ P M₁ G₃ R₁ Ṡ,False
karnikabhusani,KarNikabhUSaNi,karNikabhUSaNi,16,Cakravaakam,S R1 G3 D2 N2 S,S N2 D2 P M1 G3 R1 S,S R₁ G₃ D₂ N₂ Ṡ,S N₂ D₂ P M₁ G₃ R₁ Ṡ,False
kataka,KaTaka,kaTaka,16,Cakravaakam,S G3 P N2 S,S N2 P M1 G3 R1 S,S G₃ P N₂ Ṡ,S N₂ P M₁ G₃ R₁ Ṡ,False
kattanmai,KaTTANmai,kaTTANmai,16,Cakravaakam,S G3 P N2 S,S D2 M1 G3 R1 S,S G₃ P N₂ Ṡ,S D₂ M₁ G₃ R₁ Ṡ,False
kirudasi,Kirudasi,kirudasi,16,Cakravaakam,S R1 M1 D2 N2 S,S N2 D2 M1 R1 S,S R₁ M₁ D₂ N₂ Ṡ,S N₂ D₂ M₁ R₁ Ṡ,False
kokilam,KOkilam,kOkilam,16,Cakravaakam,S R1 G3 M1 D2 N2 S,S N2 D2 M1 G3 R1 S,S R₁ G₃ M₁ D₂ N₂ Ṡ,S N₂ D₂ M₁ G₃ R₁ Ṡ,False
komalavilasita,KOmaLavilasita,kOmaLavilasita,16,Cakravaakam,S R1 G3 M1 D2 N2 S,S N2 D2 P M1 G3 S,S R₁ G₃ M₁ D₂ N₂ Ṡ,S N₂ D₂ P M₁ G₃ Ṡ,False
kujan,Kujan,kujan,16,Cakravaakam,S G3 P N2 S,S N2 D2 P M1 G3 R1 S,S G₃ P N₂ Ṡ,S N₂ D₂ P M₁ G₃ R₁ Ṡ,False
kujanmohanam,KujanmOhanam,kujanmOhanam,16,Cakravaakam,N2 S G3 R1 G3 M1 P D2 S,S N2 D2 P G3 R1 S,N₂ Ṡ G₃ R₁ G₃ M₁ P D₂ Ṡ,S N₂ D₂ P G₃ R₁ Ṡ,False
kuksani,KukSaNi,kukSaNi,16,Cakravaakam,S M1 G3 M1 P D2 N2 D2 S,S N2 D2 P M1 G3 M1 R1 S,S M₁ G₃ M₁ P D₂ N₂ D₂ Ṡ,S N₂ D₂ P M₁ G₃ M₁ R₁ Ṡ,False
kunjanakomala,KunjanakOmaLa,kunjanakOmaLa,16,Cakravaakam,N2 S G3 R1 G3 M1 P D2 S,S N2 D2 P G3 R1 S,N₂ Ṡ G₃ R₁ G₃ M₁ P D₂ Ṡ,S N₂ D₂ P G₃ R₁ Ṡ,False
kuntala,Kuntala,kuntala,16,Cakravaakam,S R1 G3 M1 P D2 N2 S,S D2 N2 P M1 G3 M1 R1 S,S R₁ G₃ M₁ P D₂ N₂ Ṡ,S D₂ N₂ P M₁ G₃ M₁ R₁ Ṡ,False
kuntala,Kuntala,kuntala,16,Cakravaakam,S R1 G3 M1 P D2 N2 S,S N2 D2 P M1 G3 R1 S,S R₁ G₃ M₁ P D₂ N₂ Ṡ,S N₂ D₂ P M₁ G₃ R₁ Ṡ,False
kusumangi,KusumAngi,kusumAngi,16,Cakravaakam,S P D2 N2 S,S N2 D2 P M1 G3 R1 S,S P D₂ N₂ Ṡ,S N₂ D₂ P M₁ G₃ R₁ Ṡ,False
kusumangi,KusumAngi,kusumAngi,16,Cakravaakam,S R1 S P N2 D2 S,S N2 D2 P M1 G3 R1 S,S R₁ Ṡ P N₂ D₂ Ṡ,S N₂ D₂ P M₁ G₃ R₁ Ṡ,False
kuvalayanandi,KuvalayAnandi,kuvalayAnandi,16,Cakravaakam,S R1 G3 M1 N2 D2N2 P N2 S,S N2 D2 M1 G3 S,S R₁ G₃ M₁ N₂ D2N2 P N₂ Ṡ,S N₂ D₂ M₁ G₃ Ṡ,False
madhuralapa,Madhuralapa,madhuralapa,16,Cakravaakam,S R1 G3 M1 P N2 D2 N2 S,S N2 D2 P M1 G3 R1 S,S R₁ G₃ M₁ P N₂ D₂ N₂ Ṡ,S N₂ D₂ P M₁ G₃ R₁ Ṡ,False
malayamarutam,MalayamArutam,malayamArutam,16,Cakravaakam,S R1 G3 P D2 N2 S,S N2 D2 P G3 R1 S,S R₁ G₃ P D₂ N₂ Ṡ,S N₂ D₂ P G₃ R₁ Ṡ,False
manasijapriya,ManasijapriyA,manasijapriyA,16,Cakravaakam,S R1 G3 M1 P D2 N2 D2 P M1 D2 N2 S,S N2 D2 P M1 G3 R1 S,S R₁ G₃ M₁ P D₂ N₂ D₂ P M₁ D₂ N₂ Ṡ,S N₂ D₂ P M₁ G₃ R₁ Ṡ,False
manasijapriya,ManasijapriyA,manasijapriyA,16,Cakravaakam,S R1 G3 M1 P M1 D2 N2 S,S N2 D2 P M1 G3 R1 S,S R₁ G₃ M₁ P M₁ D₂ N₂ Ṡ,S N₂ D₂ P M₁ G₃ R₁ Ṡ,False
manasikagamini,MAnasIkagAmini,mAnasIkagAmini,16,Cakravaakam,S R1 G3 M1 N2 S,S N2 M1 G3 R1 S,S R₁ G₃ M₁ N₂ Ṡ,S N₂ M₁ G₃ R₁ Ṡ,False
muktangi,MuktAngi,muktAngi,16,Cakravaakam,S R1 G3 P M1 P D2 N2 S,S N2 D2 P M1 G3 R1 S,S R₁ G₃ P M₁ P D₂ N₂ Ṡ,S N₂ D₂ P M₁ G₃ R₁ Ṡ,False
nabhomargini,NabhOmArgiNi,nabhOmArgiNi,16,Cakravaakam,S G3 M1 D2 N2 S,S D2 P M1 G3 R1 S,S G₃ M₁ D₂ N₂ Ṡ,S D₂ P M₁ G₃ R₁ Ṡ,False
nabhomargini,NabhOmArgiNi,nabhOmArgiNi,16,Cakravaakam,S G3 M1 P D2 N2 S,S D2 P M1 G3 R1 S,S G₃ M₁ P D₂ N₂ Ṡ,S D₂ P M₁ G₃ R₁ Ṡ,False
naiikam,NAIikam,nAIikam,16,Cakravaakam,S R1 G3 M1 D2 S,S D2 M1 G3 R1 S,S R₁ G₃ M₁ D₂ Ṡ,S D₂ M₁ G₃ R₁ Ṡ,False
naksatracudamani,NakSatracUDAmaNi,nakSatracUDAmaNi,16,Cakravaakam,S R1 S G3 M1 G3 M1 D2 N2 S,N2 S M1 G3 P M1 R1 G3 S,S R₁ Ṡ G₃ M₁ G₃ M₁ D₂ N₂ Ṡ,N₂ Ṡ M₁ G₃ P M₁ R₁ G₃ Ṡ,False
narayani,NArAyaNi,nArAyaNi,16,Cakravaakam,S R1 M1 P D2 N2 S,S N2 D2 P M1 R1 S,S R₁ M₁ P D₂ N₂ Ṡ,S N₂ D₂ P M₁ R₁ Ṡ,False
natyamanohari,NATyamanOhari,nATyamanOhari,16,Cakravaakam,S G3 M1 P D2 N2 S,S N2 P M1 G3 S,S G₃ M₁ P D₂ N₂ Ṡ,S N₂ P M₁ G₃ Ṡ,False
navagahamulika,NavagahamUlikA,navagahamUlikA,16,Cakravaakam,S M1 G3 M1 P D2 R1 D2 S,S N2 D2 P M1 R1 D2 R1 S,S M₁ G₃ M₁ P D₂ R₁ D₂ Ṡ,S N₂ D₂ P M₁ R₁ D₂ R₁ Ṡ,False
odadi,Odadi,Odadi,16,Cakravaakam,S R1 G3 P S,S N2 D2 P M1 G3 R1 S,S R₁ G₃ P Ṡ,S N₂ D₂ P M₁ G₃ R₁ Ṡ,False
oviyal,Oviyal,oviyal,16,Cakravaakam,S G3 M1 P S,S N2 D2 P M1 G3 R1 S,S G₃ M₁ P Ṡ,S N₂ D₂ P M₁ G₃ R₁ Ṡ,False
pallatti,Pallatti,pallatti,16,Cakravaakam,S R1 G3 M1 P D2 N2 S,S N2 P M1 R1 G3 M1 R1 S,S R₁ G₃ M₁ P D₂ N₂ Ṡ,S N₂ P M₁ R₁ G₃ M₁ R₁ Ṡ,False
posini,POSiNi,pOSiNi,16,Cakravaakam,S M1 G3 M1 P D2 N2 D2 S,S N2 D2 P M1 G3 M1 R1 S,S M₁ G₃ M₁ P D₂ N₂ D₂ Ṡ,S N₂ D₂ P M₁ G₃ M₁ R₁ Ṡ,False
pravrtti,Pravrtti,pravrtti,16,Cakravaakam,S G3 M1 P D2 N2 S,S N2 D2 P M1 G3 S,S G₃ M₁ P D₂ N₂ Ṡ,S N₂ D₂ P M₁ G₃ Ṡ,False
purnagandhari,PUrNagANDhAri,pUrNagANDhAri,16,Cakravaakam,P D2 N2 D2 S N2 G3 P D2,P M1 G3 R1 S N2 D2 P,P D₂ N₂ D₂ Ṡ N₂ G₃ P D₂,P M₁ G₃ R₁ Ṡ N₂ D₂ P,False
purnagandhari,PUrNagAndhAri,pUrNagAndhAri,16,Cakravaakam,P D2 N2 D2 S R1 G3 M1 P D2,P M1 G3 R1 S N2 D2 N2 P,P D₂ N₂ D₂ Ṡ R₁ G₃ M₁ P D₂,P M₁ G₃ R₁ Ṡ N₂ D₂ N₂ P,False
purnagandhari,PUrNagANDhAri,pUrNagANDhAri,16,Cakravaakam,P D2 N2 S R1 G3 M1 P D2,P M1 G3 R1 S N2 D2 N2 P,P D₂ N₂ Ṡ R₁ G₃ M₁ P D₂,P M₁ G₃ R₁ Ṡ N₂ D₂ N₂ P,False
purnamalika,PUrNamAlikA,pUrNamAlikA,16,Cakravaakam,S R1 G3 M1 N2 D2 N2 P D2 N2 S,S D2 M1 G3 R1 S,S R₁ G₃ M₁ N₂ D₂ N₂ P D₂ N₂ Ṡ,S D₂ M₁ G₃ R₁ Ṡ,False
purnamalini,PUrNamAlini,pUrNamAlini,16,Cakravaakam,S R1 G3 M1 N2 D2 N2 P D2 N2,S D2 M1 G3 R1 S,S R₁ G₃ M₁ N₂ D₂ N₂ P D₂ N₂,S D₂ M₁ G₃ R₁ Ṡ,False
purnapancamam,PUrNapancamam,pUrNapancamam,16,Cakravaakam,P M1 S R1 S M1 P D2,D2 P M1 G3 R1 S N2,P M₁ Ṡ R₁ Ṡ M₁ P D₂,D₂ P M₁ G₃ R₁ Ṡ N₂,False
rasakalanidhi,RasakalAnidhi,rasakalAnidhi,16,Cakravaakam,S P M1 D2 N2,D2 P M1 G3 M1 R1 S N2 S,S P M₁ D₂ N₂,D₂ P M₁ G₃ M₁ R₁ Ṡ N₂ Ṡ,False
rasakalanidhi,RasakalAnidhi,rasakalAnidhi,16,Cakravaakam,S P M1 D2 N2,D2 P M1 G3 M1 R1 S N2,S P M₁ D₂ N₂,D₂ P M₁ G₃ M₁ R₁ Ṡ N₂,False
rasikaranjani,Rasikaranjani,rasikaranjani,16,Cakravaakam,S R1 G3 P S,S D2 P G3 R1 S,S R₁ G₃ P Ṡ,S D₂ P G₃ R₁ Ṡ,False
ratnabharana,RatnabharaNa,ratnabharaNa,16,Cakravaakam,S R1 M1 P D2 N2 S,S N2 P D2 P M1 R1 M1 G3 S,S R₁ M₁ P D₂ N₂ Ṡ,S N₂ P D₂ P M₁ R₁ M₁ G₃ Ṡ,False
ravikirani,RavikiraNi,ravikiraNi,16,Cakravaakam,S G3 M1 N2 D2 N2 S,S N2 D2 P M1 G3 R1 S,S G₃ M₁ N₂ D₂ N₂ Ṡ,S N₂ D₂ P M₁ G₃ R₁ Ṡ,False
rudrapancamam,Rudrapancamam,rudrapancamam,16,Cakravaakam,S G3 M1 N2 D2 S,S N2 D2 M1 G3 R1 S,S G₃ M₁ N₂ D₂ Ṡ,S N₂ D₂ M₁ G₃ R₁ Ṡ,False
sarala,SaraLa,saraLa,16,Cakravaakam,S R1 P D2 N2 S,S N2 D2 P M1 S,S R₁ P D₂ N₂ Ṡ,S N₂ D₂ P M₁ Ṡ,False
sarvavahini,SarvavAhini,sarvavAhini,16,Cakravaakam,S R1 G3 M1 P N2 S,S N2 D2 P M1 G3 R1 S,S R₁ G₃ M₁ P N₂ Ṡ,S N₂ D₂ P M₁ G₃ R₁ Ṡ,False
satyavati,Satyavati,satyavati,16,Cakravaakam,G3 P D2 S,S N2 D2 N2 P D2 P G3 R1 S,G₃ P D₂ Ṡ,S N₂ D₂ N₂ P D₂ P G₃ R₁ Ṡ,False
shantasvarupini,ShAntasvarUpiNi,shAntasvarUpiNi,16,Cakravaakam,S G3 R1 M1 P D2 N2,S N2 D2 N2 P M1 R1 S,S G₃ R₁ M₁ P D₂ N₂,S N₂ D₂ N₂ P M₁ R₁ Ṡ,False
shashiprakashi,ShashiprakAshi,shashiprakAshi,16,Cakravaakam,S R1 G3 M1 P D2 N2 S,S N2 D2 P G3 R1 S,S R₁ G₃ M₁ P D₂ N₂ Ṡ,S N₂ D₂ P G₃ R₁ Ṡ,False
shashiprakashini,ShashiprakAshini,shashiprakAshini,16,Cakravaakam,S R1 G3 M1 P D2 N2 S,S N2 D2 P G3 R1 S,S R₁ G₃ M₁ P D₂ N₂ Ṡ,S N₂ D₂ P G₃ R₁ Ṡ,False
shivanandi,ShivAnandi,shivAnandi,16,Cakravaakam,S M1 G3 M1 P D2 N2,D2 P M1 G3 R1 S N2 S,S M₁ G₃ M₁ P D₂ N₂,D₂ P M₁ G₃ R₁ Ṡ N₂ Ṡ,False
shivanandi,ShivAnandi,shivAnandi,16,Cakravaakam,S M1 G3 M1 P D2 N2,N2 D2 P M1 G3 R1 S N2,S M₁ G₃ M₁ P D₂ N₂,N₂ D₂ P M₁ G₃ R₁ Ṡ N₂,False
shivanandi,ShivAnandi,shivAnandi,16,Cakravaakam,S R1 G3 M1 P D2 N2,D2 P M1 G3 R1 S N2,S R₁ G₃ M₁ P D₂ N₂,D₂ P M₁ G₃ R₁ Ṡ N₂,False
shribindumalini,ShrIbindumAlini,shrIbindumAlini,16,Cakravaakam,S R1 G3 M1 P N2 S,S N2 D2 P G3 R1 S,S R₁ G₃ M₁ P N₂ Ṡ,S N₂ D₂ P G₃ R₁ Ṡ,False
shriekadanta,ShrIEkadanta,shrIEkadanta,16,Cakravaakam,S R1 G3 P D2 S,S N2 D2 M1 G3 R1 S,S R₁ G₃ P D₂ Ṡ,S N₂ D₂ M₁ G₃ R₁ Ṡ,False
shrikaivalyam,ShrIkaivalyam,shrIkaivalyam,16,Cakravaakam,S R1 M1 P D2 N2 S,S S D2 P M1 G3 R1 S,S R₁ M₁ P D₂ N₂ Ṡ,S Ṡ D₂ P M₁ G₃ R₁ Ṡ,False
shrinabhomargini,ShrInAbhOmArgiNi,shrInAbhOmArgiNi,16,Cakravaakam,S G3 M1 P D2 N2 S,S D2 P M1 G3 R1 S,S G₃ M₁ P D₂ N₂ Ṡ,S D₂ P M₁ G₃ R₁ Ṡ,False
shrinarayani,ShrInArAyaNi,shrInArAyaNi,16,Cakravaakam,S R1 M1 P D2 N2 S,S N2 P M1 R1 S,S R₁ M₁ P D₂ N₂ Ṡ,S N₂ P M₁ R₁ Ṡ,False
shrivegavahini,ShrIvEgavAhini,shrIvEgavAhini,16,Cakravaakam,S R1 G3 M1 D2 S,S N2 D2 P M1 G3 R1 S,S R₁ G₃ M₁ D₂ Ṡ,S N₂ D₂ P M₁ G₃ R₁ Ṡ,False
shuddhashyamala,ShuddhashyAmaLa,shuddhashyAmaLa,16,Cakravaakam,S G3 P D2 N2 D2,S N2 D2 P M1 G3 R1 S,S G₃ P D₂ N₂ D₂,S N₂ D₂ P M₁ G₃ R₁ Ṡ,False
shyamali,ShyAmaLi,shyAmaLi,16,Cakravaakam,S G3 M1 P D2 N2 S,S N2 D2 P G3 R1 S,S G₃ M₁ P D₂ N₂ Ṡ,S N₂ D₂ P G₃ R₁ Ṡ,False
subhasini,SubhASiNi,subhASiNi,16,Cakravaakam,D2 N2 S R1 G3 M1 P,M1 G3 R1 S N2 S D2,D₂ N₂ Ṡ R₁ G₃ M₁ P,M₁ G₃ R₁ Ṡ N₂ Ṡ D₂,False
subhasini,SubhASiNi,subhASiNi,16,Cakravaakam,S D2 N2 S R1 G3 M1 P,M1 G3 R1 S N2 D2 N2 S,S D₂ N₂ Ṡ R₁ G₃ M₁ P,M₁ G₃ R₁ Ṡ N₂ D₂ N₂ Ṡ,False
suposini,SupOSiNi,supOSiNi,16,Cakravaakam,S D2 N2 S S G3 M1 P,M1 G3 S R1 N2 D2 N2 S,S D₂ N₂ Ṡ S G₃ M₁ P,M₁ G₃ Ṡ R₁ N₂ D₂ N₂ Ṡ,False
tekkali,Tekkali,tekkali,16,Cakravaakam,S R1 G3 P D2 N2 S,S N2 D2 P M1 R1 S,S R₁ G₃ P D₂ N₂ Ṡ,S N₂ D₂ P M₁ R₁ Ṡ,False
tiruaindiri,Tiruaindiri,tiruaindiri,16,Cakravaakam,S R1 G3 M1 P D2 N2 S,S D2 M1 G3 S,S R₁ G₃ M₁ P D₂ N₂ Ṡ,S D₂ M₁ G₃ Ṡ,False
tiruavvai,Tiruavvai,tiruavvai,16,Cakravaakam,S R1 M1 D2 S,S N2 D2 P M1 G3 R1 S,S R₁ M₁ D₂ Ṡ,S N₂ D₂ P M₁ G₃ R₁ Ṡ,False
tiruayyanar,TiruayyanAr,tiruayyanAr,16,Cakravaakam,S R1 G3 M1 P D2 N2 S,S N2 P G3 S,S R₁ G₃ M₁ P D₂ N₂ Ṡ,S N₂ P G₃ Ṡ,False
tiruuruvan,Tiruuruvan,tiruuruvan,16,Cakravaakam,S R1 G3 M1 P D2 N2 S,S N2 P M1 G3 R1 S,S R₁ G₃ M₁ P D₂ N₂ Ṡ,S N₂ P M₁ G₃ R₁ Ṡ,False
toyavegavahini,TOyavEgavAhini,tOyavEgavAhini,16,Cakravaakam,S R1 G3 M1 P D2 N2 S,S N2 D2 P M1 G3 R1 S,S R₁ G₃ M₁ P D₂ N₂ Ṡ,S N₂ D₂ P M₁ G₃ R₁ Ṡ,False
trinetrapriya,TrinEtrapriyA,trinEtrapriyA,16,Cakravaakam,S R1 G3 D2 N2 S,S N2 D2 G3 R1 S,S R₁ G₃ D₂ N₂ Ṡ,S N₂ D₂ G₃ R₁ Ṡ,False
trinetrapriya,TrinEtrapriyA,trinEtrapriyA,16,Cakravaakam,S R1 M1 D2 N2 S,S N2 D2 M1 R1 S,S R₁ M₁ D₂ N₂ Ṡ,S N₂ D₂ M₁ R₁ Ṡ,False
udika,UdikA,UdikA,16,Cakravaakam,S R1 G3 M1 P D2 S,S N2 D2 P M1 G3 R1 S,S R₁ G₃ M₁ P D₂ Ṡ,S N₂ D₂ P M₁ G₃ R₁ Ṡ,False
urmila,UrmiLA,urmiLA,16,Cakravaakam,S R1 G3 M1 P N2 S,S N2 D2 P M1 G3 R1 S,S R₁ G₃ M₁ P N₂ Ṡ,S N₂ D₂ P M₁ G₃ R₁ Ṡ,False
uvanti,UvAnti,uvAnti,16,Cakravaakam,S R1 G3 M1 P D2 N2 S,S N2 D2 M1 G3 R1 S,S R₁ G₃ M₁ P D₂ N₂ Ṡ,S N₂ D₂ M₁ G₃ R₁ Ṡ,False
vasantalila,VasantalIlA,vasantalIlA,16,Cakravaakam,S R1 M1 P D2 N2 S,S N2 D2 P G3 R1 S,S R₁ M₁ P D₂ N₂ Ṡ,S N₂ D₂ P G₃ R₁ Ṡ,False
vasanti,Vasanti,vasanti,16,Cakravaakam,S M1 D2 N2 S,S N2 D2 P M1 G3 P M1 R1 S,S M₁ D₂ N₂ Ṡ,S N₂ D₂ P M₁ G₃ P M₁ R₁ Ṡ,False
vedambari,VEdAmbari,vEdAmbari,16,Cakravaakam,S R1 G3 R1 M1 G3 M1 N2 D2 P,S N2 D2 N2 D2 P M1 G3 R1 G3 S,S R₁ G₃ R₁ M₁ G₃ M₁ N₂ D₂ P,S N₂ D₂ N₂ D₂ P M₁ G₃ R₁ G₃ Ṡ,False
vegavahini,VEgavAhini,vEgavAhini,16,Cakravaakam,S M1 G3 M1 P D2 N2 S,S N2 D2 P M1 G3 R1 S,S M₁ G₃ M₁ P D₂ N₂ Ṡ,S N₂ D₂ P M₁ G₃ R₁ Ṡ,False
vegavahini,VEgavAhini,vEgavAhini,16,Cakravaakam,S R1 G3 M1 D2 N2 D2 S,S N2 D2 P M1 G3 R1 S,S R₁ G₃ M₁ D₂ N₂ D₂ Ṡ,S N₂ D₂ P M₁ G₃ R₁ Ṡ,False
vegavahini,VEgavAhini,vEgavAhini,16,Cakravaakam,S R1 G3 M1 P D2 N2 D2 S,S N2 D2 P M1 G3 R1 G3 R1 S,S R₁ G₃ M₁ P D₂ N₂ D₂ Ṡ,S N₂ D₂ P M₁ G₃ R₁ G₃ R₁ Ṡ,False
vegavahini,VEgavAhini,vEgavAhini,16,Cakravaakam,S R1 G3 M1 P D2 N2 D2 S,S N2 D2 P M1 G3 R1 S,S R₁ G₃ M₁ P D₂ N₂ D₂ Ṡ,S N₂ D₂ P M₁ G₃ R₁ Ṡ,False
vinadhari,VINAdhari,vINAdhari,16,Cakravaakam,S R1 G3 P D2 N2 S,S N2 D2 P M1 G3 R1 S,S R₁ G₃ P D₂ N₂ Ṡ,S N₂ D₂ P M₁ G₃ R₁ Ṡ,False
viraadam,VIraAdam,vIraAdam,16,Cakravaakam,S R1 G3 M1 N2 S,S D2 P M1 R1 S,S R₁ G₃ M₁ N₂ Ṡ,S D₂ P M₁ R₁ Ṡ,False
vishvanarayani,VishvanArAyaNi,vishvanArAyaNi,16,Cakravaakam,S G3 M1 P D2 N2 S,S N2 D2 P M1 G3 R1 S,S G₃ M₁ P D₂ N₂ Ṡ,S N₂ D₂ P M₁ G₃ R₁ Ṡ,False
chaayaavati,Chaayaavati,chaayaavati,17,Sooryakaantam,S R1 G3 M1 D2 N3 S,S N3 D2 P M1 G3 R1 S,S R₁ G₃ M₁ D₂ N₃ Ṡ,S N₃ D₂ P M₁ G₃ R₁ Ṡ,False
ahiri,Ahiri,Ahiri,17,Sooryakaantam,S G3 M1 P D2 N3 S,S N3 D2 P M1 G3 R1 S,S G₃ M₁ P D₂ N₃ Ṡ,S N₃ D₂ P M₁ G₃ R₁ Ṡ,False
alivardhana,Alivardhana,alivardhana,17,Sooryakaantam,S R1 G3 M1 N3 S,S N3 D2 P M1 G3 R1 S,S R₁ G₃ M₁ N₃ Ṡ,S N₃ D₂ P M₁ G₃ R₁ Ṡ,False
ananta,Ananta,ananta,17,Sooryakaantam,R1 S M1 P D2 N3 S,S P M1 G3 R1 S,R₁ Ṡ M₁ P D₂ N₃ Ṡ,S P M₁ G₃ R₁ Ṡ,False
avari,AvAri,avAri,17,Sooryakaantam,S R1 S G3 M1 P D2 N3 S,S N3 D2 P M1 G3 R1 S,S R₁ Ṡ G₃ M₁ P D₂ N₃ Ṡ,S N₃ D₂ P M₁ G₃ R₁ Ṡ,False
avivardhana,Avivardhana,avivardhana,17,Sooryakaantam,S R1 G3 M1 N3 S,S N3 D2 P M1 G3 R1 S,S R₁ G₃ M₁ N₃ Ṡ,S N₃ D₂ P M₁ G₃ R₁ Ṡ,False
bhadrashri,BhadrashrI,bhadrashrI,17,Sooryakaantam,S R1 G3 D2 N3 S,S N3 D2 G3 R1 S,S R₁ G₃ D₂ N₃ Ṡ,S N₃ D₂ G₃ R₁ Ṡ,False
bhairavam,Bhairavam,bhairavam,17,Sooryakaantam,S G3 M1 D2 N3 S,S N3 D2 M1 G3 S,S G₃ M₁ D₂ N₃ Ṡ,S N₃ D₂ M₁ G₃ Ṡ,False
bhairavam,Bhairavam,bhairavam,17,Sooryakaantam,S R1 G3 M1 P D2 N3 S,S D2 P M1 G3 R1 S,S R₁ G₃ M₁ P D₂ N₃ Ṡ,S D₂ P M₁ G₃ R₁ Ṡ,False
bhairavam,Bhairavam,bhairavam,17,Sooryakaantam,S R1 G3 M1 P D2 N3 S,S N3 S D2 P M1 G3 R1 S,S R₁ G₃ M₁ P D₂ N₃ Ṡ,S N₃ Ṡ D₂ P M₁ G₃ R₁ Ṡ,False
bhavini,BhAvini,bhAvini,17,Sooryakaantam,S G3 M1 P D2 N3 S,S N3 D2 P M1 G3 S,S G₃ M₁ P D₂ N₃ Ṡ,S N₃ D₂ P M₁ G₃ Ṡ,False
cakuli,CAkuli,cAkuli,17,Sooryakaantam,S G3 M1 P D2 N3 S,S N3 D2 P M1 G3 R1 S,S G₃ M₁ P D₂ N₃ Ṡ,S N₃ D₂ P M₁ G₃ R₁ Ṡ,False
campakamali,Campakamali,campakamali,17,Sooryakaantam,S R1 G3 P D2 N3 S,S N3 D2 P G3 R1 S,S R₁ G₃ P D₂ N₃ Ṡ,S N₃ D₂ P G₃ R₁ Ṡ,False
campakamalika,CampakamAlikA,campakamAlikA,17,Sooryakaantam,S R1 G3 P D2 N3 S,S N3 D2 P G3 R1 S,S R₁ G₃ P D₂ N₃ Ṡ,S N₃ D₂ P G₃ R₁ Ṡ,False
candracuda,CandracUDa,candracUDa,17,Sooryakaantam,S G3 M1 P D2 N3 S,S N3 D2 P M1 G3 S,S G₃ M₁ P D₂ N₃ Ṡ,S N₃ D₂ P M₁ G₃ Ṡ,False
champakamalini,ChampakamAlini,champakamAlini,17,Sooryakaantam,S R1 G3 P D2 N3 S,S N3 D2 P G3 R1 S,S R₁ G₃ P D₂ N₃ Ṡ,S N₃ D₂ P G₃ R₁ Ṡ,False
chayavati,ChAyAvati,chAyAvati,17,Sooryakaantam,S R1 G3 M1 D2 D2 D2 N3 S,S N3 D2 P M1 G3 R1,S R₁ G₃ M₁ D₂ D₂ D₂ N₃ Ṡ,S N₃ D₂ P M₁ G₃ R₁,False
chayavati,ChAyAvati,chAyAvati,17,Sooryakaantam,S R1 G3 M1 D2 N3 S,S N3 D2 P M1 G3 R1 S,S R₁ G₃ M₁ D₂ N₃ Ṡ,S N₃ D₂ P M₁ G₃ R₁ Ṡ,False
devikarakam,DEvikarakam,dEvikarakam,17,Sooryakaantam,S R1 M1 P D2 S,S N3 P M1 G3 S,S R₁ M₁ P D₂ Ṡ,S N₃ P M₁ G₃ Ṡ,False
divyatarangini,DivyatarangiNi,divyatarangiNi,17,Sooryakaantam,S R1 G3 M1 P S,S N3 D2 P M1 G3 R1 S,S R₁ G₃ M₁ P Ṡ,S N₃ D₂ P M₁ G₃ R₁ Ṡ,False
gandharvagati,Gandharvagati,gandharvagati,17,Sooryakaantam,S R1 M1 P D2 S,S N3 D2 P M1 G3 R1 S,S R₁ M₁ P D₂ Ṡ,S N₃ D₂ P M₁ G₃ R₁ Ṡ,False
garjam,Garjam,garjam,17,Sooryakaantam,S G3 M1 D2 N3 S,S N3 D2 P M1 G3 R1 S,S G₃ M₁ D₂ N₃ Ṡ,S N₃ D₂ P M₁ G₃ R₁ Ṡ,False
haridarpa,Haridarpa,haridarpa,17,Sooryakaantam,S R1 G3 M1 P D2 N3 S,S D2 P M1 R1 S,S R₁ G₃ M₁ P D₂ N₃ Ṡ,S D₂ P M₁ R₁ Ṡ,False
haritapriya,HaritapriyA,haritapriyA,17,Sooryakaantam,S R1 M1 P D2 S,S D2 P M1 R1 S,S R₁ M₁ P D₂ Ṡ,S D₂ P M₁ R₁ Ṡ,False
hayagati,Hayagati,hayagati,17,Sooryakaantam,S G3 M1 P M1 D2 N3 S,S N3 D2 P M1 G3 M1 R1 S,S G₃ M₁ P M₁ D₂ N₃ Ṡ,S N₃ D₂ P M₁ G₃ M₁ R₁ Ṡ,False
hemanta,HEmanta,hEmanta,17,Sooryakaantam,S G3 M1 D2 N3 S,S N3 D2 M1 G3 S,S G₃ M₁ D₂ N₃ Ṡ,S N₃ D₂ M₁ G₃ Ṡ,False
jayabharanam,JayabharaNam,jayabharaNam,17,Sooryakaantam,S R1 G3 M1 P D2 N3 S,S D2 N3 P M1 R1 G3 M1 R1 S,S R₁ G₃ M₁ P D₂ N₃ Ṡ,S D₂ N₃ P M₁ R₁ G₃ M₁ R₁ Ṡ,False
jayasamvardhini,Jayasamvardhini,jayasamvardhini,17,Sooryakaantam,S G3 M1 P D2 N3 S,S N3 P M1 G3 R1 S,S G₃ M₁ P D₂ N₃ Ṡ,S N₃ P M₁ G₃ R₁ Ṡ,False
jindu,Jindu,jindu,17,Sooryakaantam,S M1 M1 P M1 D2 S,S N3 D2 M1 P M1 G3 R1 S,S M₁ M₁ P M₁ D₂ Ṡ,S N₃ D₂ M₁ P M₁ G₃ R₁ Ṡ,False
jivantika,JIvantikA,jIvantikA,17,Sooryakaantam,S R1 M1 P D2 N3 S,S N3 D2 P M1 R1 S,S R₁ M₁ P D₂ N₃ Ṡ,S N₃ D₂ P M₁ R₁ Ṡ,False
kalaipriya,KalaipriyA,kalaipriyA,17,Sooryakaantam,S G3 P D2 S,S N3 P M1 G3 R1 S,S G₃ P D₂ Ṡ,S N₃ P M₁ G₃ R₁ Ṡ,False
kalaknthadhvani,KalakNTHadhvani,kalakNTHadhvani,17,Sooryakaantam,S R1 G3 P D2 S,S N3 D2 M1 S,S R₁ G₃ P D₂ Ṡ,S N₃ D₂ M₁ Ṡ,False
kalloladhvani,KallOladhvani,kallOladhvani,17,Sooryakaantam,S R1 M1 G3 M1 P D2 P N3 D2 S,S N3 D2 P M1 N3 D2 M1 G3 S R1 S,S R₁ M₁ G₃ M₁ P D₂ P N₃ D₂ Ṡ,S N₃ D₂ P M₁ N₃ D₂ M₁ G₃ Ṡ R₁ Ṡ,False
kalloladhvani,KallOladhvani,kallOladhvani,17,Sooryakaantam,S R1 M1 G3 M1 P N3 D2 N3 S,S N3 D2 P M1 N3 D2 M1 G3 S R1 S,S R₁ M₁ G₃ M₁ P N₃ D₂ N₃ Ṡ,S N₃ D₂ P M₁ N₃ D₂ M₁ G₃ Ṡ R₁ Ṡ,False
kallolam,KallOlam,kallOlam,17,Sooryakaantam,S R1 G3 P D2 S,S N3 P M1 S,S R₁ G₃ P D₂ Ṡ,S N₃ P M₁ Ṡ,False
kallolam,KallOlam,kallOlam,17,Sooryakaantam,S R1 M1 G3 M1 P D2 P N3 D2,S N3 D2 P M1 N3 D2 M1 G3 R1 S,S R₁ M₁ G₃ M₁ P D₂ P N₃ D₂,S N₃ D₂ P M₁ N₃ D₂ M₁ G₃ R₁ Ṡ,False
kamalanrtta,Kamalanrtta,kamalanrtta,17,Sooryakaantam,S R1 M1 P D2 N3 S,S N3 D2 P G3 S,S R₁ M₁ P D₂ N₃ Ṡ,S N₃ D₂ P G₃ Ṡ,False
kamalasana,KamalAsana,kamalAsana,17,Sooryakaantam,S R1 G3 M1 P N3 S,S D2 P M1 R1 S,S R₁ G₃ M₁ P N₃ Ṡ,S D₂ P M₁ R₁ Ṡ,False
kamalasini,KamalAsini,kamalAsini,17,Sooryakaantam,S R1 G3 M1 P N3 S,S D2 P M1 G3 S,S R₁ G₃ M₁ P N₃ Ṡ,S D₂ P M₁ G₃ Ṡ,False
kambanadidevi,KambAnadidEvi,kambAnadidEvi,17,Sooryakaantam,S R1 G3 P D2 S,S N3 D2 P M1 R1 S,S R₁ G₃ P D₂ Ṡ,S N₃ D₂ P M₁ R₁ Ṡ,False
kanakacala,KanakAcala,kanakAcala,17,Sooryakaantam,S G3 P N3 S,S D2 M1 R1 S,S G₃ P N₃ Ṡ,S D₂ M₁ R₁ Ṡ,False
kandarpa,Kandarpa,kandarpa,17,Sooryakaantam,S R1 M1 P D2 N3 S,S N3 D2 P M1 G3 S,S R₁ M₁ P D₂ N₃ Ṡ,S N₃ D₂ P M₁ G₃ Ṡ,False
kannal,KaNNAL,kaNNAL,17,Sooryakaantam,S R1 G3 M1 P D2 N3 S,S D2 P M1 R1 S,S R₁ G₃ M₁ P D₂ N₃ Ṡ,S D₂ P M₁ R₁ Ṡ,False
kanni,KaNNi,kaNNi,17,Sooryakaantam,S R1 G3 M1 P D2 N3 S,S N3 P M1 R1 S,S R₁ G₃ M₁ P D₂ N₃ Ṡ,S N₃ P M₁ R₁ Ṡ,False
kannul,KaNNUL,kaNNUL,17,Sooryakaantam,S R1 G3 M1 P D2 N3 S,S D2 P G3 R1 S,S R₁ G₃ M₁ P D₂ N₃ Ṡ,S D₂ P G₃ R₁ Ṡ,False
kanthiravam,KaNThIravam,kaNThIravam,17,Sooryakaantam,S R1 G3 P D2 N3 S,S N3 D2 P M1 G3 R1 S,S R₁ G₃ P D₂ N₃ Ṡ,S N₃ D₂ P M₁ G₃ R₁ Ṡ,False
kanthiya,KaNThiyA,kaNThiyA,17,Sooryakaantam,S G3 M1 P D2 N3 S,S N3 D2 P M1 G3 R1 S,S G₃ M₁ P D₂ N₃ Ṡ,S N₃ D₂ P M₁ G₃ R₁ Ṡ,False
kara,KarA,karA,17,Sooryakaantam,S R1 M1 P N3 S,S D2 M1 G3 S,S R₁ M₁ P N₃ Ṡ,S D₂ M₁ G₃ Ṡ,False
karaimidatron,KaraimiDaTrOn,karaimiDaTrOn,17,Sooryakaantam,S G3 P D2 S,S N3 P M1 R1 S,S G₃ P D₂ Ṡ,S N₃ P M₁ R₁ Ṡ,False
karani,KAraNi,kAraNi,17,Sooryakaantam,S R1 G3 P N3 S,S D2 P M1 R1 S,S R₁ G₃ P N₃ Ṡ,S D₂ P M₁ R₁ Ṡ,False
karikala,KarikAla,karikAla,17,Sooryakaantam,S R1 G3 M1 P D2 N3 S,S N3 P G3 S,S R₁ G₃ M₁ P D₂ N₃ Ṡ,S N₃ P G₃ Ṡ,False
kariyavan,Kariyavan,kariyavan,17,Sooryakaantam,S R1 G3 M1 P D2 N3 S,S D2 M1 R1 S,S R₁ G₃ M₁ P D₂ N₃ Ṡ,S D₂ M₁ R₁ Ṡ,False
karjam,Karjam,karjam,17,Sooryakaantam,S G3 M1 D2 N3 S,S N3 D2 P M1 G3 R1 S,S G₃ M₁ D₂ N₃ Ṡ,S N₃ D₂ P M₁ G₃ R₁ Ṡ,False
karkki,Karkki,karkki,17,Sooryakaantam,S R1 M1 D2 S,S N3 P G3 R1 S,S R₁ M₁ D₂ Ṡ,S N₃ P G₃ R₁ Ṡ,False
karnatajogi,KarNATajOgi,karNATajOgi,17,Sooryakaantam,S R1 G3 M1 P D2 S,S N3 D2 P M1 R1 S,S R₁ G₃ M₁ P D₂ Ṡ,S N₃ D₂ P M₁ R₁ Ṡ,False
karnatakabhoga,KarnATakabhOga,karnATakabhOga,17,Sooryakaantam,S R1 G3 M1 P D2 S,S N3 D2 P M1 R1 S,S R₁ G₃ M₁ P D₂ Ṡ,S N₃ D₂ P M₁ R₁ Ṡ,False
karunan,KaruNan,karuNan,17,Sooryakaantam,S G3 P D2 S,S N3 D2 P M1 G3 R1 S,S G₃ P D₂ Ṡ,S N₃ D₂ P M₁ G₃ R₁ Ṡ,False
karuppan,Karuppan,karuppan,17,Sooryakaantam,S R1 M1 P N3 S,S D2 P G3 S,S R₁ M₁ P N₃ Ṡ,S D₂ P G₃ Ṡ,False
karuvili,Karuvili,karuvili,17,Sooryakaantam,S G3 P N3 S,S N3 D2 P M1 G3 R1 S,S G₃ P N₃ Ṡ,S N₃ D₂ P M₁ G₃ R₁ Ṡ,False
karyacandrika,KAryacandrikA,kAryacandrikA,17,Sooryakaantam,S G3 R1 G3 M1 P D2 P S,S N3 D2 M1 G3 R1 G3 S,S G₃ R₁ G₃ M₁ P D₂ P Ṡ,S N₃ D₂ M₁ G₃ R₁ G₃ Ṡ,False
katta,Katta,katta,17,Sooryakaantam,S R1 M1 P D2 N3 S,S D2 P G3 S,S R₁ M₁ P D₂ N₃ Ṡ,S D₂ P G₃ Ṡ,False
kaudari,KaudAri,kaudAri,17,Sooryakaantam,S G3 P D2 S,S N3 D2 M1 G3 R1 S,S G₃ P D₂ Ṡ,S N₃ D₂ M₁ G₃ R₁ Ṡ,False
kesaravali,KEsAravaLi,kEsAravaLi,17,Sooryakaantam,S R1 M1 P D2 N3 S,S D2 P G3 R1 S,S R₁ M₁ P D₂ N₃ Ṡ,S D₂ P G₃ R₁ Ṡ,False
kriyaviraman,Kriyaviraman,kriyaviraman,17,Sooryakaantam,S R1 G3 R1 M1 P N3 D2 S,S N3 D2 P M1 D2 M1 G3 R1 S,S R₁ G₃ R₁ M₁ P N₃ D₂ Ṡ,S N₃ D₂ P M₁ D₂ M₁ G₃ R₁ Ṡ,False
kumarapriya,KumArapriyA,kumArapriyA,17,Sooryakaantam,S R1 M1 D2 N3 S,S N3 D2 M1 G3 R1 S,S R₁ M₁ D₂ N₃ Ṡ,S N₃ D₂ M₁ G₃ R₁ Ṡ,False
kuntalasaranga,KuntaLasArangA,kuntaLasArangA,17,Sooryakaantam,N3 S R1 G3 M1 P D2 N3,D2 P M1 G3 R1 S N3 D2 N3 S,N₃ Ṡ R₁ G₃ M₁ P D₂ N₃,D₂ P M₁ G₃ R₁ Ṡ N₃ D₂ N₃ Ṡ,False
kuntalasaranga,KuntaLasArangA,kuntaLasArangA,17,Sooryakaantam,N3 S R1 G3 M1 P D2 N3,D2 P M1 G3 R1 S N3,N₃ Ṡ R₁ G₃ M₁ P D₂ N₃,D₂ P M₁ G₃ R₁ Ṡ N₃,False
kusumamarutam,KusumamArutam,kusumamArutam,17,Sooryakaantam,S M1 P D2 N3 S,S N3 D2 P M1 G3 R1 G3 M1 S,S M₁ P D₂ N₃ Ṡ,S N₃ D₂ P M₁ G₃ R₁ G₃ M₁ Ṡ,False
linamati,LInamati,lInamati,17,Sooryakaantam,S R1 M1 P D2 S,S N3 D2 P M1 G3 R1 S,S R₁ M₁ P D₂ Ṡ,S N₃ D₂ P M₁ G₃ R₁ Ṡ,False
madanarekha,MadanarEkhA,madanarEkhA,17,Sooryakaantam,S G3 M1 P N3 S,S N3 D2 P M1 S,S G₃ M₁ P N₃ Ṡ,S N₃ D₂ P M₁ Ṡ,False
maghaluzhan,MAghaluzhan,mAghaluzhan,17,Sooryakaantam,S R1 G3 P D2 N3 S,S D2 P M1 S,S R₁ G₃ P D₂ N₃ Ṡ,S D₂ P M₁ Ṡ,False
maghantarava,MAghaNTArava,mAghaNTArava,17,Sooryakaantam,S R1 G3 M1 P D2 N3 S,S N3 P M1 G3 R1 S,S R₁ G₃ M₁ P D₂ N₃ Ṡ,S N₃ P M₁ G₃ R₁ Ṡ,False
mahanandini,MahAnandini,mahAnandini,17,Sooryakaantam,S M1 G3 M1 P D2 N3 S,S D2 N3 D2 P M1 G3 R1 S,S M₁ G₃ M₁ P D₂ N₃ Ṡ,S D₂ N₃ D₂ P M₁ G₃ R₁ Ṡ,False
makanthi,MAkanThi,mAkanThi,17,Sooryakaantam,S R1 G3 M1 P D2 N3 S,S N3 D2 P G3 R1 S,S R₁ G₃ M₁ P D₂ N₃ Ṡ,S N₃ D₂ P G₃ R₁ Ṡ,False
manasugandhi,Manasugandhi,manasugandhi,17,Sooryakaantam,S G3 M1 P D2 S,S N3 D2 P M1 G3 R1 S,S G₃ M₁ P D₂ Ṡ,S N₃ D₂ P M₁ G₃ R₁ Ṡ,False
mandalagrapani,MaNDalAgrapANi,maNDalAgrapANi,17,Sooryakaantam,S R1 P D2 N3 S,S N3 D2 P R1 S,S R₁ P D₂ N₃ Ṡ,S N₃ D₂ P R₁ Ṡ,False
maunasugandhi,Maunasugandhi,maunasugandhi,17,Sooryakaantam,S G3 M1 P D2 S,S N3 D2 P M1 G3 R1 S,S G₃ M₁ P D₂ Ṡ,S N₃ D₂ P M₁ G₃ R₁ Ṡ,False
meghatarangini,MEghatarangiNi,mEghatarangiNi,17,Sooryakaantam,S M1 G3 M1 P N3 S,S D2 P M1 R1 G3 R1 S,S M₁ G₃ M₁ P N₃ Ṡ,S D₂ P M₁ R₁ G₃ R₁ Ṡ,False
mukhashyamala,MukhashyAmaLA,mukhashyAmaLA,17,Sooryakaantam,S G3 M1 D2 N3 S,S N3 D2 P M1 G3 S,S G₃ M₁ D₂ N₃ Ṡ,S N₃ D₂ P M₁ G₃ Ṡ,False
nagacandrika,NAgacandrikA,nAgacandrikA,17,Sooryakaantam,S G3 M1 P D2 N3 S,S N3 D2 P M1 G3 S,S G₃ M₁ P D₂ N₃ Ṡ,S N₃ D₂ P M₁ G₃ Ṡ,False
nagacudamani,NAgacUDAmaNI,nAgacUDAmaNI,17,Sooryakaantam,S R1 G3 M1 P D2 S,S D2 N3 D2 P M1 G3 M1 R1 S,S R₁ G₃ M₁ P D₂ Ṡ,S D₂ N₃ D₂ P M₁ G₃ M₁ R₁ Ṡ,False
nagamalini,NAgamAlini,nAgamAlini,17,Sooryakaantam,S G3 M1 P D2 N3 S,S N3 D2 P M1 G3 S,S G₃ M₁ P D₂ N₃ Ṡ,S N₃ D₂ P M₁ G₃ Ṡ,False
namaghalgati,NAmaghaLgati,nAmaghaLgati,17,Sooryakaantam,S R1 G3 P D2 S,S N3 D2 P M1 G3 R1 S,S R₁ G₃ P D₂ Ṡ,S N₃ D₂ P M₁ G₃ R₁ Ṡ,False
priyavirama,PriyavirAma,priyavirAma,17,Sooryakaantam,S R1 G3 R1 M1 P N3 D2 S,S N3 D2 P M1 D2 M1 G3 R1 S,S R₁ G₃ R₁ M₁ P N₃ D₂ Ṡ,S N₃ D₂ P M₁ D₂ M₁ G₃ R₁ Ṡ,False
ragacandrika,RAgacandrikA,rAgacandrikA,17,Sooryakaantam,S R1 G3 M1 P D2 S,S D2 P M1 G3 R1 S,S R₁ G₃ M₁ P D₂ Ṡ,S D₂ P M₁ G₃ R₁ Ṡ,False
d2,D2,D2,17,Sooryakaantam,N3 S,S N3 D2 M1,N₃ Ṡ,S N₃ D₂ M₁,False
sahuli,SahuLi,sahuLi,17,Sooryakaantam,S G3 M1 P N3 S,S N3 D2 P M1 G3 R1 S,S G₃ M₁ P N₃ Ṡ,S N₃ D₂ P M₁ G₃ R₁ Ṡ,False
salavamukhari,SAlavamukhAri,sAlavamukhAri,17,Sooryakaantam,S R1 G3 M1 P D2 N3 S,S N3 P M1 R1 S,S R₁ G₃ M₁ P D₂ N₃ Ṡ,S N₃ P M₁ R₁ Ṡ,False
salvamukhari,SAlvamukhAri,sAlvamukhAri,17,Sooryakaantam,S R1 G3 M1 P D2 N3 S,S N3 D2 M1 R1 S,S R₁ G₃ M₁ P D₂ N₃ Ṡ,S N₃ D₂ M₁ R₁ Ṡ,False
samakannada,SAmakannaDa,sAmakannaDa,17,Sooryakaantam,S R1 M1 G3 M1 P D2 N3 S,S N3 D2 P M1 R1 S,S R₁ M₁ G₃ M₁ P D₂ N₃ Ṡ,S N₃ D₂ P M₁ R₁ Ṡ,False
samantamallar,SAmantamallAr,sAmantamallAr,17,Sooryakaantam,S G3 M1 P N3 S,S N3 P D2 M1 G3 R1 S,S G₃ M₁ P N₃ Ṡ,S N₃ P D₂ M₁ G₃ R₁ Ṡ,False
saurastrakam,SaurAStrakam,saurAStrakam,17,Sooryakaantam,S R1 G3 M1 D2 N3 S,S N3 D2 P M1 G3 R1 S,S R₁ G₃ M₁ D₂ N₃ Ṡ,S N₃ D₂ P M₁ G₃ R₁ Ṡ,False
saurastram,SaurAStram,saurAStram,17,Sooryakaantam,S R1 G3 M1 P D2 N3 S,S N3 S D2 P M1 G3 P M1 G3 R1 S,S R₁ G₃ M₁ P D₂ N₃ Ṡ,S N₃ Ṡ D₂ P M₁ G₃ P M₁ G₃ R₁ Ṡ,False
saurastram,SaurAStram,saurAStram,17,Sooryakaantam,S R1 G3 M1 P D2 N3 S,S N3 S D2 P M1 G3 R1 S,S R₁ G₃ M₁ P D₂ N₃ Ṡ,S N₃ Ṡ D₂ P M₁ G₃ R₁ Ṡ,False
saurastram,SaurAStram,saurAStram,17,Sooryakaantam,S R1 M1 G3 M1 P D2 N3 D2 S,S N3 D2 P M1 G3 R1 S,S R₁ M₁ G₃ M₁ P D₂ N₃ D₂ Ṡ,S N₃ D₂ P M₁ G₃ R₁ Ṡ,False
senamani,SEnAmaNi,sEnAmaNi,17,Sooryakaantam,S R1 G3 M1 P D2 S,S N3 D2 P M1 G3 R1 S,S R₁ G₃ M₁ P D₂ Ṡ,S N₃ D₂ P M₁ G₃ R₁ Ṡ,False
shikhandishan,ShikhaNDishan,shikhaNDishan,17,Sooryakaantam,S G3 P D2 N3 S,S N3 D2 P G3 S,S G₃ P D₂ N₃ Ṡ,S N₃ D₂ P G₃ Ṡ,False
shivagata,Shivagata,shivagata,17,Sooryakaantam,S R1 G3 M1 P D2 N3 S,S D2 M1 G3 R1 S,S R₁ G₃ M₁ P D₂ N₃ Ṡ,S D₂ M₁ G₃ R₁ Ṡ,False
shivakanthika,ShivakaNThikA,shivakaNThikA,17,Sooryakaantam,S R1 G3 M1 P D2 N3 S,S N3 D2 M1 G3 R1 S,S R₁ G₃ M₁ P D₂ N₃ Ṡ,S N₃ D₂ M₁ G₃ R₁ Ṡ,False
shivakaraka,Shivakaraka,shivakaraka,17,Sooryakaantam,S G3 M1 P D2 S,S N3 P M1 R1 S,S G₃ M₁ P D₂ Ṡ,S N₃ P M₁ R₁ Ṡ,False
shivakkazhal,Shivakkazhal,shivakkazhal,17,Sooryakaantam,S G3 P N3 S,S D2 P M1 G3 R1 S,S G₃ P N₃ Ṡ,S D₂ P M₁ G₃ R₁ Ṡ,False
shrikanali,ShrIkanali,shrIkanali,17,Sooryakaantam,S R1 M1 D2 S,S N3 P G3 S,S R₁ M₁ D₂ Ṡ,S N₃ P G₃ Ṡ,False
shrikandishan,ShrIkandIshan,shrIkandIshan,17,Sooryakaantam,S G3 P D2 N3 S,S N3 D2 P G3 S,S G₃ P D₂ N₃ Ṡ,S N₃ D₂ P G₃ Ṡ,False
shrikapali,ShrIkapAli,shrIkapAli,17,Sooryakaantam,S R1 G3 M1 P D2 S,S N3 P G3 R1 S,S R₁ G₃ M₁ P D₂ Ṡ,S N₃ P G₃ R₁ Ṡ,False
shrikapila,ShrIkapila,shrIkapila,17,Sooryakaantam,S R1 G3 P D2 N3 S,S N3 D2 P M1 R1 S,S R₁ G₃ P D₂ N₃ Ṡ,S N₃ D₂ P M₁ R₁ Ṡ,False
shrikaramukha,ShrIkaramukha,shrIkaramukha,17,Sooryakaantam,S R1 G3 M1 P D2 N3 S,S D2 P G3 S,S R₁ G₃ M₁ P D₂ N₃ Ṡ,S D₂ P G₃ Ṡ,False
shrikarunalaya,ShrIkaruNAlaya,shrIkaruNAlaya,17,Sooryakaantam,S R1 M1 D2 S,S N3 D2 P M1 G3 R1 S,S R₁ M₁ D₂ Ṡ,S N₃ D₂ P M₁ G₃ R₁ Ṡ,False
shrimalabharana,ShrImAlAbharaNa,shrImAlAbharaNa,17,Sooryakaantam,S R1 G3 P D2 S,S N3 P M1 R1 S,S R₁ G₃ P D₂ Ṡ,S N₃ P M₁ R₁ Ṡ,False
shrisaurastra,ShrIsaurAStra,shrIsaurAStra,17,Sooryakaantam,S R1 M1 G3 M1 P D2 N3 D2 S,S N3 D2 P M1 G3 R1 S,S R₁ M₁ G₃ M₁ P D₂ N₃ D₂ Ṡ,S N₃ D₂ P M₁ G₃ R₁ Ṡ,False
shrisupradipam,ShrIsupradIpam,shrIsupradIpam,17,Sooryakaantam,S R1 M1 P D2 N3 S,S N3 D2 P M1 G3 R1 S,S R₁ M₁ P D₂ N₃ Ṡ,S N₃ D₂ P M₁ G₃ R₁ Ṡ,False
shuddhachayavati,ShuddhachAyAvati,shuddhachAyAvati,17,Sooryakaantam,S R1 G3 M1 D2 N3 S,S N3 D2 P M1 G3 R1 S,S R₁ G₃ M₁ D₂ N₃ Ṡ,S N₃ D₂ P M₁ G₃ R₁ Ṡ,False
shuddhagandharvam,Shuddhagandharvam,shuddhagandharvam,17,Sooryakaantam,S R1 G3 M1 P D2 N3 S,S D2 P M1 R1 S,S R₁ G₃ M₁ P D₂ N₃ Ṡ,S D₂ P M₁ R₁ Ṡ,False
shuddhagantaravam,ShuddhagaNTAravam,shuddhagaNTAravam,17,Sooryakaantam,S R1 G3 M1 P N3 D2 N3 S,S N3 P M1 G3 R1 S,S R₁ G₃ M₁ P N₃ D₂ N₃ Ṡ,S N₃ P M₁ G₃ R₁ Ṡ,False
shuddhagaula,ShuddhagauLa,shuddhagauLa,17,Sooryakaantam,S R1 M1 P N3 S,S N3 P M1 R1 S,S R₁ M₁ P N₃ Ṡ,S N₃ P M₁ R₁ Ṡ,False
shuddhalalita,ShuddhalalitA,shuddhalalitA,17,Sooryakaantam,S R1 G3 M1 D2 N3 S,S N3 D2 M1 G3 R1 S,S R₁ G₃ M₁ D₂ N₃ Ṡ,S N₃ D₂ M₁ G₃ R₁ Ṡ,False
shyamalashrta,ShyAmaLashrta,shyAmaLashrta,17,Sooryakaantam,S R1 M1 G3 M1 P D2 N3 S,S N3 D2 P M1 R1 S,S R₁ M₁ G₃ M₁ P D₂ N₃ Ṡ,S N₃ D₂ P M₁ R₁ Ṡ,False
sindhu,Sindhu,sindhu,17,Sooryakaantam,S G3 R1 M1 P D2 N3 S,S D2 P M1 G3 R1 G3 S,S G₃ R₁ M₁ P D₂ N₃ Ṡ,S D₂ P M₁ G₃ R₁ G₃ Ṡ,False
sindhu,Sindhu,sindhu,17,Sooryakaantam,S M1 M1 P M1 D2 S,S N3 D2 M1 P M1 G3 R1 S,S M₁ M₁ P M₁ D₂ Ṡ,S N₃ D₂ M₁ P M₁ G₃ R₁ Ṡ,False
sindhu,Sindhu,sindhu,17,Sooryakaantam,S M1 M1 P M1 P D2 S,S N3 D2 M1 G3 M1 R1 S,S M₁ M₁ P M₁ P D₂ Ṡ,S N₃ D₂ M₁ G₃ M₁ R₁ Ṡ,False
sindhu,Sindhu,sindhu,17,Sooryakaantam,S R1 G3 R1 M1 P S,S N3 D2 P N3 D2 P M1 G3 R1 S,S R₁ G₃ R₁ M₁ P Ṡ,S N₃ D₂ P N₃ D₂ P M₁ G₃ R₁ Ṡ,False
somatarangini,SOmatarangiNi,sOmatarangiNi,17,Sooryakaantam,S G3 M1 P M1 D2 N3 S,S N3 S D2 P M1 G3 M1 R1 S,S G₃ M₁ P M₁ D₂ N₃ Ṡ,S N₃ Ṡ D₂ P M₁ G₃ M₁ R₁ Ṡ,False
somatarangini,SOmatarangiNi,sOmatarangiNi,17,Sooryakaantam,S R1 S G3 M1 P M1 D2 N3 S,S N3 S D2 P M1 G3 M1 R1 S,S R₁ Ṡ G₃ M₁ P M₁ D₂ N₃ Ṡ,S N₃ Ṡ D₂ P M₁ G₃ M₁ R₁ Ṡ,False
sumatarangini,SumatarangiNi,sumatarangiNi,17,Sooryakaantam,S R1 S G3 M1 P M1 D2 N3 S,S N3 S D2 P M1 G3 M1 R1 S,S R₁ Ṡ G₃ M₁ P M₁ D₂ N₃ Ṡ,S N₃ Ṡ D₂ P M₁ G₃ M₁ R₁ Ṡ,False
supradipam,SupradIpam,supradIpam,17,Sooryakaantam,S R1 M1 P D2 N3 S,S N3 D2 P M1 G3 M1 R1 S,S R₁ M₁ P D₂ N₃ Ṡ,S N₃ D₂ P M₁ G₃ M₁ R₁ Ṡ,False
supraketana,SuprakEtana,suprakEtana,17,Sooryakaantam,S R1 G3 P N3 S,S N3 D2 P G3 R1 S,S R₁ G₃ P N₃ Ṡ,S N₃ D₂ P G₃ R₁ Ṡ,False
suryakanta,SUryakAnta,sUryakAnta,17,Sooryakaantam,S R1 G3 M1 P D2 N3 S,S N3 D2 P M1 G3 R1 S,S R₁ G₃ M₁ P D₂ N₃ Ṡ,S N₃ D₂ P M₁ G₃ R₁ Ṡ,False
suryalalit,SUryalalit,sUryalalit,17,Sooryakaantam,S R1 G3 M2* M1 D2 N3 S,S N3 D2 M1 M2* G3 R1 S,S R₁ G₃ M₂* M₁ D₂ N₃ Ṡ,S N₃ D₂ M₁ M₂* G₃ R₁ Ṡ,False
suryamani,SUryamaNi,sUryamaNi,17,Sooryakaantam,S R1 M1 G3 M1 P D2 N3 S,S N3 D2 M1 G3 R1 S,S R₁ M₁ G₃ M₁ P D₂ N₃ Ṡ,S N₃ D₂ M₁ G₃ R₁ Ṡ,False
svarnambari,SvarNAmbari,svarNAmbari,17,Sooryakaantam,S R1 G3 M1 D2 N3 S,S N3 D2 M1 G3 R1 S,S R₁ G₃ M₁ D₂ N₃ Ṡ,S N₃ D₂ M₁ G₃ R₁ Ṡ,False
talamargini,TALamArgiNi,tALamArgiNi,17,Sooryakaantam,S R1 G3 M1 P D2 P N3 S,S D2 P M1 R1 S,S R₁ G₃ M₁ P D₂ P N₃ Ṡ,S D₂ P M₁ R₁ Ṡ,False
tanamargini,TAnamArgiNi,tAnamArgiNi,17,Sooryakaantam,S R1 G3 M1 P D2 P N3 S,S D2 P M1 R1 S,S R₁ G₃ M₁ P D₂ P N₃ Ṡ,S D₂ P M₁ R₁ Ṡ,False
tirukalanidhi,TirukalAnidhi,tirukalAnidhi,17,Sooryakaantam,S G3 M1 P D2 N3 S,S D2 M1 R1 S,S G₃ M₁ P D₂ N₃ Ṡ,S D₂ M₁ R₁ Ṡ,False
tirukkamban,Tirukkamban,tirukkamban,17,Sooryakaantam,S R1 G3 P D2 S,S N3 D2 M1 G3 R1 S,S R₁ G₃ P D₂ Ṡ,S N₃ D₂ M₁ G₃ R₁ Ṡ,False
tirukkara,TirukkarA,tirukkarA,17,Sooryakaantam,S G3 P N3 S,S D2 P M1 R1 S,S G₃ P N₃ Ṡ,S D₂ P M₁ R₁ Ṡ,False
tuniradharini,TunIradhAriNi,tunIradhAriNi,17,Sooryakaantam,S R1 M1 D2 N3 S,S N3 D2 M1 R1 S,S R₁ M₁ D₂ N₃ Ṡ,S N₃ D₂ M₁ R₁ Ṡ,False
vanajambari,VanajAmbari,vanajAmbari,17,Sooryakaantam,S R1 M1 D2 N3 S,S N3 D2 M1 R1 S,S R₁ M₁ D₂ N₃ Ṡ,S N₃ D₂ M₁ R₁ Ṡ,False
varnarupini,VarNarUpiNi,varNarUpiNi,17,Sooryakaantam,S R1 G3 P D2 S,S D2 P G3 R1 S,S R₁ G₃ P D₂ Ṡ,S D₂ P G₃ R₁ Ṡ,False
vasanta,Vasanta,vasanta,17,Sooryakaantam,S G3 M1 D2 N3 S,S N3 D2 M1 G3 R1 S,S G₃ M₁ D₂ N₃ Ṡ,S N₃ D₂ M₁ G₃ R₁ Ṡ,False
vyazhakurinji,VyAzhakurinji,vyAzhakurinji,17,Sooryakaantam,S R1 G3 M1 P M1 D2 N3 S,S N3 D2 N3 D2 P M1 G3 R1 S,S R₁ G₃ M₁ P M₁ D₂ N₃ Ṡ,S N₃ D₂ N₃ D₂ P M₁ G₃ R₁ Ṡ,False
jayashuddhamaalavi,JayashuddhamaaLavi,jayashuddhamaaLavi,18,HaTakaambari,S R1 G3 M1 P N3 S,S N3 D3 P M1 G3 R1 S,S R₁ G₃ M₁ P N₃ Ṡ,S N₃ D₃ P M₁ G₃ R₁ Ṡ,False
bhanucudamani,BhAnucUDAmaNI,bhAnucUDAmaNI,18,HaTakaambari,S R1 G3 M1 P S,S N3 D3 N3 P M1 G3 R1 S,S R₁ G₃ M₁ P Ṡ,S N₃ D₃ N₃ P M₁ G₃ R₁ Ṡ,False
bhupalatarangini,BhUpALatarangiNi,bhUpALatarangiNi,18,HaTakaambari,S R1 M1 P N3 S,S N3 D3 N3 P M1 G3 M1 R1 S,S R₁ M₁ P N₃ Ṡ,S N₃ D₃ N₃ P M₁ G₃ M₁ R₁ Ṡ,False
candracudapriya,CandracUDapriyA,candracUDapriyA,18,HaTakaambari,S G3 M1 P D3 N3 S,S N3 P M1 R1 S,S G₃ M₁ P D₃ N₃ Ṡ,S N₃ P M₁ R₁ Ṡ,False
candrapriya,CandrapriyA,candrapriyA,18,HaTakaambari,S R1 G3 M1 P D3 N3 S,S D3 P M1 G3 R1 S,S R₁ G₃ M₁ P D₃ N₃ Ṡ,S D₃ P M₁ G₃ R₁ Ṡ,False
candrika,CandrikA,candrikA,18,HaTakaambari,S R1 G3 M1 P D3 S,S D3 P M1 G3 R1 S,S R₁ G₃ M₁ P D₃ Ṡ,S D₃ P M₁ G₃ R₁ Ṡ,False
divyagandharam,DivyagAndhAram,divyagAndhAram,18,HaTakaambari,S M1 G3 R1 P D3 N3 S,S D3 N3 P M1 G3 S R1 S,S M₁ G₃ R₁ P D₃ N₃ Ṡ,S D₃ N₃ P M₁ G₃ Ṡ R₁ Ṡ,False
divyagandharam,DivyagAndhAram,divyagAndhAram,18,HaTakaambari,S M1 R1 P D3 N3 S,S D3 N3 P M1 G3 S R1 S,S M₁ R₁ P D₃ N₃ Ṡ,S D₃ N₃ P M₁ G₃ Ṡ R₁ Ṡ,False
divyagandharam,DivyagAndhAram,divyagAndhAram,18,HaTakaambari,S M1 R1 P D3 N3 S,S N3 D3 P M1 G3 S R1 S,S M₁ R₁ P D₃ N₃ Ṡ,S N₃ D₃ P M₁ G₃ Ṡ R₁ Ṡ,False
druvanapriya,DruvANapriyA,druvANapriyA,18,HaTakaambari,S R1 P D3 N3 S,S N3 D3 P R1 S,S R₁ P D₃ N₃ Ṡ,S N₃ D₃ P R₁ Ṡ,False
hatakambari,HATakAmbari,hATakAmbari,18,HaTakaambari,S R1 G3 M1 P D3 N3 S,S N3 D3 P M1 G3 R1 S,S R₁ G₃ M₁ P D₃ N₃ Ṡ,S N₃ D₃ P M₁ G₃ R₁ Ṡ,False
hitabhasini,HitabhASiNi,hitabhASiNi,18,HaTakaambari,S R1 G3 M1 P N3 D3 N3 S,S N3 P M1 G3 R1 S,S R₁ G₃ M₁ P N₃ D₃ N₃ Ṡ,S N₃ P M₁ G₃ R₁ Ṡ,False
javanika,JavanikA,javanikA,18,HaTakaambari,S R1 G3 P D3 N3 S,S N3 D3 P G3 R1 S,S R₁ G₃ P D₃ N₃ Ṡ,S N₃ D₃ P G₃ R₁ Ṡ,False
jayashuddhamalavi,JayashuddhamALavi,jayashuddhamALavi,18,HaTakaambari,S R1 G3 M1 P N3 S,S N3 D3 N3 P M1 G3 R1 G3 S,S R₁ G₃ M₁ P N₃ Ṡ,S N₃ D₃ N₃ P M₁ G₃ R₁ G₃ Ṡ,False
kallolam,KallOlam,kallOlam,18,HaTakaambari,S G3 M1 P D3 N3 S,S N3 D3 N3 P M1 G3 S S R1,S G₃ M₁ P D₃ N₃ Ṡ,S N₃ D₃ N₃ P M₁ G₃ Ṡ S R₁,False
kallolam,KallOlam,kallOlam,18,HaTakaambari,S G3 M1 P D3 N3 S,S N3 D3 N3 P M1 G3 S,S G₃ M₁ P D₃ N₃ Ṡ,S N₃ D₃ N₃ P M₁ G₃ Ṡ,False
kallolam,KallOlam,kallOlam,18,HaTakaambari,S M1 G3 M1 P D3 N3 S,S N3 D3 M1 G3 R1 S,S M₁ G₃ M₁ P D₃ N₃ Ṡ,S N₃ D₃ M₁ G₃ R₁ Ṡ,False
kallolam,KallOlam,kallOlam,18,HaTakaambari,S P D3 N3 S,S N3 D3 N3 P M1 G3 S,S P D₃ N₃ Ṡ,S N₃ D₃ N₃ P M₁ G₃ Ṡ,False
kallolam,KallOlam,kallOlam,18,HaTakaambari,S R1 M1 P D3 N3 S,S N3 D3 N3 P M1 G3 S,S R₁ M₁ P D₃ N₃ Ṡ,S N₃ D₃ N₃ P M₁ G₃ Ṡ,False
kandarapriya,KandarapriyA,kandarapriyA,18,HaTakaambari,S R1 G3 M1 P D3 N3 S,S N3 D3 P N3 P M1 R1 S,S R₁ G₃ M₁ P D₃ N₃ Ṡ,S N₃ D₃ P N₃ P M₁ R₁ Ṡ,False
nagatarangini,NAgatarangiNi,nAgatarangiNi,18,HaTakaambari,S R1 G3 M1 P N3 S,S N3 D3 P D3 N3 P M1 G3 S,S R₁ G₃ M₁ P N₃ Ṡ,S N₃ D₃ P D₃ N₃ P M₁ G₃ Ṡ,False
nagatarangini,NAgatarangiNi,nAgatarangiNi,18,HaTakaambari,S R1 G3 M1 P N3 S,S N3 P D3 N3 P M1 G3 R1 S,S R₁ G₃ M₁ P N₃ Ṡ,S N₃ P D₃ N₃ P M₁ G₃ R₁ Ṡ,False
nagatarangini,NAgatarangiNi,nAgatarangiNi,18,HaTakaambari,S R1 G3 M1 P N3 S,S N3 P D3 N3 P M1 G3 S,S R₁ G₃ M₁ P N₃ Ṡ,S N₃ P D₃ N₃ P M₁ G₃ Ṡ,False
naksatramala,NakSatramAlA,nakSatramAlA,18,HaTakaambari,S R1 G3 D3 N3 S,S N3 D3 G3 R1 S,S R₁ G₃ D₃ N₃ Ṡ,S N₃ D₃ G₃ R₁ Ṡ,False
narasamu,Narasamu,narasamu,18,HaTakaambari,S R1 G3 M1 D3 S,S D3 M1 G3 R1 S,S R₁ G₃ M₁ D₃ Ṡ,S D₃ M₁ G₃ R₁ Ṡ,False
pinakini,PinAkini,pinAkini,18,HaTakaambari,S R1 M1 P D3 N3 S,S N3 D3 P M1 R1 S,S R₁ M₁ P D₃ N₃ Ṡ,S N₃ D₃ P M₁ R₁ Ṡ,False
pinakini,PinAkini,pinAkini,18,HaTakaambari,S R1 M1 P N3 S,S N3 D3 P M1 R1 S,S R₁ M₁ P N₃ Ṡ,S N₃ D₃ P M₁ R₁ Ṡ,False
preyasi,PrEyasi,prEyasi,18,HaTakaambari,S G3 M1 P D3 N3 S,S N3 D3 P M1 G3 S,S G₃ M₁ P D₃ N₃ Ṡ,S N₃ D₃ P M₁ G₃ Ṡ,False
shuddhagandhari,ShuddhagAndhAri,shuddhagAndhAri,18,HaTakaambari,S R1 G3 R1 G3 M1 P D3 P N3 D3 S,S N3 D3 P M1 G3 R1 S,S R₁ G₃ R₁ G₃ M₁ P D₃ P N₃ D₃ Ṡ,S N₃ D₃ P M₁ G₃ R₁ Ṡ,False
shuddhakannada,ShuddhakannaDa,shuddhakannaDa,18,HaTakaambari,S M1 P D3 N3 S,S N3 P M1 G3 S,S M₁ P D₃ N₃ Ṡ,S N₃ P M₁ G₃ Ṡ,False
shuddhamalavi,ShuddhamALavi,shuddhamALavi,18,HaTakaambari,S G3 R1 G3 M1 P D3 N3 S,S D3 N3 P M1 G3 R1 S,S G₃ R₁ G₃ M₁ P D₃ N₃ Ṡ,S D₃ N₃ P M₁ G₃ R₁ Ṡ,False
shuddhamalavi,ShuddhamALavi,shuddhamALavi,18,HaTakaambari,S G3 R1 G3 M1 P D3 N3 S,S N3 D3 P M1 G3 R1 S,S G₃ R₁ G₃ M₁ P D₃ N₃ Ṡ,S N₃ D₃ P M₁ G₃ R₁ Ṡ,False
shuddhamalavi,ShuddhamALavi,shuddhamALavi,18,HaTakaambari,S R1 G3 M1 P D3 N3 S,S N3 D3 P M1 G3 R1 S,S R₁ G₃ M₁ P D₃ N₃ Ṡ,S N₃ D₃ P M₁ G₃ R₁ Ṡ,False
simhelam,SimhELam,simhELam,18,HaTakaambari,S R1 G3 M1 P D3 N3 S,S N3 D3 N3 P M1 G3 R1 S,S R₁ G₃ M₁ P D₃ N₃ Ṡ,S N₃ D₃ N₃ P M₁ G₃ R₁ Ṡ,False
simhelam,SimhELam,simhELam,18,HaTakaambari,S R1 G3 M1 P D3 N3 S,S N3 D3 P M1 G3 R1 S,S R₁ G₃ M₁ P D₃ N₃ Ṡ,S N₃ D₃ P M₁ G₃ R₁ Ṡ,False
simhelam,SimhELam,simhELam,18,HaTakaambari,S R1 G3 M1 P D3 N3 S,S N3 P M1 G3 R1 S,S R₁ G₃ M₁ P D₃ N₃ Ṡ,S N₃ P M₁ G₃ R₁ Ṡ,False
sundarasitapriya,SundarasitapriyA,sundarasitapriyA,18,HaTakaambari,S G3 M1 P N3 D3 N3 S,S N3 P M1 R1 S,S G₃ M₁ P N₃ D₃ N₃ Ṡ,S N₃ P M₁ R₁ Ṡ,False
svarnambari,SvarNAmbari,svarNAmbari,18,HaTakaambari,S R1 G3 M1 D3 N3 S,S N3 D3 M1 G3 R1 S,S R₁ G₃ M₁ D₃ N₃ Ṡ,S N₃ D₃ M₁ G₃ R₁ Ṡ,False
triyama,TriyAma,triyAma,18,HaTakaambari,S R1 M1 D3 N3 S,S N3 D3 M1 R1 S,S R₁ M₁ D₃ N₃ Ṡ,S N₃ D₃ M₁ R₁ Ṡ,False
varnarupini,VarNarUpiNi,varNarUpiNi,18,HaTakaambari,S R1 G3 P D3 S,S D3 P G3 R1 S,S R₁ G₃ P D₃ Ṡ,S D₃ P G₃ R₁ Ṡ,False
jhankaarabhramari,Jhankaarabhramari,jhankaarabhramari,19,Jhankaaradhwani,S R2 G2 M1 P D1 N1 D1 P D1 S,S N1 D1 P M1 G2 R2 S,S R₂ G₂ M₁ P D₁ N₁ D₁ P D₁ Ṡ,S N₁ D₁ P M₁ G₂ R₂ Ṡ,False
s,S,S,19,Jhankaaradhwani,R2 G2 M1 P D1 S,S N1 D1 P M1 G2 R2 S,R₂ G₂ M₁ P D₁ Ṡ,S N₁ D₁ P M₁ G₂ R₂ Ṡ,False
s,S,S,19,Jhankaaradhwani,R2 G2 M1 P D1 N1 D1 S,S D1 P M1 G2 R2 S,R₂ G₂ M₁ P D₁ N₁ D₁ Ṡ,S D₁ P M₁ G₂ R₂ Ṡ,False
s,S,S,19,Jhankaaradhwani,R2 G2 M1 P D1 N1 D1 S,S N1 D1 P M1 G2 R2 S,R₂ G₂ M₁ P D₁ N₁ D₁ Ṡ,S N₁ D₁ P M₁ G₂ R₂ Ṡ,False
g,G,G,19,Jhankaaradhwani,R2 G2 M1 P D1 N1 D1 S,S N1 D1 P M1 G2 R2,R₂ G₂ M₁ P D₁ N₁ D₁ Ṡ,S N₁ D₁ P M₁ G₂ R₂,False
s,S,S,19,Jhankaaradhwani,R2 G2 M1 P D1 N1 D1 S,D1 N1 D1 P M1 G2 R2 S,R₂ G₂ M₁ P D₁ N₁ D₁ Ṡ,D₁ N₁ D₁ P M₁ G₂ R₂ Ṡ,False
adibhairavi,Adibhairavi,Adibhairavi,19,Jhankaaradhwani,S G2 R2 G2 M1 P D1 S,S D1 P M1 P G2 R2 S,S G₂ R₂ G₂ M₁ P D₁ Ṡ,S D₁ P M₁ P G₂ R₂ Ṡ,False
amrtaranjani,Amrtaranjani,amrtaranjani,19,Jhankaaradhwani,S R2 G2 M1 D1 N1 S,S D1 N1 D1 P M1 G2 R2 S,S R₂ G₂ M₁ D₁ N₁ Ṡ,S D₁ N₁ D₁ P M₁ G₂ R₂ Ṡ,False
amrtatarangini,AmrtatarangiNi,amrtatarangiNi,19,Jhankaaradhwani,S R2 G2 M1 D1 N1 S,S D1 N1 D1 P M1 G2 R2 S,S R₂ G₂ M₁ D₁ N₁ Ṡ,S D₁ N₁ D₁ P M₁ G₂ R₂ Ṡ,False
amrtatarangini,AmrtatarangiNi,amrtatarangiNi,19,Jhankaaradhwani,S R2 G2 M1 D1 N1 S,S N1 D1 P M1 R2 S,S R₂ G₂ M₁ D₁ N₁ Ṡ,S N₁ D₁ P M₁ R₂ Ṡ,False
bharati,BhArati,bhArati,19,Jhankaaradhwani,S R2 G2 M1 P S,S P M1 G2 R2 S,S R₂ G₂ M₁ P Ṡ,S P M₁ G₂ R₂ Ṡ,False
bhramara,Bhramara,bhramara,19,Jhankaaradhwani,S R2 G2 M1 D1 N1 S,S N1 D1 M1 G2 R2 S,S R₂ G₂ M₁ D₁ N₁ Ṡ,S N₁ D₁ M₁ G₂ R₂ Ṡ,False
campakalata,Campakalata,campakalata,19,Jhankaaradhwani,S G2 M1 D1 N1 S,S N1 P M1 G2 R2 M1 R2 S,S G₂ M₁ D₁ N₁ Ṡ,S N₁ P M₁ G₂ R₂ M₁ R₂ Ṡ,False
campalata,Campalata,campalata,19,Jhankaaradhwani,S G2 M1 D1 N1 S,S N1 D1 P M1 R2 S,S G₂ M₁ D₁ N₁ Ṡ,S N₁ D₁ P M₁ R₂ Ṡ,False
chayasindhu,ChAyAsindhu,chAyAsindhu,19,Jhankaaradhwani,S R2 M1 P D1 S,D1 P M1 G2 R2 S,S R₂ M₁ P D₁ Ṡ,D₁ P M₁ G₂ R₂ Ṡ,False
cittaranjani,Cittaranjani,cittaranjani,19,Jhankaaradhwani,S G2 R2 G2 M1 P D1 N1 S,S N1 D1 P M1 G2 R2 S,S G₂ R₂ G₂ M₁ P D₁ N₁ Ṡ,S N₁ D₁ P M₁ G₂ R₂ Ṡ,False
cittaranjani,Cittaranjani,cittaranjani,19,Jhankaaradhwani,S R2 G2 M1 D1 N1 S,S P M1 G2 R2 S,S R₂ G₂ M₁ D₁ N₁ Ṡ,S P M₁ G₂ R₂ Ṡ,False
cittaranjani,Cittaranjani,cittaranjani,19,Jhankaaradhwani,S R2 G2 M1 P D1,N1 D1 P M1 R2 G2 R2 S,S R₂ G₂ M₁ P D₁,N₁ D₁ P M₁ R₂ G₂ R₂ Ṡ,False
cittaranjani,Cittaranjani,cittaranjani,19,Jhankaaradhwani,S R2 G2 M1 P D1,S D1 P M1 R2 G2 R2 S,S R₂ G₂ M₁ P D₁,S D₁ P M₁ R₂ G₂ R₂ Ṡ,False
cittaranjani,Cittaranjani,cittaranjani,19,Jhankaaradhwani,S R2 G2 R2 G2 M1 P D1 N1,N1 D1 P M1 R2 G2 R2 S,S R₂ G₂ R₂ G₂ M₁ P D₁ N₁,N₁ D₁ P M₁ R₂ G₂ R₂ Ṡ,False
cittaranjani,Cittaranjani,cittaranjani,19,Jhankaaradhwani,S R2 G2 R2 G2 M1 P D1,N1 D1 P M1 R2 G2 R2 S,S R₂ G₂ R₂ G₂ M₁ P D₁,N₁ D₁ P M₁ R₂ G₂ R₂ Ṡ,False
cittaranjani,Cittaranjani,cittaranjani,19,Jhankaaradhwani,S R2 G2 R2 G2 M1 P D1,S D1 P M1 R2 G2 R2 S,S R₂ G₂ R₂ G₂ M₁ P D₁,S D₁ P M₁ R₂ G₂ R₂ Ṡ,False
deshyabegada,DEshyabEgaDa,dEshyabEgaDa,19,Jhankaaradhwani,S G2 M1 P S,S N1 D1 P M1 G2 R2 S,S G₂ M₁ P Ṡ,S N₁ D₁ P M₁ G₂ R₂ Ṡ,False
deshyabegada,DEshyabEgaDa,dEshyabEgaDa,19,Jhankaaradhwani,S R2 G2 M1 P S,S N1 D1 M1 G2 R2 S,S R₂ G₂ M₁ P Ṡ,S N₁ D₁ M₁ G₂ R₂ Ṡ,False
dhusravarni,DhUsravarNi,dhUsravarNi,19,Jhankaaradhwani,S R2 P D1 N1 S,S N1 D1 P R2 S,S R₂ P D₁ N₁ Ṡ,S N₁ D₁ P R₂ Ṡ,False
ganapriya,GAnapriyA,gAnapriyA,19,Jhankaaradhwani,S R2 G2 M1 D1 S,S D1 M1 G2 R2 S,S R₂ G₂ M₁ D₁ Ṡ,S D₁ M₁ G₂ R₂ Ṡ,False
haimavati,Haimavati,haimavati,19,Jhankaaradhwani,S R2 M1 P N1 S,S N1 P M1 R2 S,S R₂ M₁ P N₁ Ṡ,S N₁ P M₁ R₂ Ṡ,False
jalmika,JAlmika,jAlmika,19,Jhankaaradhwani,S R2 G2 M1 P D1 N1 S,S N1 D1 P M1 S R2 S,S R₂ G₂ M₁ P D₁ N₁ Ṡ,S N₁ D₁ P M₁ Ṡ R₂ Ṡ,False
jhankarabhramari,JhankArabhramari,jhankArabhramari,19,Jhankaaradhwani,S R2 G2 M1 P D1 N1 D1 S,S N1 D1 P M1 G2 R2 S,S R₂ G₂ M₁ P D₁ N₁ D₁ Ṡ,S N₁ D₁ P M₁ G₂ R₂ Ṡ,False
jhankaradhvani,JhankAradhvani,jhankAradhvani,19,Jhankaaradhwani,S R2 G2 M1 P D1 N1 S,S N1 D1 P M1 G2 R2 S,S R₂ G₂ M₁ P D₁ N₁ Ṡ,S N₁ D₁ P M₁ G₂ R₂ Ṡ,False
jhankarapriya,JhankArapriyA,jhankArapriyA,19,Jhankaaradhwani,S G2 R2 G2 M1 P D1 N1 S,D1 N1 D1 P M1 G2 R2,S G₂ R₂ G₂ M₁ P D₁ N₁ Ṡ,D₁ N₁ D₁ P M₁ G₂ R₂,False
jhankari,JhankAri,jhankAri,19,Jhankaaradhwani,S R2 G2 M1 P D1 S,S D1 P M1 G2 R2 S,S R₂ G₂ M₁ P D₁ Ṡ,S D₁ P M₁ G₂ R₂ Ṡ,False
kadambini,KAdambini,kAdambini,19,Jhankaaradhwani,S R2 G2 P D1 N1 S,S N1 D1 P G2 R2 S,S R₂ G₂ P D₁ N₁ Ṡ,S N₁ D₁ P G₂ R₂ Ṡ,False
kancanangi,KAncanAngi,kAncanAngi,19,Jhankaaradhwani,S R2 G2 M1 P N1 S,S N1 P M1 G2 R2 S,S R₂ G₂ M₁ P N₁ Ṡ,S N₁ P M₁ G₂ R₂ Ṡ,False
kusumaja,Kusumaja,kusumaja,19,Jhankaaradhwani,S G2 M1 P D1 S,S D1 P M1 R2 S,S G₂ M₁ P D₁ Ṡ,S D₁ P M₁ R₂ Ṡ,False
lalitabhairavi,Lalitabhairavi,lalitabhairavi,19,Jhankaaradhwani,S G2 M1 P D1 S,S N1 D1 P M1 G2 R2 S,S G₂ M₁ P D₁ Ṡ,S N₁ D₁ P M₁ G₂ R₂ Ṡ,False
nutabhasini,NutabhASiNi,nutabhASiNi,19,Jhankaaradhwani,S R2 G2 M1 P D1 N1 D1 S,S D1 P M1 G2 R2 S,S R₂ G₂ M₁ P D₁ N₁ D₁ Ṡ,S D₁ P M₁ G₂ R₂ Ṡ,False
prabhatarangini,PrabhAtarangiNi,prabhAtarangiNi,19,Jhankaaradhwani,S M1 R2 G2 M1 P S,S N1 D1 P M1 G2 R2 S,S M₁ R₂ G₂ M₁ P Ṡ,S N₁ D₁ P M₁ G₂ R₂ Ṡ,False
purnalalita,PUrNalalitA,pUrNalalitA,19,Jhankaaradhwani,S G2 R2 G2 M1 P S,S N1 D1 P M1 G2 R2 S,S G₂ R₂ G₂ M₁ P Ṡ,S N₁ D₁ P M₁ G₂ R₂ Ṡ,False
purnalalita,PUrNalalitA,pUrNalalitA,19,Jhankaaradhwani,S G2 R2 G2 R2 M1 P S,S N1 D1 P M1 G2 R2 S,S G₂ R₂ G₂ R₂ M₁ P Ṡ,S N₁ D₁ P M₁ G₂ R₂ Ṡ,False
purnalalita,PUrNalalitA,pUrNalalitA,19,Jhankaaradhwani,S G2 R2 M1 P S,S N1 D1 P M1 G2 R2 S,S G₂ R₂ M₁ P Ṡ,S N₁ D₁ P M₁ G₂ R₂ Ṡ,False
purnalalita,PUrNalalitA,pUrNalalitA,19,Jhankaaradhwani,S R2 G2 M1 P S,S N1 D1 P M1 G2 R2 S,S R₂ G₂ M₁ P Ṡ,S N₁ D₁ P M₁ G₂ R₂ Ṡ,False
purnalalita,PUrNalalitA,pUrNalalitA,19,Jhankaaradhwani,S R2 G2 R2 M1 P S,S N1 D1 P M1 G2 R2 S,S R₂ G₂ R₂ M₁ P Ṡ,S N₁ D₁ P M₁ G₂ R₂ Ṡ,False
purnalalita,PUrNalalitA,pUrNalalitA,19,Jhankaaradhwani,S S R2 G2 R2 M1 P S,S N1 D1 P M1 G2 R2 S,S Ṡ R₂ G₂ R₂ M₁ P Ṡ,S N₁ D₁ P M₁ G₂ R₂ Ṡ,False
purnasalavi,PUrNasALavi,pUrNasALavi,19,Jhankaaradhwani,S G2 M1 D1 N1 S,S N1 D1 P M1 R2 S,S G₂ M₁ D₁ N₁ Ṡ,S N₁ D₁ P M₁ R₂ Ṡ,False
purvasalavi,PUrvasALavi,pUrvasALavi,19,Jhankaaradhwani,S G2 M1 P D1 N1 S,S N1 D1 P M1 R2 S,S G₂ M₁ P D₁ N₁ Ṡ,S N₁ D₁ P M₁ R₂ Ṡ,False
risabhavilasa,RiSabhavilAsa,riSabhavilAsa,19,Jhankaaradhwani,S R2 M1 P D1 S,S D1 P M1 R2 M1 R2 S,S R₂ M₁ P D₁ Ṡ,S D₁ P M₁ R₂ M₁ R₂ Ṡ,False
salmikam,SAlmikam,SAlmikam,19,Jhankaaradhwani,S R2 G2 M1 P D1 N1 S,S N1 D1 P M1 G2 S R2 S,S R₂ G₂ M₁ P D₁ N₁ Ṡ,S N₁ D₁ P M₁ G₂ Ṡ R₂ Ṡ,False
shinjini,Shinjini,shinjini,19,Jhankaaradhwani,S R2 G2 P N1 S,S N1 P G2 R2 S,S R₂ G₂ P N₁ Ṡ,S N₁ P G₂ R₂ Ṡ,False
shyamala,ShyAmaLA,shyAmaLA,19,Jhankaaradhwani,S G2 R2 G2 M1 P D1 N1 D1 S,S N1 D1 P M1 G2 R2 S,S G₂ R₂ G₂ M₁ P D₁ N₁ D₁ Ṡ,S N₁ D₁ P M₁ G₂ R₂ Ṡ,False
sindhusalavi,SindhusALavi,sindhusALavi,19,Jhankaaradhwani,S M1 P D1 N1 D1 S,S N1 D1 P M1 G2 R2 S,S M₁ P D₁ N₁ D₁ Ṡ,S N₁ D₁ P M₁ G₂ R₂ Ṡ,False
tiraskarani,TiraskaraNi,tiraskaraNi,19,Jhankaaradhwani,S R2 G2 D1 N1 S,S N1 D1 G2 R2 S,S R₂ G₂ D₁ N₁ Ṡ,S N₁ D₁ G₂ R₂ Ṡ,False
tripadaka,TripaDaka,tripaDaka,19,Jhankaaradhwani,S R2 M1 D1 N1 S,S N1 D1 M1 R2 S,S R₂ M₁ D₁ N₁ Ṡ,S N₁ D₁ M₁ R₂ Ṡ,False
naareereetigowla,NaareereetigowLa,naareereetigowLa,20,NaTabhairavi,S R1 G2 M1 P D1 N2 S,S R2 D1 P M1 G2 R2 S,S R₁ G₂ M₁ P D₁ N₂ Ṡ,S R₂ D₁ P M₁ G₂ R₂ Ṡ,False
abheri,AbhEri,AbhEri,20,NaTabhairavi,S G2 M1 P N2 S,S N2 D1 M1 G2 S,S G₂ M₁ P N₂ Ṡ,S N₂ D₁ M₁ G₂ Ṡ,False
abheri,AbhEri,AbhEri,20,NaTabhairavi,S G2 M1 P N2 S,S N2 D1 P M1 G2 R2 S,S G₂ M₁ P N₂ Ṡ,S N₂ D₁ P M₁ G₂ R₂ Ṡ,False
abheri,AbhEri,AbhEri,20,NaTabhairavi,S G2 M1 P S N2 S,S N2 D1 P M1 G2 R2 S,S G₂ M₁ P Ṡ N₂ Ṡ,S N₂ D₁ P M₁ G₂ R₂ Ṡ,False
abheri,AbhEri,AbhEri,20,NaTabhairavi,S G2 R2 G2 M1 N2 S,S N2 D1 P M1 G2 R2 S,S G₂ R₂ G₂ M₁ N₂ Ṡ,S N₂ D₁ P M₁ G₂ R₂ Ṡ,False
abheri,AbhEri,AbhEri,20,NaTabhairavi,S M1 G2 M1 P P S,S N2 D1 P M1 G2 R2 S,S M₁ G₂ M₁ P P Ṡ,S N₂ D₁ P M₁ G₂ R₂ Ṡ,False
adibhairavi,Adibhairavi,Adibhairavi,20,NaTabhairavi,S G2 M1 D1 N2 D1 S,S N2 D1 P M1 G2 R2 S,S G₂ M₁ D₁ N₂ D₁ Ṡ,S N₂ D₁ P M₁ G₂ R₂ Ṡ,False
adibhairavi,Adibhairavi,Adibhairavi,20,NaTabhairavi,S M1 G2 M1 P D1 S,S N2 D1 P G2 R2 S,S M₁ G₂ M₁ P D₁ Ṡ,S N₂ D₁ P G₂ R₂ Ṡ,False
agnikopam,AgnikOpam,agnikOpam,20,NaTabhairavi,S G2 M1 P N2 S,S N2 P M1 G2 R2 S,S G₂ M₁ P N₂ Ṡ,S N₂ P M₁ G₂ R₂ Ṡ,False
agnikopam,AgnikOpam,agnikOpam,20,NaTabhairavi,S R2 G2 M1 P N2 S,S N2 P M1 G2 R2 S,S R₂ G₂ M₁ P N₂ Ṡ,S N₂ P M₁ G₂ R₂ Ṡ,False
agnikopam,AgnikOpam,agnikOpam,20,NaTabhairavi,S R2 G2 M1 P N2 S,S N2 P M1 G2 S,S R₂ G₂ M₁ P N₂ Ṡ,S N₂ P M₁ G₂ Ṡ,False
ahiri,Ahiri,Ahiri,20,NaTabhairavi,S R2 G2 R2 M1 P D1 N2 D1 S,S N2 D1 M1 G2 R2 S,S R₂ G₂ R₂ M₁ P D₁ N₂ D₁ Ṡ,S N₂ D₁ M₁ G₂ R₂ Ṡ,False
ahiri,Ahiri,Ahiri,20,NaTabhairavi,S R2 S G2 M1 P D1 N2 S,S N2 D1 P M1 G2 R2 S,S R₂ Ṡ G₂ M₁ P D₁ N₂ Ṡ,S N₂ D₁ P M₁ G₂ R₂ Ṡ,False
ahori,AhOri,ahOri,20,NaTabhairavi,S R2 G2 M1 M1 N2 S,S N2 D1 P G2 R2 S,S R₂ G₂ M₁ M₁ N₂ Ṡ,S N₂ D₁ P G₂ R₂ Ṡ,False
ahori,AhOri,ahOri,20,NaTabhairavi,S R2 G2 M1 P D1 N2 D1 S,S N2 D1 M1 G2 R2 S,S R₂ G₂ M₁ P D₁ N₂ D₁ Ṡ,S N₂ D₁ M₁ G₂ R₂ Ṡ,False
ahori,AhOri,ahOri,20,NaTabhairavi,S R2 G2 M1 P D1 S,S N2 D1 P M1 G2 R2 S,S R₂ G₂ M₁ P D₁ Ṡ,S N₂ D₁ P M₁ G₂ R₂ Ṡ,False
ahori,AhOri,ahOri,20,NaTabhairavi,S R2 M1 G2 D1 S,S N2 D1 P M1 G2 R2 S,S R₂ M₁ G₂ D₁ Ṡ,S N₂ D₁ P M₁ G₂ R₂ Ṡ,False
amrtavahini,AmrtavAhini,amrtavAhini,20,NaTabhairavi,S R2 M1 P D1 N2 S,S N2 D1 M1 G2 R2 S,S R₂ M₁ P D₁ N₂ Ṡ,S N₂ D₁ M₁ G₂ R₂ Ṡ,False
anandabhairavi,Anandabhairavi,Anandabhairavi,20,NaTabhairavi,S G2 M1 P D1 P S N2 D1 N2 S,S N2 D1 P M1 G2 R2 S,S G₂ M₁ P D₁ P Ṡ N₂ D₁ N₂ Ṡ,S N₂ D₁ P M₁ G₂ R₂ Ṡ,False
anandabhairavi,Anandabhairavi,Anandabhairavi,20,NaTabhairavi,S G2 M1 P D1 P S N2 S,S N2 D1 P M1 G2 R2 S,S G₂ M₁ P D₁ P Ṡ N₂ Ṡ,S N₂ D₁ P M₁ G₂ R₂ Ṡ,False
anandabhairavi,Anandabhairavi,Anandabhairavi,20,NaTabhairavi,S G2 M1 P D1 P S,S N2 D1 P M1 G2 R2 S,S G₂ M₁ P D₁ P Ṡ,S N₂ D₁ P M₁ G₂ R₂ Ṡ,False
anandabhairavi,Anandabhairavi,Anandabhairavi,20,NaTabhairavi,S G2 R2 G2 M1 P D1 P N2 S,S N2 D1 P G2 R2 S,S G₂ R₂ G₂ M₁ P D₁ P N₂ Ṡ,S N₂ D₁ P G₂ R₂ Ṡ,False
anandabhairavi,Anandabhairavi,Anandabhairavi,20,NaTabhairavi,S G2 R2 G2 M1 P D1 P N2 S,S N2 D1 P M1 G2 R2 S N2 S,S G₂ R₂ G₂ M₁ P D₁ P N₂ Ṡ,S N₂ D₁ P M₁ G₂ R₂ Ṡ N₂ Ṡ,False
anandabhairavi,Anandabhairavi,Anandabhairavi,20,NaTabhairavi,S G2 R2 G2 M1 P S N2 S,S N2 D1 P M1 G2 R2 S,S G₂ R₂ G₂ M₁ P Ṡ N₂ Ṡ,S N₂ D₁ P M₁ G₂ R₂ Ṡ,False
anandabhairavi,Anandabhairavi,Anandabhairavi,20,NaTabhairavi,S G2 R2 G2 M1 P S,S N2 D1 P M1 G2 R2 S,S G₂ R₂ G₂ M₁ P Ṡ,S N₂ D₁ P M₁ G₂ R₂ Ṡ,False
aryamati,Aryamati,Aryamati,20,NaTabhairavi,S R2 G2 P D1 S,S N2 D1 P D1 M1 G2 R2 S,S R₂ G₂ P D₁ Ṡ,S N₂ D₁ P D₁ M₁ G₂ R₂ Ṡ,False
astapadam,ASTapAdam,aSTapAdam,20,NaTabhairavi,S M1 P D1 N2 S,S N2 D1 P M1 S,S M₁ P D₁ N₂ Ṡ,S N₂ D₁ P M₁ Ṡ,False
astavadam,ASTavadam,aSTavadam,20,NaTabhairavi,S M1 P D1 N2 S,S N2 D1 P M1 S,S M₁ P D₁ N₂ Ṡ,S N₂ D₁ P M₁ Ṡ,False
bhagirathi,BhAgIrathi,bhAgIrathi,20,NaTabhairavi,S M1 P D1 N2 S,S N2 D1 P M1 S,S M₁ P D₁ N₂ Ṡ,S N₂ D₁ P M₁ Ṡ,False
bhagirathi,BhAgIrathi,bhAgIrathi,20,NaTabhairavi,S R2 G2 D1 N2 S,S N2 D1 G2 R2 S,S R₂ G₂ D₁ N₂ Ṡ,S N₂ D₁ G₂ R₂ Ṡ,False
bhairavi,Bhairavi,bhairavi,20,NaTabhairavi,S G2 R2 G2 M1 P D1 N2 S,S N2 D1 M1 P M1 G2 R2 S,S G₂ R₂ G₂ M₁ P D₁ N₂ Ṡ,S N₂ D₁ M₁ P M₁ G₂ R₂ Ṡ,False
bhairavi,Bhairavi,bhairavi,20,NaTabhairavi,S R2 G2 M1 D1 N2 S,S N2 D1 M1 G2 R2 S,S R₂ G₂ M₁ D₁ N₂ Ṡ,S N₂ D₁ M₁ G₂ R₂ Ṡ,False
bhairavi,Bhairavi,bhairavi,20,NaTabhairavi,S R2 G2 M1 N2 D1 N2 S,S N2 D1 M1 G2 R2 S,S R₂ G₂ M₁ N₂ D₁ N₂ Ṡ,S N₂ D₁ M₁ G₂ R₂ Ṡ,False
bhairavi,Bhairavi,bhairavi,20,NaTabhairavi,S R2 G2 M1 P D1 N2 S,S N2 D1 P M1 G2 R2 S,S R₂ G₂ M₁ P D₁ N₂ Ṡ,S N₂ D₁ P M₁ G₂ R₂ Ṡ,False
bhandi,BhaNDi,bhaNDi,20,NaTabhairavi,S R2 P D1 S,P M1 G2 R2 S N2 P,S R₂ P D₁ Ṡ,P M₁ G₂ R₂ Ṡ N₂ P,False
bhavakesari,BhavakEsari,bhavakEsari,20,NaTabhairavi,S R2 G2 D1 N2 S,S N2 D1 G2 R2 S,S R₂ G₂ D₁ N₂ Ṡ,S N₂ D₁ G₂ R₂ Ṡ,False
bhendrila,BhendrilA,bhendrilA,20,NaTabhairavi,S R2 G2 M1 P D1 N2 S,S P M1 G2 R2 S,S R₂ G₂ M₁ P D₁ N₂ Ṡ,S P M₁ G₂ R₂ Ṡ,False
bhogadevakriya,BhOgadEvakriyA,bhOgadEvakriyA,20,NaTabhairavi,S R2 G2 M1 N2 S,S D1 M1 G2 R2 S,S R₂ G₂ M₁ N₂ Ṡ,S D₁ M₁ G₂ R₂ Ṡ,False
bhosala,BhOsala,bhOsala,20,NaTabhairavi,S R2 P D1 N2 S,S D1 P M1 R2 S,S R₂ P D₁ N₂ Ṡ,S D₁ P M₁ R₂ Ṡ,False
bhrami,BhrAmi,bhrAmi,20,NaTabhairavi,S R2 M1 D1 N2 S,S N2 D1 M1 R2 S,S R₂ M₁ D₁ N₂ Ṡ,S N₂ D₁ M₁ R₂ Ṡ,False
bhrngivilasitam,Bhrngivilasitam,bhrngivilasitam,20,NaTabhairavi,S R2 M1 D1 N2 S,S D1 P M1 R2 S,S R₂ M₁ D₁ N₂ Ṡ,S D₁ P M₁ R₂ Ṡ,False
bhuvanagandhari,BhuvanagAndhAri,bhuvanagAndhAri,20,NaTabhairavi,S R2 M1 P N2 S,S N2 D1 M1 G2 R2 S,S R₂ M₁ P N₂ Ṡ,S N₂ D₁ M₁ G₂ R₂ Ṡ,False
bhuvanagandhari,BhuvanagAndhAri,bhuvanagAndhAri,20,NaTabhairavi,S R2 M1 P N2 S,S N2 D1 P M1 R2 S,S R₂ M₁ P N₂ Ṡ,S N₂ D₁ P M₁ R₂ Ṡ,False
bruvavi,Bruvavi,bruvavi,20,NaTabhairavi,S G2 R2 G2 M1 D1 N2 S,S N2 D1 P M1 G2 R2 S,S G₂ R₂ G₂ M₁ D₁ N₂ Ṡ,S N₂ D₁ P M₁ G₂ R₂ Ṡ,False
cakradhari,Cakradhari,cakradhari,20,NaTabhairavi,S R2 M1 G2 P D1 N2 S,S D1 P M1 G2 R2 S,S R₂ M₁ G₂ P D₁ N₂ Ṡ,S D₁ P M₁ G₂ R₂ Ṡ,False
cakrodhari,CakrOdhari,cakrOdhari,20,NaTabhairavi,S R2 M1 G2 M1 P D1 N2 S,S D1 P M1 G2 R2 S,S R₂ M₁ G₂ M₁ P D₁ N₂ Ṡ,S D₁ P M₁ G₂ R₂ Ṡ,False
calanavarali,CalanavarALi,calanavarALi,20,NaTabhairavi,S R2 G2 M1 D1 N2 D1 S,S D1 M1 G2 R2 S,S R₂ G₂ M₁ D₁ N₂ D₁ Ṡ,S D₁ M₁ G₂ R₂ Ṡ,False
candika,CaNDikA,caNDikA,20,NaTabhairavi,S R2 G2 M1 D1 N2 S,S N2 D1 M1 G2 R2 S,S R₂ G₂ M₁ D₁ N₂ Ṡ,S N₂ D₁ M₁ G₂ R₂ Ṡ,False
candrakantam,CandrakAntam,candrakAntam,20,NaTabhairavi,S R2 G2 M1 P N2 S,S N2 P M1 R2 G2 R2 S,S R₂ G₂ M₁ P N₂ Ṡ,S N₂ P M₁ R₂ G₂ R₂ Ṡ,False
candrika,CandrikA,candrikA,20,NaTabhairavi,S R2 G2 M1 D1 N2 S,S N2 D1 M1 G2 R2 S,S R₂ G₂ M₁ D₁ N₂ Ṡ,S N₂ D₁ M₁ G₂ R₂ Ṡ,False
capaganta,CApagaNTa,cApagaNTa,20,NaTabhairavi,S G2 M1 P N2 S,S N2 P D1 N2 D1 P M1 G2 M1 R2 G2 R2 S,S G₂ M₁ P N₂ Ṡ,S N₂ P D₁ N₂ D₁ P M₁ G₂ M₁ R₂ G₂ R₂ Ṡ,False
capaganta,CApagaNTa,cApagaNTa,20,NaTabhairavi,S G2 M1 P N2 S,S N2 S D1 N2 D1 P M1 P M1 R2 G2 R2 S,S G₂ M₁ P N₂ Ṡ,S N₂ Ṡ D₁ N₂ D₁ P M₁ P M₁ R₂ G₂ R₂ Ṡ,False
capaganta,CApagaNTa,cApagaNTa,20,NaTabhairavi,S G2 M1 P N2,D1 M1 G2 R2 S N2,S G₂ M₁ P N₂,D₁ M₁ G₂ R₂ Ṡ N₂,False
capaganta,CApagaNTa,cApagaNTa,20,NaTabhairavi,S G2 M1 P N2,D1 M1 G2 R2 S,S G₂ M₁ P N₂,D₁ M₁ G₂ R₂ Ṡ,False
capaganta,CApagaNTa,cApagaNTa,20,NaTabhairavi,S G2 M1 P N2,D1 P M1 G2 R2 S N2 S,S G₂ M₁ P N₂,D₁ P M₁ G₂ R₂ Ṡ N₂ Ṡ,False
capagantarva,CApagantarva,cApagantarva,20,NaTabhairavi,S G2 M1 P N2,D1 M1 G2 R2 N2 S,S G₂ M₁ P N₂,D₁ M₁ G₂ R₂ N₂ Ṡ,False
capagantarva,CApagantarva,cApagantarva,20,NaTabhairavi,S G2 M1 P N2,D1 M1 G2 R2 S N2 S,S G₂ M₁ P N₂,D₁ M₁ G₂ R₂ Ṡ N₂ Ṡ,False
capagantarva,CApagantarva,cApagantarva,20,NaTabhairavi,S G2 M1 P N2,D1 M1 G2 R2 S N2,S G₂ M₁ P N₂,D₁ M₁ G₂ R₂ Ṡ N₂,False
capagantarva,CApagantarva,cApagantarva,20,NaTabhairavi,S G2 M1 P N2,D1 M1 G2 R2 S,S G₂ M₁ P N₂,D₁ M₁ G₂ R₂ Ṡ,False
capagantarva,CApagantarva,cApagantarva,20,NaTabhairavi,S G2 M1 P N2,D1 P G2 R2 S N2,S G₂ M₁ P N₂,D₁ P G₂ R₂ Ṡ N₂,False
capagantarva,CApagantarva,cApagantarva,20,NaTabhairavi,S G2 M1 P N2,D1 P M1 G2 R2 S N2 S,S G₂ M₁ P N₂,D₁ P M₁ G₂ R₂ Ṡ N₂ Ṡ,False
chaya,ChAyA,chAyA,20,NaTabhairavi,S R2 G2 R2 M1 P N2 D1 N2 S,S N2 P N2 D1 P M1 G2 M1 R2 S,S R₂ G₂ R₂ M₁ P N₂ D₁ N₂ Ṡ,S N₂ P N₂ D₁ P M₁ G₂ M₁ R₂ Ṡ,False
citravarali,CitravarALi,citravarALi,20,NaTabhairavi,S R2 G2 R2 M1 P D1 N2 S,S N2 M1 G2 R2 S,S R₂ G₂ R₂ M₁ P D₁ N₂ Ṡ,S N₂ M₁ G₂ R₂ Ṡ,False
darbarikanada,DarbArikAnaDA,darbArikAnaDA,20,NaTabhairavi,N2 S R2 S R2 S M1 P D1 N2 S,S D1 N2 P M1 P G2 M1 R2 S,N₂ Ṡ R₂ Ṡ R₂ Ṡ M₁ P D₁ N₂ Ṡ,S D₁ N₂ P M₁ P G₂ M₁ R₂ Ṡ,False
darshikam,Darshikam,darshikam,20,NaTabhairavi,S R2 M1 P N2 S,S N2 D1 P M1 R2 G2 R2 S,S R₂ M₁ P N₂ Ṡ,S N₂ D₁ P M₁ R₂ G₂ R₂ Ṡ,False
devagandhari,DEvagAndhAri,dEvagAndhAri,20,NaTabhairavi,S G2 M1 P N2 S,S N2 D1 P D1 P M1 G2 R2 S,S G₂ M₁ P N₂ Ṡ,S N₂ D₁ P D₁ P M₁ G₂ R₂ Ṡ,False
devakriya,DEvakriyA,dEvakriyA,20,NaTabhairavi,S R2 G2 M1 N2 D1 N2,P D1 M1 G2 R2 S N2,S R₂ G₂ M₁ N₂ D₁ N₂,P D₁ M₁ G₂ R₂ Ṡ N₂,False
devakriya,DEvakriyA,dEvakriyA,20,NaTabhairavi,S R2 G2 M1 N2 D1 N2,P M1 G2 R2 S N2,S R₂ G₂ M₁ N₂ D₁ N₂,P M₁ G₂ R₂ Ṡ N₂,False
devakriya,DEvakriyA,dEvakriyA,20,NaTabhairavi,S R2 G2 M1 N2 S,S N2 D1 P D1 M1 G2 R2 S,S R₂ G₂ M₁ N₂ Ṡ,S N₂ D₁ P D₁ M₁ G₂ R₂ Ṡ,False
devakriya,DEvakriyA,dEvakriyA,20,NaTabhairavi,S R2 M1 P D1 S,S D1 M1 P M1 R2 S,S R₂ M₁ P D₁ Ṡ,S D₁ M₁ P M₁ R₂ Ṡ,False
devakriya,DEvakriyA,dEvakriyA,20,NaTabhairavi,S R2 M1 P N2 S,S N2 D1 N2 P M1 G2 R2 S,S R₂ M₁ P N₂ Ṡ,S N₂ D₁ N₂ P M₁ G₂ R₂ Ṡ,False
devakriya,DEvakriyA,dEvakriyA,20,NaTabhairavi,S R2 S G2 G2 M1 N2,P D1 M1 G2 R2 S,S R₂ Ṡ G₂ G₂ M₁ N₂,P D₁ M₁ G₂ R₂ Ṡ,False
devakriya,DEvakriyA,dEvakriyA,20,NaTabhairavi,S R2 S R2 G2 G2 M1 N2 D1 N2,D1 P M1 G2 R2 S,S R₂ Ṡ R₂ G₂ G₂ M₁ N₂ D₁ N₂,D₁ P M₁ G₂ R₂ Ṡ,False
dhairyodari,DhairyOdari,dhairyOdari,20,NaTabhairavi,S G2 M1 P N2 S,S D1 P M1 R2 G2 R2 S,S G₂ M₁ P N₂ Ṡ,S D₁ P M₁ R₂ G₂ R₂ Ṡ,False
dhanakriyadhatu,Dhanakriyadhatu,dhanakriyadhatu,20,NaTabhairavi,S R2 G2 M1 P D1 N2 D1 S,S D1 P M1 G2 R2 S,S R₂ G₂ M₁ P D₁ N₂ D₁ Ṡ,S D₁ P M₁ G₂ R₂ Ṡ,False
dhanapratapa,DhanapratApa,dhanapratApa,20,NaTabhairavi,S G2 M1 P D1 N2 S,S N2 P M1 R2 S,S G₂ M₁ P D₁ N₂ Ṡ,S N₂ P M₁ R₂ Ṡ,False
dhanashri,DhanAshrI,dhanAshrI,20,NaTabhairavi,N2 S G2 M1 P N2 S,S N2 D1 P M1 G2 R2 S,N₂ Ṡ G₂ M₁ P N₂ Ṡ,S N₂ D₁ P M₁ G₂ R₂ Ṡ,False
dharmaprakashini,DharmaprakAshini,dharmaprakAshini,20,NaTabhairavi,S R2 M1 P N2 S,S D1 M1 G2 R2 S,S R₂ M₁ P N₂ Ṡ,S D₁ M₁ G₂ R₂ Ṡ,False
dhaulikagaula,DhaulikagauLa,dhaulikagauLa,20,NaTabhairavi,S R2 M1 P D1 N2 S,S N2 D1 N2 P G2 M1 R2 S,S R₂ M₁ P D₁ N₂ Ṡ,S N₂ D₁ N₂ P G₂ M₁ R₂ Ṡ,False
dhavalavahini,DhavaLavAhini,dhavaLavAhini,20,NaTabhairavi,S R2 G2 P N2 S,S N2 D1 P M1 G2 R2 S,S R₂ G₂ P N₂ Ṡ,S N₂ D₁ P M₁ G₂ R₂ Ṡ,False
dhyutimalini,DhyutimAlini,dhyutimAlini,20,NaTabhairavi,S G2 R2 G2 M1 P N2 D1 N2 S,S N2 D1 N2 P M1 R2 S,S G₂ R₂ G₂ M₁ P N₂ D₁ N₂ Ṡ,S N₂ D₁ N₂ P M₁ R₂ Ṡ,False
dinadhyuti,Dinadhyuti,dinadhyuti,20,NaTabhairavi,S R2 G2 M1 P N2 S,S N2 D1 P M1 G2 M1 R2 G2 S,S R₂ G₂ M₁ P N₂ Ṡ,S N₂ D₁ P M₁ G₂ M₁ R₂ G₂ Ṡ,False
dipikavasantam,DIpikAvasantam,dIpikAvasantam,20,NaTabhairavi,S G2 M1 P D1 P N2 S,S D1 P M1 R2 S,S G₂ M₁ P D₁ P N₂ Ṡ,S D₁ P M₁ R₂ Ṡ,False
dirghatarangini,DIrghatarangiNi,dIrghatarangiNi,20,NaTabhairavi,S R2 M1 P D1 N2 S,S N2 D1 P M1 G2 M1 R2 G2 R2 S,S R₂ M₁ P D₁ N₂ Ṡ,S N₂ D₁ P M₁ G₂ M₁ R₂ G₂ R₂ Ṡ,False
divikamandani,DIvikamandani,dIvikamandani,20,NaTabhairavi,S G2 R2 G2 M1 P D1 P S,S N2 D1 P M1 G2 R2 S,S G₂ R₂ G₂ M₁ P D₁ P Ṡ,S N₂ D₁ P M₁ G₂ R₂ Ṡ,False
divyagandhari,DivyagAndhAri,divyagAndhAri,20,NaTabhairavi,S G2 M1 P D1 N2 S,S N2 P M1 G2 S,S G₂ M₁ P D₁ N₂ Ṡ,S N₂ P M₁ G₂ Ṡ,False
divyagandhari,DivyagAndhAri,divyagAndhAri,20,NaTabhairavi,S R2 M1 P M1 D1 N2 S,S D1 N2 P M1 G2 R2 S,S R₂ M₁ P M₁ D₁ N₂ Ṡ,S D₁ N₂ P M₁ G₂ R₂ Ṡ,False
divyagandhari,DivyagAndhAri,divyagAndhAri,20,NaTabhairavi,S R2 M1 P M1 D1 N2 S,S N2 D1 N2 P M1 G2 R2 S,S R₂ M₁ P M₁ D₁ N₂ Ṡ,S N₂ D₁ N₂ P M₁ G₂ R₂ Ṡ,False
divyasimantini,DivyasImantini,divyasImantini,20,NaTabhairavi,S G2 R2 G2 M1 P D1 P S,S N2 D1 P M1 G2 R2 S,S G₂ R₂ G₂ M₁ P D₁ P Ṡ,S N₂ D₁ P M₁ G₂ R₂ Ṡ,False
dorali,DoraLi,doraLi,20,NaTabhairavi,S G2 M1 P D1 N2 P S,S N2 D1 P M1 G2 R2 S,S G₂ M₁ P D₁ N₂ P Ṡ,S N₂ D₁ P M₁ G₂ R₂ Ṡ,False
dvishamandini,Dvishamandini,dvishamandini,20,NaTabhairavi,S G2 R2 G2 M1 P D1 P S,S N2 D1 P M1 R2 S,S G₂ R₂ G₂ M₁ P D₁ P Ṡ,S N₂ D₁ P M₁ R₂ Ṡ,False
dyutimala,DyUtimAlA,dyUtimAlA,20,NaTabhairavi,S G2 R2 G2 M1 P N2 D1 N2 S,S N2 D1 N2 P M1 R2 S,S G₂ R₂ G₂ M₁ P N₂ D₁ N₂ Ṡ,S N₂ D₁ N₂ P M₁ R₂ Ṡ,False
gagarajita,Gagarajita,gagarajita,20,NaTabhairavi,S R2 M1 P N2 S,S N2 D1 M1 P D1 PG2 R2 S,S R₂ M₁ P N₂ Ṡ,S N₂ D₁ M₁ P D₁ PG2 R₂ Ṡ,False
gamanatarangini,GamanatarangiNi,gamanatarangiNi,20,NaTabhairavi,S R2 M1 G2 R2 M1 N2 D1 N2 S,S N2 D1 P G2 R2 S,S R₂ M₁ G₂ R₂ M₁ N₂ D₁ N₂ Ṡ,S N₂ D₁ P G₂ R₂ Ṡ,False
gambhirahidolam,GambhIrahidOLam,gambhIrahidOLam,20,NaTabhairavi,S G2 M1 P D1 N2 S,S N2 D1 M1 G2 S,S G₂ M₁ P D₁ N₂ Ṡ,S N₂ D₁ M₁ G₂ Ṡ,False
ganangi,GAnAngi,gAnAngi,20,NaTabhairavi,S R2 M1 G2 M1 P D1 N2 S,S D1 N2 D1 M1 P M1 G2 R2 S,S R₂ M₁ G₂ M₁ P D₁ N₂ Ṡ,S D₁ N₂ D₁ M₁ P M₁ G₂ R₂ Ṡ,False
ganapinadi,GAnapinadi,gAnapinadi,20,NaTabhairavi,S R2 G2 M1 D1 M1 P D1 N2 S,S N2 D1 P G2 R2 S,S R₂ G₂ M₁ D₁ M₁ P D₁ N₂ Ṡ,S N₂ D₁ P G₂ R₂ Ṡ,False
ganapratapa,GAnapratApa,gAnapratApa,20,NaTabhairavi,S R2 G2 M1 P D1 N2 D1 S,S D1 M1 G2 R2 S,S R₂ G₂ M₁ P D₁ N₂ D₁ Ṡ,S D₁ M₁ G₂ R₂ Ṡ,False
gandharapriya,GAndhArapriyA,gAndhArapriyA,20,NaTabhairavi,S G2 R2 M1 P N2 S,S N2 D1 P M1 R2 G2 M1 R2 S,S G₂ R₂ M₁ P N₂ Ṡ,S N₂ D₁ P M₁ R₂ G₂ M₁ R₂ Ṡ,False
gandharapriya,GAndhArapriyA,gAndhArapriyA,20,NaTabhairavi,S R2 G2 M1 P N2 S,S N2 D1 M1 R2 G2 M1 R2 S,S R₂ G₂ M₁ P N₂ Ṡ,S N₂ D₁ M₁ R₂ G₂ M₁ R₂ Ṡ,False
ghananata,GhananAta,ghananAta,20,NaTabhairavi,S R2 G2 M1 P D1 N2 S,S N2 D1 P G2 S,S R₂ G₂ M₁ P D₁ N₂ Ṡ,S N₂ D₁ P G₂ Ṡ,False
ghanta,GhaNTa,ghaNTa,20,NaTabhairavi,S G2 R2 G2 M1 P D1 P N2 D1,S N2 D1 M1 G2 M1 P M1 G2 R2 S,S G₂ R₂ G₂ M₁ P D₁ P N₂ D₁,S N₂ D₁ M₁ G₂ M₁ P M₁ G₂ R₂ Ṡ,False
ghantaideshiyam,GhaNTaidEshiyam,ghaNTaidEshiyam,20,NaTabhairavi,S G2 M1 P D1 S,S N2 D1 P D1 M1 G2 R2 S,S G₂ M₁ P D₁ Ṡ,S N₂ D₁ P D₁ M₁ G₂ R₂ Ṡ,False
ghantaravam,GhaNTAravam,ghaNTAravam,20,NaTabhairavi,S G2 R2 G2 M1 P D1 P N2 D1 N2 S,S N2 D1 P M1 G2 R2 S,S G₂ R₂ G₂ M₁ P D₁ P N₂ D₁ N₂ Ṡ,S N₂ D₁ P M₁ G₂ R₂ Ṡ,False
ghantaravam,GhaNTAravam,ghaNTAravam,20,NaTabhairavi,S G2 R2 G2 M1 P N2 D1 N2 S,S N2 D1 P M1 G2 R2 S,S G₂ R₂ G₂ M₁ P N₂ D₁ N₂ Ṡ,S N₂ D₁ P M₁ G₂ R₂ Ṡ,False
gitamohini,GItamOhini,gItamOhini,20,NaTabhairavi,S R2 G2 M1 D1 N2 S,S N2 D1 P M1 G2 R2 S,S R₂ G₂ M₁ D₁ N₂ Ṡ,S N₂ D₁ P M₁ G₂ R₂ Ṡ,False
goipkavasanta,GOipkAvasanta,gOipkAvasanta,20,NaTabhairavi,S M1 P N2 D1 N2 D1 S,S N2 D1 P M1 G2 S,S M₁ P N₂ D₁ N₂ D₁ Ṡ,S N₂ D₁ P M₁ G₂ Ṡ,False
gomedhikapriya,GOmEdhikapriyA,gOmEdhikapriyA,20,NaTabhairavi,S R2 G2 M1 D1 N2 S,S N2 D1 M1 G2 R2 S,S R₂ G₂ M₁ D₁ N₂ Ṡ,S N₂ D₁ M₁ G₂ R₂ Ṡ,False
gomedhikapriya,GOmEdhikapriyA,gOmEdhikapriyA,20,NaTabhairavi,S R2 G2 P D1 N2 S,S N2 D1 P G2 R2 S,S R₂ G₂ P D₁ N₂ Ṡ,S N₂ D₁ P G₂ R₂ Ṡ,False
gopikavasantam,GOpikAvasantam,gOpikAvasantam,20,NaTabhairavi,R2 S R2 G2 M1 P D1 P N2 S,S N2 D1 P M1 G2 R2 M1 G2 S,R₂ Ṡ R₂ G₂ M₁ P D₁ P N₂ Ṡ,S N₂ D₁ P M₁ G₂ R₂ M₁ G₂ Ṡ,False
gopikavasantam,GOpikAvasantam,gOpikAvasantam,20,NaTabhairavi,S G2 M1 P D1 N2 S,S N2 D1 P M1 G2 S,S G₂ M₁ P D₁ N₂ Ṡ,S N₂ D₁ P M₁ G₂ Ṡ,False
gopikavasantam,GOpikAvasantam,gOpikAvasantam,20,NaTabhairavi,S M1 P N2 D1 N2 D1 S,S N2 D1 P M1 G2 S,S M₁ P N₂ D₁ N₂ D₁ Ṡ,S N₂ D₁ P M₁ G₂ Ṡ,False
govindambini,GOvindambini,gOvindambini,20,NaTabhairavi,S G2 M1 P D1 N2 S,S D1 P G2 R2 S,S G₂ M₁ P D₁ N₂ Ṡ,S D₁ P G₂ R₂ Ṡ,False
grahapati,Grahapati,grahapati,20,NaTabhairavi,S R2 M1 P D1 N2 S,S N2 D1 M1 G2 S,S R₂ M₁ P D₁ N₂ Ṡ,S N₂ D₁ M₁ G₂ Ṡ,False
guhamancikai,Guhamancikai,guhamancikai,20,NaTabhairavi,S R2 M1 D1 S,S N2 D1 P M1 G2 S,S R₂ M₁ D₁ Ṡ,S N₂ D₁ P M₁ G₂ Ṡ,False
guruprakasha,GuruprakAsha,guruprakAsha,20,NaTabhairavi,S R2 G2 M1 D1 N2 S,S N2 D1 P M1 R2 S,S R₂ G₂ M₁ D₁ N₂ Ṡ,S N₂ D₁ P M₁ R₂ Ṡ,False
guruprakashi,GuruprakAshi,guruprakAshi,20,NaTabhairavi,S R2 G2 M1 D1 N2 S,S N2 D1 M1 G2 R2 S,S R₂ G₂ M₁ D₁ N₂ Ṡ,S N₂ D₁ M₁ G₂ R₂ Ṡ,False
hahori,HahOri,hahOri,20,NaTabhairavi,S R2 G2 R2 M1 P D1 N2 D1 S,S N2 D1 M1 G2 R2 S,S R₂ G₂ R₂ M₁ P D₁ N₂ D₁ Ṡ,S N₂ D₁ M₁ G₂ R₂ Ṡ,False
hamsaghantaravam,HamsaghaNTAravam,hamsaghaNTAravam,20,NaTabhairavi,S R2 G2 M1 G2 M1 P N2 D1 N2 P D1 N2 S,S N2 D1 N2 P N2 D1 M1 G2 R2 G2 M1 R2 G2 S,S R₂ G₂ M₁ G₂ M₁ P N₂ D₁ N₂ P D₁ N₂ Ṡ,S N₂ D₁ N₂ P N₂ D₁ M₁ G₂ R₂ G₂ M₁ R₂ G₂ Ṡ,False
hankaghantaravam,HankaghaNTAravam,hankaghaNTAravam,20,NaTabhairavi,S R2 G2 M1 R2 M1 P N2 D1 N2 P D1 N2 S,S N2 D1 N2 P N2 D1 M1 G2 R2 G2 M1 R2 G2 S,S R₂ G₂ M₁ R₂ M₁ P N₂ D₁ N₂ P D₁ N₂ Ṡ,S N₂ D₁ N₂ P N₂ D₁ M₁ G₂ R₂ G₂ M₁ R₂ G₂ Ṡ,False
hemakriya,HEmakriyA,hEmakriyA,20,NaTabhairavi,S R2 G2 M1 P D1 N2 S,S D1 P M1 R2 G2 M1 R2 S,S R₂ G₂ M₁ P D₁ N₂ Ṡ,S D₁ P M₁ R₂ G₂ M₁ R₂ Ṡ,False
hemakriya,HEmakriyA,hEmakriyA,20,NaTabhairavi,S R2 G2 M1 P D1 N2 S,S N2 D1 P M1 R2 G2 M1 R2 S,S R₂ G₂ M₁ P D₁ N₂ Ṡ,S N₂ D₁ P M₁ R₂ G₂ M₁ R₂ Ṡ,False
hindolam,HindOLam,hindOLam,20,NaTabhairavi,S M1 G2 M1 D1 N2 S,S N2 D1 M1 G2 S,S M₁ G₂ M₁ D₁ N₂ Ṡ,S N₂ D₁ M₁ G₂ Ṡ,False
hindolavasanta,HindOLavasanta,hindOLavasanta,20,NaTabhairavi,N2 S G2 M1 P D1 S,S N2 D1 P D1 N2 D1 M1 G2 R2 S,N₂ Ṡ G₂ M₁ P D₁ Ṡ,S N₂ D₁ P D₁ N₂ D₁ M₁ G₂ R₂ Ṡ,False
hindolavasanta,HindOLavasanta,hindOLavasanta,20,NaTabhairavi,S G2 M1 D1 N2 S,S N2 D1 P M1 D1 G2 R2 G2 S,S G₂ M₁ D₁ N₂ Ṡ,S N₂ D₁ P M₁ D₁ G₂ R₂ G₂ Ṡ,False
hindolavasanta,HindOLavasanta,hindOLavasanta,20,NaTabhairavi,S G2 M1 D1 N2 S,S N2 D1 P M1 G2 R2 G2 S,S G₂ M₁ D₁ N₂ Ṡ,S N₂ D₁ P M₁ G₂ R₂ G₂ Ṡ,False
hindolavasanta,HindOLavasanta,hindOLavasanta,20,NaTabhairavi,S G2 M1 P D1 N2 D1 S,S N2 D1 P M1 G2 D1 M1 G2 S,S G₂ M₁ P D₁ N₂ D₁ Ṡ,S N₂ D₁ P M₁ G₂ D₁ M₁ G₂ Ṡ,False
hindolavasanta,HindOLavasanta,hindOLavasanta,20,NaTabhairavi,S G2 M1 P D1 N2 S,S N2 D1 P M1 D1 M1 G2 S,S G₂ M₁ P D₁ N₂ Ṡ,S N₂ D₁ P M₁ D₁ M₁ G₂ Ṡ,False
hindolavasanta,HindOLavasanta,hindOLavasanta,20,NaTabhairavi,S G2 M1 P D1 S,S N2 D1 M1 G2 S,S G₂ M₁ P D₁ Ṡ,S N₂ D₁ M₁ G₂ Ṡ,False
hindolavasanta,HindOLavasanta,hindOLavasanta,20,NaTabhairavi,S G2 M1 P D1 S,S N2 D1 P D1 N2 D1 M1 G2 S,S G₂ M₁ P D₁ Ṡ,S N₂ D₁ P D₁ N₂ D₁ M₁ G₂ Ṡ,False
hindughantarava,HindughaNTArava,hindughaNTArava,20,NaTabhairavi,S R2 M1 P D1 N2 D1 S,S N2 D1 N2 P M1 D1 P M1 G2 S,S R₂ M₁ P D₁ N₂ D₁ Ṡ,S N₂ D₁ N₂ P M₁ D₁ P M₁ G₂ Ṡ,False
hindustaniasaveri,HindustAniasAvEri,hindustAniasAvEri,20,NaTabhairavi,S R2 M1 P D1 S,S N2 D1 P M1 P D1 M1 P G2 S,S R₂ M₁ P D₁ Ṡ,S N₂ D₁ P M₁ P D₁ M₁ P G₂ Ṡ,False
indughantaravam,IndughaNTAravam,indughaNTAravam,20,NaTabhairavi,S G2 M1 P D1 N2 S,S D1 P G2 R2 S,S G₂ M₁ P D₁ N₂ Ṡ,S D₁ P G₂ R₂ Ṡ,False
indughantaravam,IndughaNTAravam,indughaNTAravam,20,NaTabhairavi,S G2 M1 P D1 P N2 D1,P M1 G2 R2 S,S G₂ M₁ P D₁ P N₂ D₁,P M₁ G₂ R₂ Ṡ,False
indughantaravam,IndughaNTAravam,indughaNTAravam,20,NaTabhairavi,S G2 M1 P D1 P N2,D1 P M1 G2 R2 S,S G₂ M₁ P D₁ P N₂,D₁ P M₁ G₂ R₂ Ṡ,False
indughantaravam,IndughaNTAravam,indughaNTAravam,20,NaTabhairavi,S G2 M1 P D1 P,N2 D1 P M1 G2 R2 S N2,S G₂ M₁ P D₁ P,N₂ D₁ P M₁ G₂ R₂ Ṡ N₂,False
indughantaravam,IndughaNTAravam,indughaNTAravam,20,NaTabhairavi,S R2 M1 P D1 N2 D1 S,S N2 D1 N2 P D1 M1 G2 R2 G2 S,S R₂ M₁ P D₁ N₂ D₁ Ṡ,S N₂ D₁ N₂ P D₁ M₁ G₂ R₂ G₂ Ṡ,False
indughantaravam,IndughaNTAravam,indughaNTAravam,20,NaTabhairavi,S R2 M1 P D1 N2 D1 S,S N2 D1 N2 P M1 D1 P M1 G2 R2 G2 S,S R₂ M₁ P D₁ N₂ D₁ Ṡ,S N₂ D₁ N₂ P M₁ D₁ P M₁ G₂ R₂ G₂ Ṡ,False
indughantaravam,IndughaNTAravam,indughaNTAravam,20,NaTabhairavi,S R2 M1 P D1 N2 D1 S,S N2 D1 N2 P M1 G2 R2 G2 S,S R₂ M₁ P D₁ N₂ D₁ Ṡ,S N₂ D₁ N₂ P M₁ G₂ R₂ G₂ Ṡ,False
jagamani,JagamaNi,jagamaNi,20,NaTabhairavi,S R2 M1 G2 M1 D1 N2 P D1 D1 N2 S,S P M1 G2 R2 S,S R₂ M₁ G₂ M₁ D₁ N₂ P D₁ D₁ N₂ Ṡ,S P M₁ G₂ R₂ Ṡ,False
jaganmani,JaganmaNi,jaganmaNi,20,NaTabhairavi,S R2 M1 G2 M1 D1 N2 P D1 N2 S,S P M1 G2 R2 S,S R₂ M₁ G₂ M₁ D₁ N₂ P D₁ N₂ Ṡ,S P M₁ G₂ R₂ Ṡ,False
jananandini,Jananandini,jananandini,20,NaTabhairavi,S R2 G2 R2 G2 M1 P N2 D1 P N2 S,S N2 D1 P M1 R2 G2 M1 R2 S,S R₂ G₂ R₂ G₂ M₁ P N₂ D₁ P N₂ Ṡ,S N₂ D₁ P M₁ R₂ G₂ M₁ R₂ Ṡ,False
jangla,Jangla,jangla,20,NaTabhairavi,S R2 G2 M1 P D1 N2 D1 P S,S N2 D1 P M1 G2 R2 S,S R₂ G₂ M₁ P D₁ N₂ D₁ P Ṡ,S N₂ D₁ P M₁ G₂ R₂ Ṡ,False
janyabhairavi,Janyabhairavi,janyabhairavi,20,NaTabhairavi,S R2 G2 M1 P D1 N2 S,S N2 D1 M1 G2 R2 S,S R₂ G₂ M₁ P D₁ N₂ Ṡ,S N₂ D₁ M₁ G₂ R₂ Ṡ,False
japaniya,JapanIya,japanIya,20,NaTabhairavi,S R2 G2 P D1 S,S D1 P G2 R2 S,S R₂ G₂ P D₁ Ṡ,S D₁ P G₂ R₂ Ṡ,False
jarangi,JArangi,jArangi,20,NaTabhairavi,S R2 G2 P D1 N2 S,S N2 D1 P G2 R2 S,S R₂ G₂ P D₁ N₂ Ṡ,S N₂ D₁ P G₂ R₂ Ṡ,False
jayanandini,Jayanandini,jayanandini,20,NaTabhairavi,S R2 G2 R2 G2 M1 P N2 D1 P N2 S,S N2 D1 P M1 R2 G2 M1 R2 S,S R₂ G₂ R₂ G₂ M₁ P N₂ D₁ P N₂ Ṡ,S N₂ D₁ P M₁ R₂ G₂ M₁ R₂ Ṡ,False
jayantashri,JayantashrI,jayantashrI,20,NaTabhairavi,S G2 M1 D1 N2 S,S N2 D1 M1 P G2 N2 S,S G₂ M₁ D₁ N₂ Ṡ,S N₂ D₁ M₁ P G₂ N₂ Ṡ,False
jayantashri,JayantashrI,jayantashrI,20,NaTabhairavi,S G2 M1 D1 N2 S,S N2 D1 M1 P M1 G2 S,S G₂ M₁ D₁ N₂ Ṡ,S N₂ D₁ M₁ P M₁ G₂ Ṡ,False
jayantashri,JayantashrI,jayantashrI,20,NaTabhairavi,S G2 M1 D1 N2 S,S N2 D1 N2 P M1 G2 S,S G₂ M₁ D₁ N₂ Ṡ,S N₂ D₁ N₂ P M₁ G₂ Ṡ,False
jayantashri,JayantashrI,jayantashrI,20,NaTabhairavi,S G2 M1 P D1 N2 S,S N2 D1 P M1 G2 S,S G₂ M₁ P D₁ N₂ Ṡ,S N₂ D₁ P M₁ G₂ Ṡ,False
jayavani,JayavANi,jayavANi,20,NaTabhairavi,S G2 R2 G2 M1 P N2 S,S N2 D1 P G2 R2 S,S G₂ R₂ G₂ M₁ P N₂ Ṡ,S N₂ D₁ P G₂ R₂ Ṡ,False
jhankaramani,JhankAramaNi,jhankAramaNi,20,NaTabhairavi,S G2 R2 D1 M1 P N2 S,S N2 D1 P M1 R2 S,S G₂ R₂ D₁ M₁ P N₂ Ṡ,S N₂ D₁ P M₁ R₂ Ṡ,False
jhankaramani,JhankAramaNi,jhankAramaNi,20,NaTabhairavi,S G2 R2 G2 M1 P N2 S,S N2 D1 P M1 R2 S,S G₂ R₂ G₂ M₁ P N₂ Ṡ,S N₂ D₁ P M₁ R₂ Ṡ,False
jhankaravani,JhankAravANi,jhankAravANi,20,NaTabhairavi,S G2 R2 D1 M1 P N2 S,S N2 D1 P M1 R2 S,S G₂ R₂ D₁ M₁ P N₂ Ṡ,S N₂ D₁ P M₁ R₂ Ṡ,False
jhankaravani,JhankAravANi,jhankAravANi,20,NaTabhairavi,S G2 R2 G2 M1 P N2 S,S N2 D1 P M1 R2 S,S G₂ R₂ G₂ M₁ P N₂ Ṡ,S N₂ D₁ P M₁ R₂ Ṡ,False
jhankari,JhankAri,jhankAri,20,NaTabhairavi,S G2 R2 G2 M1 P N2 S,S N2 D1 P G2 R2 S,S G₂ R₂ G₂ M₁ P N₂ Ṡ,S N₂ D₁ P G₂ R₂ Ṡ,False
jingala,JingaLa,jingaLa,20,NaTabhairavi,S M1 R2 M1 P N2 D1 N2 S,S N2 D1 P M1 G2 R2 S,S M₁ R₂ M₁ P N₂ D₁ N₂ Ṡ,S N₂ D₁ P M₁ G₂ R₂ Ṡ,False
jingala,JingaLa,jingaLa,20,NaTabhairavi,S R2 G2 M1 N2 D1 P D1 P S,S N2 D1 P M1 G2 R2 S,S R₂ G₂ M₁ N₂ D₁ P D₁ P Ṡ,S N₂ D₁ P M₁ G₂ R₂ Ṡ,False
jingala,JingaLa,jingaLa,20,NaTabhairavi,S R2 G2 M1 P D1 P S,S N2 D1 P M1 G2 R2 S,S R₂ G₂ M₁ P D₁ P Ṡ,S N₂ D₁ P M₁ G₂ R₂ Ṡ,False
jivanpuri,JIvanpuri,jIvanpuri,20,NaTabhairavi,S R2 G2 M1 P D1 N2 D1 P S,S N2 D1 P M1 G2 R2 S,S R₂ G₂ M₁ P D₁ N₂ D₁ P Ṡ,S N₂ D₁ P M₁ G₂ R₂ Ṡ,False
jivanpuri,JIvanpuri,jIvanpuri,20,NaTabhairavi,S R2 G2 M1 P D1 N2 P S,S N2 D1 P M1 G2 R2 S,S R₂ G₂ M₁ P D₁ N₂ P Ṡ,S N₂ D₁ P M₁ G₂ R₂ Ṡ,False
jivanpuri,JIvanpuri,jIvanpuri,20,NaTabhairavi,S R2 M1 P D1 N2 S,S N2 D1 P G2 R2 S,S R₂ M₁ P D₁ N₂ Ṡ,S N₂ D₁ P G₂ R₂ Ṡ,False
joshila,JOshila,jOshila,20,NaTabhairavi,S R2 P D1 N2 S,S D1 P M1 G2 R2 S,S R₂ P D₁ N₂ Ṡ,S D₁ P M₁ G₂ R₂ Ṡ,False
kalanemi,KAlanEmi,kAlanEmi,20,NaTabhairavi,S R2 G2 M1 P N2 S,S N2 D1 P M1 G2 R2 S,S R₂ G₂ M₁ P N₂ Ṡ,S N₂ D₁ P M₁ G₂ R₂ Ṡ,False
kalantaka,KalAntaka,kalAntaka,20,NaTabhairavi,S R2 G2 M1 P D1 N2 S,S N2 P M1 G2 S,S R₂ G₂ M₁ P D₁ N₂ Ṡ,S N₂ P M₁ G₂ Ṡ,False
kalidasa,KAlidAsa,kAlidAsa,20,NaTabhairavi,S R2 G2 M1 P D1 N2 S,S D1 M1 R2 S,S R₂ G₂ M₁ P D₁ N₂ Ṡ,S D₁ M₁ R₂ Ṡ,False
kalidasapriya,KALidAsapriyA,kALidAsapriyA,20,NaTabhairavi,S R2 G2 M1 P D1 N2 S,S N2 P M1 G2 S,S R₂ G₂ M₁ P D₁ N₂ Ṡ,S N₂ P M₁ G₂ Ṡ,False
kamalatarangini,KamalatarangiNi,kamalatarangiNi,20,NaTabhairavi,S R2 G2 M1 P D1 N2 S,S N2 D1 P M1 G2 R2 S,S R₂ G₂ M₁ P D₁ N₂ Ṡ,S N₂ D₁ P M₁ G₂ R₂ Ṡ,False
kamalatarangini,KamalatarangiNi,kamalatarangiNi,20,NaTabhairavi,S R2 G2 M1 P D1 N2 S,S N2 D1 P M1 R2 S,S R₂ G₂ M₁ P D₁ N₂ Ṡ,S N₂ D₁ P M₁ R₂ Ṡ,False
kamalavasanta,Kamalavasanta,kamalavasanta,20,NaTabhairavi,S G2 M1 P N2 S,S N2 D1 M1 G2 S R2 S,S G₂ M₁ P N₂ Ṡ,S N₂ D₁ M₁ G₂ Ṡ R₂ Ṡ,False
kaminiritigaula,KAminirItigauLa,kAminirItigauLa,20,NaTabhairavi,S R2 G2 M1 P D1 N2 S,S N2 D1 M1 G2 R2 S,S R₂ G₂ M₁ P D₁ N₂ Ṡ,S N₂ D₁ M₁ G₂ R₂ Ṡ,False
kanakavasantam,Kanakavasantam,kanakavasantam,20,NaTabhairavi,S G2 M1 P D1 S,S N2 D1 P M1 G2 R2 S,S G₂ M₁ P D₁ Ṡ,S N₂ D₁ P M₁ G₂ R₂ Ṡ,False
kanakavasantam,Kanakavasantam,kanakavasantam,20,NaTabhairavi,S G2 M1 P N2 D1 S,S N2 D1 P M1 G2 R2 S,S G₂ M₁ P N₂ D₁ Ṡ,S N₂ D₁ P M₁ G₂ R₂ Ṡ,False
kannada,KannadA,kannadA,20,NaTabhairavi,S G2 M1 P D1 S,S N2 D1 M1 G2 S,S G₂ M₁ P D₁ Ṡ,S N₂ D₁ M₁ G₂ Ṡ,False
kannadamallar,KannaDamallar,kannaDamallar,20,NaTabhairavi,S G2 M1 P D1 S,S N2 D1 M1 G2 S,S G₂ M₁ P D₁ Ṡ,S N₂ D₁ M₁ G₂ Ṡ,False
kannadamatta,KannaDamaTTa,kannaDamaTTa,20,NaTabhairavi,S G2 M1 P D1 S,S N2 D1 M1 G2 S,S G₂ M₁ P D₁ Ṡ,S N₂ D₁ M₁ G₂ Ṡ,False
kannadasalavi,KannaDasALavi,kannaDasALavi,20,NaTabhairavi,S G2 M1 P D1 S,S N2 D1 M1 G2 S,S G₂ M₁ P D₁ Ṡ,S N₂ D₁ M₁ G₂ Ṡ,False
kannadasalavi,KannaDasALavi,kannaDasALavi,20,NaTabhairavi,S R2 G2 M1 P D1 S,S N2 D1 M1 G2 S,S R₂ G₂ M₁ P D₁ Ṡ,S N₂ D₁ M₁ G₂ Ṡ,False
karnikadhari,KarNikadhari,karNikadhari,20,NaTabhairavi,S R2 S G2 R2 G2 M1 D1 D1 N2 S,S N2 D1 P M1 G2 R2 S,S R₂ Ṡ G₂ R₂ G₂ M₁ D₁ D₁ N₂ Ṡ,S N₂ D₁ P M₁ G₂ R₂ Ṡ,False
karnikaranjani,KarNikaranjani,karNikaranjani,20,NaTabhairavi,S R2 G2 M1 P M1 D1 N2 S,S N2 D1 M1 G2 R2 S,S R₂ G₂ M₁ P M₁ D₁ N₂ Ṡ,S N₂ D₁ M₁ G₂ R₂ Ṡ,False
karyamati,KAryamati,kAryamati,20,NaTabhairavi,S R2 G2 P D1 S,S N2 D1 P D1 M1 G2 R2 S,S R₂ G₂ P D₁ Ṡ,S N₂ D₁ P D₁ M₁ G₂ R₂ Ṡ,False
kashilata,KAshilatA,kAshilatA,20,NaTabhairavi,S P D1 P M1 P N2 S,S P D1 M1 G2 R2 S,S P D₁ P M₁ P N₂ Ṡ,S P D₁ M₁ G₂ R₂ Ṡ,False
katyayani,KAtyAyani,kAtyAyani,20,NaTabhairavi,S R2 G2 P D1 S,S D1 P G2 R2 S,S R₂ G₂ P D₁ Ṡ,S D₁ P G₂ R₂ Ṡ,False
kauranja,Kauranja,kauranja,20,NaTabhairavi,S R2 G2 M1 P N2 S,S N2 D1 M1 G2 S,S R₂ G₂ M₁ P N₂ Ṡ,S N₂ D₁ M₁ G₂ Ṡ,False
kaushika,Kaushika,kaushika,20,NaTabhairavi,S R2 G2 M1 P D1 N2 S,S N2 D1 P M1 G2 R2 S,S R₂ G₂ M₁ P D₁ N₂ Ṡ,S N₂ D₁ P M₁ G₂ R₂ Ṡ,False
kaushilakam,KAushilakam,kAushilakam,20,NaTabhairavi,S G2 M1 D1 N2 S,S N2 D1 M1 G2 S,S G₂ M₁ D₁ N₂ Ṡ,S N₂ D₁ M₁ G₂ Ṡ,False
kavyacitra,KAvyacitra,kAvyacitra,20,NaTabhairavi,S G2 R2 G2 M1 P D1 N2 S,S N2 D1 M1 R2 S,S G₂ R₂ G₂ M₁ P D₁ N₂ Ṡ,S N₂ D₁ M₁ R₂ Ṡ,False
kavyacitra,KAvyacitra,kAvyacitra,20,NaTabhairavi,S G2 R2 G2 M1 P D1 P N2 S,S N2 D1 M1 R2 S,S G₂ R₂ G₂ M₁ P D₁ P N₂ Ṡ,S N₂ D₁ M₁ R₂ Ṡ,False
kecarangi,KEcarAngi,kEcarAngi,20,NaTabhairavi,S R2 M1 G2 M1 D1 N2 S,S D1 N2 P M1 G2 R2 S,S R₂ M₁ G₂ M₁ D₁ N₂ Ṡ,S D₁ N₂ P M₁ G₂ R₂ Ṡ,False
keyacaradharini,KEyacAradhAriNi,kEyacAradhAriNi,20,NaTabhairavi,S R2 G2 M1 P N2 S,S N2 P M1 G2 R2 S,S R₂ G₂ M₁ P N₂ Ṡ,S N₂ P M₁ G₂ R₂ Ṡ,False
khagarajitam,KhagarAjitam,khagarAjitam,20,NaTabhairavi,S R2 M1 P N2 S,S N2 D1 P M1 P D1 P G2 R2 S,S R₂ M₁ P N₂ Ṡ,S N₂ D₁ P M₁ P D₁ P G₂ R₂ Ṡ,False
kicakari,KIcakAri,kIcakAri,20,NaTabhairavi,S G2 P D1 S,S N2 P M1 S,S G₂ P D₁ Ṡ,S N₂ P M₁ Ṡ,False
killaidhvani,KiLLaidhvani,kiLLaidhvani,20,NaTabhairavi,S R2 G2 P S,S N2 D1 M1 G2 S,S R₂ G₂ P Ṡ,S N₂ D₁ M₁ G₂ Ṡ,False
kilulavadhvani,KiLuLavadhvani,kiLuLavadhvani,20,NaTabhairavi,S G2 M1 D1 S,S N2 P G2 R2 S,S G₂ M₁ D₁ Ṡ,S N₂ P G₂ R₂ Ṡ,False
kimpurata,KimpuraTa,kimpuraTa,20,NaTabhairavi,S R2 G2 P D1 N2 S,S N2 D1 P M1 G2 S,S R₂ G₂ P D₁ N₂ Ṡ,S N₂ D₁ P M₁ G₂ Ṡ,False
kinnaraoli,KiNNAraoli,kiNNAraoli,20,NaTabhairavi,S G2 P D1 N2 S,S N2 D1 P M1 G2 R2 S,S G₂ P D₁ N₂ Ṡ,S N₂ D₁ P M₁ G₂ R₂ Ṡ,False
kinnari,Kinnari,kinnari,20,NaTabhairavi,S R2 M1 P S,S N2 D1 M1 G2 S,S R₂ M₁ P Ṡ,S N₂ D₁ M₁ G₂ Ṡ,False
kiriti,KirITi,kirITi,20,NaTabhairavi,S R2 G2 P D1 S,S N2 P M1 G2 R2 S,S R₂ G₂ P D₁ Ṡ,S N₂ P M₁ G₂ R₂ Ṡ,False
kirukaran,Kirukaran,kirukaran,20,NaTabhairavi,S G2 M1 P D1 S,S N2 P M1 G2 R2 S,S G₂ M₁ P D₁ Ṡ,S N₂ P M₁ G₂ R₂ Ṡ,False
kitrumati,KITrumati,kITrumati,20,NaTabhairavi,S G2 P N2 S,S D1 M1 R2 S,S G₂ P N₂ Ṡ,S D₁ M₁ R₂ Ṡ,False
kokilavarali,KOkilavarALi,kOkilavarALi,20,NaTabhairavi,S G2 R2 G2 M1 P D1 N2 D1 S,S N2 D1 N2 P M1 R2 G2 R2 S,S G₂ R₂ G₂ M₁ P D₁ N₂ D₁ Ṡ,S N₂ D₁ N₂ P M₁ R₂ G₂ R₂ Ṡ,False
kokilavarali,KOkilavarALi,kOkilavarALi,20,NaTabhairavi,S R2 G2 R2 M1 P D1 N2 D1 S,S D1 N2 D1 P M1 R2 G2 R2 S,S R₂ G₂ R₂ M₁ P D₁ N₂ D₁ Ṡ,S D₁ N₂ D₁ P M₁ R₂ G₂ R₂ Ṡ,False
krauncam,Krauncam,krauncam,20,NaTabhairavi,S R2 G2 M1 P N2 S,S N2 D1 M1 G2 S,S R₂ G₂ M₁ P N₂ Ṡ,S N₂ D₁ M₁ G₂ Ṡ,False
kripi,Kripi,kripi,20,NaTabhairavi,S G2 M1 D1 N2 S,S N2 P M1 G2 R2 S,S G₂ M₁ D₁ N₂ Ṡ,S N₂ P M₁ G₂ R₂ Ṡ,False
krkara,Krkara,krkara,20,NaTabhairavi,S R2 G2 P N2 S,S D1 M1 G2 S,S R₂ G₂ P N₂ Ṡ,S D₁ M₁ G₂ Ṡ,False
krpalu,KrpALu,krpALu,20,NaTabhairavi,S M1 P D1 N2 S,S D1 M1 G2 R2 S,S M₁ P D₁ N₂ Ṡ,S D₁ M₁ G₂ R₂ Ṡ,False
krta,Krta,krta,20,NaTabhairavi,S G2 M1 D1 N2 S,S D1 M1 R2 S,S G₂ M₁ D₁ N₂ Ṡ,S D₁ M₁ R₂ Ṡ,False
kumaralila,KumAralIlA,kumAralIlA,20,NaTabhairavi,S M1 P D1 N2 P N2 S,S N2 D1 M1 G2 R2 S,S M₁ P D₁ N₂ P N₂ Ṡ,S N₂ D₁ M₁ G₂ R₂ Ṡ,False
kumaralila,KumAralIlA,kumAralIlA,20,NaTabhairavi,S M1 P D1 N2 P N2 S,S N2 D1 P M1 G2 R2 S,S M₁ P D₁ N₂ P N₂ Ṡ,S N₂ D₁ P M₁ G₂ R₂ Ṡ,False
kumararanjani,KumAraranjani,kumAraranjani,20,NaTabhairavi,D1 N2 S R2 G2 P D1,N2 D1 P R2 G2 R2 S R2 S,D₁ N₂ Ṡ R₂ G₂ P D₁,N₂ D₁ P R₂ G₂ R₂ Ṡ R₂ Ṡ,False
kusumaraja,KusumarAjA,kusumarAjA,20,NaTabhairavi,S G2 M1 P D1 S,S D1 P M1 R2 S,S G₂ M₁ P D₁ Ṡ,S D₁ P M₁ R₂ Ṡ,False
latahitam,LatAhitam,latAhitam,20,NaTabhairavi,S R2 G2 P D1 N2 S,D1 P M1 G2 R2 S,S R₂ G₂ P D₁ N₂ Ṡ,D₁ P M₁ G₂ R₂ Ṡ,False
latamanjari,LatAmanjari,latAmanjari,20,NaTabhairavi,S R2 M1 P N2 S,S N2 D1 P M1 G2 R2 S,S R₂ M₁ P N₂ Ṡ,S N₂ D₁ P M₁ G₂ R₂ Ṡ,False
latamanjari,LatAmanjari,latAmanjari,20,NaTabhairavi,S R2 M1 P N2 S,S N2 D1 P M1 P M1 G2 R2 S,S R₂ M₁ P N₂ Ṡ,S N₂ D₁ P M₁ P M₁ G₂ R₂ Ṡ,False
lokaprtapa,LOkaprtApa,lOkaprtApa,20,NaTabhairavi,S R2 M1 P D1 S,S N2 D1 P M1 G2 R2 G2 S,S R₂ M₁ P D₁ Ṡ,S N₂ D₁ P M₁ G₂ R₂ G₂ Ṡ,False
lolangi,LOlAngi,lOlAngi,20,NaTabhairavi,S R2 M1 G2 R2 M1 P D1 N2 S,S N2 D1 M1 G2 S,S R₂ M₁ G₂ R₂ M₁ P D₁ N₂ Ṡ,S N₂ D₁ M₁ G₂ Ṡ,False
lolaski,LOlaski,lOlaski,20,NaTabhairavi,S R2 M1 G2 R2 M1 P D1 N2 S,S N2 D1 M1 G2 S,S R₂ M₁ G₂ R₂ M₁ P D₁ N₂ Ṡ,S N₂ D₁ M₁ G₂ Ṡ,False
magizhnan,Magizhnan,magizhnan,20,NaTabhairavi,S G2 M1 N2 S,S N2 D1 P M1 G2 R2 S,S G₂ M₁ N₂ Ṡ,S N₂ D₁ P M₁ G₂ R₂ Ṡ,False
mahamari,MahAmAri,mahAmAri,20,NaTabhairavi,S R2 G2 M1 P D1 N2 S,S D1 M1 R2 S,S R₂ G₂ M₁ P D₁ N₂ Ṡ,S D₁ M₁ R₂ Ṡ,False
mahati,Mahati,mahati,20,NaTabhairavi,S P P D1 N2 S,S N2 P G2 R2 S,S P P D₁ N₂ Ṡ,S N₂ P G₂ R₂ Ṡ,False
mahatma,MahAtmA,mahAtmA,20,NaTabhairavi,S R2 G2 M1 P D1 N2 S,S N2 P G2 S,S R₂ G₂ M₁ P D₁ N₂ Ṡ,S N₂ P G₂ Ṡ,False
mahitan,MahiTan,mahiTan,20,NaTabhairavi,S G2 P D1 S,S N2 D1 P M1 G2 R2 S,S G₂ P D₁ Ṡ,S N₂ D₁ P M₁ G₂ R₂ Ṡ,False
mahotti,MahOtti,mahOtti,20,NaTabhairavi,S R2 G2 M1 P D1 S,S N2 P G2 S,S R₂ G₂ M₁ P D₁ Ṡ,S N₂ P G₂ Ṡ,False
makaraketana,MakarakEtana,makarakEtana,20,NaTabhairavi,S R2 G2 P D1 S,S N2 P M1 R2 S,S R₂ G₂ P D₁ Ṡ,S N₂ P M₁ R₂ Ṡ,False
makaranta,Makaranta,makaranta,20,NaTabhairavi,S R2 G2 P D1 S,S N2 P M1 G2 S,S R₂ G₂ P D₁ Ṡ,S N₂ P M₁ G₂ Ṡ,False
malkali,MAlkali,mAlkali,20,NaTabhairavi,S G2 M1 P P G2 M1 N2 D1 S,S G2 N2 S S N2 D1 M1 P P M1 P G2 M1 S,S G₂ M₁ P P G₂ M₁ N₂ D₁ Ṡ,S G₂ N₂ Ṡ S N₂ D₁ M₁ P P M₁ P G₂ M₁ Ṡ,False
malkimpuri,MAlkimpuri,mAlkimpuri,20,NaTabhairavi,S R2 G2 M1 D1 N2 S,S N2 D1 P M1 G2 R2 S,S R₂ G₂ M₁ D₁ N₂ Ṡ,S N₂ D₁ P M₁ G₂ R₂ Ṡ,False
mamahavan,MAmahavAn,mAmahavAn,20,NaTabhairavi,S R2 G2 P N2 S,S N2 P M1 G2 S,S R₂ G₂ P N₂ Ṡ,S N₂ P M₁ G₂ Ṡ,False
mamanju,MAmanju,mAmanju,20,NaTabhairavi,S G2 M1 D1 S,S N2 P M1 G2 R2 S,S G₂ M₁ D₁ Ṡ,S N₂ P M₁ G₂ R₂ Ṡ,False
mamsi,Mamsi,mamsi,20,NaTabhairavi,S R2 G2 M1 P S,S N2 D1 P M1 R2 S,S R₂ G₂ M₁ P Ṡ,S N₂ D₁ P M₁ R₂ Ṡ,False
manavali,ManAvaLi,manAvaLi,20,NaTabhairavi,S G2 M1 N2 D1 N2 S,S D1 P M1 G2 R2 S N2 D1 N2,S G₂ M₁ N₂ D₁ N₂ Ṡ,S D₁ P M₁ G₂ R₂ Ṡ N₂ D₁ N₂,False
mangalanal,MangalanAL,mangalanAL,20,NaTabhairavi,S G2 M1 P D1 N2 S,S D1 M1 R2 S,S G₂ M₁ P D₁ N₂ Ṡ,S D₁ M₁ R₂ Ṡ,False
mangul,Mangul,mangul,20,NaTabhairavi,S G2 P D1 S,S N2 D1 M1 G2 R2 S,S G₂ P D₁ Ṡ,S N₂ D₁ M₁ G₂ R₂ Ṡ,False
manji,MAnji,mAnji,20,NaTabhairavi,N2 S R2 G2 M1 P D1 N2 S,S N2 D1 P M1 G2 R2 S,N₂ Ṡ R₂ G₂ M₁ P D₁ N₂ Ṡ,S N₂ D₁ P M₁ G₂ R₂ Ṡ,False
manji,MAnji,mAnji,20,NaTabhairavi,S R2 G2 M1 N2 D1 N2 P D1 N2 S,S N2 D1 P M1 G2 M1 P G2 R2 S,S R₂ G₂ M₁ N₂ D₁ N₂ P D₁ N₂ Ṡ,S N₂ D₁ P M₁ G₂ M₁ P G₂ R₂ Ṡ,False
manji,MAnji,mAnji,20,NaTabhairavi,S R2 G2 M1 P D1 N2 S,S N2 D1 P M1 G2 R2 S,S R₂ G₂ M₁ P D₁ N₂ Ṡ,S N₂ D₁ P M₁ G₂ R₂ Ṡ,False
manji,MAnji,mAnji,20,NaTabhairavi,S R2 G2 M1 P D1 N2 S,S N2 D1 P M1 P G2 R2 S,S R₂ G₂ M₁ P D₁ N₂ Ṡ,S N₂ D₁ P M₁ P G₂ R₂ Ṡ,False
manji,MAnji,mAnji,20,NaTabhairavi,S R2 G2 M1 P D1 N2 S,S N2 P M1 G2 R2 S,S R₂ G₂ M₁ P D₁ N₂ Ṡ,S N₂ P M₁ G₂ R₂ Ṡ,False
manji,MAnji,mAnji,20,NaTabhairavi,S R2 G2 M1 P N2 D1 N2 P D1 N2 S,S N2 D1 P M1 G2 M1 P G2 R2 S,S R₂ G₂ M₁ P N₂ D₁ N₂ P D₁ N₂ Ṡ,S N₂ D₁ P M₁ G₂ M₁ P G₂ R₂ Ṡ,False
manji,MAnji,mAnji,20,NaTabhairavi,S R2 G2 M1 P N2 S,S N2 P M1 G2 R2 S,S R₂ G₂ M₁ P N₂ Ṡ,S N₂ P M₁ G₂ R₂ Ṡ,False
manji,MAnji,mAnji,20,NaTabhairavi,S R2 G2 R2 G2 M1 N2 D1 N2 S,S N2 D1 P M1 P G2 R2 S,S R₂ G₂ R₂ G₂ M₁ N₂ D₁ N₂ Ṡ,S N₂ D₁ P M₁ P G₂ R₂ Ṡ,False
manjivasantam,MAnjivasantam,mAnjivasantam,20,NaTabhairavi,S R2 G2 M1 P D1 N2 S,S N2 D1 P M1 G2 M1 R2 M1 G2 S,S R₂ G₂ M₁ P D₁ N₂ Ṡ,S N₂ D₁ P M₁ G₂ M₁ R₂ M₁ G₂ Ṡ,False
manorama,ManOramA,manOramA,20,NaTabhairavi,S R2 G2 M1 P D1 P S,S N2 D1 P M1 G2 R2 G2 S,S R₂ G₂ M₁ P D₁ P Ṡ,S N₂ D₁ P M₁ G₂ R₂ G₂ Ṡ,False
manorama,ManOramA,manOramA,20,NaTabhairavi,S R2 G2 M1 P D1 P S,S N2 D1 P M1 R2 G2 S,S R₂ G₂ M₁ P D₁ P Ṡ,S N₂ D₁ P M₁ R₂ G₂ Ṡ,False
margahindolam,MArgahindOLam,mArgahindOLam,20,NaTabhairavi,S G2 M1 N2 D1 N2 S,S N2 D1 P M1 G2 R2 G2 S,S G₂ M₁ N₂ D₁ N₂ Ṡ,S N₂ D₁ P M₁ G₂ R₂ G₂ Ṡ,False
margahindolam,MArgahindOLam,mArgahindOLam,20,NaTabhairavi,S G2 M1 P D1 N2 S,S N2 D1 P M1 G2 S,S G₂ M₁ P D₁ N₂ Ṡ,S N₂ D₁ P M₁ G₂ Ṡ,False
margahindolam,MArgahindOLam,mArgahindOLam,20,NaTabhairavi,S R2 G2 M1 P D1 N2 S,S N2 D1 M1 P M1 G2 S R2 S,S R₂ G₂ M₁ P D₁ N₂ Ṡ,S N₂ D₁ M₁ P M₁ G₂ Ṡ R₂ Ṡ,False
margahindolam,MArgahindOLam,mArgahindOLam,20,NaTabhairavi,S R2 G2 M1 P D1 N2 S,S N2 D1 P M1 G2 R2 S,S R₂ G₂ M₁ P D₁ N₂ Ṡ,S N₂ D₁ P M₁ G₂ R₂ Ṡ,False
margahindolam,MArgahindOLam,mArgahindOLam,20,NaTabhairavi,S R2 G2 M1 P D1 N2 S,S N2 D1 P M1 G2 S,S R₂ G₂ M₁ P D₁ N₂ Ṡ,S N₂ D₁ P M₁ G₂ Ṡ,False
maruvaranjani,Maruvaranjani,maruvaranjani,20,NaTabhairavi,S R2 G2 M1 P D1 N2 S,S D1 P G2 R2 S,S R₂ G₂ M₁ P D₁ N₂ Ṡ,S D₁ P G₂ R₂ Ṡ,False
maujivakam,MaujIvakam,maujIvakam,20,NaTabhairavi,S R2 G2 M1 P N2 D1 S,S N2 D1 M1 G2 S,S R₂ G₂ M₁ P N₂ D₁ Ṡ,S N₂ D₁ M₁ G₂ Ṡ,False
mausevita,MausEvita,mausEvita,20,NaTabhairavi,S R2 G2 M1 P N2 D1 S,S N2 D1 M1 G2 R2 S,S R₂ G₂ M₁ P N₂ D₁ Ṡ,S N₂ D₁ M₁ G₂ R₂ Ṡ,False
mayuramani,MayUramaNi,mayUramaNi,20,NaTabhairavi,S R2 M1 P D1 S,S N2 D1 P M1 R2 M1 G2 S,S R₂ M₁ P D₁ Ṡ,S N₂ D₁ P M₁ R₂ M₁ G₂ Ṡ,False
mayuramani,MayUramaNI,mayUramaNI,20,NaTabhairavi,S R2 M1 P D1 S,S N2 P M1 R2 M1 G2 S,S R₂ M₁ P D₁ Ṡ,S N₂ P M₁ R₂ M₁ G₂ Ṡ,False
mitabhasita,MitabhASita,mitabhASita,20,NaTabhairavi,S R2 G2 M1 P D1 S,S D1 P M1 G2 R2 S,S R₂ G₂ M₁ P D₁ Ṡ,S D₁ P M₁ G₂ R₂ Ṡ,False
modakam,MOdakam,mOdakam,20,NaTabhairavi,S R2 G2 M1 S D1 M1 P D1 N2,S N2 D1 M1 G2 R2 S,S R₂ G₂ M₁ Ṡ D₁ M₁ P D₁ N₂,S N₂ D₁ M₁ G₂ R₂ Ṡ,False
mohanavarali,MOhanavarALi,mOhanavarALi,20,NaTabhairavi,S R2 G2 M1 P D1 N2 D1 S,S N2 D1 N2 M1 P G2 R2 S,S R₂ G₂ M₁ P D₁ N₂ D₁ Ṡ,S N₂ D₁ N₂ M₁ P G₂ R₂ Ṡ,False
mukhari,MukhAri,mukhAri,20,NaTabhairavi,S R2 M1 P D1 N2 D1 S,S N2 D1 P M1 G2 R2 S,S R₂ M₁ P D₁ N₂ D₁ Ṡ,S N₂ D₁ P M₁ G₂ R₂ Ṡ,False
mukhari,MukhAri,mukhAri,20,NaTabhairavi,S R2 M1 P D1 S,S N2 D1 P M1 G2 R2 S,S R₂ M₁ P D₁ Ṡ,S N₂ D₁ P M₁ G₂ R₂ Ṡ,False
nadahindola,NAdahindOLa,nAdahindOLa,20,NaTabhairavi,S G2 R2 M1 D1 G2 M1 P N2 D1 N2 S,S N2 P D1 P M1 G2 R2 G2 M1 R2 S,S G₂ R₂ M₁ D₁ G₂ M₁ P N₂ D₁ N₂ Ṡ,S N₂ P D₁ P M₁ G₂ R₂ G₂ M₁ R₂ Ṡ,False
nagagandhari,NAgagAndhAri,nAgagAndhAri,20,NaTabhairavi,S R2 G2 M1 P D1 N2,D1 P M1 G2 S,S R₂ G₂ M₁ P D₁ N₂,D₁ P M₁ G₂ Ṡ,False
nagagandhari,NAgagAndhAri,nAgagAndhAri,20,NaTabhairavi,S R2 G2 M1 P D1 N2,N2 D1 P M1 G2 R2 S N2,S R₂ G₂ M₁ P D₁ N₂,N₂ D₁ P M₁ G₂ R₂ Ṡ N₂,False
nagagandhari,NAgagAndhAri,nAgagAndhAri,20,NaTabhairavi,S R2 G2 M1 P D1D1 N2,D1 P M1 G2 R2 S N2,S R₂ G₂ M₁ P D1D1 N₂,D₁ P M₁ G₂ R₂ Ṡ N₂,False
nagagandhari,NAgagAndhAri,nAgagAndhAri,20,NaTabhairavi,S R2 M1 G2 M1 P D1 N2 S,S N2 D1 P M1 G2 R2 S,S R₂ M₁ G₂ M₁ P D₁ N₂ Ṡ,S N₂ D₁ P M₁ G₂ R₂ Ṡ,False
nagahindola,NAgahindOLa,nAgahindOLa,20,NaTabhairavi,S G2 R2 G2 M1 D1 M1 P D1 N2 S,S N2 P D1 P M1 G2 R2 G2 M1 R2 S,S G₂ R₂ G₂ M₁ D₁ M₁ P D₁ N₂ Ṡ,S N₂ P D₁ P M₁ G₂ R₂ G₂ M₁ R₂ Ṡ,False
narayanadesaksi,NArAyaNadESAkSi,nArAyaNadESAkSi,20,NaTabhairavi,S G2 M1 P D1 P N2 S,S N2 D1 P M1 G2 R2 S,S G₂ M₁ P D₁ P N₂ Ṡ,S N₂ D₁ P M₁ G₂ R₂ Ṡ,False
narayanadesaksi,NArAyaNadESAkSi,nArAyaNadESAkSi,20,NaTabhairavi,S R2 M1 P D1 N2 S,S N2 D1 P M1 G2 R2 S,S R₂ M₁ P D₁ N₂ Ṡ,S N₂ D₁ P M₁ G₂ R₂ Ṡ,False
narayanadesaksi,NArAyaNadESAkSi,nArAyaNadESAkSi,20,NaTabhairavi,S R2 S G2 M1 P D1 P N2 S,S N2 D1 P M1 G2 R2 S,S R₂ Ṡ G₂ M₁ P D₁ P N₂ Ṡ,S N₂ D₁ P M₁ G₂ R₂ Ṡ,False
narayanadeshadi,NArAyaNadEshAdi,nArAyaNadEshAdi,20,NaTabhairavi,S R2 S G2 M1 P D1 P N2 S,S N2 D1 P M1 G2 R2 S,S R₂ Ṡ G₂ M₁ P D₁ P N₂ Ṡ,S N₂ D₁ P M₁ G₂ R₂ Ṡ,False
nariritigaula,NArirItigauLa,nArirItigauLa,20,NaTabhairavi,S G2 R2 G2 M1 N2 D1 M1 N2 N2 S,S N2 D1 M1 G2 M1 P M1 G2 R2 S,S G₂ R₂ G₂ M₁ N₂ D₁ M₁ N₂ N₂ Ṡ,S N₂ D₁ M₁ G₂ M₁ P M₁ G₂ R₂ Ṡ,False
nariritigaula,NArirItigauLa,nArirItigauLa,20,NaTabhairavi,S R2 G2 M1 P D1 P N2 N2 S,S N2 N2 D1 M1 G2 G2 R2 S,S R₂ G₂ M₁ P D₁ P N₂ N₂ Ṡ,S N₂ N₂ D₁ M₁ G₂ G₂ R₂ Ṡ,False
nasamanjari,NAsAmanjari,nAsAmanjari,20,NaTabhairavi,S G2 R2 G2 M1 P N2 D1 N2 S,S N2 D1 N2 P M1 R2 S,S G₂ R₂ G₂ M₁ P N₂ D₁ N₂ Ṡ,S N₂ D₁ N₂ P M₁ R₂ Ṡ,False
natabhairavi,NaTabhairavi,naTabhairavi,20,NaTabhairavi,S R2 G2 M1 P D1 N2 S,S N2 D1 P M1 G2 R2 S,S R₂ G₂ M₁ P D₁ N₂ Ṡ,S N₂ D₁ P M₁ G₂ R₂ Ṡ,False
natavardhini,NaTavardhini,naTavardhini,20,NaTabhairavi,S R2 G2 M1 D1 N2 S,S N2 P M1 R2 G2 M1 R2 S,S R₂ G₂ M₁ D₁ N₂ Ṡ,S N₂ P M₁ R₂ G₂ M₁ R₂ Ṡ,False
natyamangala,NATyamangaLa,nATyamangaLa,20,NaTabhairavi,S R2 G2 M1 P D1 N2 S,S N2 P M1 R2 G2 R2 S,S R₂ G₂ M₁ P D₁ N₂ Ṡ,S N₂ P M₁ R₂ G₂ R₂ Ṡ,False
natyavardhibi,NATyavardhibi,nATyavardhibi,20,NaTabhairavi,S R2 G2 M1 D1 N2 S,S N2 P M1 R2 G2 R2 S,S R₂ G₂ M₁ D₁ N₂ Ṡ,S N₂ P M₁ R₂ G₂ R₂ Ṡ,False
natyavardhini,NATyavardhini,nATyavardhini,20,NaTabhairavi,S R2 G2 M1 D1 N2 S,S N2 D1 P M1 R2 G2 M1 R2 S,S R₂ G₂ M₁ D₁ N₂ Ṡ,S N₂ D₁ P M₁ R₂ G₂ M₁ R₂ Ṡ,False
navamanohari,NavamanOhari,navamanOhari,20,NaTabhairavi,S G2 M1 D1 N2 S,S N2 P M1 R2 S,S G₂ M₁ D₁ N₂ Ṡ,S N₂ P M₁ R₂ Ṡ,False
navamanohari,NavamanOhari,navamanOhari,20,NaTabhairavi,S R2 M1 D1 N2 S,S N2 P M1 R2 S,S R₂ M₁ D₁ N₂ Ṡ,S N₂ P M₁ R₂ Ṡ,False
navarasacandrika,NavarasacandrikA,navarasacandrikA,20,NaTabhairavi,S R2 G2 M1 P D1 S,S D1 P M1 G2 R2 S,S R₂ G₂ M₁ P D₁ Ṡ,S D₁ P M₁ G₂ R₂ Ṡ,False
navaratnavilasam,NavaratnavilAsam,navaratnavilAsam,20,NaTabhairavi,S R2 G2 M1 P D1 P S,S D1 P M1 G2 M1 R2 S,S R₂ G₂ M₁ P D₁ P Ṡ,S D₁ P M₁ G₂ M₁ R₂ Ṡ,False
nayaki,NAyaki,nAyaki,20,NaTabhairavi,S R2 M1 P D1 N2 D1 P D1 S,S N2 D1 P M1 G2 R2 S,S R₂ M₁ P D₁ N₂ D₁ P D₁ Ṡ,S N₂ D₁ P M₁ G₂ R₂ Ṡ,False
nayaki,NAyaki,nAyaki,20,NaTabhairavi,S R2 S M1 P D1 N2 D1 P S,S N2 D1 P M1 G2 R2 S,S R₂ Ṡ M₁ P D₁ N₂ D₁ P Ṡ,S N₂ D₁ P M₁ G₂ R₂ Ṡ,False
nemangi,NEmAngi,nEmAngi,20,NaTabhairavi,S R2 M1 P N2 D1 N2 P D1 N2,S D1 P M1 G2 R2 S,S R₂ M₁ P N₂ D₁ N₂ P D₁ N₂,S D₁ P M₁ G₂ R₂ Ṡ,False
nilaveni,NIlavENi,nIlavENi,20,NaTabhairavi,S R2 G2 M1 P D1 N2 D1 S,S D1 P M1 G2 R2 S,S R₂ G₂ M₁ P D₁ N₂ D₁ Ṡ,S D₁ P M₁ G₂ R₂ Ṡ,False
nirajapriya,NIrajapriyA,nIrajapriyA,20,NaTabhairavi,S R2 G2 M1 P D1 N2 S,S D1 P M1 G2 S,S R₂ G₂ M₁ P D₁ N₂ Ṡ,S D₁ P M₁ G₂ Ṡ,False
nitikala,NItikalA,nItikalA,20,NaTabhairavi,S G2 R2 G2 M1 N2 D1 M1 P N2,S N2 D1 M1 P D1 M1 G2 R2 S,S G₂ R₂ G₂ M₁ N₂ D₁ M₁ P N₂,S N₂ D₁ M₁ P D₁ M₁ G₂ R₂ Ṡ,False
nutabhasitam,NutabhASitam,nutabhASitam,20,NaTabhairavi,S R2 G2 M1 P D1 S,S D1 P M1 G2 R2 S,S R₂ G₂ M₁ P D₁ Ṡ,S D₁ P M₁ G₂ R₂ Ṡ,False
pakariti,PAkarIti,pAkarIti,20,NaTabhairavi,S M1 P D1 N2 S,S N2 D1 M1 G2 S,S M₁ P D₁ N₂ Ṡ,S N₂ D₁ M₁ G₂ Ṡ,False
pancama,Pancama,pancama,20,NaTabhairavi,S R2 M1 P D1 S,S N2 D1 P G2 R2 S,S R₂ M₁ P D₁ Ṡ,S N₂ D₁ P G₂ R₂ Ṡ,False
pancammalkauns,PancammAlkauns,pancammAlkauns,20,NaTabhairavi,S G2 M1 D1 N2 S,S N2 D1 M1 P M1 G2 S,S G₂ M₁ D₁ N₂ Ṡ,S N₂ D₁ M₁ P M₁ G₂ Ṡ,False
pandi,PANDi,pANDi,20,NaTabhairavi,S R2 P D1 S,P M1 G2 R2 S N2 P,S R₂ P D₁ Ṡ,P M₁ G₂ R₂ Ṡ N₂ P,False
panuvalatti,PanuvaLatti,panuvaLatti,20,NaTabhairavi,S R2 G2 P D1 N2 S,S N2 D1 P G2 R2 S,S R₂ G₂ P D₁ N₂ Ṡ,S N₂ D₁ P G₂ R₂ Ṡ,False
parabhrtavani,ParabhrtavANi,parabhrtavANi,20,NaTabhairavi,S R2 P D1 N2 S,S N2 D1 P R2 S,S R₂ P D₁ N₂ Ṡ,S N₂ D₁ P R₂ Ṡ,False
patalarnavam,PatalArNavam,patalArNavam,20,NaTabhairavi,S G2 R2 G2 M1 P N2 D1 N2 S,S N2 P M1 R2 S,S G₂ R₂ G₂ M₁ P N₂ D₁ N₂ Ṡ,S N₂ P M₁ R₂ Ṡ,False
purnabhairavi,PUrNabhairavi,pUrNabhairavi,20,NaTabhairavi,S R2 G2 M1 D1 N2 S,S N2 D1 P M1 G2 R2 S,S R₂ G₂ M₁ D₁ N₂ Ṡ,S N₂ D₁ P M₁ G₂ R₂ Ṡ,False
purnasadjam,PUrNaSaDjam,pUrNaSaDjam,20,NaTabhairavi,S G2 M1 P D1 P S,S N2 D1 M1 G2 R2 S,S G₂ M₁ P D₁ P Ṡ,S N₂ D₁ M₁ G₂ R₂ Ṡ,False
purnasadjam,PUrNaSaDjam,pUrNaSaDjam,20,NaTabhairavi,S G2 R2 G2 M1 N2 S,S N2 P M1 G2 R2 S,S G₂ R₂ G₂ M₁ N₂ Ṡ,S N₂ P M₁ G₂ R₂ Ṡ,False
purnasadjam,PUrNaSaDjam,pUrNaSaDjam,20,NaTabhairavi,S G2 R2 G2 M1 P N2 S,S N2 P M1 G2 R2 S,S G₂ R₂ G₂ M₁ P N₂ Ṡ,S N₂ P M₁ G₂ R₂ Ṡ,False
purnasadjam,PUrNaSaDjam,pUrNaSaDjam,20,NaTabhairavi,S P M1 P D1 N2 S,S N2 D1 M1 G2 R2 S,S P M₁ P D₁ N₂ Ṡ,S N₂ D₁ M₁ G₂ R₂ Ṡ,False
purnasadjam,PUrNaSaDjam,pUrNaSaDjam,20,NaTabhairavi,S P M1 P D1 P S,S N2 D1 M1 G2 R2 S,S P M₁ P D₁ P Ṡ,S N₂ D₁ M₁ G₂ R₂ Ṡ,False
purnasadjam,PUrNaSaDjam,pUrNaSaDjam,20,NaTabhairavi,S R2 G2 M1 P N2 S,S N2 P M1 G2 R2 S,S R₂ G₂ M₁ P N₂ Ṡ,S N₂ P M₁ G₂ R₂ Ṡ,False
purvabhairavi,PUrvabhairavi,pUrvabhairavi,20,NaTabhairavi,S R2 G2 N2 D1 N2 S,S N2 D1 P M1 G2 R2 S,S R₂ G₂ N₂ D₁ N₂ Ṡ,S N₂ D₁ P M₁ G₂ R₂ Ṡ,False
puspalata,PuSpalatA,puSpalatA,20,NaTabhairavi,S R2 G2 M1 P N2 S,S N2 P M1 G2 R2 S,S R₂ G₂ M₁ P N₂ Ṡ,S N₂ P M₁ G₂ R₂ Ṡ,False
rajamandari,RAjamandAri,rAjamandAri,20,NaTabhairavi,S G2 M1 P D1 P N2 S,S N2 D1 P M1 N2 D1 M1 G2 R2 G2 M1 G2 S,S G₂ M₁ P D₁ P N₂ Ṡ,S N₂ D₁ P M₁ N₂ D₁ M₁ G₂ R₂ G₂ M₁ G₂ Ṡ,False
rajamanjari,RAjamanjari,rAjamanjari,20,NaTabhairavi,S G2 M1 P D1 P N2 S,S N2 D1 P M1 N2 D1 M1 G2 R2 G2 M1 G2 S,S G₂ M₁ P D₁ P N₂ Ṡ,S N₂ D₁ P M₁ N₂ D₁ M₁ G₂ R₂ G₂ M₁ G₂ Ṡ,False
ramaranjani,RAmaranjani,rAmaranjani,20,NaTabhairavi,S R2 G2 M1 P D1 N2 S,S D1 P G2 R2 S,S R₂ G₂ M₁ P D₁ N₂ Ṡ,S D₁ P G₂ R₂ Ṡ,False
ramyamukhi,Ramyamukhi,ramyamukhi,20,NaTabhairavi,S G2 M1 D1 N2 S,S N2 D1 M1 G2 S,S G₂ M₁ D₁ N₂ Ṡ,S N₂ D₁ M₁ G₂ Ṡ,False
rasakalambika,RasakalambikA,rasakalambikA,20,NaTabhairavi,S M1 G2 D1 N2 P D1 N2 S,S N2 D1 P G2 R2 S,S M₁ G₂ D₁ N₂ P D₁ N₂ Ṡ,S N₂ D₁ P G₂ R₂ Ṡ,False
ratipatipriya,RatipatipriyA,ratipatipriyA,20,NaTabhairavi,S R2 G2 P N2 S,S N2 P G2 R2 S,S R₂ G₂ P N₂ Ṡ,S N₂ P G₂ R₂ Ṡ,False
ratishobhita,RatishObhita,ratishObhita,20,NaTabhairavi,S R2 G2 M1 D1 N2 S,S N2 P M1 G2 R2 S,S R₂ G₂ M₁ D₁ N₂ Ṡ,S N₂ P M₁ G₂ R₂ Ṡ,False
raudhavali,RaudhAvaLi,raudhAvaLi,20,NaTabhairavi,S R2 G2 M1 P D1 N2 S,S N2 D1 M1 P M1 G2 R2 S,S R₂ G₂ M₁ P D₁ N₂ Ṡ,S N₂ D₁ M₁ P M₁ G₂ R₂ Ṡ,False
ravidyuti,Ravidyuti,ravidyuti,20,NaTabhairavi,S R2 G2 M1 P D1 P N2 S,S N2 D1 P M1 S,S R₂ G₂ M₁ P D₁ P N₂ Ṡ,S N₂ D₁ P M₁ Ṡ,False
ravisindhu,Ravisindhu,ravisindhu,20,NaTabhairavi,S G2 P D1 N2 S,S N2 D1 P M1 G2 S,S G₂ P D₁ N₂ Ṡ,S N₂ D₁ P M₁ G₂ Ṡ,False
rekharanjani,REkharanjani,rEkharanjani,20,NaTabhairavi,S R2 G2 M1 P D1 N2 S,S N2 D1 N2 M1 P M1 G2 R2 S,S R₂ G₂ M₁ P D₁ N₂ Ṡ,S N₂ D₁ N₂ M₁ P M₁ G₂ R₂ Ṡ,False
reranjani,REranjani,rEranjani,20,NaTabhairavi,S R2 G2 M1 P D1 N2 S,S D1 N2 D1 M1 G2 R2 S,S R₂ G₂ M₁ P D₁ N₂ Ṡ,S D₁ N₂ D₁ M₁ G₂ R₂ Ṡ,False
ritigaula,RItigauLa,rItigauLa,20,NaTabhairavi,S G2 R2 G2 M1 N2 D1 M1 P N2 S,S N2 D1 M1 P D1 M1 G2 R2S,S G₂ R₂ G₂ M₁ N₂ D₁ M₁ P N₂ Ṡ,S N₂ D₁ M₁ P D₁ M₁ G₂ R2S,False
ritigaula,RItigauLa,rItigauLa,20,NaTabhairavi,S G2 R2 G2 M1 N2 N2 D1 S,S N2 D1 M1 P D1 M1 G2 R2 S N2 P N2 S,S G₂ R₂ G₂ M₁ N₂ N₂ D₁ Ṡ,S N₂ D₁ M₁ P D₁ M₁ G₂ R₂ Ṡ N₂ P N₂ Ṡ,False
ritigaula,RItigauLa,rItigauLa,20,NaTabhairavi,S R2 G2 R2 G2 M1 D1 N2 D1 S,S N2 D1 M1 G2 M1 P M1 G2 R2 S,S R₂ G₂ R₂ G₂ M₁ D₁ N₂ D₁ Ṡ,S N₂ D₁ M₁ G₂ M₁ P M₁ G₂ R₂ Ṡ,False
rodavali,ROdAvaLi,rOdAvaLi,20,NaTabhairavi,S R2 G2 M1 P D1 N2 S,S N2 D1 M1 P M1 G2 R2 S,S R₂ G₂ M₁ P D₁ N₂ Ṡ,S N₂ D₁ M₁ P M₁ G₂ R₂ Ṡ,False
rudraghantarava,RudraghaNTArava,rudraghaNTArava,20,NaTabhairavi,S R2 G2 R2 M1 P M1 D1 N2 D1 P S,S N2 D1 M1 G2 S,S R₂ G₂ R₂ M₁ P M₁ D₁ N₂ D₁ P Ṡ,S N₂ D₁ M₁ G₂ Ṡ,False
salagabhairavi,SALagabhairavi,sALagabhairavi,20,NaTabhairavi,S R2 G2 M1 P D1 P S,S N2 D1 P M1 G2 R2 S,S R₂ G₂ M₁ P D₁ P Ṡ,S N₂ D₁ P M₁ G₂ R₂ Ṡ,False
salagabhairavi,SALagabhairavi,sALagabhairavi,20,NaTabhairavi,S R2 M1 P D1 S,S N2 D1 P G2 R2 S,S R₂ M₁ P D₁ Ṡ,S N₂ D₁ P G₂ R₂ Ṡ,False
samaghantarava,SAmaghaNTArava,sAmaghaNTArava,20,NaTabhairavi,S G2 M1 P N2,D1 M1 G2 R2 S N2,S G₂ M₁ P N₂,D₁ M₁ G₂ R₂ Ṡ N₂,False
samanilakari,SamanIlakari,samanIlakari,20,NaTabhairavi,S G2 M1 D1 N2 S,S N2 P M1 R2 S,S G₂ M₁ D₁ N₂ Ṡ,S N₂ P M₁ R₂ Ṡ,False
saramati,SAramati,sAramati,20,NaTabhairavi,S R2 G2 M1 P D1 N2 S,N2 D1 M1 G2 S R2 S,S R₂ G₂ M₁ P D₁ N₂ Ṡ,N₂ D₁ M₁ G₂ Ṡ R₂ Ṡ,False
saramati,SAramati,sAramati,20,NaTabhairavi,S R2 G2 M1 P D1 N2 S,S D1 P M1 G2 R2 S,S R₂ G₂ M₁ P D₁ N₂ Ṡ,S D₁ P M₁ G₂ R₂ Ṡ,False
saramati,SAramati,sAramati,20,NaTabhairavi,S R2 G2 M1 P D1 N2 S,S N2 D1 M1 G2 S R2 S,S R₂ G₂ M₁ P D₁ N₂ Ṡ,S N₂ D₁ M₁ G₂ Ṡ R₂ Ṡ,False
saramati,SAramati,sAramati,20,NaTabhairavi,S R2 G2 M1 P D1 N2 S,S N2 D1 M1 G2 S,S R₂ G₂ M₁ P D₁ N₂ Ṡ,S N₂ D₁ M₁ G₂ Ṡ,False
saramati,SAramati,sAramati,20,NaTabhairavi,S R2 G2 M1 P D1 N2 S,S N2 D1 M1 R2 G2 S,S R₂ G₂ M₁ P D₁ N₂ Ṡ,S N₂ D₁ M₁ R₂ G₂ Ṡ,False
saramati,SAramati,sAramati,20,NaTabhairavi,S R2 G2 P D1 N2 S,S N2 D1 P M1 G2 S R2 S,S R₂ G₂ P D₁ N₂ Ṡ,S N₂ D₁ P M₁ G₂ Ṡ R₂ Ṡ,False
sarangakapi,SArangakApi,sArangakApi,20,NaTabhairavi,S R2 P M1 N2 S,S N2 D1 P G2 R2 S,S R₂ P M₁ N₂ Ṡ,S N₂ D₁ P G₂ R₂ Ṡ,False
sarangakapi,SArangakApi,sArangakApi,20,NaTabhairavi,S R2 P M1 P N2 S,S N2 D1 P M1 G2 R2 S,S R₂ P M₁ P N₂ Ṡ,S N₂ D₁ P M₁ G₂ R₂ Ṡ,False
sarangakapi,SArangakApi,sArangakApi,20,NaTabhairavi,S R2 P M1 R2 M1 P N2 S,S N2 D1 P G2 R2 S,S R₂ P M₁ R₂ M₁ P N₂ Ṡ,S N₂ D₁ P G₂ R₂ Ṡ,False
sarangakapi,SArangakApi,sArangakApi,20,NaTabhairavi,S R2 P M1 R2 P R2 M1 P N2,S N2 D1 P M1 G2 R2 S,S R₂ P M₁ R₂ P R₂ M₁ P N₂,S N₂ D₁ P M₁ G₂ R₂ Ṡ,False
sarvagandhari,SarvagAndhAri,sarvagAndhAri,20,NaTabhairavi,S R2 M1 P D1 S,S N2 D1 M1 G2 R2 S,S R₂ M₁ P D₁ Ṡ,S N₂ D₁ M₁ G₂ R₂ Ṡ,False
sarvaranjani,Sarvaranjani,sarvaranjani,20,NaTabhairavi,S R2 G2 P D1 N2 S,S N2 D1 M1 P M1 G2 R2 S,S R₂ G₂ P D₁ N₂ Ṡ,S N₂ D₁ M₁ P M₁ G₂ R₂ Ṡ,False
saumyamanohari,SaumyamanOhari,saumyamanOhari,20,NaTabhairavi,M1 P D1 N2 S R2 G2 M1 P D1,P G2 R2 S N2 D1 P M1,M₁ P D₁ N₂ Ṡ R₂ G₂ M₁ P D₁,P G₂ R₂ Ṡ N₂ D₁ P M₁,False
saumyamanohari,SaumyamanOhari,saumyamanOhari,20,NaTabhairavi,M1 P D1 N2 S R2 G2 M1 P S,S M1 G2 R2 S N2 D1 P M1 S,M₁ P D₁ N₂ Ṡ R₂ G₂ M₁ P Ṡ,S M₁ G₂ R₂ Ṡ N₂ D₁ P M₁ Ṡ,False
senaranjani,SEnAranjani,sEnAranjani,20,NaTabhairavi,S R2 G2 M1 P D1 N2 S,S N2 D1 N2 M1 P M1 G2 R2 S,S R₂ G₂ M₁ P D₁ N₂ Ṡ,S N₂ D₁ N₂ M₁ P M₁ G₂ R₂ Ṡ,False
senarava,SEnArava,sEnArava,20,NaTabhairavi,S M1 G2 M1 P D1 N2 S,S N2 D1 P M1 G2 R2 S,S M₁ G₂ M₁ P D₁ N₂ Ṡ,S N₂ D₁ P M₁ G₂ R₂ Ṡ,False
sharadapriya,ShAradapriyA,shAradapriyA,20,NaTabhairavi,S R2 G2 P N2 S,S N2 P M1 G2 S,S R₂ G₂ P N₂ Ṡ,S N₂ P M₁ G₂ Ṡ,False
sharamocani,SharamOcani,sharamOcani,20,NaTabhairavi,S G2 M1 P D1 S,S N2 D1 P M1 G2 R2 G2 S,S G₂ M₁ P D₁ Ṡ,S N₂ D₁ P M₁ G₂ R₂ G₂ Ṡ,False
shesabhusani,ShESabhUSaNi,shESabhUSaNi,20,NaTabhairavi,S R2 G2 P N2 D1 S,S N2 D1 P M1 G2 M1 R2 S,S R₂ G₂ P N₂ D₁ Ṡ,S N₂ D₁ P M₁ G₂ M₁ R₂ Ṡ,False
shilavali,ShIlAvaLi,shIlAvaLi,20,NaTabhairavi,S R2 G2 M1 P D1 N2 S,S N2 P M1 G2 S,S R₂ G₂ M₁ P D₁ N₂ Ṡ,S N₂ P M₁ G₂ Ṡ,False
shivakimpuri,Shivakimpuri,shivakimpuri,20,NaTabhairavi,S R2 G2 M1 D1 S,S N2 D1 P M1 G2 R2 S,S R₂ G₂ M₁ D₁ Ṡ,S N₂ D₁ P M₁ G₂ R₂ Ṡ,False
shivamanju,Shivamanju,shivamanju,20,NaTabhairavi,S G2 M1 D1 S,S N2 D1 M1 G2 R2 S,S G₂ M₁ D₁ Ṡ,S N₂ D₁ M₁ G₂ R₂ Ṡ,False
shobhavari,ShObhAvari,shObhAvari,20,NaTabhairavi,S R2 M1 P D1 S,S D1 P M1 R2 S,S R₂ M₁ P D₁ Ṡ,S D₁ P M₁ R₂ Ṡ,False
shrighantanam,ShrIghaNTanam,shrIghaNTanam,20,NaTabhairavi,S G2 M1 P N2 S,D1 P M1 G2 R2 G2 S,S G₂ M₁ P N₂ Ṡ,D₁ P M₁ G₂ R₂ G₂ Ṡ,False
shrihindolavasanta,ShrIhindOLavasanta,shrIhindOLavasanta,20,NaTabhairavi,S G2 M1 P D1 N2 D1 S,S N2 D1 P M1 D1 M1 G2 S,S G₂ M₁ P D₁ N₂ D₁ Ṡ,S N₂ D₁ P M₁ D₁ M₁ G₂ Ṡ,False
shrimanji,ShrImAnji,shrImAnji,20,NaTabhairavi,S R2 G2 M1 P D1 N2 S,S D1 P M1 G2 R2 S,S R₂ G₂ M₁ P D₁ N₂ Ṡ,S D₁ P M₁ G₂ R₂ Ṡ,False
shrimapati,ShrImapati,shrImapati,20,NaTabhairavi,S G2 M1 P N2 S,S N2 D1 M1 R2 S,S G₂ M₁ P N₂ Ṡ,S N₂ D₁ M₁ R₂ Ṡ,False
shrinavarasacandrika,ShrInavarasacandrikA,shrInavarasacandrikA,20,NaTabhairavi,S R2 G2 M1 P D1 S,S D1 P M1 G2 R2 S,S R₂ G₂ M₁ P D₁ Ṡ,S D₁ P M₁ G₂ R₂ Ṡ,False
shubhamati,Shubhamati,shubhamati,20,NaTabhairavi,S R2 G2 M1 N2 S,S N2 D1 P M1 G2 R2 S,S R₂ G₂ M₁ N₂ Ṡ,S N₂ D₁ P M₁ G₂ R₂ Ṡ,False
shubhavahini,ShubhavAhini,shubhavAhini,20,NaTabhairavi,S R2 G2 M1 P N2 D1 N2 S,S N2 D1 M1 G2 M1 S,S R₂ G₂ M₁ P N₂ D₁ N₂ Ṡ,S N₂ D₁ M₁ G₂ M₁ Ṡ,False
shuddhadeshi,ShuddhadEshi,shuddhadEshi,20,NaTabhairavi,S R2 G2 M1 P D1 N2 S,S N2 D1 P M1 G2 R2 S,S R₂ G₂ M₁ P D₁ N₂ Ṡ,S N₂ D₁ P M₁ G₂ R₂ Ṡ,False
shuddhadeshi,ShuddhadEshi,shuddhadEshi,20,NaTabhairavi,S R2 G2 R2 M1 P D1 N2 S,S N2 D1 P M1 G2 R2 S,S R₂ G₂ R₂ M₁ P D₁ N₂ Ṡ,S N₂ D₁ P M₁ G₂ R₂ Ṡ,False
shuddhadeshi,ShuddhadEshi,shuddhadEshi,20,NaTabhairavi,S R2 M1 P D1 N2 D1 S,S N2 D1 P D1 M1 G2 R2 S,S R₂ M₁ P D₁ N₂ D₁ Ṡ,S N₂ D₁ P D₁ M₁ G₂ R₂ Ṡ,False
shuddhadeshi,ShuddhadEshi,shuddhadEshi,20,NaTabhairavi,S R2 M1 P D1 N2 S,S N2 D1 P M1 G2 R2 S,S R₂ M₁ P D₁ N₂ Ṡ,S N₂ D₁ P M₁ G₂ R₂ Ṡ,False
shuddhadhanyasi,ShuddhadhanyAsi,shuddhadhanyAsi,20,NaTabhairavi,S G2 M1 P N2 S,S N2 P M1 G2 S,S G₂ M₁ P N₂ Ṡ,S N₂ P M₁ G₂ Ṡ,False
shuddhasalavi,ShuddhasALavi,shuddhasALavi,20,NaTabhairavi,S G2 M1 P N2 S,S N2 P M1 R2 S,S G₂ M₁ P N₂ Ṡ,S N₂ P M₁ R₂ Ṡ,False
shuddhatarangini,ShuddhatarangiNi,shuddhatarangiNi,20,NaTabhairavi,S G2 M1 N2 S,S N2 D1 M1 G2 R2 S,S G₂ M₁ N₂ Ṡ,S N₂ D₁ M₁ G₂ R₂ Ṡ,False
shuddhatarangini,ShuddhatarangiNi,shuddhatarangiNi,20,NaTabhairavi,S G2 M1 P N2 S,S N2 D1 M1 G2 R2 S,S G₂ M₁ P N₂ Ṡ,S N₂ D₁ M₁ G₂ R₂ Ṡ,False
shyamalavasantam,ShyAmaLAvasantam,shyAmaLAvasantam,20,NaTabhairavi,S N2 D1 N2 D1 R2 G2 M1 P D1,S M1 G2 R2 S S N2 D1 N2 S,S N₂ D₁ N₂ D₁ R₂ G₂ M₁ P D₁,S M₁ G₂ R₂ Ṡ S N₂ D₁ N₂ Ṡ,False
shyamalavasantam,ShyAmalAvasantam,shyAmalAvasantam,20,NaTabhairavi,S N2 D1 N2 S R2 G2 M1 P D1,P M1 G2 R2 S N2 D1 N2 S,S N₂ D₁ N₂ Ṡ R₂ G₂ M₁ P D₁,P M₁ G₂ R₂ Ṡ N₂ D₁ N₂ Ṡ,False
simhadhvani,Simhadhvani,simhadhvani,20,NaTabhairavi,S R2 G2 M1 P N2 S,S N2 D1 P M1 G2 R2 S,S R₂ G₂ M₁ P N₂ Ṡ,S N₂ D₁ P M₁ G₂ R₂ Ṡ,False
sindhudhanyasi,SindhudhanyAsi,sindhudhanyAsi,20,NaTabhairavi,S G2 M1 P N2 S,S N2 D1 M1 P M1 G2 R2 S,S G₂ M₁ P N₂ Ṡ,S N₂ D₁ M₁ P M₁ G₂ R₂ Ṡ,False
sindhudhanyasi,SindhudhanyAsi,sindhudhanyAsi,20,NaTabhairavi,S G2 M1 P N2 S,S N2 D1 P M1 G2 R2 S,S G₂ M₁ P N₂ Ṡ,S N₂ D₁ P M₁ G₂ R₂ Ṡ,False
sindhughanta,SindhughaNTa,sindhughaNTa,20,NaTabhairavi,S G2 M1 P D1 P N2,D1 P M1 G2 R2 S,S G₂ M₁ P D₁ P N₂,D₁ P M₁ G₂ R₂ Ṡ,False
sindhukannada,SindhukannaDa,sindhukannaDa,20,NaTabhairavi,S G2 M1 P D1 P N2,D1 P M1 G2 R2 S,S G₂ M₁ P D₁ P N₂,D₁ P M₁ G₂ R₂ Ṡ,False
stulavariti,StUlavAriti,stUlavAriti,20,NaTabhairavi,S R2 G2 P D1 S,S N2 D1 P M1 G2 R2 S,S R₂ G₂ P D₁ Ṡ,S N₂ D₁ P M₁ G₂ R₂ Ṡ,False
sukumari,SukumAri,sukumAri,20,NaTabhairavi,S G2 M1 P N2 D1 N2 S,S N2 P M1 G2 M1 R2 S,S G₂ M₁ P N₂ D₁ N₂ Ṡ,S N₂ P M₁ G₂ M₁ R₂ Ṡ,False
sushama,SushamA,sushamA,20,NaTabhairavi,S R2 M1 P D1 S,S D1 P M1 R2 S,S R₂ M₁ P D₁ Ṡ,S D₁ P M₁ R₂ Ṡ,False
sutradhari,SUtradhAri,sUtradhAri,20,NaTabhairavi,S R2 M1 P D1 S,S D1 P M1 R2 S,S R₂ M₁ P D₁ Ṡ,S D₁ P M₁ R₂ Ṡ,False
svaragandhari,SvaragAndhAri,svaragAndhAri,20,NaTabhairavi,S R2 M1 P D1 S,S N2 D1 M1 G2 R2 S,S R₂ M₁ P D₁ Ṡ,S N₂ D₁ M₁ G₂ R₂ Ṡ,False
svararanjani,Svararanjani,svararanjani,20,NaTabhairavi,S R2 G2 P D1 N2 S,S N2 D1 M1 P M1 G2 R2 S,S R₂ G₂ P D₁ N₂ Ṡ,S N₂ D₁ M₁ P M₁ G₂ R₂ Ṡ,False
sviya,SvIya,svIya,20,NaTabhairavi,S R2 G2 R2 M1 P N2 D1 N2 S,S N2 P N2 D1 P M1 G2 R2 M1 R2 G2 M1 R2 G2 S,S R₂ G₂ R₂ M₁ P N₂ D₁ N₂ Ṡ,S N₂ P N₂ D₁ P M₁ G₂ R₂ M₁ R₂ G₂ M₁ R₂ G₂ Ṡ,False
tamodini,TAmOdini,tAmOdini,20,NaTabhairavi,S R2 G2 M1 D1 S,S N2 D1 P M1 G2 R2,S R₂ G₂ M₁ D₁ Ṡ,S N₂ D₁ P M₁ G₂ R₂,False
tamohini,TAmOhini,tAmOhini,20,NaTabhairavi,S R2 G2 M1 D1 S,S N2 D1 P M1 G2 R2 S,S R₂ G₂ M₁ D₁ Ṡ,S N₂ D₁ P M₁ G₂ R₂ Ṡ,False
tamokini,TAmOkini,tAmOkini,20,NaTabhairavi,S R2 G2 M1 D1 S,S N2 D1 P M1 G2 R2 S,S R₂ G₂ M₁ D₁ Ṡ,S N₂ D₁ P M₁ G₂ R₂ Ṡ,False
tirukkilatti,TirukkiLatti,tirukkiLatti,20,NaTabhairavi,S G2 P D1 S,S N2 P G2 R2 S,S G₂ P D₁ Ṡ,S N₂ P G₂ R₂ Ṡ,False
tivravardhini,TIvravardhini,tIvravardhini,20,NaTabhairavi,S G2 P D1 N2 D1 S,S N2 D1 M1 G2 R2 S,S G₂ P D₁ N₂ D₁ Ṡ,S N₂ D₁ M₁ G₂ R₂ Ṡ,False
tuyamanju,TUyamanju,tUyamanju,20,NaTabhairavi,S R2 G2 P D1 S,S N2 M1 G2 S,S R₂ G₂ P D₁ Ṡ,S N₂ M₁ G₂ Ṡ,False
udayabhairavi,Udayabhairavi,udayabhairavi,20,NaTabhairavi,S G2 M1 P N2 S,S N2 P M1 G2 S,S G₂ M₁ P N₂ Ṡ,S N₂ P M₁ G₂ Ṡ,False
udayacandrika,UdayacandrikA,udayacandrikA,20,NaTabhairavi,S R2 G2 M1 P D1 N2 S,S D1 P M1 R2 S,S R₂ G₂ M₁ P D₁ N₂ Ṡ,S D₁ P M₁ R₂ Ṡ,False
udayaravi,Udayaravi,udayaravi,20,NaTabhairavi,S G2 M1 P N2 S,S N2 D1 P M1 G2 S,S G₂ M₁ P N₂ Ṡ,S N₂ D₁ P M₁ G₂ Ṡ,False
udayaravi,Udayaravi,udayaravi,20,NaTabhairavi,S G2 M1 P N2 S,S N2 P M1 G2 S,S G₂ M₁ P N₂ Ṡ,S N₂ P M₁ G₂ Ṡ,False
udayaravicandrika,UdayaravicandrikA,udayaravicandrikA,20,NaTabhairavi,S G2 M1 P N2 S,S N2 P M1 G2 S,S G₂ M₁ P N₂ Ṡ,S N₂ P M₁ G₂ Ṡ,False
udayaravicandrika,UdayaravicandrikA,udayaravicandrikA,20,NaTabhairavi,S R2 G2 M1 P D1 N2 S,S D1 P M1 R2 S,S R₂ G₂ M₁ P D₁ N₂ Ṡ,S D₁ P M₁ R₂ Ṡ,False
udayaravicandrika,UdayaravicandrikA,udayaravicandrikA,20,NaTabhairavi,S R2 M1 P S N2 S,S N2 P M1 G2 M1 R2 S,S R₂ M₁ P Ṡ N₂ Ṡ,S N₂ P M₁ G₂ M₁ R₂ Ṡ,False
vadacandrika,VAdacandrikA,vAdacandrikA,20,NaTabhairavi,S R2 M1 P D1 N2 S,S N2 P M1 R2 S,S R₂ M₁ P D₁ N₂ Ṡ,S N₂ P M₁ R₂ Ṡ,False
varnikadari,VarNikadari,varNikadari,20,NaTabhairavi,S R2 G2 M1 P D1 N2 S,S N2 D1 P M1 R2 S,S R₂ G₂ M₁ P D₁ N₂ Ṡ,S N₂ D₁ P M₁ R₂ Ṡ,False
vasantavarali,VasantavarALi,vasantavarALi,20,NaTabhairavi,S R2 M1 P D1 N2,D1 P G2 R2 S,S R₂ M₁ P D₁ N₂,D₁ P G₂ R₂ Ṡ,False
vasantavarali,VasantavarALi,vasantavarALi,20,NaTabhairavi,S R2 M1 P D1 N2,N2 D1 P G2 R2 S N2,S R₂ M₁ P D₁ N₂,N₂ D₁ P G₂ R₂ Ṡ N₂,False
vasantavarali,VasantavarALi,vasantavarALi,20,NaTabhairavi,S R2 M1 P D1 S,S N2 D1 P G2 R2 S,S R₂ M₁ P D₁ Ṡ,S N₂ D₁ P G₂ R₂ Ṡ,False
vasavariti,VAsavarIti,vAsavarIti,20,NaTabhairavi,S R2 G2 M1 P D1 N2 S,S N2 D1 P M1 D1 M1 G2 R2 S,S R₂ G₂ M₁ P D₁ N₂ Ṡ,S N₂ D₁ P M₁ D₁ M₁ G₂ R₂ Ṡ,False
venugaravam,VENugaravam,vENugaravam,20,NaTabhairavi,S R2 M1 G2 M1 P N2 S,S N2 D1 P M1 G2 M1 R2 S,S R₂ M₁ G₂ M₁ P N₂ Ṡ,S N₂ D₁ P M₁ G₂ M₁ R₂ Ṡ,False
vipramati,Vipramati,vipramati,20,NaTabhairavi,S R2 M1 P D1 S,S N2 D1 P M1 R2 S,S R₂ M₁ P D₁ Ṡ,S N₂ D₁ P M₁ R₂ Ṡ,False
viragantaravam,VIragaNTAravam,vIragaNTAravam,20,NaTabhairavi,S M1 P D1 N2 S,S N2 D1 P M1 G2 R2 G2 M1 G2 S,S M₁ P D₁ N₂ Ṡ,S N₂ D₁ P M₁ G₂ R₂ G₂ M₁ G₂ Ṡ,False
yazhvallon,YAzhvallOn,yAzhvallOn,20,NaTabhairavi,S R2 G2 M1 D1 S,S D1 M1 G2 R2 S,S R₂ G₂ M₁ D₁ Ṡ,S D₁ M₁ G₂ R₂ Ṡ,False
yogabhairavi,YOgabhairavi,yOgabhairavi,20,NaTabhairavi,S R2 G2 M1 P D1 S,S N2 D1 P R2 S,S R₂ G₂ M₁ P D₁ Ṡ,S N₂ D₁ P R₂ Ṡ,False
keeranaavali,KeeraNaavaLi,keeraNaavaLi,21,KeeravaaNi,S R2 G2 M1 P D1 N3 S,S D1 P M1 G2 R2 S,S R₂ G₂ M₁ P D₁ N₃ Ṡ,S D₁ P M₁ G₂ R₂ Ṡ,False
abherini,AbhEriNi,AbhEriNi,21,KeeravaaNi,S R2 G2 M1 P N3 S,S N3 P M1 R2 S,S R₂ G₂ M₁ P N₃ Ṡ,S N₃ P M₁ R₂ Ṡ,False
bhanupriya,BhAnupriyA,bhAnupriyA,21,KeeravaaNi,S R2 G2 D1 N3 S,S N3 D1 G2 R2 S,S R₂ G₂ D₁ N₃ Ṡ,S N₃ D₁ G₂ R₂ Ṡ,False
candra,Candra,candra,21,KeeravaaNi,S G2 M1 D1 N3 S,S N3 D1 M1 G2 S,S G₂ M₁ D₁ N₃ Ṡ,S N₃ D₁ M₁ G₂ Ṡ,False
candrakauns,Candrakauns,candrakauns,21,KeeravaaNi,S G2 M1 D1 N3 S,S N3 D1 M1 G2 S,S G₂ M₁ D₁ N₃ Ṡ,S N₃ D₁ M₁ G₂ Ṡ,False
candrika,CandrikA,candrikA,21,KeeravaaNi,S R2 G2 P D1 N3 S,S N3 D1 P G2 R2 S,S R₂ G₂ P D₁ N₃ Ṡ,S N₃ D₁ P G₂ R₂ Ṡ,False
divyabharanam,DivyabharaNam,divyabharaNam,21,KeeravaaNi,S R2 G2 M1 P N3 S,S N3 P M1 G2 R2 S,S R₂ G₂ M₁ P N₃ Ṡ,S N₃ P M₁ G₂ R₂ Ṡ,False
gaganabhupalam,GaganabhUpALam,gaganabhUpALam,21,KeeravaaNi,S M1 G2 M1 P D1 N3 S,S N3 D1 M1 G2 R2 S,S M₁ G₂ M₁ P D₁ N₃ Ṡ,S N₃ D₁ M₁ G₂ R₂ Ṡ,False
ganitavinodini,GaNitavinOdini,gaNitavinOdini,21,KeeravaaNi,S G2 M1 P N3 S,S N3 D1 P M1 G2 R2 S,S G₂ M₁ P N₃ Ṡ,S N₃ D₁ P M₁ G₂ R₂ Ṡ,False
gaurishankar,GaurIshankar,gaurIshankar,21,KeeravaaNi,S R2 M1 P D1 S,S N3 P M1 G2 S,S R₂ M₁ P D₁ Ṡ,S N₃ P M₁ G₂ Ṡ,False
gunabhadra,GuNabhadra,guNabhadra,21,KeeravaaNi,S G2 M1 P N3 S,S N3 D1 P M1 G2 R2 S,S G₂ M₁ P N₃ Ṡ,S N₃ D₁ P M₁ G₂ R₂ Ṡ,False
gunakangiya,GuNakAngiya,guNakAngiya,21,KeeravaaNi,S R2 M1 P N3 S,S N3 D1 P M1 G2 R2 S,S R₂ M₁ P N₃ Ṡ,S N₃ D₁ P M₁ G₂ R₂ Ṡ,False
halakthabharana,HalakthabharaNa,halakthabharaNa,21,KeeravaaNi,S R2 G2 M1 P D1 N3 S,S N3 P M1 R2 M1 G2 S,S R₂ G₂ M₁ P D₁ N₃ Ṡ,S N₃ P M₁ R₂ M₁ G₂ Ṡ,False
hamsapancamam,Hamsapancamam,hamsapancamam,21,KeeravaaNi,S R2 G2 M1 P N3 D1 N3 P S,S N3 D1 M1 G2 R2 S,S R₂ G₂ M₁ P N₃ D₁ N₃ P Ṡ,S N₃ D₁ M₁ G₂ R₂ Ṡ,False
hatakabharanam,HATakabharaNam,hATakabharaNam,21,KeeravaaNi,S R2 G2 M1 P D1 N3 S,S N3 P M1 R2 M1 G2 S,S R₂ G₂ M₁ P D₁ N₃ Ṡ,S N₃ P M₁ R₂ M₁ G₂ Ṡ,False
indudhavali,IndudhavaLi,indudhavaLi,21,KeeravaaNi,S R2 G2 M1 S M1 P D1 N3 S,S N3 D1 P M1 G2 S,S R₂ G₂ M₁ Ṡ M₁ P D₁ N₃ Ṡ,S N₃ D₁ P M₁ G₂ Ṡ,False
induhavali,InduhavaLi,induhavaLi,21,KeeravaaNi,S R2 G2 M1 S M1 P D1 N3 S,S N3 D1 P M1 G2 S,S R₂ G₂ M₁ Ṡ M₁ P D₁ N₃ Ṡ,S N₃ D₁ P M₁ G₂ Ṡ,False
induhavali,InduhavaLi,induhavaLi,21,KeeravaaNi,S R2 M1 P D1 N3 S,S N3 D1 P M1 G2 R2 S,S R₂ M₁ P D₁ N₃ Ṡ,S N₃ D₁ P M₁ G₂ R₂ Ṡ,False
jayashri,JayashrI,jayashrI,21,KeeravaaNi,S R2 G2 M1 P D1 N3 D1 S,S N3 D1 P M1 G2 R2 S,S R₂ G₂ M₁ P D₁ N₃ D₁ Ṡ,S N₃ D₁ P M₁ G₂ R₂ Ṡ,False
jayashri,JayashrI,jayashrI,21,KeeravaaNi,S R2 G2 M1 P D1 N3 S,S N3 D1 P M1 P G2 R2 S,S R₂ G₂ M₁ P D₁ N₃ Ṡ,S N₃ D₁ P M₁ P G₂ R₂ Ṡ,False
kadaram,Kadaram,kadaram,21,KeeravaaNi,S G2 M1 D1 N3 S,S N3 D1 M1 G2 S,S G₂ M₁ D₁ N₃ Ṡ,S N₃ D₁ M₁ G₂ Ṡ,False
kaikavan,Kaikavan,kaikavan,21,KeeravaaNi,S G2 P N3 S,S D1 M1 R2 S,S G₂ P N₃ Ṡ,S D₁ M₁ R₂ Ṡ,False
kaikavashi,Kaikavashi,kaikavashi,21,KeeravaaNi,S R2 G2 M1 P D1 N3 S,S N3 P M1 G2 R2 S,S R₂ G₂ M₁ P D₁ N₃ Ṡ,S N₃ P M₁ G₂ R₂ Ṡ,False
kaikesi,KaikEsi,kaikEsi,21,KeeravaaNi,S R2 M1 D1 S,S N3 P G2 S,S R₂ M₁ D₁ Ṡ,S N₃ P G₂ Ṡ,False
kalyanavasantam,KalyANavasantam,kalyANavasantam,21,KeeravaaNi,S G2 M1 D1 N3 S,S N3 D1 P G2 R2 S,S G₂ M₁ D₁ N₃ Ṡ,S N₃ D₁ P G₂ R₂ Ṡ,False
kalyanavasantam,KalyANavasantam,kalyANavasantam,21,KeeravaaNi,S G2 M1 D1 N3 S,S N3 D1 P M1 G2 R2 S,S G₂ M₁ D₁ N₃ Ṡ,S N₃ D₁ P M₁ G₂ R₂ Ṡ,False
kalyanavasantam,KalyANavasantam,kalyANavasantam,21,KeeravaaNi,S G2 M1 P D1 N3 S,S D1 S N3 P M1 P G2 R2 S,S G₂ M₁ P D₁ N₃ Ṡ,S D₁ Ṡ N₃ P M₁ P G₂ R₂ Ṡ,False
kalyanavasantam,KalyANavasantam,kalyANavasantam,21,KeeravaaNi,S M1 G2 M1 P D1 N3 S,S N3 D1 P M1 G2 R2 S,S M₁ G₂ M₁ P D₁ N₃ Ṡ,S N₃ D₁ P M₁ G₂ R₂ Ṡ,False
kalyanavasantam,KalyANavasantam,kalyANavasantam,21,KeeravaaNi,S R2 G2 M1 D1 N3 S,S N3 D1 P M1 G2 R2 S,S R₂ G₂ M₁ D₁ N₃ Ṡ,S N₃ D₁ P M₁ G₂ R₂ Ṡ,False
kanakabhupala,KanakabhUpALa,kanakabhUpALa,21,KeeravaaNi,S M1 G2 M1 P D1 N3 S,S N3 D1 M1 G2 R2 S,S M₁ G₂ M₁ P D₁ N₃ Ṡ,S N₃ D₁ M₁ G₂ R₂ Ṡ,False
kandari,Kandari,kandari,21,KeeravaaNi,S G2 M1 D1 N3 S,S N3 D1 M1 G2 S,S G₂ M₁ D₁ N₃ Ṡ,S N₃ D₁ M₁ G₂ Ṡ,False
karnatakadevagandhari,KarnATakadEvagAndhAri,karnATakadEvagAndhAri,21,KeeravaaNi,N3 S G2 M1 P D1,P M1 G2 R2 S N3,N₃ Ṡ G₂ M₁ P D₁,P M₁ G₂ R₂ Ṡ N₃,False
karnatakadevagandhari,KarnATakadEvagAndhAri,karnATakadEvagAndhAri,21,KeeravaaNi,N3 S G2 M1 P,D1 P M1 G2 R2 S N3,N₃ Ṡ G₂ M₁ P,D₁ P M₁ G₂ R₂ Ṡ N₃,False
karnatakadevagandhari,KarnATakadEvagAndhAri,karnATakadEvagAndhAri,21,KeeravaaNi,S G2 M1 P D1 S,S N3 D1 M1 G2 S,S G₂ M₁ P D₁ Ṡ,S N₃ D₁ M₁ G₂ Ṡ,False
karnatakadevagandhari,KarnATakadEvagAndhAri,karnATakadEvagAndhAri,21,KeeravaaNi,S G2 M1 P D1 S,S N3 D1 P M1 G2 R2 S,S G₂ M₁ P D₁ Ṡ,S N₃ D₁ P M₁ G₂ R₂ Ṡ,False
kataram,KaTAram,kaTAram,21,KeeravaaNi,S G2 M1 D1 N3 S,S N3 D1 M1 G2 S,S G₂ M₁ D₁ N₃ Ṡ,S N₃ D₁ M₁ G₂ Ṡ,False
kazhiyan,KAzhiyan,kAzhiyan,21,KeeravaaNi,S R2 M1 P D1 N3 S,S N3 D1 P M1 R2 S,S R₂ M₁ P D₁ N₃ Ṡ,S N₃ D₁ P M₁ R₂ Ṡ,False
kedam,KEdam,kEdam,21,KeeravaaNi,S R2 M1 D1 S,S N3 D1 M1 G2 R2 S,S R₂ M₁ D₁ Ṡ,S N₃ D₁ M₁ G₂ R₂ Ṡ,False
kedilam,KeDilam,keDilam,21,KeeravaaNi,S R2 G2 M1 P N3 S,S D1 M1 G2 S,S R₂ G₂ M₁ P N₃ Ṡ,S D₁ M₁ G₂ Ṡ,False
kediyan,KeDiyan,keDiyan,21,KeeravaaNi,S R2 G2 M1 D1 N3 S,S D1 P G2 S,S R₂ G₂ M₁ D₁ N₃ Ṡ,S D₁ P G₂ Ṡ,False
kesharam,KEsharam,kEsharam,21,KeeravaaNi,S R2 G2 P S,S N3 D1 P M1 G2 S,S R₂ G₂ P Ṡ,S N₃ D₁ P M₁ G₂ Ṡ,False
kesharar,KEsharar,kEsharar,21,KeeravaaNi,S G2 M1 P S,S N3 D1 P M1 R2 S,S G₂ M₁ P Ṡ,S N₃ D₁ P M₁ R₂ Ṡ,False
keshavam,KEshavam,kEshavam,21,KeeravaaNi,S R2 M1 P S,S N3 D1 P M1 G2 S,S R₂ M₁ P Ṡ,S N₃ D₁ P M₁ G₂ Ṡ,False
ketana,KEtana,kEtana,21,KeeravaaNi,S R2 G2 P N3 S,S D1 M1 R2 S,S R₂ G₂ P N₃ Ṡ,S D₁ M₁ R₂ Ṡ,False
kettirapalan,KEttirapAlan,kEttirapAlan,21,KeeravaaNi,S R2 G2 P S,S N3 D1 M1 G2 S,S R₂ G₂ P Ṡ,S N₃ D₁ M₁ G₂ Ṡ,False
ketu,KEtu,kEtu,21,KeeravaaNi,S R2 G2 M1 D1 S,S N3 P G2 S,S R₂ G₂ M₁ D₁ Ṡ,S N₃ P G₂ Ṡ,False
ketumalam,KEtumAlam,kEtumAlam,21,KeeravaaNi,S G2 M1 D1 N3 S,S D1 M1 R2 S,S G₂ M₁ D₁ N₃ Ṡ,S D₁ M₁ R₂ Ṡ,False
ketumalan,KEtumAlan,kEtumAlan,21,KeeravaaNi,S G2 P D1 S,S N3 P M1 R2 S,S G₂ P D₁ Ṡ,S N₃ P M₁ R₂ Ṡ,False
keturu,KEturu,kEturu,21,KeeravaaNi,S R2 M1 P S,S N3 D1 P G2 S,S R₂ M₁ P Ṡ,S N₃ D₁ P G₂ Ṡ,False
kiranavali,KIraNAvaLi,kIraNAvaLi,21,KeeravaaNi,S P M1 P D1 P D1 N3 S,S N3 P D1 P M1 P G2 R2 S,S P M₁ P D₁ P D₁ N₃ Ṡ,S N₃ P D₁ P M₁ P G₂ R₂ Ṡ,False
kiranavali,KIraNAvaLi,kIraNAvaLi,21,KeeravaaNi,S R2 G2 M1 P D1 N3 S,S D1 P M1 G2 R2 S,S R₂ G₂ M₁ P D₁ N₃ Ṡ,S D₁ P M₁ G₂ R₂ Ṡ,False
kiranavali,KIraNAvaLi,kIraNAvaLi,21,KeeravaaNi,S R2 G2 M1 P D1 N3 S,S P M1 G2 R2 S,S R₂ G₂ M₁ P D₁ N₃ Ṡ,S P M₁ G₂ R₂ Ṡ,False
kiranivali,KiraNivaLi,kiraNivaLi,21,KeeravaaNi,S R2 G2 M1 P D1 N3 S,S P M1 G2 R2 S,S R₂ G₂ M₁ P D₁ N₃ Ṡ,S P M₁ G₂ R₂ Ṡ,False
kiravani,KIravANi,kIravANi,21,KeeravaaNi,S R2 G2 M1 P D1 N3 S,S N3 D1 P M1 G2 R2 S,S R₂ G₂ M₁ P D₁ N₃ Ṡ,S N₃ D₁ P M₁ G₂ R₂ Ṡ,False
kucciram,Kucciram,kucciram,21,KeeravaaNi,S R2 M1 D1 S,S N3 D1 P M1 G2 R2 S,S R₂ M₁ D₁ Ṡ,S N₃ D₁ P M₁ G₂ R₂ Ṡ,False
kuceshaya,KucEshaya,kucEshaya,21,KeeravaaNi,S R2 G2 M1 P D1 N3 S,S N3 D1 P M1 G2 S,S R₂ G₂ M₁ P D₁ N₃ Ṡ,S N₃ D₁ P M₁ G₂ Ṡ,False
kudakkon,KuDakkOn,kuDakkOn,21,KeeravaaNi,S R2 G2 M1 D1 N3 S,S N3 D1 P M1 G2 R2 S,S R₂ G₂ M₁ D₁ N₃ Ṡ,S N₃ D₁ P M₁ G₂ R₂ Ṡ,False
kudamadal,KuDamADal,kuDamADal,21,KeeravaaNi,S R2 G2 M1 P D1 N3 S,S N3 P M1 R2 S,S R₂ G₂ M₁ P D₁ N₃ Ṡ,S N₃ P M₁ R₂ Ṡ,False
kudanayakan,KUDanAyakan,kUDanAyakan,21,KeeravaaNi,S R2 G2 P D1 N3 S,S N3 D1 P M1 G2 R2 S,S R₂ G₂ P D₁ N₃ Ṡ,S N₃ D₁ P M₁ G₂ R₂ Ṡ,False
kudatti,KuDatti,kuDatti,21,KeeravaaNi,S R2 G2 M1 P D1 N3 S,S N3 P M1 G2 S,S R₂ G₂ M₁ P D₁ N₃ Ṡ,S N₃ P M₁ G₂ Ṡ,False
kudiraiyali,KudiraiyALi,kudiraiyALi,21,KeeravaaNi,S G2 M1 P D1 N3 S,S N3 D1 P M1 G2 S,S G₂ M₁ P D₁ N₃ Ṡ,S N₃ D₁ P M₁ G₂ Ṡ,False
kuku,Kuku,kuku,21,KeeravaaNi,S R2 G2 M1 P D1 N3 S,S N3 P M1 G2 R2 S,S R₂ G₂ M₁ P D₁ N₃ Ṡ,S N₃ P M₁ G₂ R₂ Ṡ,False
kulabhusani,KulabhUSaNi,kulabhUSaNi,21,KeeravaaNi,S R2 G2 M1 P N3 S,S D1 P M1 G2 R2 S,S R₂ G₂ M₁ P N₃ Ṡ,S D₁ P M₁ G₂ R₂ Ṡ,False
kulakkottan,KuLakkOTTAn,kuLakkOTTAn,21,KeeravaaNi,S R2 G2 M1 P D1 N3 S,S P M1 G2 S,S R₂ G₂ M₁ P D₁ N₃ Ṡ,S P M₁ G₂ Ṡ,False
kumanan,KumaNan,kumaNan,21,KeeravaaNi,S G2 M1 P D1 N3 S,S N3 P M1 R2 S,S G₂ M₁ P D₁ N₃ Ṡ,S N₃ P M₁ R₂ Ṡ,False
kumaru,Kumaru,kumaru,21,KeeravaaNi,S R2 G2 M1 D1 N3 S,S N3 P M1 G2 S,S R₂ G₂ M₁ D₁ N₃ Ṡ,S N₃ P M₁ G₂ Ṡ,False
kumbal,Kumbal,kumbal,21,KeeravaaNi,S R2 M1 P D1 N3 S,S N3 P G2 S,S R₂ M₁ P D₁ N₃ Ṡ,S N₃ P G₂ Ṡ,False
kumbala,KumbaLA,kumbaLA,21,KeeravaaNi,S R2 G2 P N3 S,S N3 D1 P M1 R2 S,S R₂ G₂ P N₃ Ṡ,S N₃ D₁ P M₁ R₂ Ṡ,False
kumbalamosu,KumbaLamOsu,kumbaLamOsu,21,KeeravaaNi,S G2 M1 P N3 S,S N3 D1 P M1 R2 S,S G₂ M₁ P N₃ Ṡ,S N₃ D₁ P M₁ R₂ Ṡ,False
kumudasahayan,KumudasahAyan,kumudasahAyan,21,KeeravaaNi,S R2 G2 P D1 N3 S,S N3 P M1 R2 S,S R₂ G₂ P D₁ N₃ Ṡ,S N₃ P M₁ R₂ Ṡ,False
kundaka,KuNDaka,kuNDaka,21,KeeravaaNi,S R2 G2 P D1 S,S N3 D1 P M1 G2 R2 S,S R₂ G₂ P D₁ Ṡ,S N₃ D₁ P M₁ G₂ R₂ Ṡ,False
kunjam,Kunjam,kunjam,21,KeeravaaNi,S G2 M1 P D1 N3 S,S N3 D1 P M1 G2 R2 S,S G₂ M₁ P D₁ N₃ Ṡ,S N₃ D₁ P M₁ G₂ R₂ Ṡ,False
kunjaradhvani,Kunjaradhvani,kunjaradhvani,21,KeeravaaNi,S R2 M1 P D1 N3 S,S N3 D1 P M1 G2 R2 S,S R₂ M₁ P D₁ N₃ Ṡ,S N₃ D₁ P M₁ G₂ R₂ Ṡ,False
kunrendi,KunrEndi,kunrEndi,21,KeeravaaNi,S R2 G2 P S,S N3 D1 P M1 G2 R2 S,S R₂ G₂ P Ṡ,S N₃ D₁ P M₁ G₂ R₂ Ṡ,False
kunri,Kunri,kunri,21,KeeravaaNi,S R2 M1 P S,S N3 D1 P M1 G2 R2 S,S R₂ M₁ P Ṡ,S N₃ D₁ P M₁ G₂ R₂ Ṡ,False
kusumavali,KusumAvaLi,kusumAvaLi,21,KeeravaaNi,S G2 M1 P D1 S,S N3 D1 P M1 G2 M1 R2 S,S G₂ M₁ P D₁ Ṡ,S N₃ D₁ P M₁ G₂ M₁ R₂ Ṡ,False
kusumba,Kusumba,kusumba,21,KeeravaaNi,S R2 G2 M1 P D1 N3 S,S N3 D1 M1 G2 R2 S,S R₂ G₂ M₁ P D₁ N₃ Ṡ,S N₃ D₁ M₁ G₂ R₂ Ṡ,False
kuvalayanandam,Kuvalayanandam,kuvalayanandam,21,KeeravaaNi,S R2 G2 M1 P S,S N3 D1 M1 G2 S,S R₂ G₂ M₁ P Ṡ,S N₃ D₁ M₁ G₂ Ṡ,False
kuyilruliru,KuyilruLiru,kuyilruLiru,21,KeeravaaNi,S R2 G2 M1 P D1 N3 S,S D1 M1 G2 S,S R₂ G₂ M₁ P D₁ N₃ Ṡ,S D₁ M₁ G₂ Ṡ,False
madhavi,MAdhavi,mAdhavi,21,KeeravaaNi,S M1 G2 M1 P D1 N3 S,S N3 D1 P M1 G2 R2 S,S M₁ G₂ M₁ P D₁ N₃ Ṡ,S N₃ D₁ P M₁ G₂ R₂ Ṡ,False
madhavi,MAdhavi,mAdhavi,21,KeeravaaNi,S M1 G2 M1 P D1 N3 S,S N3 D1 P M1 P M1 G2 R2 S,S M₁ G₂ M₁ P D₁ N₃ Ṡ,S N₃ D₁ P M₁ P M₁ G₂ R₂ Ṡ,False
madhavi,MAdhavi,mAdhavi,21,KeeravaaNi,S M1 G2 M1 P D1 N3 S,S N3 D1 P M1 S M1 G2 R2 S,S M₁ G₂ M₁ P D₁ N₃ Ṡ,S N₃ D₁ P M₁ Ṡ M₁ G₂ R₂ Ṡ,False
madhavi,MAdhavi,mAdhavi,21,KeeravaaNi,S R2 G2 M1 D1 N3 D1 P M1 D1 N3 S,S N3 P G2 R2 S,S R₂ G₂ M₁ D₁ N₃ D₁ P M₁ D₁ N₃ Ṡ,S N₃ P G₂ R₂ Ṡ,False
makuccari,MAkuccari,mAkuccari,21,KeeravaaNi,S R2 G2 M1 P N3 S,S N3 D1 P M1 G2 R2 S,S R₂ G₂ M₁ P N₃ Ṡ,S N₃ D₁ P M₁ G₂ R₂ Ṡ,False
mukkanni,MukkaNNI,mukkaNNI,21,KeeravaaNi,S R2 G2 P N3 S,S N3 P G2 R2 S,S R₂ G₂ P N₃ Ṡ,S N₃ P G₂ R₂ Ṡ,False
nadasanjivi,NAdasanjIvi,nAdasanjIvi,21,KeeravaaNi,S R2 G2 M1 D1 N3 S,S N3 D1 M1 G2 S,S R₂ G₂ M₁ D₁ N₃ Ṡ,S N₃ D₁ M₁ G₂ Ṡ,False
nadasanjivi,NAdasanjIvi,nAdasanjIvi,21,KeeravaaNi,S R2 G2 M1 D1 N3 S,S N3 D1 P M1 G2 S,S R₂ G₂ M₁ D₁ N₃ Ṡ,S N₃ D₁ P M₁ G₂ Ṡ,False
nagadipakam,NAgadIpakam,nAgadIpakam,21,KeeravaaNi,S R2 G2 M1 P S,S N3 D1 M1 G2 S,S R₂ G₂ M₁ P Ṡ,S N₃ D₁ M₁ G₂ Ṡ,False
nagadipakam,NAgadIpakam,nAgadIpakam,21,KeeravaaNi,S R2 G2 M1 P S,S N3 D1 P M1 G2 S,S R₂ G₂ M₁ P Ṡ,S N₃ D₁ P M₁ G₂ Ṡ,False
nagasanjivini,NAgasanjIvini,nAgasanjIvini,21,KeeravaaNi,S R2 G2 M1 D1 N3 S,S N3 D1 M1 G2 S,S R₂ G₂ M₁ D₁ N₃ Ṡ,S N₃ D₁ M₁ G₂ Ṡ,False
nagasanjivini,NAgasanjIvini,nAgasanjIvini,21,KeeravaaNi,S R2 G2 M1 D1 N3 S,S N3 D1 P M1 G2 S,S R₂ G₂ M₁ D₁ N₃ Ṡ,S N₃ D₁ P M₁ G₂ Ṡ,False
nepala,NEpALa,nEpALa,21,KeeravaaNi,S R2 M1 G2 M1 P N3 S,S N3 D1 P M1 R2 S,S R₂ M₁ G₂ M₁ P N₃ Ṡ,S N₃ D₁ P M₁ R₂ Ṡ,False
pilu,PIlU,pIlU,21,KeeravaaNi,N3 S G2 M1 P,P M1 G2 R2 S N3,N₃ Ṡ G₂ M₁ P,P M₁ G₂ R₂ Ṡ N₃,False
puspamanohari,PuSpamanOhari,puSpamanOhari,21,KeeravaaNi,S M1 G2 P D1 N3 D1 S,S N3 D1 M1 G2 R2 S,S M₁ G₂ P D₁ N₃ D₁ Ṡ,S N₃ D₁ M₁ G₂ R₂ Ṡ,False
risipriya,RiSipriyA,riSipriyA,21,KeeravaaNi,S R2 G2 M1 P N3 S,S N3 P M1 G2 R2 S,S R₂ G₂ M₁ P N₃ Ṡ,S N₃ P M₁ G₂ R₂ Ṡ,False
samantasalavi,SAmantasALavi,sAmantasALavi,21,KeeravaaNi,S G2 M1 P D1 S,S N3 D1 P M1 G2 R2 S,S G₂ M₁ P D₁ Ṡ,S N₃ D₁ P M₁ G₂ R₂ Ṡ,False
samantasalavi,SAmantasALavi,sAmantasALavi,21,KeeravaaNi,S R2 G2 M1 P D1 S,S N3 D1 P M1 G2 R2 S,S R₂ G₂ M₁ P D₁ Ṡ,S N₃ D₁ P M₁ G₂ R₂ Ṡ,False
samapriya,SamapriyA,samapriyA,21,KeeravaaNi,S R2 M1 P D1 S,S D1 P M1 R2 S,S R₂ M₁ P D₁ Ṡ,S D₁ P M₁ R₂ Ṡ,False
sambhramalila,SambhramalIlA,sambhramalIlA,21,KeeravaaNi,S R2 M1 P D1 S,S N3 D1 P M1 G2 R2 S,S R₂ M₁ P D₁ Ṡ,S N₃ D₁ P M₁ G₂ R₂ Ṡ,False
sambhramalilakara,SambhramalIlAkAra,sambhramalIlAkAra,21,KeeravaaNi,S R2 M1 P D1 S,S N3 D1 P M1 G2 R2 S,S R₂ M₁ P D₁ Ṡ,S N₃ D₁ P M₁ G₂ R₂ Ṡ,False
sanjivini,SanjIvini,sanjIvini,21,KeeravaaNi,S G2 R2 G2 M1 P D1 N3 S,S N3 D1 P M1 G2 R2 S,S G₂ R₂ G₂ M₁ P D₁ N₃ Ṡ,S N₃ D₁ P M₁ G₂ R₂ Ṡ,False
sanjivini,SanjIvini,sanjIvini,21,KeeravaaNi,S R2 G2 G2 M1 P N3 S,S N3 D1 P M1 G2 R2 S,S R₂ G₂ G₂ M₁ P N₃ Ṡ,S N₃ D₁ P M₁ G₂ R₂ Ṡ,False
sanjivini,SanjIvini,sanjIvini,21,KeeravaaNi,S R2 M1 P N3 D1 N3 P S,S D1 M1 P M1 G2 R2 S,S R₂ M₁ P N₃ D₁ N₃ P Ṡ,S D₁ M₁ P M₁ G₂ R₂ Ṡ,False
sanjivini,SanjIvini,sanjIvini,21,KeeravaaNi,S R2 S G2 M1 P N3 S,S N3 D1 N3 P M1 G2 R2 S,S R₂ Ṡ G₂ M₁ P N₃ Ṡ,S N₃ D₁ N₃ P M₁ G₂ R₂ Ṡ,False
sarasavahini,SarasavAhini,sarasavAhini,21,KeeravaaNi,S R2 G2 R2 M1 P D1 N3 S,S D1 P M1 G2 R2 S,S R₂ G₂ R₂ M₁ P D₁ N₃ Ṡ,S D₁ P M₁ G₂ R₂ Ṡ,False
shibika,Shibika,shibika,21,KeeravaaNi,S R2 G2 P N3 S,S N3 P G2 R2 S,S R₂ G₂ P N₃ Ṡ,S N₃ P G₂ R₂ Ṡ,False
shricandrika,ShrIcandrikA,shrIcandrikA,21,KeeravaaNi,S R2 G2 P D1 N3 S,S N3 D1 P G2 R2 S,S R₂ G₂ P D₁ N₃ Ṡ,S N₃ D₁ P G₂ R₂ Ṡ,False
shrikeshavapriya,ShrIkEshavapriyA,shrIkEshavapriyA,21,KeeravaaNi,S G2 M1 D1 S,S N3 P M1 G2 R2 S,S G₂ M₁ D₁ Ṡ,S N₃ P M₁ G₂ R₂ Ṡ,False
shrivelavali,ShrIvELAvaLi,shrIvELAvaLi,21,KeeravaaNi,S R2 M1 P D1 S,S N3 D1 P G2 R2 S,S R₂ M₁ P D₁ Ṡ,S N₃ D₁ P G₂ R₂ Ṡ,False
shrotasvini,ShrOtAsvini,shrOtAsvini,21,KeeravaaNi,S G2 M1 P N3 S,S N3 P M1 G2 S,S G₂ M₁ P N₃ Ṡ,S N₃ P M₁ G₂ Ṡ,False
somagiri,SOmagiri,sOmagiri,21,KeeravaaNi,N3 S R2 G2 M1 P D1,P M1 G2 R2 S N3 S,N₃ Ṡ R₂ G₂ M₁ P D₁,P M₁ G₂ R₂ Ṡ N₃ Ṡ,False
somagiri,SOmagiri,sOmagiri,21,KeeravaaNi,N3 S R2 G2 M1 P D1,P M1 G2 R2 S N3,N₃ Ṡ R₂ G₂ M₁ P D₁,P M₁ G₂ R₂ Ṡ N₃,False
ukavani,UkavANi,ukavANi,21,KeeravaaNi,S R2 G2 M1 D1 N3 S,S N3 D1 M1 G2 R2 S,S R₂ G₂ M₁ D₁ N₃ Ṡ,S N₃ D₁ M₁ G₂ R₂ Ṡ,False
varite,VaritE,varitE,21,KeeravaaNi,S G2 P D1 S,S N3 D1 P G2 S,S G₂ P D₁ Ṡ,S N₃ D₁ P G₂ Ṡ,False
vasantamanohari,VasantamanOhari,vasantamanOhari,21,KeeravaaNi,S R2 G2 M1 D1 N3 S,S N3 D1 M1 G2 R2 S,S R₂ G₂ M₁ D₁ N₃ Ṡ,S N₃ D₁ M₁ G₂ R₂ Ṡ,False
vasumati,Vasumati,vasumati,21,KeeravaaNi,S R2 P D1 N3 S,S N3 D1 P R2 S,S R₂ P D₁ N₃ Ṡ,S N₃ D₁ P R₂ Ṡ,False
shreeraagam,Shreeraagam,shreeraagam,22,Kharaharapriya,S R2 M1 P N2 S,S N2 P M1 R2 G2 R2 S,S R₂ M₁ P N₂ Ṡ,S N₂ P M₁ R₂ G₂ R₂ Ṡ,False
abhogi,AbhOgi,AbhOgi,22,Kharaharapriya,S R2 G2 M1 D2 S,S D2 M1 G2 R2 S,S R₂ G₂ M₁ D₂ Ṡ,S D₂ M₁ G₂ R₂ Ṡ,False
abhogi,AbhOgi,AbhOgi,22,Kharaharapriya,S R2 G2 M1 P D2 S,S D2 M1 G2 R2 S,S R₂ G₂ M₁ P D₂ Ṡ,S D₂ M₁ G₂ R₂ Ṡ,False
agnikopa,AgnikOpa,agnikOpa,22,Kharaharapriya,S G2 M1 P N2 S,S N2 P M1 G2 R2 S,S G₂ M₁ P N₂ Ṡ,S N₂ P M₁ G₂ R₂ Ṡ,False
anandavaridhi,AnandavAridhi,AnandavAridhi,22,Kharaharapriya,S R2 M1 P N2 D2 P S,S N2 D2 P M1 G2 R2 S,S R₂ M₁ P N₂ D₂ P Ṡ,S N₂ D₂ P M₁ G₂ R₂ Ṡ,False
andolika,AndOlikA,AndOlikA,22,Kharaharapriya,S R2 M1 P N2 S,S N2 D2 M1 R2 S,S R₂ M₁ P N₂ Ṡ,S N₂ D₂ M₁ R₂ Ṡ,False
anilavali,Anilavali,anilavali,22,Kharaharapriya,S R2 G2 M1 P N2 D2 N2 S,S N2 P M1 R2 S,S R₂ G₂ M₁ P N₂ D₂ N₂ Ṡ,S N₂ P M₁ R₂ Ṡ,False
anjanavati,Anjanavati,anjanavati,22,Kharaharapriya,S R2 G2 M1 P D2 S,S D2 P M1 G2 R2 S,S R₂ G₂ M₁ P D₂ Ṡ,S D₂ P M₁ G₂ R₂ Ṡ,False
arunacandrika,AruNacandrikA,aruNacandrikA,22,Kharaharapriya,S G2 M1 P N2 S,S N2 P D2 P M1 G2 R2 S,S G₂ M₁ P N₂ Ṡ,S N₂ P D₂ P M₁ G₂ R₂ Ṡ,False
arunacandrika,AruNacandrikA,aruNacandrikA,22,Kharaharapriya,S G2 M1 P N2 S,S N2 P D2 P M1 G2 S,S G₂ M₁ P N₂ Ṡ,S N₂ P D₂ P M₁ G₂ Ṡ,False
arunacandrika,AruNacandrikA,aruNacandrikA,22,Kharaharapriya,S R2 G2 P N2 S,S N2 P M1 G2 S,S R₂ G₂ P N₂ Ṡ,S N₂ P M₁ G₂ Ṡ,False
aryamati,Aryamati,Aryamati,22,Kharaharapriya,S R2 G2 P D2 S,S N2 D2 P D2 M1 G2 R2 S,S R₂ G₂ P D₂ Ṡ,S N₂ D₂ P D₂ M₁ G₂ R₂ Ṡ,False
badakarani,BaDakaraNi,baDakaraNi,22,Kharaharapriya,S R2 G2 M1 P D2 N2 S,S D2 P M1 G2 R2 S,S R₂ G₂ M₁ P D₂ N₂ Ṡ,S D₂ P M₁ G₂ R₂ Ṡ,False
bageshri,BAgEshrI,bAgEshrI,22,Kharaharapriya,S R2 G2 M1 D2 N2 S,S N2 D2 P D2 N2 D2 M1 G2 R2 S,S R₂ G₂ M₁ D₂ N₂ Ṡ,S N₂ D₂ P D₂ N₂ D₂ M₁ G₂ R₂ Ṡ,False
bageshrikanada,BagEshrIkAnaDA,bagEshrIkAnaDA,22,Kharaharapriya,S R2 G2 M1 D2 N2 S,S N2 D2 D2 N2 P M1 G2 M1 R2 S,S R₂ G₂ M₁ D₂ N₂ Ṡ,S N₂ D₂ D₂ N₂ P M₁ G₂ M₁ R₂ Ṡ,False
bairagibhairav,BairAgibhairav,bairAgibhairav,22,Kharaharapriya,S R2 M1 P N2 S,S N2 P M1 R2 S,S R₂ M₁ P N₂ Ṡ,S N₂ P M₁ R₂ Ṡ,False
balacandrika,BAlacandrikA,bAlacandrikA,22,Kharaharapriya,S G2 M1 P D2 N2 S,S N2 D2 M1 G2 R2 S,S G₂ M₁ P D₂ N₂ Ṡ,S N₂ D₂ M₁ G₂ R₂ Ṡ,False
balaghosi,BAlaghOSi,bAlaghOSi,22,Kharaharapriya,S R2 G2 M1 N2 D2 S,S N2 D2 P M1 G2 R2 S,S R₂ G₂ M₁ N₂ D₂ Ṡ,S N₂ D₂ P M₁ G₂ R₂ Ṡ,False
balaghosi,BAlaghOSi,bAlaghOSi,22,Kharaharapriya,S R2 G2 P M1 N2 D2 S,S N2 D2 P M1 G2 R2 S,S R₂ G₂ P M₁ N₂ D₂ Ṡ,S N₂ D₂ P M₁ G₂ R₂ Ṡ,False
balanandini,BAlanandini,bAlanandini,22,Kharaharapriya,S R2 G2 M1 P N2 S,S N2 P M1 G2 R2 S,S R₂ G₂ M₁ P N₂ Ṡ,S N₂ P M₁ G₂ R₂ Ṡ,False
bhadrasarangalila,BhadrasArangalIlA,bhadrasArangalIlA,22,Kharaharapriya,S R2 G2 M1 P D2 P N2 S,S D2 P M1 R2 S,S R₂ G₂ M₁ P D₂ P N₂ Ṡ,S D₂ P M₁ R₂ Ṡ,False
bhadrasarangalila,BhadrasArangalIlA,bhadrasArangalIlA,22,Kharaharapriya,S R2 G2 M1 P D2 P N2 S,S N2 D2 P M1 R2 S,S R₂ G₂ M₁ P D₂ P N₂ Ṡ,S N₂ D₂ P M₁ R₂ Ṡ,False
bhagavatpriya,BhagavatpriyA,bhagavatpriyA,22,Kharaharapriya,S R2 G2 M1 R2 M1 P D2 N2 S,S N2 D2 P M1 R2 S,S R₂ G₂ M₁ R₂ M₁ P D₂ N₂ Ṡ,S N₂ D₂ P M₁ R₂ Ṡ,False
bhagyaranjani,BhAgyaranjani,bhAgyaranjani,22,Kharaharapriya,S R2 G2 M1 D2 N2 S,S D2 N2 P M1 R2 G2 M1 R2 S,S R₂ G₂ M₁ D₂ N₂ Ṡ,S D₂ N₂ P M₁ R₂ G₂ M₁ R₂ Ṡ,False
bhagyaranjani,BhAgyaranjani,bhAgyaranjani,22,Kharaharapriya,S R2 G2 M1 D2 N2 S,S P M1 G2 R2 S,S R₂ G₂ M₁ D₂ N₂ Ṡ,S P M₁ G₂ R₂ Ṡ,False
bhimpalas,BhImpalAs,bhImpalAs,22,Kharaharapriya,S N2 S G2 M1 P N2 S,S N2 D2 P M1 G2 R2 S,S N₂ Ṡ G₂ M₁ P N₂ Ṡ,S N₂ D₂ P M₁ G₂ R₂ Ṡ,False
bhogakannada,BhOgakannaDa,bhOgakannaDa,22,Kharaharapriya,S R2 G2 M1 P D2 N2 P S,S N2 D2 N2 P M1 G2 M1 R2 G2 S,S R₂ G₂ M₁ P D₂ N₂ P Ṡ,S N₂ D₂ N₂ P M₁ G₂ M₁ R₂ G₂ Ṡ,False
bhogavati,BhOgavati,bhOgavati,22,Kharaharapriya,S R2 G2 M1 N2 S,S N2 M1 G2 R2 S,S R₂ G₂ M₁ N₂ Ṡ,S N₂ M₁ G₂ R₂ Ṡ,False
bhogeshvari,BhOgEshvari,bhOgEshvari,22,Kharaharapriya,S R2 G2 M1 P D2 N2 P S,S N2 D2 N2 P M1 G2 M1 R2 G2 S,S R₂ G₂ M₁ P D₂ N₂ P Ṡ,S N₂ D₂ N₂ P M₁ G₂ M₁ R₂ G₂ Ṡ,False
bhramarambikamanjari,BhramarAmbikamanjari,bhramarAmbikamanjari,22,Kharaharapriya,S G2 M1 P D2 N2 S,S N2 D2 P D2 M1 G2 R2 S,S G₂ M₁ P D₂ N₂ Ṡ,S N₂ D₂ P D₂ M₁ G₂ R₂ Ṡ,False
bhramarikamanjari,Bhramarikamanjari,bhramarikamanjari,22,Kharaharapriya,S G2 M1 P D2 N2 S,S N2 D2 P M1 G2 R2 S,S G₂ M₁ P D₂ N₂ Ṡ,S N₂ D₂ P M₁ G₂ R₂ Ṡ,False
bhuyomani,BhUyOmaNi,bhUyOmaNi,22,Kharaharapriya,S G2 M1 D2 N2 S,S N2 P M1 G2 R2 S,S G₂ M₁ D₂ N₂ Ṡ,S N₂ P M₁ G₂ R₂ Ṡ,False
bhuyomani,BhUyOmaNi,bhUyOmaNi,22,Kharaharapriya,S G2 M1 P D2 N2 S,S N2 P M1 G2 R2 S,S G₂ M₁ P D₂ N₂ Ṡ,S N₂ P M₁ G₂ R₂ Ṡ,False
brndavanasalaga,BrndAvanasALaga,brndAvanasALaga,22,Kharaharapriya,S G2 R2 M1 P N2 S,S N2 P M1 R2 G2 S,S G₂ R₂ M₁ P N₂ Ṡ,S N₂ P M₁ R₂ G₂ Ṡ,False
brndavanasaranga,BrndAvanasAranga,brndAvanasAranga,22,Kharaharapriya,S R2 G2 M1 P N2 S,S N2 P M1 G2 R2 S,S R₂ G₂ M₁ P N₂ Ṡ,S N₂ P M₁ G₂ R₂ Ṡ,False
brndavanasaranga,BrndAvanasAranga,brndAvanasAranga,22,Kharaharapriya,S R2 M1 P N2 S,S N2 P M1 G2 S,S R₂ M₁ P N₂ Ṡ,S N₂ P M₁ G₂ Ṡ,False
brndavanasaranga,BrndAvanasAranga,brndAvanasAranga,22,Kharaharapriya,S R2 M1 P N2 S,S N2 P M1 R2 G2 S,S R₂ M₁ P N₂ Ṡ,S N₂ P M₁ R₂ G₂ Ṡ,False
brndavanasaranga,BrndAvanasAranga,brndAvanasAranga,22,Kharaharapriya,S R2 M1 P N2 S,S N2 P M1 R2 M1 R2 G2 R2 S,S R₂ M₁ P N₂ Ṡ,S N₂ P M₁ R₂ M₁ R₂ G₂ R₂ Ṡ,False
brndavanasaranga,BrndAvanasAranga,brndAvanasAranga,22,Kharaharapriya,S R2 M1 P N2 S,S N2 P M1 R2 S,S R₂ M₁ P N₂ Ṡ,S N₂ P M₁ R₂ Ṡ,False
brndavani,BrndAvani,brndAvani,22,Kharaharapriya,S R2 M1 P N2 S,N2 P M1 R2 S,S R₂ M₁ P N₂ Ṡ,N₂ P M₁ R₂ Ṡ,False
brndavani,BrndAvani,brndAvani,22,Kharaharapriya,S R2 M1 P N2 S,S N2 P M1 R2 G2 R2 S,S R₂ M₁ P N₂ Ṡ,S N₂ P M₁ R₂ G₂ R₂ Ṡ,False
budhamayura,BudhamayUra,budhamayUra,22,Kharaharapriya,S G2 R2 G2 M1 N2 D2 N2 S,S N2 P M1 G2 R2 S,S G₂ R₂ G₂ M₁ N₂ D₂ N₂ Ṡ,S N₂ P M₁ G₂ R₂ Ṡ,False
cakra,Cakra,cakra,22,Kharaharapriya,S R2 M1 P N2 S,S N2 P M1 G2 S,S R₂ M₁ P N₂ Ṡ,S N₂ P M₁ G₂ Ṡ,False
cakrapradipta,CakrapradIpta,cakrapradIpta,22,Kharaharapriya,S R2 G2 M1 P D2 N2 S,S N2 D2 M1 G2 S,S R₂ G₂ M₁ P D₂ N₂ Ṡ,S N₂ D₂ M₁ G₂ Ṡ,False
cakrapradipta,CakrapradIpta,cakrapradIpta,22,Kharaharapriya,S R2 G2 P M1 D2 N2 S,S N2 D2 M1 G2 S,S R₂ G₂ P M₁ D₂ N₂ Ṡ,S N₂ D₂ M₁ G₂ Ṡ,False
candrakala,CandrakalA,candrakalA,22,Kharaharapriya,S R2 G2 M1 P M1 D2 N2 S,S D2 P M1 G2 S,S R₂ G₂ M₁ P M₁ D₂ N₂ Ṡ,S D₂ P M₁ G₂ Ṡ,False
candrakala,CandrakalA,candrakalA,22,Kharaharapriya,S R2 G2 M1 P M1 D2 N2 S,S N2 D2 P G2 M1 S,S R₂ G₂ M₁ P M₁ D₂ N₂ Ṡ,S N₂ D₂ P G₂ M₁ Ṡ,False
candramandanam,Candramandanam,candramandanam,22,Kharaharapriya,S R2 G2 M1 P M1 D2 N2 S,S N2 P M1 G2 M1 R2 S,S R₂ G₂ M₁ P M₁ D₂ N₂ Ṡ,S N₂ P M₁ G₂ M₁ R₂ Ṡ,False
candrodari,CandrOdari,candrOdari,22,Kharaharapriya,S G2 R2 G2 M1 P D2 N2 P S,S N2 D2 M1 G2 R2 S,S G₂ R₂ G₂ M₁ P D₂ N₂ P Ṡ,S N₂ D₂ M₁ G₂ R₂ Ṡ,False
caravali,CarAvaLi,carAvaLi,22,Kharaharapriya,S R2 G2 P D2 S,S N2 D2 P G2 R2 S,S R₂ G₂ P D₂ Ṡ,S N₂ D₂ P G₂ R₂ Ṡ,False
carumati,CArumati,cArumati,22,Kharaharapriya,S R2 G2 M1 D2 N2 S,S N2 D2 M1 G2 S,S R₂ G₂ M₁ D₂ N₂ Ṡ,S N₂ D₂ M₁ G₂ Ṡ,False
carumati,CArumati,cArumati,22,Kharaharapriya,S R2 G2 M1 P D2 N2 S,S N2 D2 M1 G2 S,S R₂ G₂ M₁ P D₂ N₂ Ṡ,S N₂ D₂ M₁ G₂ Ṡ,False
catam,CAtam,cAtam,22,Kharaharapriya,S G2 M1 P D2 S,S N2 D2 P M1 G2 M1 R2 S,S G₂ M₁ P D₂ Ṡ,S N₂ D₂ P M₁ G₂ M₁ R₂ Ṡ,False
cenduruti,Cenduruti,cenduruti,22,Kharaharapriya,S R2 M1 P N2 S,S N2 P M1 R2 S,S R₂ M₁ P N₂ Ṡ,S N₂ P M₁ R₂ Ṡ,False
chatra,ChAtrA,chAtrA,22,Kharaharapriya,S R2 M1 P N2 S,S N2 P M1 G2 S,S R₂ M₁ P N₂ Ṡ,S N₂ P M₁ G₂ Ṡ,False
chatravati,ChAtravati,chAtravati,22,Kharaharapriya,S G2 M1 P D2 S,S N2 D2 P M1 G2 M1 R2 S,S G₂ M₁ P D₂ Ṡ,S N₂ D₂ P M₁ G₂ M₁ R₂ Ṡ,False
chayashobhitam,ChAyAshobhitam,chAyAshobhitam,22,Kharaharapriya,S R2 G2 M1 P D2 S,S N2 D2 P M1 D2 M1 G2 R2 S,S R₂ G₂ M₁ P D₂ Ṡ,S N₂ D₂ P M₁ D₂ M₁ G₂ R₂ Ṡ,False
chayasobhitam,ChAyAsObhitam,chAyAsObhitam,22,Kharaharapriya,S R2 G2 M1 P D2 S,S N2 D2 P M1 D2 M1 R2 G2 R2 S,S R₂ G₂ M₁ P D₂ Ṡ,S N₂ D₂ P M₁ D₂ M₁ R₂ G₂ R₂ Ṡ,False
cittaranjani,Cittaranjani,cittaranjani,22,Kharaharapriya,S G2 R2 G2 M1 P D2 N2,N2 D2 P M1 G2 R2 S N2,S G₂ R₂ G₂ M₁ P D₂ N₂,N₂ D₂ P M₁ G₂ R₂ Ṡ N₂,False
cittaranjani,Cittaranjani,cittaranjani,22,Kharaharapriya,S R2 G2 M1 P D2 N2,N2 D2 P M1 G2 R2 S,S R₂ G₂ M₁ P D₂ N₂,N₂ D₂ P M₁ G₂ R₂ Ṡ,False
cittasena,CittasEnA,cittasEnA,22,Kharaharapriya,S G2 R2 G2 M1 P D2 S,S N2 D2 M1 P M1 R2 G2 R2 S,S G₂ R₂ G₂ M₁ P D₂ Ṡ,S N₂ D₂ M₁ P M₁ R₂ G₂ R₂ Ṡ,False
darbar,DarbAr,darbAr,22,Kharaharapriya,S R2 G2 M1 P D2 N2 S,S N2 D2 P M1 G2 R2 S,S R₂ G₂ M₁ P D₂ N₂ Ṡ,S N₂ D₂ P M₁ G₂ R₂ Ṡ,False
darbar,DarbAr,darbAr,22,Kharaharapriya,S R2 M1 P D2 N2 S,S N2 D2 M1 M1 P D2 P G2 R2,S R₂ M₁ P D₂ N₂ Ṡ,S N₂ D₂ M₁ M₁ P D₂ P G₂ R₂,False
darbar,DarbAr,darbAr,22,Kharaharapriya,S R2 M1 P D2 N2 S,S N2 D2 P M1 G2 M1 R2 S,S R₂ M₁ P D₂ N₂ Ṡ,S N₂ D₂ P M₁ G₂ M₁ R₂ Ṡ,False
darbar,DarbAr,darbAr,22,Kharaharapriya,S R2 M1 P D2 N2 S,S N2 D2 P M1 P D2 G2 R2 S,S R₂ M₁ P D₂ N₂ Ṡ,S N₂ D₂ P M₁ P D₂ G₂ R₂ Ṡ,False
darbar,DarbAr,darbAr,22,Kharaharapriya,S R2 M1 P D2 N2 S,S N2 D2 P M1 R2 G2 G2 R2 S,S R₂ M₁ P D₂ N₂ Ṡ,S N₂ D₂ P M₁ R₂ G₂ G₂ R₂ Ṡ,False
darbar,DarbAr,darbAr,22,Kharaharapriya,S R2 M1 P D2 N2 S,S N2 D2 P M1 R2 G2 R2 S,S R₂ M₁ P D₂ N₂ Ṡ,S N₂ D₂ P M₁ R₂ G₂ R₂ Ṡ,False
darbar,DarbAr,darbAr,22,Kharaharapriya,S R2 M1 P D2 N2 S,S N2 D2 P M1 R2 M1 G2 R2 S,S R₂ M₁ P D₂ N₂ Ṡ,S N₂ D₂ P M₁ R₂ M₁ G₂ R₂ Ṡ,False
darbar,DarbAr,darbAr,22,Kharaharapriya,S R2 M1 P D2 N2 S,S N2 S D2 P M1 R2 G2 G2 R2,S R₂ M₁ P D₂ N₂ Ṡ,S N₂ Ṡ D₂ P M₁ R₂ G₂ G₂ R₂,False
darbar,DarbAr,darbAr,22,Kharaharapriya,S R2 M1 P N2 S,S N2 D2 P M1 R2 G2 G2 R2 S,S R₂ M₁ P N₂ Ṡ,S N₂ D₂ P M₁ R₂ G₂ G₂ R₂ Ṡ,False
dayavati,DayAvati,dayAvati,22,Kharaharapriya,S R2 G2 P N2 S,S N2 P M1 G2 S,S R₂ G₂ P N₂ Ṡ,S N₂ P M₁ G₂ Ṡ,False
deshyakanada,DEshyakAnaDa,dEshyakAnaDa,22,Kharaharapriya,S R2 G2 M1 D2 N2 S,S N2 P G2 M1 R2 S,S R₂ G₂ M₁ D₂ N₂ Ṡ,S N₂ P G₂ M₁ R₂ Ṡ,False
deshyakannada,DEshyakannaDa,dEshyakannaDa,22,Kharaharapriya,R2 G2 M1 P D2 N2 S,S N2 P G2 M1 R2 S,R₂ G₂ M₁ P D₂ N₂ Ṡ,S N₂ P G₂ M₁ R₂ Ṡ,False
deshyakapi,DEshyakApi,dEshyakApi,22,Kharaharapriya,S R2 M1 P N2 P S,S N2 D2 N2 P M1 G2 R2 S N2 S,S R₂ M₁ P N₂ P Ṡ,S N₂ D₂ N₂ P M₁ G₂ R₂ Ṡ N₂ Ṡ,False
deshyakapi,DEshyakApi,dEshyakApi,22,Kharaharapriya,S R2 M1 P N2 S,S N2 D2 N2 P M1 G2 R2 S,S R₂ M₁ P N₂ Ṡ,S N₂ D₂ N₂ P M₁ G₂ R₂ Ṡ,False
deshyamanohari,DEshyamanOhari,dEshyamanOhari,22,Kharaharapriya,S R2 G2 M1 P D2 S,S N2 P M1 G2 R2 S,S R₂ G₂ M₁ P D₂ Ṡ,S N₂ P M₁ G₂ R₂ Ṡ,False
devagandharam,DEvagAndhAram,dEvagAndhAram,22,Kharaharapriya,S G2 M1 P N2 S,S N2 D2 P G2 M1 R2 S,S G₂ M₁ P N₂ Ṡ,S N₂ D₂ P G₂ M₁ R₂ Ṡ,False
devagandhari,DEvagAndhAri,dEvagAndhAri,22,Kharaharapriya,S G2 M1 P D2 S,S N2 D2 P M1 G2 R2 S,S G₂ M₁ P D₂ Ṡ,S N₂ D₂ P M₁ G₂ R₂ Ṡ,False
devagandhari,DEvagAndhAri,dEvagAndhAri,22,Kharaharapriya,S R2 S G2 M1 P D2 P N2 S,S N2 D2 P M1 G2 R2 S,S R₂ Ṡ G₂ M₁ P D₂ P N₂ Ṡ,S N₂ D₂ P M₁ G₂ R₂ Ṡ,False
devagandhari,DEvagAndhAri,dEvagAndhAri,22,Kharaharapriya,S R2 S G2 M1 P P N2 S,S N2 D2 P M1 G2 R2 S,S R₂ Ṡ G₂ M₁ P P N₂ Ṡ,S N₂ D₂ P M₁ G₂ R₂ Ṡ,False
devakriya,DEvakriyA,dEvakriyA,22,Kharaharapriya,S G2 R2 G2 M1 P D2 N2 D2 S,S N2 D2 P M1 G2 R2 G2 S,S G₂ R₂ G₂ M₁ P D₂ N₂ D₂ Ṡ,S N₂ D₂ P M₁ G₂ R₂ G₂ Ṡ,False
devamanohari,DEvamanOhari,dEvamanOhari,22,Kharaharapriya,S R2 M1 P D2 N2 P M1 P N2,S N2 D2 N2 P M1 R2 S,S R₂ M₁ P D₂ N₂ P M₁ P N₂,S N₂ D₂ N₂ P M₁ R₂ Ṡ,False
devamanohari,DEvamanOhari,dEvamanOhari,22,Kharaharapriya,S R2 M1 P D2 N2 S,S N2 D2 N2 P M1 G2 R2 S,S R₂ M₁ P D₂ N₂ Ṡ,S N₂ D₂ N₂ P M₁ G₂ R₂ Ṡ,False
devamanohari,DEvamanOhari,dEvamanOhari,22,Kharaharapriya,S R2 M1 P D2 N2 S,S N2 D2 N2 P M1 R2 S,S R₂ M₁ P D₂ N₂ Ṡ,S N₂ D₂ N₂ P M₁ R₂ Ṡ,False
devamanohari,DEvamanOhari,dEvamanOhari,22,Kharaharapriya,S R2 M1 P D2 N2 S,S N2 P M1 R2 S,S R₂ M₁ P D₂ N₂ Ṡ,S N₂ P M₁ R₂ Ṡ,False
devamanohari,DEvamanOhari,dEvamanOhari,22,Kharaharapriya,S R2 M1 P N2 D2 N2 S,S N2 D2 M1 G2 R2 S,S R₂ M₁ P N₂ D₂ N₂ Ṡ,S N₂ D₂ M₁ G₂ R₂ Ṡ,False
devamanohari,DEvamanOhari,dEvamanOhari,22,Kharaharapriya,S R2 M1 P N2 D2 N2 S,S N2 D2 P M1 G2 R2 S,S R₂ M₁ P N₂ D₂ N₂ Ṡ,S N₂ D₂ P M₁ G₂ R₂ Ṡ,False
devamrtavarsani,DEvAmrtavarSaNi,dEvAmrtavarSaNi,22,Kharaharapriya,S R2 G2 M1 N2 D2 N2 S,S N2 D2 P M1 G2 R2 S,S R₂ G₂ M₁ N₂ D₂ N₂ Ṡ,S N₂ D₂ P M₁ G₂ R₂ Ṡ,False
devamukhari,DEvamukhAri,dEvamukhAri,22,Kharaharapriya,S R2 G2 M1 P D2 N2 S,S N2 D2 M1 P M1 R2 G2 M1 R2 S,S R₂ G₂ M₁ P D₂ N₂ Ṡ,S N₂ D₂ M₁ P M₁ R₂ G₂ M₁ R₂ Ṡ,False
devaranjani,DEvaranjani,dEvaranjani,22,Kharaharapriya,S G2 M1 P D2 N2 S,S N2 D2 M1 G2 R2 S,S G₂ M₁ P D₂ N₂ Ṡ,S N₂ D₂ M₁ G₂ R₂ Ṡ,False
devaranjani,DEvaranjani,dEvaranjani,22,Kharaharapriya,S G2 R2 M1 P D2 N2 S,S D2 P M1 G2 R2 S,S G₂ R₂ M₁ P D₂ N₂ Ṡ,S D₂ P M₁ G₂ R₂ Ṡ,False
devaranjani,DEvaranjani,dEvaranjani,22,Kharaharapriya,S R2 G2 M1 P D2 N2 S,S D2 P M1 G2 R2 S,S R₂ G₂ M₁ P D₂ N₂ Ṡ,S D₂ P M₁ G₂ R₂ Ṡ,False
dhanakapi,DhanakApi,dhanakApi,22,Kharaharapriya,M1 P D2 N2 S R2 G2 R2 G2 M1,P M1 G2 R2 S N2 D2 P D2 N2 S,M₁ P D₂ N₂ Ṡ R₂ G₂ R₂ G₂ M₁,P M₁ G₂ R₂ Ṡ N₂ D₂ P D₂ N₂ Ṡ,False
dhanyasi,DhanyAsi,dhanyAsi,22,Kharaharapriya,S G2 M1 P N2 S,S N2 P M1 G2 S,S G₂ M₁ P N₂ Ṡ,S N₂ P M₁ G₂ Ṡ,False
dharmaprakashini,DharmaprakAshini,dharmaprakAshini,22,Kharaharapriya,S R2 M1 P N2 S,S D2 M1 G2 R2 S,S R₂ M₁ P N₂ Ṡ,S D₂ M₁ G₂ R₂ Ṡ,False
dhatumanohari,DhAtumanOhari,dhAtumanOhari,22,Kharaharapriya,S R2 M1 P D2 N2 S,S N2 P M1 G2 R2 S,S R₂ M₁ P D₂ N₂ Ṡ,S N₂ P M₁ G₂ R₂ Ṡ,False
dhavalikalila,DhavaLikalIlA,dhavaLikalIlA,22,Kharaharapriya,S N2 S R2 G2 M1 P N2 D2,D2 P M1 G2 R2 S N2 S,S N₂ Ṡ R₂ G₂ M₁ P N₂ D₂,D₂ P M₁ G₂ R₂ Ṡ N₂ Ṡ,False
dhirakula,DhIrakula,dhIrakula,22,Kharaharapriya,S R2 G2 P N2 D2 S,S N2 D2 P M1 G2 R2 S,S R₂ G₂ P N₂ D₂ Ṡ,S N₂ D₂ P M₁ G₂ R₂ Ṡ,False
dhirkala,DhIrkalA,dhIrkalA,22,Kharaharapriya,S R2 G2 P N2 D2 S,S N2 D2 N2 M1 G2 R2 S,S R₂ G₂ P N₂ D₂ Ṡ,S N₂ D₂ N₂ M₁ G₂ R₂ Ṡ,False
dilipakam,DilIpakam,dilIpakam,22,Kharaharapriya,S R2 G2 R2 M1 P N2 D2 N2 P D2 N2 S,S N2 D2 P M1 G2 R2 S,S R₂ G₂ R₂ M₁ P N₂ D₂ N₂ P D₂ N₂ Ṡ,S N₂ D₂ P M₁ G₂ R₂ Ṡ,False
dilipikam,DilIpikam,dilIpikam,22,Kharaharapriya,S R2 G2 R2 M1 G2 M1 P N2 D2 S,S N2 D2 P M1 G2 R2 S,S R₂ G₂ R₂ M₁ G₂ M₁ P N₂ D₂ Ṡ,S N₂ D₂ P M₁ G₂ R₂ Ṡ,False
dilipikam,DilIpikam,dilIpikam,22,Kharaharapriya,S R2 G2 R2 M1 P N2 D2 N2 P D2 N2 S,S N2 D2 P M1 R2 G2 R2 S,S R₂ G₂ R₂ M₁ P N₂ D₂ N₂ P D₂ N₂ Ṡ,S N₂ D₂ P M₁ R₂ G₂ R₂ Ṡ,False
durga,DurgA,durgA,22,Kharaharapriya,S R2 M1 D2 P D2 S,S D2 P M1 R2 S,S R₂ M₁ D₂ P D₂ Ṡ,S D₂ P M₁ R₂ Ṡ,False
ganavasantam,GAnavasantam,gAnavasantam,22,Kharaharapriya,S R2 G2 M1 P N2 D2 S,S D2 P M1 G2 R2 S,S R₂ G₂ M₁ P N₂ D₂ Ṡ,S D₂ P M₁ G₂ R₂ Ṡ,False
ganavasantam,GAnavasantam,gAnavasantam,22,Kharaharapriya,S R2 G2 M1 P N2 D2 S,S N2 D2 P M1 G2 R2 S,S R₂ G₂ M₁ P N₂ D₂ Ṡ,S N₂ D₂ P M₁ G₂ R₂ Ṡ,False
garavasimhala,GaravasimhaLa,garavasimhaLa,22,Kharaharapriya,S G2 R2 G2 M1 P D2 N2 P D2 P S,S N2 P D2 P M1 G2 R2 S,S G₂ R₂ G₂ M₁ P D₂ N₂ P D₂ P Ṡ,S N₂ P D₂ P M₁ G₂ R₂ Ṡ,False
gaundgiri,Gaundgiri,gaundgiri,22,Kharaharapriya,S G2 M1 P N2 P S,S N2 P M1 G2 R2 S,S G₂ M₁ P N₂ P Ṡ,S N₂ P M₁ G₂ R₂ Ṡ,False
gaunti,GaunTi,gaunTi,22,Kharaharapriya,S G2 M1 P N2 S,S N2 D2 M1 R2 S,S G₂ M₁ P N₂ Ṡ,S N₂ D₂ M₁ R₂ Ṡ,False
gaurivasanta,GaurIvasanta,gaurIvasanta,22,Kharaharapriya,S R2 M1 P D2 N2 S,S N2 D2 P M1 G2 R2 G2 R2 S,S R₂ M₁ P D₂ N₂ Ṡ,S N₂ D₂ P M₁ G₂ R₂ G₂ R₂ Ṡ,False
gaurivasanta,GaurIvasanta,gaurIvasanta,22,Kharaharapriya,S R2 M1 P D2 N2 S,S N2 D2 P M1 R2 G2 R2 S,S R₂ M₁ P D₂ N₂ Ṡ,S N₂ D₂ P M₁ R₂ G₂ R₂ Ṡ,False
gauriyan,Gauriyan,gauriyan,22,Kharaharapriya,S G2 P D2 S,S N2 D2 P M1 G2 R2 S,S G₂ P D₂ Ṡ,S N₂ D₂ P M₁ G₂ R₂ Ṡ,False
gautamam,Gautamam,gautamam,22,Kharaharapriya,S R2 G2 P D2 S,S N2 D2 M1 R2 S,S R₂ G₂ P D₂ Ṡ,S N₂ D₂ M₁ R₂ Ṡ,False
ghanajaghanam,Ghanajaghanam,ghanajaghanam,22,Kharaharapriya,S R2 M1 P D2 P N2 S,S N2 P D2 N2 P M1 G2 R2 S,S R₂ M₁ P D₂ P N₂ Ṡ,S N₂ P D₂ N₂ P M₁ G₂ R₂ Ṡ,False
ghanakelini,GhanakELini,ghanakELini,22,Kharaharapriya,S G2 M1 P N2 S,S N2 D2 P M1 R2 S,S G₂ M₁ P N₂ Ṡ,S N₂ D₂ P M₁ R₂ Ṡ,False
ghanakesi,GhanakEsi,ghanakEsi,22,Kharaharapriya,S R2 G2 M1 P N2 S,S N2 D2 P M1 R2 S,S R₂ G₂ M₁ P N₂ Ṡ,S N₂ D₂ P M₁ R₂ Ṡ,False
gharavasimhala,GharavasimhaLa,gharavasimhaLa,22,Kharaharapriya,S G2 R2 G2 M1 P D2 N2 P D2,S N2 P D2 P M1 G2 R2 S,S G₂ R₂ G₂ M₁ P D₂ N₂ P D₂,S N₂ P D₂ P M₁ G₂ R₂ Ṡ,False
gopikambhoji,GOpikAmbhOji,gOpikAmbhOji,22,Kharaharapriya,S R2 G2 M1 P D2 S,S N2 D2 P M1 G2 R2 S,S R₂ G₂ M₁ P D₂ Ṡ,S N₂ D₂ P M₁ G₂ R₂ Ṡ,False
grantaviksepam,GrantavIkSEpam,grantavIkSEpam,22,Kharaharapriya,S R2 G2 M1 P D2 N2 S,S D2 P G2 R2 S,S R₂ G₂ M₁ P D₂ N₂ Ṡ,S D₂ P G₂ R₂ Ṡ,False
hanokaha,HanOkaha,hanOkaha,22,Kharaharapriya,S R2 G2 R2 M1 P M1 D2 N2 S,S N2 D2 N2 P M1 R2 G2 M1 R2 S,S R₂ G₂ R₂ M₁ P M₁ D₂ N₂ Ṡ,S N₂ D₂ N₂ P M₁ R₂ G₂ M₁ R₂ Ṡ,False
hanokaha,HanOkaha,hanOkaha,22,Kharaharapriya,S R2 G2 R2 M1 P N2 D2 N2 S,S N2 D2 N2 P M1 R2 G2 M1 R2 S,S R₂ G₂ R₂ M₁ P N₂ D₂ N₂ Ṡ,S N₂ D₂ N₂ P M₁ R₂ G₂ M₁ R₂ Ṡ,False
haridasapriya,HaridAsapriyA,haridAsapriyA,22,Kharaharapriya,S P M1 G2 M1 P N2 S,S N2 D2 N2 P M1 G2 R2 S,S P M₁ G₂ M₁ P N₂ Ṡ,S N₂ D₂ N₂ P M₁ G₂ R₂ Ṡ,False
harinarayani,HarinArAyaNi,harinArAyaNi,22,Kharaharapriya,S R2 G2 M1 P M1 D2 N2 S,S N2 P M1 G2 R2 S,S R₂ G₂ M₁ P M₁ D₂ N₂ Ṡ,S N₂ P M₁ G₂ R₂ Ṡ,False
harsakapi,HarSakApi,harSakApi,22,Kharaharapriya,S R2 G2 M1 P D2 N2 S,S N2 D2 P M1 G2 R2 S,S R₂ G₂ M₁ P D₂ N₂ Ṡ,S N₂ D₂ P M₁ G₂ R₂ Ṡ,False
hatihrsi,HatihrSi,hatihrSi,22,Kharaharapriya,S R2 G2 M1 P D2 N2 S,S D2 P M1 G2 R2 S,S R₂ G₂ M₁ P D₂ N₂ Ṡ,S D₂ P M₁ G₂ R₂ Ṡ,False
hemakharaharapriya,HEmakharaharapriyA,hEmakharaharapriyA,22,Kharaharapriya,S R2 M1 P N2 S,S N2 P M1 R2 S,S R₂ M₁ P N₂ Ṡ,S N₂ P M₁ R₂ Ṡ,False
hemavali,HEmAvaLi,hEmAvaLi,22,Kharaharapriya,S R2 G2 M1 D2 S,S N2 P M1 G2 R2 G2 S,S R₂ G₂ M₁ D₂ Ṡ,S N₂ P M₁ G₂ R₂ G₂ Ṡ,False
hindolagamini,HindOLagAmini,hindOLagAmini,22,Kharaharapriya,S G2 M1 D2 N2 S,S N2 D2 M1 G2 S,S G₂ M₁ D₂ N₂ Ṡ,S N₂ D₂ M₁ G₂ Ṡ,False
hindolavasanta,HindOLavasanta,hindOLavasanta,22,Kharaharapriya,S G2 M1 P D2 N2 D2 S,S N2 D2 P M1 D2 M1 G2 S,S G₂ M₁ P D₂ N₂ D₂ Ṡ,S N₂ D₂ P M₁ D₂ M₁ G₂ Ṡ,False
hindustanikapi,HindustAnikApi,hindustAnikApi,22,Kharaharapriya,S R2 M1 P N2 S,S N2 D2 N2 P M1 G2 R2 S,S R₂ M₁ P N₂ Ṡ,S N₂ D₂ N₂ P M₁ G₂ R₂ Ṡ,False
hurcakapi,HurcakApi,hurcakApi,22,Kharaharapriya,S R2 G2 M1 P D2 N2 S,S N2 D2 P M1 G2 R2 S,S R₂ G₂ M₁ P D₂ N₂ Ṡ,S N₂ D₂ P M₁ G₂ R₂ Ṡ,False
huseni,HusEni,husEni,22,Kharaharapriya,S R2 G2 M1 P D2 N2 S,S N2 D2 P M1 G2 R2 S,S R₂ G₂ M₁ P D₂ N₂ Ṡ,S N₂ D₂ P M₁ G₂ R₂ Ṡ,False
huseni,HusEni,husEni,22,Kharaharapriya,S R2 G2 M1 P M1 P N2 D2 N2 S,S N2 D2 P M1 G2 R2 S,S R₂ G₂ M₁ P M₁ P N₂ D₂ N₂ Ṡ,S N₂ D₂ P M₁ G₂ R₂ Ṡ,False
huseni,HusEni,husEni,22,Kharaharapriya,S R2 G2 M1 P N2 D2 N2 P D2 N2 S,S N2 D2 M1 P M1 G2 R2 S,S R₂ G₂ M₁ P N₂ D₂ N₂ P D₂ N₂ Ṡ,S N₂ D₂ M₁ P M₁ G₂ R₂ Ṡ,False
huseni,HusEni,husEni,22,Kharaharapriya,S R2 G2 M1 P N2 D2 N2 S,S N2 D2 P M1 D2 P M1 G2 R2 S,S R₂ G₂ M₁ P N₂ D₂ N₂ Ṡ,S N₂ D₂ P M₁ D₂ P M₁ G₂ R₂ Ṡ,False
huseni,HusEni,husEni,22,Kharaharapriya,S R2 G2 M1 P N2 D2 N2 S,S N2 D2 P M1 G2 R2 S,S R₂ G₂ M₁ P N₂ D₂ N₂ Ṡ,S N₂ D₂ P M₁ G₂ R₂ Ṡ,False
huseni,HusEni,husEni,22,Kharaharapriya,S R2 G2 M1 P N2 D2 N2 S,S N2 D2 P M1 P G2 R2 S,S R₂ G₂ M₁ P N₂ D₂ N₂ Ṡ,S N₂ D₂ P M₁ P G₂ R₂ Ṡ,False
huseni,HusEni,husEni,22,Kharaharapriya,S R2 G2 M1 P N2 D2 N2 S,S N2 D2 P M1 P M1 G2 R2 S,S R₂ G₂ M₁ P N₂ D₂ N₂ Ṡ,S N₂ D₂ P M₁ P M₁ G₂ R₂ Ṡ,False
huseni,HusEni,husEni,22,Kharaharapriya,S R2 G2 M1 S P M1 P N2 D2 S,S N2 D2 M1 P M1 G2 R2 S,S R₂ G₂ M₁ Ṡ P M₁ P N₂ D₂ Ṡ,S N₂ D₂ M₁ P M₁ G₂ R₂ Ṡ,False
inakarapriya,InakarapriyA,inakarapriyA,22,Kharaharapriya,S R2 G2 M1 D2 N2 S,S N2 D2 M1 G2 R2 S,S R₂ G₂ M₁ D₂ N₂ Ṡ,S N₂ D₂ M₁ G₂ R₂ Ṡ,False
jalamanjari,JAlamanjari,jAlamanjari,22,Kharaharapriya,S G2 P,S N2 P D2 P M1 R2 G2 R2 S,S G₂ P,S N₂ P D₂ P M₁ R₂ G₂ R₂ Ṡ,False
jalamanjari,JAlamanjari,jAlamanjari,22,Kharaharapriya,S R2 G2 P D2 N2 S,S N2 P D2 P M1 R2 S R2 S,S R₂ G₂ P D₂ N₂ Ṡ,S N₂ P D₂ P M₁ R₂ Ṡ R₂ Ṡ,False
janandolika,JanAndOLikA,janAndOLikA,22,Kharaharapriya,S G2 R2 G2 M1 P N2 D2 N2 P D2 N2 S,S N2 D2 M1 G2 R2 G2 M1 G2 S,S G₂ R₂ G₂ M₁ P N₂ D₂ N₂ P D₂ N₂ Ṡ,S N₂ D₂ M₁ G₂ R₂ G₂ M₁ G₂ Ṡ,False
jayaksari,JayAkSari,jayAkSari,22,Kharaharapriya,S G2 M1 P D2 S,S N2 D2 P M1 G2 R2 G2 R2 S,S G₂ M₁ P D₂ Ṡ,S N₂ D₂ P M₁ G₂ R₂ G₂ R₂ Ṡ,False
jayamanjari,Jayamanjari,jayamanjari,22,Kharaharapriya,S G2 P D2 N2 S,S N2 P D2 P M1 R2 G2 R2 S,S G₂ P D₂ N₂ Ṡ,S N₂ P D₂ P M₁ R₂ G₂ R₂ Ṡ,False
jayamanohari,JayamanOhari,jayamanOhari,22,Kharaharapriya,S R2 G2 M1 D2 N2 S,S N2 P M1 G2 R2 S,S R₂ G₂ M₁ D₂ N₂ Ṡ,S N₂ P M₁ G₂ R₂ Ṡ,False
jayamanohari,JayamanOhari,jayamanOhari,22,Kharaharapriya,S R2 G2 M1 D2 S,S N2 D2 M1 G2 R2 S,S R₂ G₂ M₁ D₂ Ṡ,S N₂ D₂ M₁ G₂ R₂ Ṡ,False
jayanarayani,JayanArAyaNi,jayanArAyaNi,22,Kharaharapriya,S R2 G2 M1 P D2 S,S N2 D2 P M1 G2 R2 S,S R₂ G₂ M₁ P D₂ Ṡ,S N₂ D₂ P M₁ G₂ R₂ Ṡ,False
jayantasena,JayantasEnA,jayantasEnA,22,Kharaharapriya,S G2 M1 D2 P M1 N2 S,S N2 D2 P M1 G2 S,S G₂ M₁ D₂ P M₁ N₂ Ṡ,S N₂ D₂ P M₁ G₂ Ṡ,False
jayantasena,JayantasEnA,jayantasEnA,22,Kharaharapriya,S G2 M1 P D2 S,S N2 D2 P M1 G2 S,S G₂ M₁ P D₂ Ṡ,S N₂ D₂ P M₁ G₂ Ṡ,False
jivikavasantam,JIvikavasantam,jIvikavasantam,22,Kharaharapriya,S R2 M1 P D2 N2 D2 S,S N2 P M1 R2 S,S R₂ M₁ P D₂ N₂ D₂ Ṡ,S N₂ P M₁ R₂ Ṡ,False
jivikavasantam,JIvikavasantam,jIvikavasantam,22,Kharaharapriya,S R2 M1 P D2 S,S N2 P M1 R2 S,S R₂ M₁ P D₂ Ṡ,S N₂ P M₁ R₂ Ṡ,False
jnanavasanta,JnAnavasanta,jnAnavasanta,22,Kharaharapriya,S R2 G2 M1 P D2 N2 S,S N2 D2 P M1 G2 R2 S,S R₂ G₂ M₁ P D₂ N₂ Ṡ,S N₂ D₂ P M₁ G₂ R₂ Ṡ,False
kaishika,Kaishika,kaishika,22,Kharaharapriya,S G2 M1 D2 N2 S,S N2 D2 M1 G2 M1 R2 S,S G₂ M₁ D₂ N₂ Ṡ,S N₂ D₂ M₁ G₂ M₁ R₂ Ṡ,False
kakavasant,KAkavasant,kAkavasant,22,Kharaharapriya,S R2 G2 M1 P N2 D2 S,S N2 D2 P M1 G2 R2 S,S R₂ G₂ M₁ P N₂ D₂ Ṡ,S N₂ D₂ P M₁ G₂ R₂ Ṡ,False
kalanidhi,KaLAnidhi,kaLAnidhi,22,Kharaharapriya,S P G2 M1 S P M1 D2 N2 S,S N2 D2 P M1 G2 R2 S,S P G₂ M₁ Ṡ P M₁ D₂ N₂ Ṡ,S N₂ D₂ P M₁ G₂ R₂ Ṡ,False
kalanidhi,KaLAnidhi,kaLAnidhi,22,Kharaharapriya,S R2 G2 M1 S M1 P D2 N2 S,S N2 D2 P M1 G2 R2 S,S R₂ G₂ M₁ Ṡ M₁ P D₂ N₂ Ṡ,S N₂ D₂ P M₁ G₂ R₂ Ṡ,False
kalasvarupi,KaLAsvarUpi,kaLAsvarUpi,22,Kharaharapriya,S R2 G2 M1 P D2 N2 P S,S N2 P G2 R2 S,S R₂ G₂ M₁ P D₂ N₂ P Ṡ,S N₂ P G₂ R₂ Ṡ,False
kalasvarupi,KaLAsvarUpi,kaLAsvarUpi,22,Kharaharapriya,S R2 G2 M1 P D2 N2 P S,S N2 P M1 G2 R2 S,S R₂ G₂ M₁ P D₂ N₂ P Ṡ,S N₂ P M₁ G₂ R₂ Ṡ,False
kalasvarupini,KalAsvarUpiNi,kalAsvarUpiNi,22,Kharaharapriya,S R2 G2 M1 P D2 N2 P S,S N2 P M1 G2 R2 S,S R₂ G₂ M₁ P D₂ N₂ P Ṡ,S N₂ P M₁ G₂ R₂ Ṡ,False
kalavali,KalAvaLi,kalAvaLi,22,Kharaharapriya,S R2 G2 M1 P S,S N2 P M1 G2 R2 S,S R₂ G₂ M₁ P Ṡ,S N₂ P M₁ G₂ R₂ Ṡ,False
kalharu,Kalharu,kalharu,22,Kharaharapriya,S R2 M1 G2 M1 P D2 P S,S D2 P M1 R2 S,S R₂ M₁ G₂ M₁ P D₂ P Ṡ,S D₂ P M₁ R₂ Ṡ,False
kalika,KAlikA,kAlikA,22,Kharaharapriya,S R2 G2 P D2 N2 S,S N2 D2 P G2 R2 S,S R₂ G₂ P D₂ N₂ Ṡ,S N₂ D₂ P G₂ R₂ Ṡ,False
kalindi,KALindi,kALindi,22,Kharaharapriya,S M1 G2 M1 P S,S N2 D2 M1 G2 R2 S,S M₁ G₂ M₁ P Ṡ,S N₂ D₂ M₁ G₂ R₂ Ṡ,False
kalindi,KALindi,kALindi,22,Kharaharapriya,S R2 G2 M1 P N2 S,S N2 P M1 G2 R2 S,S R₂ G₂ M₁ P N₂ Ṡ,S N₂ P M₁ G₂ R₂ Ṡ,False
kalyanatarangini,KalyANatarangiNi,kalyANatarangiNi,22,Kharaharapriya,S M1 G2 M1 P M1 G2 M1 N2 D2 N2 S,S N2 D2 P D2 P M1 G2 M1 R2 G2 R2 G2 G2 S,S M₁ G₂ M₁ P M₁ G₂ M₁ N₂ D₂ N₂ Ṡ,S N₂ D₂ P D₂ P M₁ G₂ M₁ R₂ G₂ R₂ G₂ G₂ Ṡ,False
kalyanatarangini,KalyANatarangiNi,kalyANatarangiNi,22,Kharaharapriya,S M1 G2 M1 P M1 N2 D2 N2 S,S N2 D2 N2 P D2 P M1 G2 M1 R2 G2 S,S M₁ G₂ M₁ P M₁ N₂ D₂ N₂ Ṡ,S N₂ D₂ N₂ P D₂ P M₁ G₂ M₁ R₂ G₂ Ṡ,False
kalyanatarangini,KalyANatarangiNi,kalyANatarangiNi,22,Kharaharapriya,S R2 G2 M1 P M1 G2 M1 N2 D2 N2 S,S N2 D2 P M1 R2 S,S R₂ G₂ M₁ P M₁ G₂ M₁ N₂ D₂ N₂ Ṡ,S N₂ D₂ P M₁ R₂ Ṡ,False
kalyanavasanta,KalyANavasanta,kalyANavasanta,22,Kharaharapriya,S R2 G2 M1 P D2 S,S D2 P M1 G2 R2 S,S R₂ G₂ M₁ P D₂ Ṡ,S D₂ P M₁ G₂ R₂ Ṡ,False
kanada,KAnaDa,kAnaDa,22,Kharaharapriya,S R2 G2 M1 D2 N2 S,S N2 D2 P M1 G2 M1 R2 S,S R₂ G₂ M₁ D₂ N₂ Ṡ,S N₂ D₂ P M₁ G₂ M₁ R₂ Ṡ,False
kanada,KAnaDa,kAnaDa,22,Kharaharapriya,S R2 G2 M1 D2 N2 S,S N2 P M1 P D2 N2 D2 P M1 G2 M1 R2 S,S R₂ G₂ M₁ D₂ N₂ Ṡ,S N₂ P M₁ P D₂ N₂ D₂ P M₁ G₂ M₁ R₂ Ṡ,False
kanada,KAnaDa,kAnaDa,22,Kharaharapriya,S R2 G2 M1 D2 N2 S,S N2 S D2 P M1 P G2 M1 R2 S,S R₂ G₂ M₁ D₂ N₂ Ṡ,S N₂ Ṡ D₂ P M₁ P G₂ M₁ R₂ Ṡ,False
kanada,KAnaDa,kAnaDa,22,Kharaharapriya,S R2 G2 M1 P M1 D2 N2 S,S N2 P M1 P D2 N2 P M1 G2 M1 R2 S,S R₂ G₂ M₁ P M₁ D₂ N₂ Ṡ,S N₂ P M₁ P D₂ N₂ P M₁ G₂ M₁ R₂ Ṡ,False
kanakavarali,KanakavarALi,kanakavarALi,22,Kharaharapriya,S R2 M1 P N2 S,S N2 D2 N2 P M1 G2 R2 S,S R₂ M₁ P N₂ Ṡ,S N₂ D₂ N₂ P M₁ G₂ R₂ Ṡ,False
kanjagana,Kanjagana,kanjagana,22,Kharaharapriya,S R2 M1 P D2 N2 S,S N2 P D2 N2 P M1 G2 R2 S,S R₂ M₁ P D₂ N₂ Ṡ,S N₂ P D₂ N₂ P M₁ G₂ R₂ Ṡ,False
kannadagaula,KannaDagauLa,kannaDagauLa,22,Kharaharapriya,S G2 M1 P N2 S,S N2 P M1 P M1 G2 S,S G₂ M₁ P N₂ Ṡ,S N₂ P M₁ P M₁ G₂ Ṡ,False
kannadagaula,KannaDagauLa,kannaDagauLa,22,Kharaharapriya,S R2 G2 M1 P D2 N2 S,S N2 P M1 G2 S,S R₂ G₂ M₁ P D₂ N₂ Ṡ,S N₂ P M₁ G₂ Ṡ,False
kannadagaula,KannaDagauLa,kannaDagauLa,22,Kharaharapriya,S R2 G2 M1 P N2 S,S N2 D2 P M1 G2 S,S R₂ G₂ M₁ P N₂ Ṡ,S N₂ D₂ P M₁ G₂ Ṡ,False
kannadamallaru,KannaDamallAru,kannaDamallAru,22,Kharaharapriya,S R2 G2 M1 P D2 S,S N2 D2 M1 G2 S,S R₂ G₂ M₁ P D₂ Ṡ,S N₂ D₂ M₁ G₂ Ṡ,False
kannadamallaru,KannaDamallAru,kannaDamallAru,22,Kharaharapriya,S R2 G2 M1 P M1 D2 N2 S,S N2 S D2 P M1 P G2 M1 R2 S,S R₂ G₂ M₁ P M₁ D₂ N₂ Ṡ,S N₂ Ṡ D₂ P M₁ P G₂ M₁ R₂ Ṡ,False
kannadavarali,KannaDavarALi,kannaDavarALi,22,Kharaharapriya,S R2 M1 P N2 S,S N2 D2 N2 P G2 R2 S,S R₂ M₁ P N₂ Ṡ,S N₂ D₂ N₂ P G₂ R₂ Ṡ,False
kapi,KApi,kApi,22,Kharaharapriya,S G2 R2 M1 P N2 S,S N2 D2 N2 P M1 G2 R2 S,S G₂ R₂ M₁ P N₂ Ṡ,S N₂ D₂ N₂ P M₁ G₂ R₂ Ṡ,False
kapi,KApi,kApi,22,Kharaharapriya,S R2 G2 M1 P D2 N2 S,N2 D2 P M1 G2 R2 S,S R₂ G₂ M₁ P D₂ N₂ Ṡ,N₂ D₂ P M₁ G₂ R₂ Ṡ,False
kapi,KApi,kApi,22,Kharaharapriya,S R2 G2 M1 P D2 N2 S,S N2 D2 P M1 G2 R2 G2 M1 R2 S,S R₂ G₂ M₁ P D₂ N₂ Ṡ,S N₂ D₂ P M₁ G₂ R₂ G₂ M₁ R₂ Ṡ,False
kapi,KApi,kApi,22,Kharaharapriya,S R2 G2 M1 P D2 N2 S,S N2 D2 P M1 G2 R2 S,S R₂ G₂ M₁ P D₂ N₂ Ṡ,S N₂ D₂ P M₁ G₂ R₂ Ṡ,False
kapi,KApi,kApi,22,Kharaharapriya,S R2 G2 M1 P D2 N2 S,S N2 D2 P M1 R2 G2 M1 R2 S,S R₂ G₂ M₁ P D₂ N₂ Ṡ,S N₂ D₂ P M₁ R₂ G₂ M₁ R₂ Ṡ,False
kapi,KApi,kApi,22,Kharaharapriya,S R2 G2 M1 P N2 S,S D2 N2 P M1 P D2 N2 P M1 R2 G2 M1 R2 S,S R₂ G₂ M₁ P N₂ Ṡ,S D₂ N₂ P M₁ P D₂ N₂ P M₁ R₂ G₂ M₁ R₂ Ṡ,False
kapi,KApi,kApi,22,Kharaharapriya,S R2 G2 M1 R2 P M1 P D2 N2 S,S N2 D2 P M1 G2 R2 S,S R₂ G₂ M₁ R₂ P M₁ P D₂ N₂ Ṡ,S N₂ D₂ P M₁ G₂ R₂ Ṡ,False
kapi,KApi,kApi,22,Kharaharapriya,S R2 G2 M1 R2 P M1 P S N2 S,S N2 D2 P M1 R2 G2 M1 R2 S,S R₂ G₂ M₁ R₂ P M₁ P Ṡ N₂ Ṡ,S N₂ D₂ P M₁ R₂ G₂ M₁ R₂ Ṡ,False
kapi,KApi,kApi,22,Kharaharapriya,S R2 M1 P N2 S,S N2 D2 N2 P M1 G2 M1 R2 S,S R₂ M₁ P N₂ Ṡ,S N₂ D₂ N₂ P M₁ G₂ M₁ R₂ Ṡ,False
kapijingala,KApijingaLa,kApijingaLa,22,Kharaharapriya,S N2 S R2 G2 M1,M1 G2 R2 S N2 D2 N2 S,S N₂ Ṡ R₂ G₂ M₁,M₁ G₂ R₂ Ṡ N₂ D₂ N₂ Ṡ,False
karani,KAraNi,kAraNi,22,Kharaharapriya,S G2 P D2 D2 N2 S,S N2 D2 P G2 S,S G₂ P D₂ D₂ N₂ Ṡ,S N₂ D₂ P G₂ Ṡ,False
karani,KAraNi,kAraNi,22,Kharaharapriya,S G2 P D2 N2 S,S N2 D2 P G2 S,S G₂ P D₂ N₂ Ṡ,S N₂ D₂ P G₂ Ṡ,False
karavasimhala,KaravasimhaLa,karavasimhaLa,22,Kharaharapriya,S G2 R2 G2 M1 P D2 N2 M1 D2,S N2 P D2 P M1 G2 R2 S,S G₂ R₂ G₂ M₁ P D₂ N₂ M₁ D₂,S N₂ P D₂ P M₁ G₂ R₂ Ṡ,False
karnaranjani,KarNaranjani,karNaranjani,22,Kharaharapriya,S R2 G2 M1 G2 P D2 S,S N2 D2 P M1 G2 R2 S,S R₂ G₂ M₁ G₂ P D₂ Ṡ,S N₂ D₂ P M₁ G₂ R₂ Ṡ,False
karnatakadevagandhari,KarnATakadEvagAndhAri,karnATakadEvagAndhAri,22,Kharaharapriya,S R2 S G2 M1 P D2 N2 S,S N2 D2 P G2 R2 S,S R₂ Ṡ G₂ M₁ P D₂ N₂ Ṡ,S N₂ D₂ P G₂ R₂ Ṡ,False
karnatakadevagandhari,KarnATakadEvagAndhAri,karnATakadEvagAndhAri,22,Kharaharapriya,S R2 S G2 M1 P D2 P N2 N2 S,S D2 P M1 G2 R2 S,S R₂ Ṡ G₂ M₁ P D₂ P N₂ N₂ Ṡ,S D₂ P M₁ G₂ R₂ Ṡ,False
karnatakakapi,KarnATakakApi,karnATakakApi,22,Kharaharapriya,S R2 G2 M1 P D2 N2 S,S N2 D2 P M1 G2 R2 S,S R₂ G₂ M₁ P D₂ N₂ Ṡ,S N₂ D₂ P M₁ G₂ R₂ Ṡ,False
karnatakakapi,KarnATakakApi,karnATakakApi,22,Kharaharapriya,S R2 G2 M1 P D2 N2 S,S N2 D2 P M1 R2 G2 M1 R2S,S R₂ G₂ M₁ P D₂ N₂ Ṡ,S N₂ D₂ P M₁ R₂ G₂ M₁ R2S,False
karnatakakapi,KarnATakakApi,karnATakakApi,22,Kharaharapriya,S R2 G2 M1 P M1 D2 N2 S,S N2 D2 P M1 G2 M1 R2 S,S R₂ G₂ M₁ P M₁ D₂ N₂ Ṡ,S N₂ D₂ P M₁ G₂ M₁ R₂ Ṡ,False
karnatakapi,KarnATakApi,karnATakApi,22,Kharaharapriya,S R2 G2 M1 P D2 N2 S,S N2 D2 P M1 G2 M1 R2 S R2 G2 M1,S R₂ G₂ M₁ P D₂ N₂ Ṡ,S N₂ D₂ P M₁ G₂ M₁ R₂ Ṡ R₂ G₂ M₁,False
karuni,KaruNi,KaruNi,22,Kharaharapriya,S G2 P D2 N2 S,S N2 D2 P G2 S,S G₂ P D₂ N₂ Ṡ,S N₂ D₂ P G₂ Ṡ,False
kathinya,KaThinya,kaThinya,22,Kharaharapriya,S R2 M1 P D2 N2 S,S N2 D2 P M1 R2 S,S R₂ M₁ P D₂ N₂ Ṡ,S N₂ D₂ P M₁ R₂ Ṡ,False
kaumodaka,KaumOdaka,kaumOdaka,22,Kharaharapriya,S R2 G2 M1 D2 N2 S,S P M1 G2 R2 S,S R₂ G₂ M₁ D₂ N₂ Ṡ,S P M₁ G₂ R₂ Ṡ,False
kaumodaki,KaumOdaki,kaumOdaki,22,Kharaharapriya,S R2 G2 M1 P D2 N2 S,S D2 P G2 S,S R₂ G₂ M₁ P D₂ N₂ Ṡ,S D₂ P G₂ Ṡ,False
kauniyar,KauNiyar,kauNiyar,22,Kharaharapriya,S R2 G2 P D2 S,S N2 P M1 G2 S,S R₂ G₂ P D₂ Ṡ,S N₂ P M₁ G₂ Ṡ,False
kaushika,Kaushika,kaushika,22,Kharaharapriya,S G2 M1 D2 N2 S,S N2 D2 M1 G2 M1 R2 S,S G₂ M₁ D₂ N₂ Ṡ,S N₂ D₂ M₁ G₂ M₁ R₂ Ṡ,False
kaushikalalita,KaushikalalitA,kaushikalalitA,22,Kharaharapriya,S G2 M1 D2 P N2 D2 N2 S,S N2 D2 M1 G2 S R2 S,S G₂ M₁ D₂ P N₂ D₂ N₂ Ṡ,S N₂ D₂ M₁ G₂ Ṡ R₂ Ṡ,False
kendaviksepa,KendavIkSEpa,kendavIkSEpa,22,Kharaharapriya,S R2 G2 M1 P D2 N2 S,S N2 D2 P M1 G2 R2 S,S R₂ G₂ M₁ P D₂ N₂ Ṡ,S N₂ D₂ P M₁ G₂ R₂ Ṡ,False
kharaharapriya,KharaharapriyA,kharaharapriyA,22,Kharaharapriya,S R2 G2 M1 P D2 N2 S,S N2 D2 P M1 G2 R2 S,S R₂ G₂ M₁ P D₂ N₂ Ṡ,S N₂ D₂ P M₁ G₂ R₂ Ṡ,False
khilavali,KhilAvaLi,khilAvaLi,22,Kharaharapriya,S R2 G2 M1 D2 S,S N2 P M1 G2 R2 S,S R₂ G₂ M₁ D₂ Ṡ,S N₂ P M₁ G₂ R₂ Ṡ,False
kiranabhaskaram,KiraNabhAskaram,kiraNabhAskaram,22,Kharaharapriya,S R2 G2 M1 N2 S,S N2 D2 P M1 D2 M1 G2 R2 S,S R₂ G₂ M₁ N₂ Ṡ,S N₂ D₂ P M₁ D₂ M₁ G₂ R₂ Ṡ,False
kitimayura,KitimayUra,kitimayUra,22,Kharaharapriya,S G2 R2 G2 M1 N2 D2 N2 S,S N2 P M1 G2 R2 S,S G₂ R₂ G₂ M₁ N₂ D₂ N₂ Ṡ,S N₂ P M₁ G₂ R₂ Ṡ,False
kodai,KOdai,kOdai,22,Kharaharapriya,S G2 M1 P N2 S,S N2 D2 P M1 G2 S,S G₂ M₁ P N₂ Ṡ,S N₂ D₂ P M₁ G₂ Ṡ,False
kodumaram,KoDumaram,koDumaram,22,Kharaharapriya,S R2 G2 M1 D2 N2 S,S N2 D2 P M1 G2 R2 S,S R₂ G₂ M₁ D₂ N₂ Ṡ,S N₂ D₂ P M₁ G₂ R₂ Ṡ,False
kodunugam,KoDunugam,koDunugam,22,Kharaharapriya,S R2 G2 M1 P N2 S,S N2 D2 P M1 G2 R2 S,S R₂ G₂ M₁ P N₂ Ṡ,S N₂ D₂ P M₁ G₂ R₂ Ṡ,False
koi,Koi,koi,22,Kharaharapriya,S R2 G2 M1 P D2 N2 S,S D2 P G2 R2 S,S R₂ G₂ M₁ P D₂ N₂ Ṡ,S D₂ P G₂ R₂ Ṡ,False
koiyyadi,KoiyyaDi,koiyyaDi,22,Kharaharapriya,S R2 G2 M1 P D2 N2 S,S D2 P M1 G2 S,S R₂ G₂ M₁ P D₂ N₂ Ṡ,S D₂ P M₁ G₂ Ṡ,False
kokali,KOkali,kOkali,22,Kharaharapriya,S R2 M1 P D2 S,S N2 D2 P M1 G2 S,S R₂ M₁ P D₂ Ṡ,S N₂ D₂ P M₁ G₂ Ṡ,False
kolesham,KOLEsham,kOLEsham,22,Kharaharapriya,S R2 G2 P N2 S,S D2 M1 G2 R2 S,S R₂ G₂ P N₂ Ṡ,S D₂ M₁ G₂ R₂ Ṡ,False
kolu,Kolu,kolu,22,Kharaharapriya,S G2 M1 P D2 S,S N2 D2 P M1 G2 R2 S,S G₂ M₁ P D₂ Ṡ,S N₂ D₂ P M₁ G₂ R₂ Ṡ,False
komaghal,KOmaghaL,kOmaghaL,22,Kharaharapriya,S R2 G2 M1 P S,S N2 D2 P M1 G2 S,S R₂ G₂ M₁ P Ṡ,S N₂ D₂ P M₁ G₂ Ṡ,False
kon,KOn,kOn,22,Kharaharapriya,S R2 G2 P N2 S,S D2 P M1 R2 S,S R₂ G₂ P N₂ Ṡ,S D₂ P M₁ R₂ Ṡ,False
kondalatti,KoNDalAtti,koNDalAtti,22,Kharaharapriya,S R2 M1 P D2 N2 S,S N2 D2 P M1 G2 R2 S,S R₂ M₁ P D₂ N₂ Ṡ,S N₂ D₂ P M₁ G₂ R₂ Ṡ,False
konkan,KoNkaN,koNkaN,22,Kharaharapriya,S G2 M1 P D2 N2 S,S N2 D2 P M1 G2 R2 S,S G₂ M₁ P D₂ N₂ Ṡ,S N₂ D₂ P M₁ G₂ R₂ Ṡ,False
kori,Kori,kori,22,Kharaharapriya,S G2 M1 P D2 N2 S,S N2 P M1 R2 S,S G₂ M₁ P D₂ N₂ Ṡ,S N₂ P M₁ R₂ Ṡ,False
korkkai,Korkkai,korkkai,22,Kharaharapriya,S R2 G2 M1 P D2 S,S N2 P G2 R2 S,S R₂ G₂ M₁ P D₂ Ṡ,S N₂ P G₂ R₂ Ṡ,False
kotram,KoTram,koTram,22,Kharaharapriya,S R2 G2 M1 P D2 S,S N2 P M1 R2 S,S R₂ G₂ M₁ P D₂ Ṡ,S N₂ P M₁ R₂ Ṡ,False
kotravaimalai,KoTravaimAlai,koTravaimAlai,22,Kharaharapriya,S R2 G2 M1 D2 N2 S,S N2 P G2 R2 S,S R₂ G₂ M₁ D₂ N₂ Ṡ,S N₂ P G₂ R₂ Ṡ,False
kotri,KoTri,koTri,22,Kharaharapriya,S G2 M1 P D2 S,S N2 D2 P M1 G2 S,S G₂ M₁ P D₂ Ṡ,S N₂ D₂ P M₁ G₂ Ṡ,False
kottuttazhvadam,KottuttAzhvaDam,kottuttAzhvaDam,22,Kharaharapriya,S R2 G2 M1 P D2 N2 S,S N2 P G2 R2 S,S R₂ G₂ M₁ P D₂ N₂ Ṡ,S N₂ P G₂ R₂ Ṡ,False
kovil,KOviL,kOviL,22,Kharaharapriya,S M1 P D2 N2 S,S N2 D2 P M1 G2 R2 S,S M₁ P D₂ N₂ Ṡ,S N₂ D₂ P M₁ G₂ R₂ Ṡ,False
krndaviksepa,KrndavIkSEpa,krndavIkSEpa,22,Kharaharapriya,S R2 G2 M1 P D2 N2 S,S D2 P G2 R2 S,S R₂ G₂ M₁ P D₂ N₂ Ṡ,S D₂ P G₂ R₂ Ṡ,False
kumudapriya,KumudapriyA,kumudapriyA,22,Kharaharapriya,S R2 G2 M1 P S,S N2 D2 N2 P M1 G2 R2 S,S R₂ G₂ M₁ P Ṡ,S N₂ D₂ N₂ P M₁ G₂ R₂ Ṡ,False
kumudapriya,KumudapriyA,kumudapriyA,22,Kharaharapriya,S R2 G2 M1 P S,S N2 D2 N2 P M1 G2 S,S R₂ G₂ M₁ P Ṡ,S N₂ D₂ N₂ P M₁ G₂ Ṡ,False
kundamulika,KundamUlikA,kundamUlikA,22,Kharaharapriya,S R2 G2 M1 D2 N2 S,S N2 D2 P M1 G2 R2 S,S R₂ G₂ M₁ D₂ N₂ Ṡ,S N₂ D₂ P M₁ G₂ R₂ Ṡ,False
lalitagandhari,LalitagAndhAri,lalitagAndhAri,22,Kharaharapriya,S R2 G2 M1 P N2 S,S N2 P M1 G2 M1 R2 S,S R₂ G₂ M₁ P N₂ Ṡ,S N₂ P M₁ G₂ M₁ R₂ Ṡ,False
lalitamanohari,LalitamanOhari,lalitamanOhari,22,Kharaharapriya,S G2 M1 P D2 N2 S,S N2 P M1 G2 R2 S,S G₂ M₁ P D₂ N₂ Ṡ,S N₂ P M₁ G₂ R₂ Ṡ,False
lavanadhari,LavanAdhari,lavanAdhari,22,Kharaharapriya,S G2 M1 P D2 S,S N2 D2 P M1 G2 R2 S,S G₂ M₁ P D₂ Ṡ,S N₂ D₂ P M₁ G₂ R₂ Ṡ,False
lavanavaridhi,LavaNavAridhi,lavaNavAridhi,22,Kharaharapriya,S G2 M1 P D2 S,S N2 D2 P M1 G2 R2 S,S G₂ M₁ P D₂ Ṡ,S N₂ D₂ P M₁ G₂ R₂ Ṡ,False
layamadhya,Layamadhya,layamadhya,22,Kharaharapriya,S R2 M1 P D2 N2 S,S D2 P M1 R2 S,S R₂ M₁ P D₂ N₂ Ṡ,S D₂ P M₁ R₂ Ṡ,False
lokendrini,LOkEndriNi,lOkEndriNi,22,Kharaharapriya,S R2 M1 P D2 S,S D2 P M1 G2 R2 S,S R₂ M₁ P D₂ Ṡ,S D₂ P M₁ G₂ R₂ Ṡ,False
lokottaramani,LOkOttaramaNi,lOkOttaramaNi,22,Kharaharapriya,S R2 M1 P D2 S,S D2 P M1 G2 R2 S,S R₂ M₁ P D₂ Ṡ,S D₂ P M₁ G₂ R₂ Ṡ,False
madana,Madana,madana,22,Kharaharapriya,S R2 G2 M1 N2 D2 N2 P D2 S,S N2 D2 N2 P M1 G2 R2 S,S R₂ G₂ M₁ N₂ D₂ N₂ P D₂ Ṡ,S N₂ D₂ N₂ P M₁ G₂ R₂ Ṡ,False
madanamarutam,MadanamArutam,madanamArutam,22,Kharaharapriya,S R2 G2 M1 D2 N2 S,S N2 D2 N2 P M1 G2 M1 G2 S,S R₂ G₂ M₁ D₂ N₂ Ṡ,S N₂ D₂ N₂ P M₁ G₂ M₁ G₂ Ṡ,False
maddhimaravali,MaddhimarAvaLi,maddhimarAvaLi,22,Kharaharapriya,S R2 G2 P D2 N2 S,S N2 D2 P G2 R2 S,S R₂ G₂ P D₂ N₂ Ṡ,S N₂ D₂ P G₂ R₂ Ṡ,False
madhavamanohari,MAdhavamanOhari,mAdhavamanOhari,22,Kharaharapriya,S G2 R2 G2 M1 N2 D2 N2 S,S N2 D2 M1 P D2 M1 G2 R2 S,S G₂ R₂ G₂ M₁ N₂ D₂ N₂ Ṡ,S N₂ D₂ M₁ P D₂ M₁ G₂ R₂ Ṡ,False
madhavamanohari,MAdhavamanOhari,mAdhavamanOhari,22,Kharaharapriya,S R2 G2 M1 P M1 N2 D2 N2 S,S N2 D2 M1 G2 R2 S,S R₂ G₂ M₁ P M₁ N₂ D₂ N₂ Ṡ,S N₂ D₂ M₁ G₂ R₂ Ṡ,False
madhavamanohari,MAdhavamanOhari,mAdhavamanOhari,22,Kharaharapriya,S R2 G2 M1 P N2 D2 N2 S,S N2 D2 M1 G2 R2 S,S R₂ G₂ M₁ P N₂ D₂ N₂ Ṡ,S N₂ D₂ M₁ G₂ R₂ Ṡ,False
madhavamanohari,MAdhavamanOhari,mAdhavamanOhari,22,Kharaharapriya,S R2 G2 M1 P N2 D2 S,S N2 D2 M1 G2 R2 S,S R₂ G₂ M₁ P N₂ D₂ Ṡ,S N₂ D₂ M₁ G₂ R₂ Ṡ,False
madhumadsarang,MadhumadsArang,madhumadsArang,22,Kharaharapriya,S R2 M1 P N2 S,S N2 P M1 R2,S R₂ M₁ P N₂ Ṡ,S N₂ P M₁ R₂,False
madhuradhvani,Madhuradhvani,madhuradhvani,22,Kharaharapriya,S G2 M1 D2 N2 S,S N2 D2 M1 G2 S,S G₂ M₁ D₂ N₂ Ṡ,S N₂ D₂ M₁ G₂ Ṡ,False
madhyamadisarang,MadhyamadisArang,madhyamadisArang,22,Kharaharapriya,S R2 M1 P N2 S,S N2 P M1 R2 S,S R₂ M₁ P N₂ Ṡ,S N₂ P M₁ R₂ Ṡ,False
madhyamavarali,MadhyamavarALi,madhyamavarALi,22,Kharaharapriya,S R2 G2 P D2 N2 S,S N2 D2 P G2 R2 S,S R₂ G₂ P D₂ N₂ Ṡ,S N₂ D₂ P G₂ R₂ Ṡ,False
madhyamavati,MadhyamAvati,madhyamAvati,22,Kharaharapriya,S R2 M1 P N2 S,S N2 P M1 R2 S,S R₂ M₁ P N₂ Ṡ,S N₂ P M₁ R₂ Ṡ,False
mahanandi,MahAnandi,mahAnandi,22,Kharaharapriya,S R2 G2 P D2 S,S D2 P G2 R2 S,S R₂ G₂ P D₂ Ṡ,S D₂ P G₂ R₂ Ṡ,False
makutadharani,MakuTadhAraNi,makuTadhAraNi,22,Kharaharapriya,S R2 G2 D2 N2 S,S N2 D2 G2 R2 S,S R₂ G₂ D₂ N₂ Ṡ,S N₂ D₂ G₂ R₂ Ṡ,False
malaharam,Malaharam,malaharam,22,Kharaharapriya,S N3 S G2 R2 M1 P N3 D2 N3 S,S N3 D2 P M1 G2 R2 S N3 D2 N3 S,S N₃ Ṡ G₂ R₂ M₁ P N₃ D₂ N₃ Ṡ,S N₃ D₂ P M₁ G₂ R₂ Ṡ N₃ D₂ N₃ Ṡ,False
malavashri,MALavashrI,mALavashrI,22,Kharaharapriya,S G2 M1 P N2 D2 N2 P D2 N2 S,S N2 D2 P M1 G2 S,S G₂ M₁ P N₂ D₂ N₂ P D₂ N₂ Ṡ,S N₂ D₂ P M₁ G₂ Ṡ,False
malavashri,MALavashrI,mALavashrI,22,Kharaharapriya,S G2 M1 P N2 S,S N2 D2 P M1 P N2 D2 M1 G2 S,S G₂ M₁ P N₂ Ṡ,S N₂ D₂ P M₁ P N₂ D₂ M₁ G₂ Ṡ,False
malavashri,MALavashrI,mALavashrI,22,Kharaharapriya,S M1 G2 M1 N2 D2 N2 P D2 N2 S,S N2 D2 M1 G2 S,S M₁ G₂ M₁ N₂ D₂ N₂ P D₂ N₂ Ṡ,S N₂ D₂ M₁ G₂ Ṡ,False
malavashri,MALavashrI,mALavashrI,22,Kharaharapriya,S M1 G2 M1 P N2 D2 P D2,S N2 D2 M1 G2 S,S M₁ G₂ M₁ P N₂ D₂ P D₂,S N₂ D₂ M₁ G₂ Ṡ,False
mallaru,MallAru,mallAru,22,Kharaharapriya,S R2 M1 G2 M1 P D2 P S,S D2 P M1 R2 S,S R₂ M₁ G₂ M₁ P D₂ P Ṡ,S D₂ P M₁ R₂ Ṡ,False
manavi,MAnavi,mAnavi,22,Kharaharapriya,S R2 G2 P D2 N2 S,S N2 D2 P G2 R2 S,S R₂ G₂ P D₂ N₂ Ṡ,S N₂ D₂ P G₂ R₂ Ṡ,False
mandamari,MandamAri,mandamAri,22,Kharaharapriya,S R2 G2 M1 P D2 N2 S,S N2 D2 M1 R2 S,S R₂ G₂ M₁ P D₂ N₂ Ṡ,S N₂ D₂ M₁ R₂ Ṡ,False
mandamari,Mandamari,mandamari,22,Kharaharapriya,S R2 M1 P D2 S,S N2 S D2 P M1 G2 R2 S,S R₂ M₁ P D₂ Ṡ,S N₂ Ṡ D₂ P M₁ G₂ R₂ Ṡ,False
mandamari,MandamAri,mandamAri,22,Kharaharapriya,S R2 M1 P D2 S,S N2 S D2 P M1 R2 G2 S,S R₂ M₁ P D₂ Ṡ,S N₂ Ṡ D₂ P M₁ R₂ G₂ Ṡ,False
manimanjari,MaNimanjari,maNimanjari,22,Kharaharapriya,S R2 G2 M1 P D2 N2 S,S N2 D2 P M1 P D2 P M1 R2 S,S R₂ G₂ M₁ P D₂ N₂ Ṡ,S N₂ D₂ P M₁ P D₂ P M₁ R₂ Ṡ,False
manirangu,MaNirangu,maNirangu,22,Kharaharapriya,R2 M1 M1 P N2 N2 S,S N2 D2 M1 G2 R2 R2 S,R₂ M₁ M₁ P N₂ N₂ Ṡ,S N₂ D₂ M₁ G₂ R₂ R₂ Ṡ,False
manirangu,MaNirangu,maNirangu,22,Kharaharapriya,S R2 M1 G2 M1 N2 S,S N2 P M1 G2 R2 S,S R₂ M₁ G₂ M₁ N₂ Ṡ,S N₂ P M₁ G₂ R₂ Ṡ,False
manirangu,MaNirangu,maNirangu,22,Kharaharapriya,S R2 M1 G2 M1 P N2 S,S N2 P M1 G2 R2 S,S R₂ M₁ G₂ M₁ P N₂ Ṡ,S N₂ P M₁ G₂ R₂ Ṡ,False
manirangu,MaNirangu,maNirangu,22,Kharaharapriya,S R2 M1 P N2 S,S N2 P M1 G2 R2 S,S R₂ M₁ P N₂ Ṡ,S N₂ P M₁ G₂ R₂ Ṡ,False
manjari,Manjari,manjari,22,Kharaharapriya,S G2 R2 G2 M1 P N2 D2 N2 S,S N2 D2 P M1 G2 R2 S,S G₂ R₂ G₂ M₁ P N₂ D₂ N₂ Ṡ,S N₂ D₂ P M₁ G₂ R₂ Ṡ,False
manjari,Manjari,manjari,22,Kharaharapriya,S R2 G2 M1 D2 N2 S,S N2 D2 M1 G2 R2 S,S R₂ G₂ M₁ D₂ N₂ Ṡ,S N₂ D₂ M₁ G₂ R₂ Ṡ,False
manjari,Manjari,manjari,22,Kharaharapriya,S R2 G2 M1 P N2 D2 N2 S,S N2 D2 P M1 G2 R2 S,S R₂ G₂ M₁ P N₂ D₂ N₂ Ṡ,S N₂ D₂ P M₁ G₂ R₂ Ṡ,False
manjari,Manjari,manjari,22,Kharaharapriya,S R2 G2 R2 G2 M1 M1 P N2 D2 S,S N2 D2 P M1 G2 R2 S,S R₂ G₂ R₂ G₂ M₁ M₁ P N₂ D₂ Ṡ,S N₂ D₂ P M₁ G₂ R₂ Ṡ,False
manohari,ManOhari,manOhari,22,Kharaharapriya,S G2 R2 G2 M1 P D2 S,S D2 D2 P M1 G2 R2 G2 S,S G₂ R₂ G₂ M₁ P D₂ Ṡ,S D₂ D₂ P M₁ G₂ R₂ G₂ Ṡ,False
manohari,ManOhari,manOhari,22,Kharaharapriya,S G2 R2 G2 M1 P D2 S,S D2 P M1 G2 R2 S,S G₂ R₂ G₂ M₁ P D₂ Ṡ,S D₂ P M₁ G₂ R₂ Ṡ,False
manohari,ManOhari,manOhari,22,Kharaharapriya,S G2 R2 G2 M1 P D2 S,S N2 D2 M1 G2 R2 G2 S,S G₂ R₂ G₂ M₁ P D₂ Ṡ,S N₂ D₂ M₁ G₂ R₂ G₂ Ṡ,False
manohari,ManOhari,manOhari,22,Kharaharapriya,S G2 R2 M1 P N2 S,S D2 P M1 G2 R2 S,S G₂ R₂ M₁ P N₂ Ṡ,S D₂ P M₁ G₂ R₂ Ṡ,False
manohari,ManOhari,manOhari,22,Kharaharapriya,S R2 G2 M1 P D2 S,S D2 P M1 G2 R2 S,S R₂ G₂ M₁ P D₂ Ṡ,S D₂ P M₁ G₂ R₂ Ṡ,False
manolayam,ManOlayam,manOlayam,22,Kharaharapriya,S R2 G2 P D2 S,S N2 D2 G2 R2 S,S R₂ G₂ P D₂ Ṡ,S N₂ D₂ G₂ R₂ Ṡ,False
manoranjani,ManOranjani,manOranjani,22,Kharaharapriya,S R2 G2 M1 P D2 N2 S,S N2 D2 P D2 M1 G2 R2 S,S R₂ G₂ M₁ P D₂ N₂ Ṡ,S N₂ D₂ P D₂ M₁ G₂ R₂ Ṡ,False
maraherali,MAraheraLi,mAraheraLi,22,Kharaharapriya,S G2 R2 G2 M1 D2 N2 S,S N2 D2 P M1 D2 M1 R2 G2 R2 S,S G₂ R₂ G₂ M₁ D₂ N₂ Ṡ,S N₂ D₂ P M₁ D₂ M₁ R₂ G₂ R₂ Ṡ,False
margamohini,MArgamOhini,mArgamOhini,22,Kharaharapriya,S R2 G2 M1 G2 P D2 N2 S,S N2 P M1 R2 M1 G2 S,S R₂ G₂ M₁ G₂ P D₂ N₂ Ṡ,S N₂ P M₁ R₂ M₁ G₂ Ṡ,False
margapratapa,MArgapratApa,mArgapratApa,22,Kharaharapriya,S R2 M1 P D2 S,S N2 D2 N2 P M1 G2 R2 M1 P S,S R₂ M₁ P D₂ Ṡ,S N₂ D₂ N₂ P M₁ G₂ R₂ M₁ P Ṡ,False
maruvadhanyasi,MAruvadhanyAsi,mAruvadhanyAsi,22,Kharaharapriya,S G2 M1 P D2 N2 D2 M1 P N2 S,S N2 D2 P M1 D2 M1 G2 R2 S,S G₂ M₁ P D₂ N₂ D₂ M₁ P N₂ Ṡ,S N₂ D₂ P M₁ D₂ M₁ G₂ R₂ Ṡ,False
maruvadhanyasi,MAruvadhanyAsi,mAruvadhanyAsi,22,Kharaharapriya,S G2 M1 P D2 N2 D2 P M1 P N2 S,S N2 D2 P M1 D2 M1 G2 R2 S,S G₂ M₁ P D₂ N₂ D₂ P M₁ P N₂ Ṡ,S N₂ D₂ P M₁ D₂ M₁ G₂ R₂ Ṡ,False
maruvadhanyasi,MAruvadhanyAsi,mAruvadhanyAsi,22,Kharaharapriya,S G2 M1 P D2 S,S N2 D2 P M1 D2 M1 G2 R2 S,S G₂ M₁ P D₂ Ṡ,S N₂ D₂ P M₁ D₂ M₁ G₂ R₂ Ṡ,False
maruvadhanyasi,MAruvadhanyAsi,mAruvadhanyAsi,22,Kharaharapriya,S R2 M1 P D2 S,S D2 N2 D2 P M1 G2 R2 G2 S,S R₂ M₁ P D₂ Ṡ,S D₂ N₂ D₂ P M₁ G₂ R₂ G₂ Ṡ,False
maruvadhanyasi,MAruvadhanyAsi,mAruvadhanyAsi,22,Kharaharapriya,S R2 M1 P D2 S,S D2 N2 D2 P M1 G2 R2 M1 G2 S,S R₂ M₁ P D₂ Ṡ,S D₂ N₂ D₂ P M₁ G₂ R₂ M₁ G₂ Ṡ,False
mattimavali,MaTTimAvaLi,maTTimAvaLi,22,Kharaharapriya,S R2 G2 P D2 N2 S,S N2 D2 P G2 R2 S,S R₂ G₂ P D₂ N₂ Ṡ,S N₂ D₂ P G₂ R₂ Ṡ,False
mayapradipa,MAyapradIpa,mAyapradIpa,22,Kharaharapriya,S M1 G2 M1 P D2 N2 S,S D2 P M1 G2 R2 S,S M₁ G₂ M₁ P D₂ N₂ Ṡ,S D₂ P M₁ G₂ R₂ Ṡ,False
mukhari,MukhAri,mukhAri,22,Kharaharapriya,S R2 G2 M1 P D2 N2 D2 S,S N2 D2 P M1 G2 R2 S,S R₂ G₂ M₁ P D₂ N₂ D₂ Ṡ,S N₂ D₂ P M₁ G₂ R₂ Ṡ,False
mukhari,MukhAri,mukhAri,22,Kharaharapriya,S R2 M1 P D2 N2 D2 S,S N2 D2 P M1 G2 R2 S,S R₂ M₁ P D₂ N₂ D₂ Ṡ,S N₂ D₂ P M₁ G₂ R₂ Ṡ,False
mukhari,MukhAri,mukhAri,22,Kharaharapriya,S R2 M1 P N2 D2 S,S N2 D2 P M1 G2 R2 S,S R₂ M₁ P N₂ D₂ Ṡ,S N₂ D₂ P M₁ G₂ R₂ Ṡ,False
murti,MUrti,mUrti,22,Kharaharapriya,S G2 M1 D2 N2 S,S N2 D2 M1 G2 S,S G₂ M₁ D₂ N₂ Ṡ,S N₂ D₂ M₁ G₂ Ṡ,False
nadacintamani,NAdacintAmaNi,nAdacintAmaNi,22,Kharaharapriya,S G2 M1 P N2 D2 N2 S,S N2 D2 P M1 G2 R2 G2 R2 S,S G₂ M₁ P N₂ D₂ N₂ Ṡ,S N₂ D₂ P M₁ G₂ R₂ G₂ R₂ Ṡ,False
nadacintamani,NAdacintAmaNi,nAdacintAmaNi,22,Kharaharapriya,S G2 M1 P N2 D2 N2 S,S N2 D2 P M1 G2 R2 G2 S,S G₂ M₁ P N₂ D₂ N₂ Ṡ,S N₂ D₂ P M₁ G₂ R₂ G₂ Ṡ,False
nadacintamani,NAdacintAmaNi,nAdacintAmaNi,22,Kharaharapriya,S G2 R2 G2 M1 N2 D2 N2 S,S N2 D2 M1 G2 M1 P M1 G2 R2 S,S G₂ R₂ G₂ M₁ N₂ D₂ N₂ Ṡ,S N₂ D₂ M₁ G₂ M₁ P M₁ G₂ R₂ Ṡ,False
nadamurti,NAdamUrti,nAdamUrti,22,Kharaharapriya,S G2 M1 D2 N2 S,S N2 P M1 R2 G2 S,S G₂ M₁ D₂ N₂ Ṡ,S N₂ P M₁ R₂ G₂ Ṡ,False
nadamurti,NAdamUrti,nAdamUrti,22,Kharaharapriya,S G2 M1 P D2 N2 S,S N2 P M1 G2 R2 S,S G₂ M₁ P D₂ N₂ Ṡ,S N₂ P M₁ G₂ R₂ Ṡ,False
nadatarangini,NAdatarangiNi,nAdatarangiNi,22,Kharaharapriya,S P M1 R2 G2 R2 S,S P N2 D2 P M1 G2 R2 G2 S,S P M₁ R₂ G₂ R₂ Ṡ,S P N₂ D₂ P M₁ G₂ R₂ G₂ Ṡ,False
nadatarangini,NAdatarangiNi,nAdatarangiNi,22,Kharaharapriya,S P M1 R2 P D2,S P N2 D2 P M1 G2 R2 S,S P M₁ R₂ P D₂,S P N₂ D₂ P M₁ G₂ R₂ Ṡ,False
nadatarangini,NAdatarangiNi,nAdatarangiNi,22,Kharaharapriya,S R2 G2 M1 P N2 S,S D2 N2 P D2 P M1 G2 M1 R2 G2 R2 M1 G2 S,S R₂ G₂ M₁ P N₂ Ṡ,S D₂ N₂ P D₂ P M₁ G₂ M₁ R₂ G₂ R₂ M₁ G₂ Ṡ,False
nadatarangini,NAdatarangiNi,nAdatarangiNi,22,Kharaharapriya,S R2 G2 M1 P N2 S,S N2 D2 M1 G2 R2 S,S R₂ G₂ M₁ P N₂ Ṡ,S N₂ D₂ M₁ G₂ R₂ Ṡ,False
nadatarangini,NAdatarangiNi,nAdatarangiNi,22,Kharaharapriya,S R2 G2 M1 P N2 S,S N2 D2 P M1 G2 R2 G2 S,S R₂ G₂ M₁ P N₂ Ṡ,S N₂ D₂ P M₁ G₂ R₂ G₂ Ṡ,False
nadatarangini,NAdatarangiNi,nAdatarangiNi,22,Kharaharapriya,S R2 G2 M1 P S,S N2 D2 P M1 G2 R2 S,S R₂ G₂ M₁ P Ṡ,S N₂ D₂ P M₁ G₂ R₂ Ṡ,False
nadavarangini,NAdavarAngiNi,nAdavarAngiNi,22,Kharaharapriya,S P M1 N2 D2 N2 S,S P N2 D2 P M1 G2 R2 G2 S,S P M₁ N₂ D₂ N₂ Ṡ,S P N₂ D₂ P M₁ G₂ R₂ G₂ Ṡ,False
nadavarangini,NAdavarAngiNi,nAdavarAngiNi,22,Kharaharapriya,S P M1 R2 G2 R2 S,S P N2 D2 P M1 G2 R2 G2 S,S P M₁ R₂ G₂ R₂ Ṡ,S P N₂ D₂ P M₁ G₂ R₂ G₂ Ṡ,False
nagacara,NAgacara,nAgacara,22,Kharaharapriya,S M1 P D2 N2 D2 N2 S,S N2 D2 N2 M1 G2 R2 S,S M₁ P D₂ N₂ D₂ N₂ Ṡ,S N₂ D₂ N₂ M₁ G₂ R₂ Ṡ,False
nagacara,Nagacara,nagacara,22,Kharaharapriya,S M1 P D2 N2 D2 N2 S,S N2 D2 P M1 R2 S,S M₁ P D₂ N₂ D₂ N₂ Ṡ,S N₂ D₂ P M₁ R₂ Ṡ,False
nagagandhari,NAgagAndhAri,nAgagAndhAri,22,Kharaharapriya,N2 S R2 G2 M1 P D2 N2,N2 D2 P M1 G2 R2 S N2,N₂ Ṡ R₂ G₂ M₁ P D₂ N₂,N₂ D₂ P M₁ G₂ R₂ Ṡ N₂,False
nagagandhari,NAgagAndhAri,nAgagAndhAri,22,Kharaharapriya,S R2 G2 M1 P D2 N2,D2 P M1 G2 R2 S,S R₂ G₂ M₁ P D₂ N₂,D₂ P M₁ G₂ R₂ Ṡ,False
nagagandhari,NAgagAndhAri,nAgagAndhAri,22,Kharaharapriya,S R2 G2 M1 P D2 N2,N2 D2 P M1 G2 R2 S,S R₂ G₂ M₁ P D₂ N₂,N₂ D₂ P M₁ G₂ R₂ Ṡ,False
nagari,NAgari,nAgari,22,Kharaharapriya,S R2 M1 P D2 N2 S,S N2 D2 P M1 G2 R2 S,S R₂ M₁ P D₂ N₂ Ṡ,S N₂ D₂ P M₁ G₂ R₂ Ṡ,False
nagari,NAgari,nAgari,22,Kharaharapriya,S R2 M1 P D2 N2 S,S N2 D2 P M1 G2 S,S R₂ M₁ P D₂ N₂ Ṡ,S N₂ D₂ P M₁ G₂ Ṡ,False
nagavalli,NAgavalli,nAgavalli,22,Kharaharapriya,S R2 M1 D2 N2 S,S N2 D2 M1 R2 S,S R₂ M₁ D₂ N₂ Ṡ,S N₂ D₂ M₁ R₂ Ṡ,False
namanojvala,NAmanOjvala,nAmanOjvala,22,Kharaharapriya,S R2 G2 P M1 D2 P N2 S,S N2 D2 P G2 R2 S,S R₂ G₂ P M₁ D₂ P N₂ Ṡ,S N₂ D₂ P G₂ R₂ Ṡ,False
nandanavali,NandanAvaLi,nandanAvaLi,22,Kharaharapriya,S R2 G2 M1 P N2 D2 N2 S,S D2 P M1 R2 S,S R₂ G₂ M₁ P N₂ D₂ N₂ Ṡ,S D₂ P M₁ R₂ Ṡ,False
natanapriya,NaTanapriyA,naTanapriyA,22,Kharaharapriya,S G2 R2 G2 M1 D2 N2 S,S N2 P M1 G2 R2 S,S G₂ R₂ G₂ M₁ D₂ N₂ Ṡ,S N₂ P M₁ G₂ R₂ Ṡ,False
natikaimani,NAtikaimaNi,nAtikaimaNi,22,Kharaharapriya,S R2 G2 M1 P D2 N2 S,S N2 P M1 R2 S,S R₂ G₂ M₁ P D₂ N₂ Ṡ,S N₂ P M₁ R₂ Ṡ,False
natyabhusani,NAtyabhUSaNi,nAtyabhUSaNi,22,Kharaharapriya,S R2 G2 M1 D2D2 N2 S,S N2 D2 M1 P M1 G2 R2 S,S R₂ G₂ M₁ D2D2 N₂ Ṡ,S N₂ D₂ M₁ P M₁ G₂ R₂ Ṡ,False
navaratnavilasam,NavaratnavilAsam,navaratnavilAsam,22,Kharaharapriya,S R2 M1 P N2 S,S N2 D2 M1 G2 R2 S,S R₂ M₁ P N₂ Ṡ,S N₂ D₂ M₁ G₂ R₂ Ṡ,False
navinasaramati,NavInasAramati,navInasAramati,22,Kharaharapriya,S R2 G2 M1 D2 N2 S,S N2 D2 M1 G2 S,S R₂ G₂ M₁ D₂ N₂ Ṡ,S N₂ D₂ M₁ G₂ Ṡ,False
navinasaramati,NavInasAramati,navInasAramati,22,Kharaharapriya,S R2 G2 M1 P D2 N2 S,S N2 D2 M1 G2 S,S R₂ G₂ M₁ P D₂ N₂ Ṡ,S N₂ D₂ M₁ G₂ Ṡ,False
nayaki,NAyaki,nAyaki,22,Kharaharapriya,S R2 G2 M1 P D2 N2 S,S N2 D2 P M1 G2 R2 S,S R₂ G₂ M₁ P D₂ N₂ Ṡ,S N₂ D₂ P M₁ G₂ R₂ Ṡ,False
nayaki,NAyaki,nAyaki,22,Kharaharapriya,S R2 M1 P D2 N2 D2 P S,S N2 D2 P M1 G2 R2 S,S R₂ M₁ P D₂ N₂ D₂ P Ṡ,S N₂ D₂ P M₁ G₂ R₂ Ṡ,False
nayaki,NAyaki,nAyaki,22,Kharaharapriya,S R2 M1 P D2 N2 D2 P S,S N2 D2 P M1 R2 G2 R2 S,S R₂ M₁ P D₂ N₂ D₂ P Ṡ,S N₂ D₂ P M₁ R₂ G₂ R₂ Ṡ,False
nayaki,NAyaki,nAyaki,22,Kharaharapriya,S R2 M1 P D2 N2 D2 P S,S N2 S D2 P M1 R2 G2 R2 S,S R₂ M₁ P D₂ N₂ D₂ P Ṡ,S N₂ Ṡ D₂ P M₁ R₂ G₂ R₂ Ṡ,False
nayaki,NAyaki,nAyaki,22,Kharaharapriya,S R2 M1 P D2 N2 P S,S N2 D2 P M1 G2 R2 S,S R₂ M₁ P D₂ N₂ P Ṡ,S N₂ D₂ P M₁ G₂ R₂ Ṡ,False
nigamgamani,NigamgAmani,nigamgAmani,22,Kharaharapriya,M1 G2 S G2 M1 N2 S,S N2 M1 G2 M1 G2 S,M₁ G₂ Ṡ G₂ M₁ N₂ Ṡ,S N₂ M₁ G₂ M₁ G₂ Ṡ,False
nirmada,Nirmada,nirmada,22,Kharaharapriya,S R2 P D2 N2 S,S N2 D2 M1 G2 R2 S,S R₂ P D₂ N₂ Ṡ,S N₂ D₂ M₁ G₂ R₂ Ṡ,False
nirmalagaula,NirmalagauLa,nirmalagauLa,22,Kharaharapriya,S R2 M1 G2 M1 R2 G2 M1 D2 N2 P D2 N2 S,S D2 P M1 G2 R2 G2 R2 S,S R₂ M₁ G₂ M₁ R₂ G₂ M₁ D₂ N₂ P D₂ N₂ Ṡ,S D₂ P M₁ G₂ R₂ G₂ R₂ Ṡ,False
nirmalagaula,NirmalagauLa,nirmalagauLa,22,Kharaharapriya,S R2 M1 G2 M1 R2 G2 M1 D2 N2 P D2 N2 S,S D2 P M1 G2 R2 S,S R₂ M₁ G₂ M₁ R₂ G₂ M₁ D₂ N₂ P D₂ N₂ Ṡ,S D₂ P M₁ G₂ R₂ Ṡ,False
nirmalangi,NirmalAngi,nirmalAngi,22,Kharaharapriya,S R2 M1 P N2 S,S N2 P M1 R2 S,S R₂ M₁ P N₂ Ṡ,S N₂ P M₁ R₂ Ṡ,False
nirmitam,Nirmitam,nirmitam,22,Kharaharapriya,S R2 P D2 N2 S,S N2 D2 M1 G2 R2 S,S R₂ P D₂ N₂ Ṡ,S N₂ D₂ M₁ G₂ R₂ Ṡ,False
nirosta,NirOSTa,nirOSTa,22,Kharaharapriya,S R2 G2 D2 N2 S,S N2 D2 G2 R2 S,S R₂ G₂ D₂ N₂ Ṡ,S N₂ D₂ G₂ R₂ Ṡ,False
nirvitam,Nirvitam,nirvitam,22,Kharaharapriya,S R2 P D2 N2 S,S N2 D2 M1 G2 R2 S,S R₂ P D₂ N₂ Ṡ,S N₂ D₂ M₁ G₂ R₂ Ṡ,False
omkari,OmkAri,OmkAri,22,Kharaharapriya,S R2 G2 M1 P D2 S,S D2 P M1 G2 R2 S,S R₂ G₂ M₁ P D₂ Ṡ,S D₂ P M₁ G₂ R₂ Ṡ,False
palasi,PalAsi,palAsi,22,Kharaharapriya,S R2 G2 M1 P N2 S,S N2 P M1 G2 R2 S,S R₂ G₂ M₁ P N₂ Ṡ,S N₂ P M₁ G₂ R₂ Ṡ,False
pancakottani,PancakoTTani,pancakoTTani,22,Kharaharapriya,S R2 M1 G2 M1 P N2 S,S N2 D2 N2 D2 P M1 D2 M1 G2 S,S R₂ M₁ G₂ M₁ P N₂ Ṡ,S N₂ D₂ N₂ D₂ P M₁ D₂ M₁ G₂ Ṡ,False
pancamam,Pancamam,pancamam,22,Kharaharapriya,S R2 D2 D2 P N2 S S,S N2 D2 P M1 G2 R2 S,S R₂ D₂ D₂ P N₂ Ṡ S,S N₂ D₂ P M₁ G₂ R₂ Ṡ,False
pancamam,Pancamam,pancamam,22,Kharaharapriya,S R2 D2 D2 P N2 S,S N2 D2 P M1 G2 R2 S,S R₂ D₂ D₂ P N₂ Ṡ,S N₂ D₂ P M₁ G₂ R₂ Ṡ,False
pancamam,Pancamam,pancamam,22,Kharaharapriya,S R2 D2 P N2 S,S N2 D2 P M1 G2 R2 S,S R₂ D₂ P N₂ Ṡ,S N₂ D₂ P M₁ G₂ R₂ Ṡ,False
pancamam,Pancamam,pancamam,22,Kharaharapriya,S R2 G2 M1 D2 N2 S,S N2 D2 P M1 G2 R2 S,S R₂ G₂ M₁ D₂ N₂ Ṡ,S N₂ D₂ P M₁ G₂ R₂ Ṡ,False
pancamam,Pancamam,pancamam,22,Kharaharapriya,S R2 M1 P D2 S,S N2 D2 P M1 G2 R2 S,S R₂ M₁ P D₂ Ṡ,S N₂ D₂ P M₁ G₂ R₂ Ṡ,False
pancamam,Pancamam,pancamam,22,Kharaharapriya,S R2 P D2 P N2 S,S N2 D2 P M1 G2 R2 S,S R₂ P D₂ P N₂ Ṡ,S N₂ D₂ P M₁ G₂ R₂ Ṡ,False
parvamani,ParvamaNi,parvamaNi,22,Kharaharapriya,S R2 G2 M1 P S,S N2 D2 P M1 G2 R2 S,S R₂ G₂ M₁ P Ṡ,S N₂ D₂ P M₁ G₂ R₂ Ṡ,False
patadip,PaTadIp,paTadIp,22,Kharaharapriya,N2 S G2 M1 P N2,S N2 D2 P M1 G2 R2 S N2,N₂ Ṡ G₂ M₁ P N₂,S N₂ D₂ P M₁ G₂ R₂ Ṡ N₂,False
phalamanjari,Phalamanjari,phalamanjari,22,Kharaharapriya,S G2 M1 D2 S,S N2 D2 P M1 G2 M1 R2 S,S G₂ M₁ D₂ Ṡ,S N₂ D₂ P M₁ G₂ M₁ R₂ Ṡ,False
phalamanjari,Phalamanjari,phalamanjari,22,Kharaharapriya,S G2 P D2 S,S N2 D2 P M1 G2 M1 R2 S,S G₂ P D₂ Ṡ,S N₂ D₂ P M₁ G₂ M₁ R₂ Ṡ,False
phalamanjari,Phalamanjari,phalamanjari,22,Kharaharapriya,S R2 G2 M1 P D2 N2 N2 S,S N2 D2 P M1 G2 R2 S,S R₂ G₂ M₁ P D₂ N₂ N₂ Ṡ,S N₂ D₂ P M₁ G₂ R₂ Ṡ,False
phalaranjani,Phalaranjani,phalaranjani,22,Kharaharapriya,S G2 M1 P M1 D2 S,S N2 D2 P M1 G2 M1 R2 S,S G₂ M₁ P M₁ D₂ Ṡ,S N₂ D₂ P M₁ G₂ M₁ R₂ Ṡ,False
pilavali,PilAvaLi,pilAvaLi,22,Kharaharapriya,S R2 G2 M1 P S,S N2 P M1 G2 R2 S,S R₂ G₂ M₁ P Ṡ,S N₂ P M₁ G₂ R₂ Ṡ,False
pratapasindhu,PratApasindhu,pratApasindhu,22,Kharaharapriya,S R2 G2 M1 P D2 N2 S,S N2 P M1 R2 G2 R2 S,S R₂ G₂ M₁ P D₂ N₂ Ṡ,S N₂ P M₁ R₂ G₂ R₂ Ṡ,False
pratimadhyamavati,PratimadhyamAvati,pratimadhyamAvati,22,Kharaharapriya,S R2 M1 P N2 S,S N2 P M1 R2 S,S R₂ M₁ P N₂ Ṡ,S N₂ P M₁ R₂ Ṡ,False
pundalika,PuNDalIka,puNDalIka,22,Kharaharapriya,S R2 M1 D2 N2 S,S N2 D2 M1 R2 S,S R₂ M₁ D₂ N₂ Ṡ,S N₂ D₂ M₁ R₂ Ṡ,False
purnakalanidhi,PUrNakalAnidhi,pUrNakalAnidhi,22,Kharaharapriya,S G2 M1 P D2 N2 S,S D2 P M1 G2 R2 S,S G₂ M₁ P D₂ N₂ Ṡ,S D₂ P M₁ G₂ R₂ Ṡ,False
purnamukhari,PUrNamukhAri,pUrNamukhAri,22,Kharaharapriya,S M1 G2 M1 P D2 N2 D2 S,S N2 P M1 G2 R2 S,S M₁ G₂ M₁ P D₂ N₂ D₂ Ṡ,S N₂ P M₁ G₂ R₂ Ṡ,False
purnasadjam,PUrNaSadjam,pUrNaSadjam,22,Kharaharapriya,S R2 G2 M1 N2 S,S N2 P M1 G2 R2 S,S R₂ G₂ M₁ N₂ Ṡ,S N₂ P M₁ G₂ R₂ Ṡ,False
purvamukhari,PUrvamukhAri,pUrvamukhAri,22,Kharaharapriya,S M1 G2 M1 P D2 N2 D2 S,S N2 P M1 G2 R2 S,S M₁ G₂ M₁ P D₂ N₂ D₂ Ṡ,S N₂ P M₁ G₂ R₂ Ṡ,False
puspalatika,PuSpalatikA,puSpalatikA,22,Kharaharapriya,S R2 G2 M1 P N2 S,S N2 P M1 G2 R2 S,S R₂ G₂ M₁ P N₂ Ṡ,S N₂ P M₁ G₂ R₂ Ṡ,False
putamayuram,PUtamayUram,pUtamayUram,22,Kharaharapriya,S G2 R2 G2 M1 N2 D2 N2 S,S N2 P M1 G2 R2 S,S G₂ R₂ G₂ M₁ N₂ D₂ N₂ Ṡ,S N₂ P M₁ G₂ R₂ Ṡ,False
ragapradipika,RAgapradIpikA,rAgapradIpikA,22,Kharaharapriya,S R2 G2 M1 P M1 N2 D2 N2 S,S P M1 G2 R2 S,S R₂ G₂ M₁ P M₁ N₂ D₂ N₂ Ṡ,S P M₁ G₂ R₂ Ṡ,False
rajapradipika,RAjapradIpikA,rAjapradIpikA,22,Kharaharapriya,S R2 G2 M1 P M1 N2 D2 N2 S,S N2 D2 P M1 R2 S,S R₂ G₂ M₁ P M₁ N₂ D₂ N₂ Ṡ,S N₂ D₂ P M₁ R₂ Ṡ,False
ramamanjari,RAmamanjari,rAmamanjari,22,Kharaharapriya,S R2 M1 P N2 S,S D2 N2 P M1 G2 M1 R2 S,S R₂ M₁ P N₂ Ṡ,S D₂ N₂ P M₁ G₂ M₁ R₂ Ṡ,False
ramapriya,RAmapriyA,rAmapriyA,22,Kharaharapriya,S R2 G2 M1 P D2 N2 S,S N2 D2 N2 P M1 G2 M1 R2 G2 S,S R₂ G₂ M₁ P D₂ N₂ Ṡ,S N₂ D₂ N₂ P M₁ G₂ M₁ R₂ G₂ Ṡ,False
ramavilasita,RAmavilasita,rAmavilasita,22,Kharaharapriya,S R2 M1 P D2 N2 S,S D2 P M1 R2 M1 G2 R2 S,S R₂ M₁ P D₂ N₂ Ṡ,S D₂ P M₁ R₂ M₁ G₂ R₂ Ṡ,False
ranamanjari,RaNamanjari,raNamanjari,22,Kharaharapriya,S R2 M1 P N2 S,S D2 P M1 R2 M1 G2 R2 S,S R₂ M₁ P N₂ Ṡ,S D₂ P M₁ R₂ M₁ G₂ R₂ Ṡ,False
rangalila,RangalIlA,rangalIlA,22,Kharaharapriya,S R2 G2 M1 P D2 N2 S,S N2 D2 M1 G2 R2 S,S R₂ G₂ M₁ P D₂ N₂ Ṡ,S N₂ D₂ M₁ G₂ R₂ Ṡ,False
rangalila,RangalIlA,rangalIlA,22,Kharaharapriya,S R2 G2 M1 P D2 N2 S,S N2 D2 P M1 D2 P M1 G2 R2 S,S R₂ G₂ M₁ P D₂ N₂ Ṡ,S N₂ D₂ P M₁ D₂ P M₁ G₂ R₂ Ṡ,False
ratanvaki,Ratanvaki,ratanvaki,22,Kharaharapriya,S G2 M1 D2 N2 S,S D2 P G2 R2 S,S G₂ M₁ D₂ N₂ Ṡ,S D₂ P G₂ R₂ Ṡ,False
rathavali,RathavaLi,rathavaLi,22,Kharaharapriya,S G2 M1 P D2 N2 S,S N2 D2 P M1 G2 R2 S,S G₂ M₁ P D₂ N₂ Ṡ,S N₂ D₂ P M₁ G₂ R₂ Ṡ,False
ratnakarsani,RatnakarSaNi,ratnakarSaNi,22,Kharaharapriya,S R2 G2 M1 P M1 D2 N2 S,S D2 P G2 R2 S,S R₂ G₂ M₁ P M₁ D₂ N₂ Ṡ,S D₂ P G₂ R₂ Ṡ,False
ravalikalila,RavalikalIlA,ravalikalIlA,22,Kharaharapriya,S N2 S R2 G2 M1 P D2 N2,D2 P M1 G2 R2 S N2 S,S N₂ Ṡ R₂ G₂ M₁ P D₂ N₂,D₂ P M₁ G₂ R₂ Ṡ N₂ Ṡ,False
ritigaula,RItigauLa,rItigauLa,22,Kharaharapriya,S G2 R2 G2 M1 D1 N2 D1 S,S N2 D1 M1 G2 M1 P M1 G2 R2 S,S G₂ R₂ G₂ M₁ D₁ N₂ D₁ Ṡ,S N₂ D₁ M₁ G₂ M₁ P M₁ G₂ R₂ Ṡ,False
ritigaula,RItigauLa,rItigauLa,22,Kharaharapriya,S G2 R2 G2 M1 N2 D2 M1 N2 S,S N2 D2 M1 G2 M1 P M1 G2 R2 S,S G₂ R₂ G₂ M₁ N₂ D₂ M₁ N₂ Ṡ,S N₂ D₂ M₁ G₂ M₁ P M₁ G₂ R₂ Ṡ,False
ritigaula,RItigauLa,rItigauLa,22,Kharaharapriya,S G2 R2 G2 M1 N2 D2 N2 S,S N2 D2 M1 G2 M1 P M1 G2 R2 S,S G₂ R₂ G₂ M₁ N₂ D₂ N₂ Ṡ,S N₂ D₂ M₁ G₂ M₁ P M₁ G₂ R₂ Ṡ,False
ritigaula,RItigauLa,rItigauLa,22,Kharaharapriya,S G2 R2 G2 M1 N2 D2 N2 S,S N2 D2 M1 G2 P M1 G2 R2 S,S G₂ R₂ G₂ M₁ N₂ D₂ N₂ Ṡ,S N₂ D₂ M₁ G₂ P M₁ G₂ R₂ Ṡ,False
rudrapriya,RudrapriyA,rudrapriyA,22,Kharaharapriya,S R2 G2 M1 N2 S,S N2 P M1 G2 R2 S,S R₂ G₂ M₁ N₂ Ṡ,S N₂ P M₁ G₂ R₂ Ṡ,False
rudrapriya,RudrapriyA,rudrapriyA,22,Kharaharapriya,S R2 G2 M1 P D2 N2 S,S N2 P M1 G2 R2 S,S R₂ G₂ M₁ P D₂ N₂ Ṡ,S N₂ P M₁ G₂ R₂ Ṡ,False
rupangi,RUpAngi,rUpAngi,22,Kharaharapriya,S R2 M1 P N2 S,S D2 N2 P M1 G2 R2 S,S R₂ M₁ P N₂ Ṡ,S D₂ N₂ P M₁ G₂ R₂ Ṡ,False
sadari,SaDAri,SaDAri,22,Kharaharapriya,S R2 M1 P N2 S,S D2 M1 G2 S,S R₂ M₁ P N₂ Ṡ,S D₂ M₁ G₂ Ṡ,False
sahanayakan,SahAnAyakan,sahAnAyakan,22,Kharaharapriya,S G2 M1 D2 S,S N2 D2 P M1 G2 R2 S,S G₂ M₁ D₂ Ṡ,S N₂ D₂ P M₁ G₂ R₂ Ṡ,False
saindhavi,Saindhavi,saindhavi,22,Kharaharapriya,N2 D2 N2 S R2 G2 M1 P D2 N2,S N2 D2 P M1 G2 R2 S M1 D2 N2 S,N₂ D₂ N₂ Ṡ R₂ G₂ M₁ P D₂ N₂,S N₂ D₂ P M₁ G₂ R₂ Ṡ M₁ D₂ N₂ Ṡ,False
saindhavi,Saindhavi,saindhavi,22,Kharaharapriya,N2 D2 N2 S R2 G2 M1 P D2 N2 S,S N2 D2 P M1 G2 R2 S N2 D2 N2 S,N₂ D₂ N₂ Ṡ R₂ G₂ M₁ P D₂ N₂ Ṡ,S N₂ D₂ P M₁ G₂ R₂ Ṡ N₂ D₂ N₂ Ṡ,False
saindhavi,Saindhavi,saindhavi,22,Kharaharapriya,N2 D2 N2 S R2 G2 M1 P D2 N2,D2 P M1 G2 R2 S N2 D2 N2 S,N₂ D₂ N₂ Ṡ R₂ G₂ M₁ P D₂ N₂,D₂ P M₁ G₂ R₂ Ṡ N₂ D₂ N₂ Ṡ,False
saindhavi,Saindhavi,saindhavi,22,Kharaharapriya,N2 D2 N2 S R2 G2 M1 P D2 N2,D2 P M1 G2 R2 S,N₂ D₂ N₂ Ṡ R₂ G₂ M₁ P D₂ N₂,D₂ P M₁ G₂ R₂ Ṡ,False
saindhavi,Saindhavi,saindhavi,22,Kharaharapriya,N2 D2 N2 S R2 G2 M1 P N2,D2 P M1 G2 R2 S,N₂ D₂ N₂ Ṡ R₂ G₂ M₁ P N₂,D₂ P M₁ G₂ R₂ Ṡ,False
saindhavi,Saindhavi,saindhavi,22,Kharaharapriya,N2 D2 N2 S R2 G2 M1 P,M1 G2 R2 S N2 D2 N2 S,N₂ D₂ N₂ Ṡ R₂ G₂ M₁ P,M₁ G₂ R₂ Ṡ N₂ D₂ N₂ Ṡ,False
saindhavi,Saindhavi,saindhavi,22,Kharaharapriya,N2 D2 N2 S R2 G2 M1,P M1 G2 R2 S N2 D2 N2 S,N₂ D₂ N₂ Ṡ R₂ G₂ M₁,P M₁ G₂ R₂ Ṡ N₂ D₂ N₂ Ṡ,False
saindhavi,Saindhavi,saindhavi,22,Kharaharapriya,N2 S R2 G2 M1 P D2 N2,D2 P M1 G2 R2 S N2 D2,N₂ Ṡ R₂ G₂ M₁ P D₂ N₂,D₂ P M₁ G₂ R₂ Ṡ N₂ D₂,False
saindhavi,Saindhavi,saindhavi,22,Kharaharapriya,S G2 M1 P D2 N2 S,S N2 D2 P M1 G2 R2 S,S G₂ M₁ P D₂ N₂ Ṡ,S N₂ D₂ P M₁ G₂ R₂ Ṡ,False
saindhavi,Saindhavi,saindhavi,22,Kharaharapriya,S R2 G2 M1 P N2 D2 N2 S,N2 D2 P M1 G2 R2 S,S R₂ G₂ M₁ P N₂ D₂ N₂ Ṡ,N₂ D₂ P M₁ G₂ R₂ Ṡ,False
saindhavi,Saindhavi,saindhavi,22,Kharaharapriya,S R2 G2 M1 P N2 D2 N2 S,S N2 D2 P M1 G2 R2 S,S R₂ G₂ M₁ P N₂ D₂ N₂ Ṡ,S N₂ D₂ P M₁ G₂ R₂ Ṡ,False
sakalamangalai,Sakalamangalai,sakalamangalai,22,Kharaharapriya,S G2 P N2 S,S N2 D2 P M1 G2 R2 S,S G₂ P N₂ Ṡ,S N₂ D₂ P M₁ G₂ R₂ Ṡ,False
sakarar,Sakarar,sakarar,22,Kharaharapriya,S R2 M1 D2 S,S N2 D2 P M1 G2 R2 S,S R₂ M₁ D₂ Ṡ,S N₂ D₂ P M₁ G₂ R₂ Ṡ,False
sakhari,SakhAri,sakhAri,22,Kharaharapriya,S R2 G2 P S,S N2 D2 P M1 G2 R2 S,S R₂ G₂ P Ṡ,S N₂ D₂ P M₁ G₂ R₂ Ṡ,False
salagabhairavi,SALagabhairavi,sALagabhairavi,22,Kharaharapriya,S R2 G2 M1 P D2 S,S N2 D2 M1 G2 R2 S,S R₂ G₂ M₁ P D₂ Ṡ,S N₂ D₂ M₁ G₂ R₂ Ṡ,False
salagabhairavi,SALagabhairavi,sALagabhairavi,22,Kharaharapriya,S R2 M1 P D2 S,S N2 D2 P M1 G2 R2 S,S R₂ M₁ P D₂ Ṡ,S N₂ D₂ P M₁ G₂ R₂ Ṡ,False
samamukhari,SAmamukhAri,sAmamukhAri,22,Kharaharapriya,S R2 G2 M1 P D2 N2 S,S N2 D2 N2 M1 P M1 G2 S,S R₂ G₂ M₁ P D₂ N₂ Ṡ,S N₂ D₂ N₂ M₁ P M₁ G₂ Ṡ,False
samanojhvala,SAmanOjhvala,sAmanOjhvala,22,Kharaharapriya,S R2 G2 P D2 M1 D2 P N2 S,S D2 P G2 R2 S,S R₂ G₂ P D₂ M₁ D₂ P N₂ Ṡ,S D₂ P G₂ R₂ Ṡ,False
samanojhvala,SAmanOjhvala,sAmanOjhvala,22,Kharaharapriya,S R2 G2 P D2 S,S D2 P G2 R2 S,S R₂ G₂ P D₂ Ṡ,S D₂ P G₂ R₂ Ṡ,False
samantini,SAmantini,sAmantini,22,Kharaharapriya,S R2 M1 P D2 N2 S,S N2 D2 P M1 R2 G2 R2 S,S R₂ M₁ P D₂ N₂ Ṡ,S N₂ D₂ P M₁ R₂ G₂ R₂ Ṡ,False
samantini,SAmantini,sAmantini,22,Kharaharapriya,S R2 M1 P N2 D2 S,S N2 D2 P M1 R2 G2 R2 S,S R₂ M₁ P N₂ D₂ Ṡ,S N₂ D₂ P M₁ R₂ G₂ R₂ Ṡ,False
samatrasalavi,SAmatrasALavi,sAmatrasALavi,22,Kharaharapriya,S R2 G2 M1 P D2 S,S N2 D2 P M1 G2 R2 G2 S,S R₂ G₂ M₁ P D₂ Ṡ,S N₂ D₂ P M₁ G₂ R₂ G₂ Ṡ,False
sangrama,Sangrama,sangrama,22,Kharaharapriya,S R2 M1 D2 N2 P S,S N2 D2 G2 R2 S,S R₂ M₁ D₂ N₂ P Ṡ,S N₂ D₂ G₂ R₂ Ṡ,False
sanjayan,Sanjayan,sanjayan,22,Kharaharapriya,S G2 M1 P D2 S,S N2 P R2 S,S G₂ M₁ P D₂ Ṡ,S N₂ P R₂ Ṡ,False
sanjivakarani,SanjIvakaraNi,sanjIvakaraNi,22,Kharaharapriya,S R2 M1 P N2 S,S D2 P G2 S,S R₂ M₁ P N₂ Ṡ,S D₂ P G₂ Ṡ,False
sankalitam,Sankalitam,sankalitam,22,Kharaharapriya,S R2 M1 P S,S N2 D2 M1 G2 R2 S,S R₂ M₁ P Ṡ,S N₂ D₂ M₁ G₂ R₂ Ṡ,False
sankaranandanapriya,SankaranandanapriyA,sankaranandanapriyA,22,Kharaharapriya,S R2 G2 P D2 S,S D2 P G2 R2 S,S R₂ G₂ P D₂ Ṡ,S D₂ P G₂ R₂ Ṡ,False
saramati,SAramati,sAramati,22,Kharaharapriya,S R2 G2 M1 P D2 N2 S,S N2 D2 M1 D2 S R2 S,S R₂ G₂ M₁ P D₂ N₂ Ṡ,S N₂ D₂ M₁ D₂ Ṡ R₂ Ṡ,False
sardalangi,SardaLAngi,sardaLAngi,22,Kharaharapriya,S G2 M1 D2 N2 S,S N2 D2 M1 G2 S,S G₂ M₁ D₂ N₂ Ṡ,S N₂ D₂ M₁ G₂ Ṡ,False
sarvacudamani,SarvacUDAmaNi,sarvacUDAmaNi,22,Kharaharapriya,S R2 M1 G2 M1 P D2 N2 S,S N2 P D2 N2 D2 P M1 G2 R2 G2 S,S R₂ M₁ G₂ M₁ P D₂ N₂ Ṡ,S N₂ P D₂ N₂ D₂ P M₁ G₂ R₂ G₂ Ṡ,False
sauravahini,SauravAhini,sauravAhini,22,Kharaharapriya,S R2 G2 R2 M1 P M1 D2 N2 S,S N2 D2 N2 P M1 R2 G2 M1 R2 S,S R₂ G₂ R₂ M₁ P M₁ D₂ N₂ Ṡ,S N₂ D₂ N₂ P M₁ R₂ G₂ M₁ R₂ Ṡ,False
sauravahini,SauravAhini,sauravAhini,22,Kharaharapriya,S R2 G2 R2 M1 P N2 S,S D2 P G2 R2 S,S R₂ G₂ R₂ M₁ P N₂ Ṡ,S D₂ P G₂ R₂ Ṡ,False
shahana,ShahAna,shahAna,22,Kharaharapriya,S R2 G2 M1 P M1 D2 N2 S,S N2 D2 P M1 G2 R2 S,S R₂ G₂ M₁ P M₁ D₂ N₂ Ṡ,S N₂ D₂ P M₁ G₂ R₂ Ṡ,False
shakuli,Shakuli,shakuli,22,Kharaharapriya,S R2 G2 M1 P D2 S,S N2 P G2 S,S R₂ G₂ M₁ P D₂ Ṡ,S N₂ P G₂ Ṡ,False
shangadhruma,ShangadhrumA,shangadhrumA,22,Kharaharapriya,S R2 G2 M1 D2 N2 S,S N2 D2 M1 G2 S,S R₂ G₂ M₁ D₂ N₂ Ṡ,S N₂ D₂ M₁ G₂ Ṡ,False
shankaranandanan,Shankaranandanan,shankaranandanan,22,Kharaharapriya,S R2 G2 P D2 S,S N2 P G2 S,S R₂ G₂ P D₂ Ṡ,S N₂ P G₂ Ṡ,False
shankarapriya,ShankarapriyA,shankarapriyA,22,Kharaharapriya,S R2 M1 P N2 D2 P S,S N2 D2 M1 G2 R2 S,S R₂ M₁ P N₂ D₂ P Ṡ,S N₂ D₂ M₁ G₂ R₂ Ṡ,False
shankarittam,ShankArittam,shankArittam,22,Kharaharapriya,S R2 G2 P N2 S,S D2D2 M1 G2 S,S R₂ G₂ P N₂ Ṡ,S D2D2 M₁ G₂ Ṡ,False
shankatti,ShankAtti,shankAtti,22,Kharaharapriya,S G2 P D2 S,S N2 P M1 R2 S,S G₂ P D₂ Ṡ,S N₂ P M₁ R₂ Ṡ,False
shankharudanan,ShankharuDaNan,shankharuDaNan,22,Kharaharapriya,S G2 P D2 S,S N2 P M1 G2 R2 S,S G₂ P D₂ Ṡ,S N₂ P M₁ G₂ R₂ Ṡ,False
shankhatam,ShankhAtam,shankhAtam,22,Kharaharapriya,S R2 M1 P D2 N2 S,S D2 M1 G2 S,S R₂ M₁ P D₂ N₂ Ṡ,S D₂ M₁ G₂ Ṡ,False
shankupilam,ShankUpilam,shankUpilam,22,Kharaharapriya,S R2 M1 P D2 S,S N2 P G2 S,S R₂ M₁ P D₂ Ṡ,S N₂ P G₂ Ṡ,False
shanpani,ShaNpaNi,shaNpaNi,22,Kharaharapriya,S R2 M1 D2 S,S N2 P G2 S,S R₂ M₁ D₂ Ṡ,S N₂ P G₂ Ṡ,False
shanpayarkon,ShaNpayarkOn,shaNpayarkOn,22,Kharaharapriya,S G2 P N2 S,S D2 M1 R2 S,S G₂ P N₂ Ṡ,S D₂ M₁ R₂ Ṡ,False
sharmila,SharmiLA,sharmiLA,22,Kharaharapriya,S R2 G2 M1 R2 M1 P N2 D2 P D2 N2 S,S N2 D2 N2 D2 M1 G2 M1 R2 G2 R2 M1 G2 S,S R₂ G₂ M₁ R₂ M₁ P N₂ D₂ P D₂ N₂ Ṡ,S N₂ D₂ N₂ D₂ M₁ G₂ M₁ R₂ G₂ R₂ M₁ G₂ Ṡ,False
shatam,Shatam,shatam,22,Kharaharapriya,S G2 M1 P D2 S,S N2 D2 P M1 G2 M1 R2 S,S G₂ M₁ P D₂ Ṡ,S N₂ D₂ P M₁ G₂ M₁ R₂ Ṡ,False
shattainathan,ShaTTainAthan,shaTTainAthan,22,Kharaharapriya,S R2 M1 D2 S,S N2 P G2 R2 S,S R₂ M₁ D₂ Ṡ,S N₂ P G₂ R₂ Ṡ,False
shivakambhoji,ShivakAmbhOji,shivakAmbhOji,22,Kharaharapriya,S R2 M1 P D2 S,S N2 D2 P M1 G2 R2 S,S R₂ M₁ P D₂ Ṡ,S N₂ D₂ P M₁ G₂ R₂ Ṡ,False
shivapriya,ShivapriyA,shivapriyA,22,Kharaharapriya,S R2 G2 P D2 S,S D2 P G3* R2 M1 R2 G2 R2S,S R₂ G₂ P D₂ Ṡ,S D₂ P G₃* R₂ M₁ R₂ G₂ R2S,False
shivaranjani,Shivaranjani,shivaranjani,22,Kharaharapriya,S R2 G2 P D2 S,S D2 P G2 R2 S,S R₂ G₂ P D₂ Ṡ,S D₂ P G₂ R₂ Ṡ,False
shonavati,ShONavati,shONavati,22,Kharaharapriya,S R2 G2 M1 D2 N2 P D2 N2 S,S N2 P D2 P M1 G2 R2 S,S R₂ G₂ M₁ D₂ N₂ P D₂ N₂ Ṡ,S N₂ P D₂ P M₁ G₂ R₂ Ṡ,False
shri,ShrI,shrI,22,Kharaharapriya,R2 M1 D2 N2 S,S N2 P D2 N2 P M1 R2 G2 R2 S,R₂ M₁ D₂ N₂ Ṡ,S N₂ P D₂ N₂ P M₁ R₂ G₂ R₂ Ṡ,False
shri,ShrI,shrI,22,Kharaharapriya,S R2 G2 M1 P D2 N2 S,S N2 D2 P M1 G2 R2 S,S R₂ G₂ M₁ P D₂ N₂ Ṡ,S N₂ D₂ P M₁ G₂ R₂ Ṡ,False
shri,ShrI,shrI,22,Kharaharapriya,S R2 M1 P N2 S,S N2 P D2 N2 P M1 R2 G2 R2 S,S R₂ M₁ P N₂ Ṡ,S N₂ P D₂ N₂ P M₁ R₂ G₂ R₂ Ṡ,False
shrimanohari,ShrImanOhari,shrImanOhari,22,Kharaharapriya,S G2 R2 G2 M1 P D2 S,S D2 P M1 G2 R2 S,S G₂ R₂ G₂ M₁ P D₂ Ṡ,S D₂ P M₁ G₂ R₂ Ṡ,False
shrimanohari,ShrImanOhari,shrImanOhari,22,Kharaharapriya,S R2 G2 M1 P D2 S,S N2 P M1 G2 R2 S,S R₂ G₂ M₁ P D₂ Ṡ,S N₂ P M₁ G₂ R₂ Ṡ,False
shrimanoranjani,ShrimanOranjani,shrimanOranjani,22,Kharaharapriya,S G2 M1 D2 N2 S,S N2 D2 M1 G2 R2 S,S G₂ M₁ D₂ N₂ Ṡ,S N₂ D₂ M₁ G₂ R₂ Ṡ,False
shriranjani,ShrIranjani,shrIranjani,22,Kharaharapriya,S R2 G2 M1 D2 N2 S,S N2 D2 M1 G2 R2 S,S R₂ G₂ M₁ D₂ N₂ Ṡ,S N₂ D₂ M₁ G₂ R₂ Ṡ,False
shriranjani,ShrIranjani,shrIranjani,22,Kharaharapriya,S R2 G2 M1 D2 N2 S,S N2 D2 M1 R2 G2 R2 S,S R₂ G₂ M₁ D₂ N₂ Ṡ,S N₂ D₂ M₁ R₂ G₂ R₂ Ṡ,False
shriranjani,ShrIranjani,shrIranjani,22,Kharaharapriya,S R2 G2 M1 N2 S,S N2 P M1 G2 R2 S,S R₂ G₂ M₁ N₂ Ṡ,S N₂ P M₁ G₂ R₂ Ṡ,False
shriranjani,ShrIranjani,shrIranjani,22,Kharaharapriya,S R2 G2 M1 P D2 N2 S,S N2 D2 M1 G2 S R2 S,S R₂ G₂ M₁ P D₂ N₂ Ṡ,S N₂ D₂ M₁ G₂ Ṡ R₂ Ṡ,False
shrngaravardhini,ShrngAravardhini,shrngAravardhini,22,Kharaharapriya,S R2 G2 M1 P D2 N2 S,S D2 N2 P M1 R2 G2 M1 R2 S,S R₂ G₂ M₁ P D₂ N₂ Ṡ,S D₂ N₂ P M₁ R₂ G₂ M₁ R₂ Ṡ,False
shubhangi,ShubhAngi,shubhAngi,22,Kharaharapriya,S M1 R2 G2 M1 P D2 N2,D2 P M1 G2 R2 S N2 S,S M₁ R₂ G₂ M₁ P D₂ N₂,D₂ P M₁ G₂ R₂ Ṡ N₂ Ṡ,False
shubhangi,ShubhAngi,shubhAngi,22,Kharaharapriya,S M1 R2 G2 M1 P D2 N2,D2 P M1 G2 R2 S N2,S M₁ R₂ G₂ M₁ P D₂ N₂,D₂ P M₁ G₂ R₂ Ṡ N₂,False
shuddhabangala,ShuddhabangALA,shuddhabangALA,22,Kharaharapriya,S R2 M1 P D2 S,S D2 P M1 R2 G2 R2 S,S R₂ M₁ P D₂ Ṡ,S D₂ P M₁ R₂ G₂ R₂ Ṡ,False
shuddhabhairavi,Shuddhabhairavi,shuddhabhairavi,22,Kharaharapriya,S G2 M1 N2 D2 S,S N2 D2 M1 G2 R2 S,S G₂ M₁ N₂ D₂ Ṡ,S N₂ D₂ M₁ G₂ R₂ Ṡ,False
shuddhabhairavi,Shuddhabhairavi,shuddhabhairavi,22,Kharaharapriya,S G2 M1 P N2 D2 S,S N2 D2 M1 G2 R2 S,S G₂ M₁ P N₂ D₂ Ṡ,S N₂ D₂ M₁ G₂ R₂ Ṡ,False
shuddhabhairavi,Shuddhabhairavi,shuddhabhairavi,22,Kharaharapriya,S G2 R2 M1 P N2 D2 N2 S,S N2 D2 P M1 G2 R2 S,S G₂ R₂ M₁ P N₂ D₂ N₂ Ṡ,S N₂ D₂ P M₁ G₂ R₂ Ṡ,False
shuddhadeshi,ShuddhadEshi,shuddhadEshi,22,Kharaharapriya,S R2 M1 P D2 N2 D2 S,S N2 D2 P D2 M1 G2 R2 S,S R₂ M₁ P D₂ N₂ D₂ Ṡ,S N₂ D₂ P D₂ M₁ G₂ R₂ Ṡ,False
shuddhadhanyasi,ShuddhadhanyAsi,shuddhadhanyAsi,22,Kharaharapriya,S R2 M1 P N2 P S,S N2 P M1 G2 S,S R₂ M₁ P N₂ P Ṡ,S N₂ P M₁ G₂ Ṡ,False
shuddhahindola,ShuddhahindOLa,shuddhahindOLa,22,Kharaharapriya,S G2 M1 D2 N2 S,S N2 D2 M1 G2 S,S G₂ M₁ D₂ N₂ Ṡ,S N₂ D₂ M₁ G₂ Ṡ,False
shuddhamadhyamam,Shuddhamadhyamam,shuddhamadhyamam,22,Kharaharapriya,S R2 M1 P D2 N2 S,S D2 P D2 N2 D2 P M1 G2 R2 S,S R₂ M₁ P D₂ N₂ Ṡ,S D₂ P D₂ N₂ D₂ P M₁ G₂ R₂ Ṡ,False
shuddhamadhyamam,Shuddhamadhyamam,shuddhamadhyamam,22,Kharaharapriya,S R2 M1 P D2 N2 S,S D2 P D2 N2 D2 P M1 G2 S,S R₂ M₁ P D₂ N₂ Ṡ,S D₂ P D₂ N₂ D₂ P M₁ G₂ Ṡ,False
shuddhamanohari,ShuddhamanOhari,shuddhamanOhari,22,Kharaharapriya,S R2 G2 M1 P D2 S,S N2 P M1 R2 G2 S,S R₂ G₂ M₁ P D₂ Ṡ,S N₂ P M₁ R₂ G₂ Ṡ,False
shuddhanepala,ShuddhanEpALa,shuddhanEpALa,22,Kharaharapriya,S R2 G2 M1 P D2 S,S N2 D2 M1 G2 R2 G2 S,S R₂ G₂ M₁ P D₂ Ṡ,S N₂ D₂ M₁ G₂ R₂ G₂ Ṡ,False
shuddhasaveri,ShuddhasAvEri,shuddhasAvEri,22,Kharaharapriya,S G2 R2 G2 M1 P D2 N2 D2 S,S N2 D2 P M1 G2 R2 G2 S,S G₂ R₂ G₂ M₁ P D₂ N₂ D₂ Ṡ,S N₂ D₂ P M₁ G₂ R₂ G₂ Ṡ,False
shuddhasena,ShuddhasEnA,shuddhasEnA,22,Kharaharapriya,S G2 R2 G2 M1 P D2 S,S N2 D2 M1 P M1 R2 G2 R2 S,S G₂ R₂ G₂ M₁ P D₂ Ṡ,S N₂ D₂ M₁ P M₁ R₂ G₂ R₂ Ṡ,False
shuddhashulini,ShuddhashUlini,shuddhashUlini,22,Kharaharapriya,S R2 G2 R2 M1 D2 M1 P D2 N2,S N2 P M1 R2 S,S R₂ G₂ R₂ M₁ D₂ M₁ P D₂ N₂,S N₂ P M₁ R₂ Ṡ,False
shuddhavelavali,ShuddhavELAvaLi,shuddhavELAvaLi,22,Kharaharapriya,S R2 M1 P N2 S,S N2 D2 N2 P M1 G2 R2 S,S R₂ M₁ P N₂ Ṡ,S N₂ D₂ N₂ P M₁ G₂ R₂ Ṡ,False
siddhasena,SiddhasEnA,siddhasEnA,22,Kharaharapriya,S G2 R2 G2 M1 P D2 S,S N2 D2 M1 P M1 R2 G2 R2 S,S G₂ R₂ G₂ M₁ P D₂ Ṡ,S N₂ D₂ M₁ P M₁ R₂ G₂ R₂ Ṡ,False
siddhasena,SiddhasEnA,siddhasEnA,22,Kharaharapriya,S R2 G2 M1 P D2 S,S N2 D2 M1 M1 P R2 G2 R2 S,S R₂ G₂ M₁ P D₂ Ṡ,S N₂ D₂ M₁ M₁ P R₂ G₂ R₂ Ṡ,False
sindhudhanyasi,SindhudhanyAsi,sindhudhanyAsi,22,Kharaharapriya,S G2 M1 P N2 S,S N2 D2 P M1 G2 R2 S,S G₂ M₁ P N₂ Ṡ,S N₂ D₂ P M₁ G₂ R₂ Ṡ,False
sindhudhanyasi,SindhudhanyAsi,sindhudhanyAsi,22,Kharaharapriya,S G2 M1 P N2 S,S N2 D2 P M1 G2 S,S G₂ M₁ P N₂ Ṡ,S N₂ D₂ P M₁ G₂ Ṡ,False
sindhudhanyasi,SindhudhanyAsi,sindhudhanyAsi,22,Kharaharapriya,S G2 M1 P N2 S,S N2 P M1 G2 S,S G₂ M₁ P N₂ Ṡ,S N₂ P M₁ G₂ Ṡ,False
sonavati,SOnavati,sOnavati,22,Kharaharapriya,S R2 G2 M1 D2 N2 P D2 N2 S,S N2 M1 G2 R2 S,S R₂ G₂ M₁ D₂ N₂ P D₂ N₂ Ṡ,S N₂ M₁ G₂ R₂ Ṡ,False
sugunabhusani,SuguNabHUSaNi,suguNabHUSaNi,22,Kharaharapriya,S G2 M1 P M1 D2 N2 S,S N2 D2 P M1 D2 M1 R2 S,S G₂ M₁ P M₁ D₂ N₂ Ṡ,S N₂ D₂ P M₁ D₂ M₁ R₂ Ṡ,False
sugunabhusani,SuguNabhUSaNI,suguNabhUSaNI,22,Kharaharapriya,S G2 M1 P M1 D2 N2 S,S N2 D2 P M1 G2 M1 R2 S,S G₂ M₁ P M₁ D₂ N₂ Ṡ,S N₂ D₂ P M₁ G₂ M₁ R₂ Ṡ,False
sugunaposhini,SugunapOShiNi,sugunapOShiNi,22,Kharaharapriya,S G2 M1 P M1 D2 N2 S,S N2 D2 P M1 G2 M1 R2 S,S G₂ M₁ P M₁ D₂ N₂ Ṡ,S N₂ D₂ P M₁ G₂ M₁ R₂ Ṡ,False
sukhasaindhavam,Sukhasaindhavam,sukhasaindhavam,22,Kharaharapriya,S R2 M1 G2 M1 P N2 D2 N2 S,S N2 D2 P M1 G2 R2 S,S R₂ M₁ G₂ M₁ P N₂ D₂ N₂ Ṡ,S N₂ D₂ P M₁ G₂ R₂ Ṡ,False
sukhasaindhavam,Sukhasaindhavam,sukhasaindhavam,22,Kharaharapriya,S R2 M1 G2 P N2 D2 N2 S,S N2 D2 P M1 G2 R2 S,S R₂ M₁ G₂ P N₂ D₂ N₂ Ṡ,S N₂ D₂ P M₁ G₂ R₂ Ṡ,False
sunada,SunAda,sunAda,22,Kharaharapriya,S G2 M1 P N2 D2 N2 S,S N2 D2 P M1 G2 S,S G₂ M₁ P N₂ D₂ N₂ Ṡ,S N₂ D₂ P M₁ G₂ Ṡ,False
supravahini,SupravAhini,supravAhini,22,Kharaharapriya,S R2 G2 M1 P N2 D2 M1 P N2 S,S N2 D2 P M1 G2 M1 S,S R₂ G₂ M₁ P N₂ D₂ M₁ P N₂ Ṡ,S N₂ D₂ P M₁ G₂ M₁ Ṡ,False
suryaranjani,SUryaranjani,sUryaranjani,22,Kharaharapriya,S R2 G2 P D2 S,S D2 P G2 R2 S,S R₂ G₂ P D₂ Ṡ,S D₂ P G₂ R₂ Ṡ,False
svarabhusani,SvarabhUSaNi,svarabhUSaNi,22,Kharaharapriya,S G2 M1 P D2 N2 S,S N2 D2 P M1 R2 S,S G₂ M₁ P D₂ N₂ Ṡ,S N₂ D₂ P M₁ R₂ Ṡ,False
svaracudamani,SvaracUDAmaNi,svaracUDAmaNi,22,Kharaharapriya,S R2 G2 P D2 N2 S,S N2 D2 P M1 G2 R2 S,S R₂ G₂ P D₂ N₂ Ṡ,S N₂ D₂ P M₁ G₂ R₂ Ṡ,False
svarakalanidhi,SvarakaLAnidhi,svarakaLAnidhi,22,Kharaharapriya,S M1 G2 M1 P D2 N2 S,S N2 D2 N2 P M1 R2 G2 S,S M₁ G₂ M₁ P D₂ N₂ Ṡ,S N₂ D₂ N₂ P M₁ R₂ G₂ Ṡ,False
svararanjani,Svararanjani,svararanjani,22,Kharaharapriya,S R2 G2 M1 D2 N2 S,S N2 D2 N2 P M1 R2 G2 S,S R₂ G₂ M₁ D₂ N₂ Ṡ,S N₂ D₂ N₂ P M₁ R₂ G₂ Ṡ,False
svararanjani,Svararanjani,svararanjani,22,Kharaharapriya,S R2 G2 M1 D2 N3 S,S N3 P M1 G2 M1 R2 S,S R₂ G₂ M₁ D₂ N₃ Ṡ,S N₃ P M₁ G₂ M₁ R₂ Ṡ,False
svarnabodamani,SvarNabOdamani,svarNabOdamani,22,Kharaharapriya,S R2 M1 G2 M1 P D2 N2 S,S N2 P D2 N2 D2 P M1 G2 R2 G2 S,S R₂ M₁ G₂ M₁ P D₂ N₂ Ṡ,S N₂ P D₂ N₂ D₂ P M₁ G₂ R₂ G₂ Ṡ,False
tapamukhari,TapamukhAri,tapamukhAri,22,Kharaharapriya,S R2 G2 P D2 S,S N2 D2 P M1 G2 R2 S,S R₂ G₂ P D₂ Ṡ,S N₂ D₂ P M₁ G₂ R₂ Ṡ,False
tavamukhari,TavamukhAri,tavamukhAri,22,Kharaharapriya,S R2 G2 M1 D2 S,S N2 D2 P M1 G2 R2 S,S R₂ G₂ M₁ D₂ Ṡ,S N₂ D₂ P M₁ G₂ R₂ Ṡ,False
tiruccakkiri,Tiruccakkiri,tiruccakkiri,22,Kharaharapriya,S R2 G2 M1 P N2 S,S D2 M1 R2 S,S R₂ G₂ M₁ P N₂ Ṡ,S D₂ M₁ R₂ Ṡ,False
tiruccandan,TiruccaNDan,tiruccaNDan,22,Kharaharapriya,S G2 P N2 S,S P M1 G2 S,S G₂ P N₂ Ṡ,S P M₁ G₂ Ṡ,False
tirugauri,Tirugauri,tirugauri,22,Kharaharapriya,S R2 G2 M1 P D2 N2 S,S D2 M1 R2 S,S R₂ G₂ M₁ P D₂ N₂ Ṡ,S D₂ M₁ R₂ Ṡ,False
tirukkaumaram,TirukkaumAram,tirukkaumAram,22,Kharaharapriya,S R2 G2 M1 P D2 N2 S,S D2 M1 G2 S,S R₂ G₂ M₁ P D₂ N₂ Ṡ,S D₂ M₁ G₂ Ṡ,False
tirukkaumari,TirukkaumAri,tirukkaumAri,22,Kharaharapriya,S R2 G2 M1 P D2 N2 S,S N2 P G2 S,S R₂ G₂ M₁ P D₂ N₂ Ṡ,S N₂ P G₂ Ṡ,False
tirukkondalvannan,TirukkoNDalvaNNan,tirukkoNDalvaNNan,22,Kharaharapriya,S R2 G2 M1 P D2 S,S D2 M1 G2 R2 S,S R₂ G₂ M₁ P D₂ Ṡ,S D₂ M₁ G₂ R₂ Ṡ,False
tirumacakran,TirumAcakran,tirumAcakran,22,Kharaharapriya,S R2 G2 M1 P N2 S,S D2 P G2 S,S R₂ G₂ M₁ P N₂ Ṡ,S D₂ P G₂ Ṡ,False
tirumuraivadivam,TirumuraivaDivam,tirumuraivaDivam,22,Kharaharapriya,S G2 M1 D2 S,S D2 M1 G2 S,S G₂ M₁ D₂ Ṡ,S D₂ M₁ G₂ Ṡ,False
tirunavudaiyar,TirunAvudaiyAr,tirunAvudaiyAr,22,Kharaharapriya,S R2 P D2 N2 S,S N2 D2 P M1 G2 R2 S,S R₂ P D₂ N₂ Ṡ,S N₂ D₂ P M₁ G₂ R₂ Ṡ,False
upendramati,UpEndramati,upEndramati,22,Kharaharapriya,S G2 M1 P D2 N2 S,S N2 D2 M1 R2 G2 R2 S,S G₂ M₁ P D₂ N₂ Ṡ,S N₂ D₂ M₁ R₂ G₂ R₂ Ṡ,False
upendravajram,UpEndravajram,upEndravajram,22,Kharaharapriya,S R2 G2 M1 P D2 N2 S,S N2 P M1 P G2 R2 S,S R₂ G₂ M₁ P D₂ N₂ Ṡ,S N₂ P M₁ P G₂ R₂ Ṡ,False
uragamani,UragamaNi,uragamaNi,22,Kharaharapriya,S R2 G2 M1 P D2 N2 S,S N2 D2 N2 P M1 G2 M1 R2 S,S R₂ G₂ M₁ P D₂ N₂ Ṡ,S N₂ D₂ N₂ P M₁ G₂ M₁ R₂ Ṡ,False
vajrakanti,VajrakAnti,vajrakAnti,22,Kharaharapriya,S G2 M1 P N2 S,S N2 D2 P M1 G2 R2 S,S G₂ M₁ P N₂ Ṡ,S N₂ D₂ P M₁ G₂ R₂ Ṡ,False
vanimanjari,VANimanjari,vANimanjari,22,Kharaharapriya,S R2 G2 M1 P D2 N2 S,S N2 D2 P M1 P D2 P M1 R2 G2 M1 G2 S,S R₂ G₂ M₁ P D₂ N₂ Ṡ,S N₂ D₂ P M₁ P D₂ P M₁ R₂ G₂ M₁ G₂ Ṡ,False
varam,Varam,varam,22,Kharaharapriya,S G2 M1 D2 N2 S,S N2 D2 M1 G2 S,S G₂ M₁ D₂ N₂ Ṡ,S N₂ D₂ M₁ G₂ Ṡ,False
varangini,VarAngiNi,varAngiNi,22,Kharaharapriya,S G2 M1 D2 N2 S,S N2 D2 M1 G2 S,S G₂ M₁ D₂ N₂ Ṡ,S N₂ D₂ M₁ G₂ Ṡ,False
varunapriya,VaruNapriyA,varuNapriyA,22,Kharaharapriya,S R2 G2 M1 P D3 N3 S,S N3 D3 P M1 G2 R2 S,S R₂ G₂ M₁ P D₃ N₃ Ṡ,S N₃ D₃ P M₁ G₂ R₂ Ṡ,False
vasanta,Vasanta,vasanta,22,Kharaharapriya,S G2 M1 D2 N2 S,S N2 D2 M1 G2 R2 S,S G₂ M₁ D₂ N₂ Ṡ,S N₂ D₂ M₁ G₂ R₂ Ṡ,False
vasimanjari,Vasimanjari,vasimanjari,22,Kharaharapriya,S R2 G2 M1 P D2 N2 S,S N2 D2 P M1 P D2 P M1 R2 S,S R₂ G₂ M₁ P D₂ N₂ Ṡ,S N₂ D₂ P M₁ P D₂ P M₁ R₂ Ṡ,False
vimalamohan,VimalamOhan,vimalamOhan,22,Kharaharapriya,S G2 M1 P D2 S,S N2 D2 P M1 G2 R2 S,S G₂ M₁ P D₂ Ṡ,S N₂ D₂ P M₁ G₂ R₂ Ṡ,False
vipradhanyasi,VipradhanyAsi,vipradhanyAsi,22,Kharaharapriya,S G2 M1 P N2 S,S N2 D2 P M1 G2 R2 S,S G₂ M₁ P N₂ Ṡ,S N₂ D₂ P M₁ G₂ R₂ Ṡ,False
gowrivelaavali,GowrivElaavaLi,gowrivElaavaLi,23,Gowri,S R2 G2 S R2 M1 P D2 S,S N3 D2 P M1 G2 R2 S,S R₂ G₂ Ṡ R₂ M₁ P D₂ Ṡ,S N₃ D₂ P M₁ G₂ R₂ Ṡ,False
s,S,S,23,Gowri,R2 G1 G2 S R2 M1 M1 P D2 D2 S,S N3 D2 P M1 G1 G2 R2 S,R₂ G₁ G₂ Ṡ R₂ M₁ M₁ P D₂ D₂ Ṡ,S N₃ D₂ P M₁ G₁ G₂ R₂ Ṡ,False
aduturaiyan,AduturaiyAn,AduturaiyAn,23,Gowri,S G2 M1 P N3 S,S N3 D2 P M1 G2 R2 S,S G₂ M₁ P N₃ Ṡ,S N₃ D₂ P M₁ G₂ R₂ Ṡ,False
ambamanohari,AmbamanOhari,ambamanOhari,23,Gowri,S R2 G2 M1 D2 N3 S,S N3 D2 M1 G2 R2 S,S R₂ G₂ M₁ D₂ N₃ Ṡ,S N₃ D₂ M₁ G₂ R₂ Ṡ,False
arani,AraNi,araNi,23,Gowri,S R2 M1 D2 N3 S,S N3 D2 M1 R2 S,S R₂ M₁ D₂ N₃ Ṡ,S N₃ D₂ M₁ R₂ Ṡ,False
bhanudipaka,BhAnudIpaka,bhAnudIpaka,23,Gowri,S R2 G2 R2 M1 P D2 N3 S,S N3 P M1 G2 R2 S,S R₂ G₂ R₂ M₁ P D₂ N₃ Ṡ,S N₃ P M₁ G₂ R₂ Ṡ,False
candanacalam,Candanacalam,candanacalam,23,Gowri,S R2 G2 M1 P D2 S,S N3 P G2 R2 S,S R₂ G₂ M₁ P D₂ Ṡ,S N₃ P G₂ R₂ Ṡ,False
candrajnanam,CandrajnAnam,candrajnAnam,23,Gowri,S R2 G2 P D2 S,S N3 P M1 G2 R2 S,S R₂ G₂ P D₂ Ṡ,S N₃ P M₁ G₂ R₂ Ṡ,False
candraruddan,Candraruddan,candraruddan,23,Gowri,S R2 M1 P D2 N3 S,S D2 P M1 G2 S,S R₂ M₁ P D₂ N₃ Ṡ,S D₂ P M₁ G₂ Ṡ,False
candrikai,Candrikai,candrikai,23,Gowri,S G2 M1 P N3 S,S D2 P M1 G2 R2 S,S G₂ M₁ P N₃ Ṡ,S D₂ P M₁ G₂ R₂ Ṡ,False
citramalika,CitramAlikA,citramAlikA,23,Gowri,S R2 G2 M1 P D2 N3 S,S D2 P M1 R2 S,S R₂ G₂ M₁ P D₂ N₃ Ṡ,S D₂ P M₁ R₂ Ṡ,False
cittottama,CittOTTamA,cittOTTamA,23,Gowri,S R2 G2 M1 P D2 N3 S,S P M1 G2 R2 S,S R₂ G₂ M₁ P D₂ N₃ Ṡ,S P M₁ G₂ R₂ Ṡ,False
darbhakulam,DarbhakULam,darbhakULam,23,Gowri,S R2 G2 M1 G2 P D2 N3 S,S N3 D2 M1 G2 R2 S,S R₂ G₂ M₁ G₂ P D₂ N₃ Ṡ,S N₃ D₂ M₁ G₂ R₂ Ṡ,False
deshakya,DEshakya,dEshakya,23,Gowri,S R2 G2 M1 P D2 N3 S,S N3 P M1 G2 S,S R₂ G₂ M₁ P D₂ N₃ Ṡ,S N₃ P M₁ G₂ Ṡ,False
eraghatton,EraghattOn,EraghattOn,23,Gowri,S R2 G2 P N3 S,S N3 D2 P M1 G2 R2 S,S R₂ G₂ P N₃ Ṡ,S N₃ D₂ P M₁ G₂ R₂ Ṡ,False
gamabharini,GamabhariNi,gamabhariNi,23,Gowri,S R2 M1 G2 P D2 N3 D2 S,S N3 D2 P M1 G2 R2 S,S R₂ M₁ G₂ P D₂ N₃ D₂ Ṡ,S N₃ D₂ P M₁ G₂ R₂ Ṡ,False
gamakyam,Gamakyam,gamakyam,23,Gowri,S R2 M1 P D2 N3 S,S N3 D2 P M1 G2 P M1 R2 G2 S,S R₂ M₁ P D₂ N₃ Ṡ,S N₃ D₂ P M₁ G₂ P M₁ R₂ G₂ Ṡ,False
gambhirani,GambhIraNi,gambhIraNi,23,Gowri,S R2 G2 M1 P D2 N3 D2 S,S N3 D2 P M1 G2 R2 S,S R₂ G₂ M₁ P D₂ N₃ D₂ Ṡ,S N₃ D₂ P M₁ G₂ R₂ Ṡ,False
gambhiraranjani,GambhIraranjani,gambhIraranjani,23,Gowri,S R2 G2 M1 D2 N3 S,S N3 D2 M1 G2 R2 S,S R₂ G₂ M₁ D₂ N₃ Ṡ,S N₃ D₂ M₁ G₂ R₂ Ṡ,False
gambhirini,GambhIriNi,gambhIriNi,23,Gowri,S R2 G2 M1 P D2 N3 D2 S,S N3 D2 P M1 G2 R2 S,S R₂ G₂ M₁ P D₂ N₃ D₂ Ṡ,S N₃ D₂ P M₁ G₂ R₂ Ṡ,False
gaurilalita,GaurIlalitA,gaurIlalitA,23,Gowri,S R2 G2 M1 D2 N3 S,S N3 D2 M1 G2 R2 S,S R₂ G₂ M₁ D₂ N₃ Ṡ,S N₃ D₂ M₁ G₂ R₂ Ṡ,False
gaurimanohari,GaurImanOhari,gaurImanOhari,23,Gowri,S R2 G2 M1 P D2 N3 S,S N3 D2 P M1 G2 R2 S,S R₂ G₂ M₁ P D₂ N₃ Ṡ,S N₃ D₂ P M₁ G₂ R₂ Ṡ,False
gauriranjani,GaurIranjani,gaurIranjani,23,Gowri,S R2 G2 M1 P N3 S,S D2 M1 G2 R2 S,S R₂ G₂ M₁ P N₃ Ṡ,S D₂ M₁ G₂ R₂ Ṡ,False
gaurishankar,GaurIshankar,gaurIshankar,23,Gowri,S R2 G2 M1 P N3 S,S N3 D2 P M1 G2 R2 S,S R₂ G₂ M₁ P N₃ Ṡ,S N₃ D₂ P M₁ G₂ R₂ Ṡ,False
gaurivelavali,GaurIvELAvaLi,gaurIvELAvaLi,23,Gowri,S R2 G2 S R2 M1 P D2 S,S N3 D2 P M1 G2 R2 S,S R₂ G₂ Ṡ R₂ M₁ P D₂ Ṡ,S N₃ D₂ P M₁ G₂ R₂ Ṡ,False
ghantanam,GhaNTaNam,ghaNTaNam,23,Gowri,S R2 G2 M1 D2 N3 S,S N3 D2 M1 G2 R2 S,S R₂ G₂ M₁ D₂ N₃ Ṡ,S N₃ D₂ M₁ G₂ R₂ Ṡ,False
hamsabhusani,HamsabhUSaNi,hamsabhUSaNi,23,Gowri,S G2 M1 D2 N3 S,S N3 D2 M1 G2 R2 S,S G₂ M₁ D₂ N₃ Ṡ,S N₃ D₂ M₁ G₂ R₂ Ṡ,False
hamsabhusani,HamsabhUSaNi,hamsabhUSaNi,23,Gowri,S G2 M1 D2 N3 S,S N3 P G2 R2 S,S G₂ M₁ D₂ N₃ Ṡ,S N₃ P G₂ R₂ Ṡ,False
hamsadipakam,HamsadIpakam,hamsadIpakam,23,Gowri,S R2 G2 M1 D2 S,S N3 D2 P M1 G2 R2 S,S R₂ G₂ M₁ D₂ Ṡ,S N₃ D₂ P M₁ G₂ R₂ Ṡ,False
hasyadipakam,HasyadIpakam,hasyadIpakam,23,Gowri,S R2 G2 M1 D2 S,S N3 D2 P M1 G2 R2 S,S R₂ G₂ M₁ D₂ Ṡ,S N₃ D₂ P M₁ G₂ R₂ Ṡ,False
hrdakamali,Hrdakamali,hrdakamali,23,Gowri,S R2 M1 D2 N3 S,S N3 D2 M1 R2 S,S R₂ M₁ D₂ N₃ Ṡ,S N₃ D₂ M₁ R₂ Ṡ,False
imaiyavarkoman,ImaiyavarkOmAn,imaiyavarkOmAn,23,Gowri,S G2 M1 P D2 S,S N3 D2 P M1 G2 R2 S,S G₂ M₁ P D₂ Ṡ,S N₃ D₂ P M₁ G₂ R₂ Ṡ,False
ishvaracaram,Ishvaracaram,Ishvaracaram,23,Gowri,S G2 M1 P D2 N3 S,S N3 M1 R2 S,S G₂ M₁ P D₂ N₃ Ṡ,S N₃ M₁ R₂ Ṡ,False
jalasharam,Jalasharam,jalasharam,23,Gowri,S R2 M1 D2 S,S N3 P M1 G2 S,S R₂ M₁ D₂ Ṡ,S N₃ P M₁ G₂ Ṡ,False
kamakya,Kamakya,kamakya,23,Gowri,S R2 M1 P D2 N3 S,S N3 P M1 G2 P M1 R2 G2 S,S R₂ M₁ P D₂ N₃ Ṡ,S N₃ P M₁ G₂ P M₁ R₂ G₂ Ṡ,False
kamala,Kamala,kamala,23,Gowri,S G2 M1 D2 N3 S,S N3 D2 M1 G2 S,S G₂ M₁ D₂ N₃ Ṡ,S N₃ D₂ M₁ G₂ Ṡ,False
karavani,KaravANi,karavANi,23,Gowri,S R2 G2 P D2 N3 S,S N3 D2 P G2 R2 S,S R₂ G₂ P D₂ N₃ Ṡ,S N₃ D₂ P G₂ R₂ Ṡ,False
karpani,KarpaNi,karpaNi,23,Gowri,S R2 G2 P D2 N3 S,S N3 D2 P G2 R2 S,S R₂ G₂ P D₂ N₃ Ṡ,S N₃ D₂ P G₂ R₂ Ṡ,False
kodanda,KOdaNDa,kOdaNDa,23,Gowri,S R2 G2 M1 P D2 N3 S,S D2 M1 G2 R2 S,S R₂ G₂ M₁ P D₂ N₃ Ṡ,S D₂ M₁ G₂ R₂ Ṡ,False
kokiladipakam,KOkiladIpakam,kOkiladIpakam,23,Gowri,S G2 M1 D2 N3 S,S N3 D2 M1 G2 R2 S,S G₂ M₁ D₂ N₃ Ṡ,S N₃ D₂ M₁ G₂ R₂ Ṡ,False
komala,KOmaLa,kOmaLa,23,Gowri,S R2 G2 M1 P D2 N3 S,S N3 P G2 R2 S,S R₂ G₂ M₁ P D₂ N₃ Ṡ,S N₃ P G₂ R₂ Ṡ,False
lavintika,LavintikA,lavintikA,23,Gowri,S R2 M1 P N3 S,S N3 P M1 R2 S,S R₂ M₁ P N₃ Ṡ,S N₃ P M₁ R₂ Ṡ,False
malhar,Malhar,malhar,23,Gowri,S N3 S G2 R2 P M1 N3 D2 N3 S,S N3 D2 P M1 G2 R2 S N3 D2 S,S N₃ Ṡ G₂ R₂ P M₁ N₃ D₂ N₃ Ṡ,S N₃ D₂ P M₁ G₂ R₂ Ṡ N₃ D₂ Ṡ,False
malmarugansharam,MAlmarugansharam,mAlmarugansharam,23,Gowri,S G2 P N3 S,S D2 M1 R2 S,S G₂ P N₃ Ṡ,S D₂ M₁ R₂ Ṡ,False
malsharam,MAlsharam,mAlsharam,23,Gowri,S R2 M1 D2 S,S N3 P M1 G2 R2 S,S R₂ M₁ D₂ Ṡ,S N₃ P M₁ G₂ R₂ Ṡ,False
mudumaghan,Mudumaghan,mudumaghan,23,Gowri,S R2 G2 P D2 N3 S,S N3 D2 P G2 R2 S,S R₂ G₂ P D₂ N₃ Ṡ,S N₃ D₂ P G₂ R₂ Ṡ,False
nacaram,Nacaram,nacaram,23,Gowri,S G2 R2 G2 M1 N3 D2 N3 S,S N3 D2 M1 P M1 G2 R2 S,S G₂ R₂ G₂ M₁ N₃ D₂ N₃ Ṡ,S N₃ D₂ M₁ P M₁ G₂ R₂ Ṡ,False
nagabhupalam,NAgabhUpALam,nAgabhUpALam,23,Gowri,S R2 G2 M1 D2 N3 S,S N3 M1 G2 R2 S,S R₂ G₂ M₁ D₂ N₃ Ṡ,S N₃ M₁ G₂ R₂ Ṡ,False
nagabhupalam,NAgabhUpALam,nAgabhUpALam,23,Gowri,S R2 G2 M1 N3 S,S N3 M1 G2 R2 S,S R₂ G₂ M₁ N₃ Ṡ,S N₃ M₁ G₂ R₂ Ṡ,False
nagagandhari,NAgagAndhAri,nAgagAndhAri,23,Gowri,S R2 G2 R2 M1 P D2 N3 S,S N3 D2 P M1 G2 R2 G2 S,S R₂ G₂ R₂ M₁ P D₂ N₃ Ṡ,S N₃ D₂ P M₁ G₂ R₂ G₂ Ṡ,False
nagagandhari,NAgagAndhAri,nAgagAndhAri,23,Gowri,S R2 M1 P D2 N3 S,S N3 D2 P M1 G2 R2 S,S R₂ M₁ P D₂ N₃ Ṡ,S N₃ D₂ P M₁ G₂ R₂ Ṡ,False
nagapancamam,NAgapancamam,nAgapancamam,23,Gowri,S M1 P D2 N3 D2 S,S D2 M1 G2 R2 S,S M₁ P D₂ N₃ D₂ Ṡ,S D₂ M₁ G₂ R₂ Ṡ,False
nagapancamam,NAgapancamam,nAgapancamam,23,Gowri,S M1 P D2 N3 S,S D2 M1 G2 R2 S,S M₁ P D₂ N₃ Ṡ,S D₂ M₁ G₂ R₂ Ṡ,False
palika,PAlikA,pAlikA,23,Gowri,S R2 G2 D2 N3 S,S N3 D2 G2 R2 S,S R₂ G₂ D₂ N₃ Ṡ,S N₃ D₂ G₂ R₂ Ṡ,False
pallavam,Pallavam,pallavam,23,Gowri,S R2 M1 G2 M1 P D2 N3 S,S D2 M1 P M1 G2 R2 S,S R₂ M₁ G₂ M₁ P D₂ N₃ Ṡ,S D₂ M₁ P M₁ G₂ R₂ Ṡ,False
sadanandapriya,SadAnandapriyA,sadAnandapriyA,23,Gowri,S R2 G2 M1 D2 N3 S,S N3 D2 P M1 G2 R2 S,S R₂ G₂ M₁ D₂ N₃ Ṡ,S N₃ D₂ P M₁ G₂ R₂ Ṡ,False
sadaya,Sadaya,sadaya,23,Gowri,S R2 G2 M1 P D2 N3 S,S N3 D2 M1 G2 R2 S,S R₂ G₂ M₁ P D₂ N₃ Ṡ,S N₃ D₂ M₁ G₂ R₂ Ṡ,False
sadoganathar,SadOganAthar,sadOganAthar,23,Gowri,S R2 M1 P D2 N3 S,S N3 D2 P M1 G2 S,S R₂ M₁ P D₂ N₃ Ṡ,S N₃ D₂ P M₁ G₂ Ṡ,False
salavibangala,SALavibangALa,sALavibangALa,23,Gowri,S R2 M1 P D2 S,S N3 D2 P M1 R2 S,S R₂ M₁ P D₂ Ṡ,S N₃ D₂ P M₁ R₂ Ṡ,False
samasalavi,SAmasALavi,sAmasALavi,23,Gowri,S R2 G2 M1 P S,S N3 D2 P M1 G2 R2 S,S R₂ G₂ M₁ P Ṡ,S N₃ D₂ P M₁ G₂ R₂ Ṡ,False
samatitam,SamatItam,samatItam,23,Gowri,S R2 G2 P D2 S,S N3 P M1 G2 S,S R₂ G₂ P D₂ Ṡ,S N₃ P M₁ G₂ Ṡ,False
sami,Sami,sami,23,Gowri,S R2 G2 M1 D2 S,S N3 D2 M1 G2 S,S R₂ G₂ M₁ D₂ Ṡ,S N₃ D₂ M₁ G₂ Ṡ,False
samiranan,SamIranan,samIranan,23,Gowri,S G2 N3 D2 N3 S,S N3 D2 M1 G2 S,S G₂ N₃ D₂ N₃ Ṡ,S N₃ D₂ M₁ G₂ Ṡ,False
sangranapriya,SangranapriyA,sangranapriyA,23,Gowri,S R2 G2 M1 D2 S,S N3 P G2 S,S R₂ G₂ M₁ D₂ Ṡ,S N₃ P G₂ Ṡ,False
santanadipika,SantAnadIpikA,santAnadIpikA,23,Gowri,S G2 M1 P D2 N3 S,S D2 P G2 R2 S,S G₂ M₁ P D₂ N₃ Ṡ,S D₂ P G₂ R₂ Ṡ,False
saracciru,Saracciru,saracciru,23,Gowri,S R2 G2 M1 P D2 S,S N3 P G2 S,S R₂ G₂ M₁ P D₂ Ṡ,S N₃ P G₂ Ṡ,False
saralam,SaraLam,saraLam,23,Gowri,S G2 P N3 S,S D2 P M1 G2 R2 S,S G₂ P N₃ Ṡ,S D₂ P M₁ G₂ R₂ Ṡ,False
sarasanayaki,SarasanAyaki,sarasanAyaki,23,Gowri,S R2 G2 M1 P N3 S,S D2 M1 G2 S,S R₂ G₂ M₁ P N₃ Ṡ,S D₂ M₁ G₂ Ṡ,False
sarittu,Sarittu,sarittu,23,Gowri,S G2 P D2 S,S N3 D2 M1 G2 R2 S,S G₂ P D₂ Ṡ,S N₃ D₂ M₁ G₂ R₂ Ṡ,False
sarojam,SarOjam,sarOjam,23,Gowri,S G2 M1 D2 N3 S,S N3 M1 R2 S,S G₂ M₁ D₂ N₃ Ṡ,S N₃ M₁ R₂ Ṡ,False
sarvakaranapriya,SarvakAranapriyA,sarvakAranapriyA,23,Gowri,S R2 G2 M1 D2 S,S N3 P G2 S,S R₂ G₂ M₁ D₂ Ṡ,S N₃ P G₂ Ṡ,False
sarvamati,Sarvamati,sarvamati,23,Gowri,S M1 G2 D2 N3 S,S N3 D2 P M1 G2 R2 S,S M₁ G₂ D₂ N₃ Ṡ,S N₃ D₂ P M₁ G₂ R₂ Ṡ,False
sarvanipriya,SarvAnipriyA,sarvAnipriyA,23,Gowri,S G2 P N3 S,S D2 M1 G2 R2 S,S G₂ P N₃ Ṡ,S D₂ M₁ G₂ R₂ Ṡ,False
satisadangai,Satisadangai,satisadangai,23,Gowri,S G2 M1 P D2 N3 S,S N3 D2 P M1 G2 R2 S,S G₂ M₁ P D₂ N₃ Ṡ,S N₃ D₂ P M₁ G₂ R₂ Ṡ,False
sattaparuni,SattaparuNi,sattaparuNi,23,Gowri,S R2 G2 P D2 N3 S,S N3 D2 P M1 G2 S,S R₂ G₂ P D₂ N₃ Ṡ,S N₃ D₂ P M₁ G₂ Ṡ,False
satyanayaki,SatyanAyaki,satyanAyaki,23,Gowri,S R2 G2 P D2 S,S N3 D2 P M1 G2 R2 S,S R₂ G₂ P D₂ Ṡ,S N₃ D₂ P M₁ G₂ R₂ Ṡ,False
sayaka,Sayaka,sayaka,23,Gowri,S R2 G2 M1 P D2 N3 S,S D2 M1 R2 S,S R₂ G₂ M₁ P D₂ N₃ Ṡ,S D₂ M₁ R₂ Ṡ,False
shalakai,ShalAkai,shalAkai,23,Gowri,S R2 M1 D2 S,S N3 P G2 S,S R₂ M₁ D₂ Ṡ,S N₃ P G₂ Ṡ,False
shamhbaripriya,ShamhbAripriyA,shamhbAripriyA,23,Gowri,S R2 G2 M1 P D2 N3 S,S N3 P G2 S,S R₂ G₂ M₁ P D₂ N₃ Ṡ,S N₃ P G₂ Ṡ,False
sharutti,Sharutti,sharutti,23,Gowri,S R2 G2 P N3 S,S D2 M1 G2 S,S R₂ G₂ P N₃ Ṡ,S D₂ M₁ G₂ Ṡ,False
shataviru,ShatavIru,shatavIru,23,Gowri,S M1 P D2 N3 S,S N3 D2 P M1 G2 R2 S,S M₁ P D₂ N₃ Ṡ,S N₃ D₂ P M₁ G₂ R₂ Ṡ,False
shrivelavali,ShrIvELAvaLi,shrIvELAvaLi,23,Gowri,S R2 M1 D2 N3 S,S D2 P M1 G2 R2 S,S R₂ M₁ D₂ N₃ Ṡ,S D₂ P M₁ G₂ R₂ Ṡ,False
shuddhamanohari,ShuddhamanOhari,shuddhamanOhari,23,Gowri,S R2 M1 P N3 S,S N3 D2 P M1 G2 R2 S,S R₂ M₁ P N₃ Ṡ,S N₃ D₂ P M₁ G₂ R₂ Ṡ,False
simhalabhairavi,SimhaLabhairavi,simhaLabhairavi,23,Gowri,S G2 M1 P D2 S,S N3 D2 M1 G2 R2 S,S G₂ M₁ P D₂ Ṡ,S N₃ D₂ M₁ G₂ R₂ Ṡ,False
sindhottama,SindhOttama,sindhOttama,23,Gowri,S R2 G2 M1 P D2 N3 S,S P M1 G2 R2 S,S R₂ G₂ M₁ P D₂ N₃ Ṡ,S P M₁ G₂ R₂ Ṡ,False
suryakauns,SUryakauns,sUryakauns,23,Gowri,S G2 M1 P D2 S,S N3 D2 M1 G2 S,S G₂ M₁ P D₂ Ṡ,S N₃ D₂ M₁ G₂ Ṡ,False
svaramati,Svaramati,svaramati,23,Gowri,S G2 M1 D2 N3 S,S N3 D2 P M1 G2 R2 S,S G₂ M₁ D₂ N₃ Ṡ,S N₃ D₂ P M₁ G₂ R₂ Ṡ,False
svayambhu,Svayambhu,svayambhu,23,Gowri,S G2 M1 D2 S,S N3 D2 P M1 G2 R2 S,S G₂ M₁ D₂ Ṡ,S N₃ D₂ P M₁ G₂ R₂ Ṡ,False
svayambhutiruccadangai,Svayambhutiruccadangai,svayambhutiruccadangai,23,Gowri,S G2 P N3 S,S N3 D2 P M1 G2 R2 S,S G₂ P N₃ Ṡ,S N₃ D₂ P M₁ G₂ R₂ Ṡ,False
tiruccattan,Tiruccattan,tiruccattan,23,Gowri,S R2 G2 M1 P N3 S,S D2 P M1 G2 R2 S,S R₂ G₂ M₁ P N₃ Ṡ,S D₂ P M₁ G₂ R₂ Ṡ,False
tiruccayamaghal,Tiruccayamaghal,tiruccayamaghal,23,Gowri,S R2 G2 M1 P D2 N3 S,S D2 P G2 S,S R₂ G₂ M₁ P D₂ N₃ Ṡ,S D₂ P G₂ Ṡ,False
tirusamayatitan,TirusamayAtItan,tirusamayAtItan,23,Gowri,S R2 G2 P N3 S,S D2 P M1 G2 S,S R₂ G₂ P N₃ Ṡ,S D₂ P M₁ G₂ Ṡ,False
varudham,VarUdham,varUdham,23,Gowri,S G2 P D2 N3 S,S N3 D2 P G2 S,S G₂ P D₂ N₃ Ṡ,S N₃ D₂ P G₂ Ṡ,False
vasantashri,VasantashrI,vasantashrI,23,Gowri,S R2 G2 M1 D2 N3 S,S N3 D2 M1 G2 R2 S,S R₂ G₂ M₁ D₂ N₃ Ṡ,S N₃ D₂ M₁ G₂ R₂ Ṡ,False
vedavalli,VEdavalli,vEdavalli,23,Gowri,S R2 G2 M1 P N3 S,S N3 D2 P M1 G2 R2 S,S R₂ G₂ M₁ P N₃ Ṡ,S N₃ D₂ P M₁ G₂ R₂ Ṡ,False
velavali,VELAvaLi,vELAvaLi,23,Gowri,S G2 M1 D2 N3 S,S N3 D2 P M1 G2 R2 S,S G₂ M₁ D₂ N₃ Ṡ,S N₃ D₂ P M₁ G₂ R₂ Ṡ,False
velavali,VELAvaLi,vELAvaLi,23,Gowri,S G2 R2 M1 P D2 S,S N3 D2 P M1 G2 R2 S,S G₂ R₂ M₁ P D₂ Ṡ,S N₃ D₂ P M₁ G₂ R₂ Ṡ,False
velavali,VELAvaLi,vELAvaLi,23,Gowri,S R2 G2 M1 P D2 S,S N3 D2 P M1 G2 S,S R₂ G₂ M₁ P D₂ Ṡ,S N₃ D₂ P M₁ G₂ Ṡ,False
velavali,VELAvaLi,vELAvaLi,23,Gowri,S R2 G2 S R2 M1 P D2 S,S N3 D2 P M1 G2 R2 S,S R₂ G₂ Ṡ R₂ M₁ P D₂ Ṡ,S N₃ D₂ P M₁ G₂ R₂ Ṡ,False
velavali,VELAvaLi,vELAvaLi,23,Gowri,S R2 M1 P D2 S,S N3 D2 P M1 G2 R2 S,S R₂ M₁ P D₂ Ṡ,S N₃ D₂ P M₁ G₂ R₂ Ṡ,False
vijayanarayani,VijayanArAyaNi,vijayanArAyaNi,23,Gowri,S R2 G2 M1 P D2 N3 S,S D2 P M1 G2 R2 S,S R₂ G₂ M₁ P D₂ N₃ Ṡ,S D₂ P M₁ G₂ R₂ Ṡ,False
viravasantam,VIravasantam,vIravasantam,23,Gowri,S R2 M1 P S,S N3 D2 P M1 G2 R2 S,S R₂ M₁ P Ṡ,S N₃ D₂ P M₁ G₂ R₂ Ṡ,False
visayanarayani,ViSayanArAyaNi,viSayanArAyaNi,23,Gowri,S R2 G2 M1 P D2 N3 S,S D2 P M1 G2 R2 S,S R₂ G₂ M₁ P D₂ N₃ Ṡ,S D₂ P M₁ G₂ R₂ Ṡ,False
veeravasantam,Veeravasantam,veeravasantam,24,VaruNapriyaa,S R2 G2 M1 P S,S N3 D3 P M1 G2 R2 S,S R₂ G₂ M₁ P Ṡ,S N₃ D₃ P M₁ G₂ R₂ Ṡ,False
asti,ASTi,aSTi,24,VaruNapriyaa,S G2 M1 D3 N3 S,S N3 D3 M1 G2 S,S G₂ M₁ D₃ N₃ Ṡ,S N₃ D₃ M₁ G₂ Ṡ,False
bhanudipaka,BhAnudIpaka,bhAnudIpaka,24,VaruNapriyaa,S R2 G2 M1 P D3 N3 S,S N3 P M1 R2 S,S R₂ G₂ M₁ P D₃ N₃ Ṡ,S N₃ P M₁ R₂ Ṡ,False
bhanudipaka,BhAnudIpaka,bhAnudIpaka,24,VaruNapriyaa,S R2 G2 M1 P D3 N3 S,S N3 P R2 S,S R₂ G₂ M₁ P D₃ N₃ Ṡ,S N₃ P R₂ Ṡ,False
bhanudipaka,BhAnudIpaka,bhAnudIpaka,24,VaruNapriyaa,S R2 G2 M1 P D3 S,S N3 P M1 R2 S,S R₂ G₂ M₁ P D₃ Ṡ,S N₃ P M₁ R₂ Ṡ,False
bhanudipaka,BhAnudIpaka,bhAnudIpaka,24,VaruNapriyaa,S R2 G2 R2 M1 P D3 N3 S,S N3 P M1 R2 S,S R₂ G₂ R₂ M₁ P D₃ N₃ Ṡ,S N₃ P M₁ R₂ Ṡ,False
bhanupratapa,BhAnupratApa,bhAnupratApa,24,VaruNapriyaa,S R2 G2 M1 P D3 S,S D3 P M1 G2 R2 S,S R₂ G₂ M₁ P D₃ Ṡ,S D₃ P M₁ G₂ R₂ Ṡ,False
bhrngukunga,Bhrngukunga,bhrngukunga,24,VaruNapriyaa,S R2 M1 P N3 D3 S,S N3 D3 P M1 G2 R2 S,S R₂ M₁ P N₃ D₃ Ṡ,S N₃ D₃ P M₁ G₂ R₂ Ṡ,False
brduvaka,BrdUvaka,brdUvaka,24,VaruNapriyaa,S R2 G2 R2 M1 P D3 N3 S,S N3 P M1 R2 S,S R₂ G₂ R₂ M₁ P D₃ N₃ Ṡ,S N₃ P M₁ R₂ Ṡ,False
dinavasanta,DInavasanta,dInavasanta,24,VaruNapriyaa,S R2 M1 P D3 N3 P S,S N3 D3 P M1 G2 R2 S,S R₂ M₁ P D₃ N₃ P Ṡ,S N₃ D₃ P M₁ G₂ R₂ Ṡ,False
gandharvanarayani,GandharvanArAyaNi,gandharvanArAyaNi,24,VaruNapriyaa,S M1 P D3 N3 S,S N3 D3 N3 P M1 S,S M₁ P D₃ N₃ Ṡ,S N₃ D₃ N₃ P M₁ Ṡ,False
gandharvanarayani,GandharvanArAyaNi,gandharvanArAyaNi,24,VaruNapriyaa,S M1 P D3 N3 S,S N3 D3 P M1 G2 S,S M₁ P D₃ N₃ Ṡ,S N₃ D₃ P M₁ G₂ Ṡ,False
gaulapancama,GauLapancama,gauLapancama,24,VaruNapriyaa,S R2 M1 P N3 S,S N3 P M1 G2 R2 S,S R₂ M₁ P N₃ Ṡ,S N₃ P M₁ G₂ R₂ Ṡ,False
hamsabhasani,HamsabhASaNi,hamsabhASaNi,24,VaruNapriyaa,S G2 M1 D3 N3 S,S N3 P G2 R2 S,S G₂ M₁ D₃ N₃ Ṡ,S N₃ P G₂ R₂ Ṡ,False
hamsabhupala,HamsabhUpALa,hamsabhUpALa,24,VaruNapriyaa,S R2 G2 M1 P S,S N3 D3 N3 P M1 G2 R2 S,S R₂ G₂ M₁ P Ṡ,S N₃ D₃ N₃ P M₁ G₂ R₂ Ṡ,False
hamsabhupala,HamsabhUpALa,hamsabhUpALa,24,VaruNapriyaa,S R2 G2 M1 P S,S N3 D3 N3 P M1 G2 S,S R₂ G₂ M₁ P Ṡ,S N₃ D₃ N₃ P M₁ G₂ Ṡ,False
hamsabhusani,HamsabhUSaNi,hamsabhUSaNi,24,VaruNapriyaa,S G2 M1 D3 N3 S,S N3 P G2 R2 S,S G₂ M₁ D₃ N₃ Ṡ,S N₃ P G₂ R₂ Ṡ,False
hamsapriya,HamsapriyA,hamsapriyA,24,VaruNapriyaa,S R2 G2 M1 P D3 N3 S,S N3 D3 M1 G2 R2 S,S R₂ G₂ M₁ P D₃ N₃ Ṡ,S N₃ D₃ M₁ G₂ R₂ Ṡ,False
hasyabhusani,HAsyabhUSaNi,hAsyabhUSaNi,24,VaruNapriyaa,S R2 G2 M1 D3 S,S N3 D3 P M1 G2 R2 S,S R₂ G₂ M₁ D₃ Ṡ,S N₃ D₃ P M₁ G₂ R₂ Ṡ,False
hinkari,HInkAri,hInkAri,24,VaruNapriyaa,S R2 G2 M1 P D3 S,S D3 P M1 G2 R2 S,S R₂ G₂ M₁ P D₃ Ṡ,S D₃ P M₁ G₂ R₂ Ṡ,False
indirapriya,IndirapriyA,indirapriyA,24,VaruNapriyaa,S G2 R2 M1 P N3 D3 N3 S,S N3 D3 P M1 G2 R2 S,S G₂ R₂ M₁ P N₃ D₃ N₃ Ṡ,S N₃ D₃ P M₁ G₂ R₂ Ṡ,False
indrapriya,IndrapriyA,indrapriyA,24,VaruNapriyaa,S R2 G2 M1 D3 N3 S,S N3 D3 M1 G2 R2 S,S R₂ G₂ M₁ D₃ N₃ Ṡ,S N₃ D₃ M₁ G₂ R₂ Ṡ,False
kamalasanapriya,KamalAsanapriyA,kamalAsanapriyA,24,VaruNapriyaa,S R2 G2 P D3 N3 S,S N3 D3 P G2 R2 S,S R₂ G₂ P D₃ N₃ Ṡ,S N₃ D₃ P G₂ R₂ Ṡ,False
karuvali,KarUvali,karUvali,24,VaruNapriyaa,S G2 P D3 N3 S,S N3 D3 P G2 S,S G₂ P D₃ N₃ Ṡ,S N₃ D₃ P G₂ Ṡ,False
mukurakapola,MukurakapOla,mukurakapOla,24,VaruNapriyaa,S R2 G2 D3 N3 S,S N3 D3 G2 R2 S,S R₂ G₂ D₃ N₃ Ṡ,S N₃ D₃ G₂ R₂ Ṡ,False
navanitapancama,NavanItapancama,navanItapancama,24,VaruNapriyaa,S G2 M1 D3 P D3 N3 S,S N3 D3 M1 G2 R2 S,S G₂ M₁ D₃ P D₃ N₃ Ṡ,S N₃ D₃ M₁ G₂ R₂ Ṡ,False
navanitapancama,NavanItapancama,navanItapancama,24,VaruNapriyaa,S G2 M1 D3 P D3 N3 S,S N3 P M1 R2 S,S G₂ M₁ D₃ P D₃ N₃ Ṡ,S N₃ P M₁ R₂ Ṡ,False
nevadhi,NEvadhi,nEvadhi,24,VaruNapriyaa,S R2 G2 P D3 S,S D3 P G2 R2 S,S R₂ G₂ P D₃ Ṡ,S D₃ P G₂ R₂ Ṡ,False
sannihita,Sannihita,sannihita,24,VaruNapriyaa,S R2 G2 M1 P D3 N3 S,S D3 M1 P D3 M1 G2 R2 S,S R₂ G₂ M₁ P D₃ N₃ Ṡ,S D₃ M₁ P D₃ M₁ G₂ R₂ Ṡ,False
sevadi,SevaDi,sevaDi,24,VaruNapriyaa,S R2 G2 P D3 S,S D3 P G2 R2 S,S R₂ G₂ P D₃ Ṡ,S D₃ P G₂ R₂ Ṡ,False
shribhanudipa,ShrIbhAnudIpa,shrIbhAnudIpa,24,VaruNapriyaa,S R2 G2 M1 P D3 N3 S,S N3 P M1 R2 S,S R₂ G₂ M₁ P D₃ N₃ Ṡ,S N₃ P M₁ R₂ Ṡ,False
shrihamsabhusani,ShrIhamsabhUSaNi,shrIhamsabhUSaNi,24,VaruNapriyaa,S G2 M1 D3 N3 S,S N3 P G2 R2 S,S G₂ M₁ D₃ N₃ Ṡ,S N₃ P G₂ R₂ Ṡ,False
shrikunjari,ShrIkunjari,shrIkunjari,24,VaruNapriyaa,S M1 G2 M1 P D3 N3 S,S N3 D3 P M1 G2 R2 S,S M₁ G₂ M₁ P D₃ N₃ Ṡ,S N₃ D₃ P M₁ G₂ R₂ Ṡ,False
shriviravasanta,ShrIvIravasanta,shrIvIravasanta,24,VaruNapriyaa,S G2 R2 M1 P S,S N3 D3 P M1 G2 R2 S,S G₂ R₂ M₁ P Ṡ,S N₃ D₃ P M₁ G₂ R₂ Ṡ,False
shuladharini,ShUladhariNi,shUladhariNi,24,VaruNapriyaa,S R2 G2 M1 D3 S,S D3 M1 G2 R2 S,S R₂ G₂ M₁ D₃ Ṡ,S D₃ M₁ G₂ R₂ Ṡ,False
simhelakapi,SimheLakApi,simheLakApi,24,VaruNapriyaa,S R2 M1 P D3 N3 S,S N3 D3 N3 P M1 G2 S,S R₂ M₁ P D₃ N₃ Ṡ,S N₃ D₃ N₃ P M₁ G₂ Ṡ,False
somadipakam,SOmadIpakam,sOmadIpakam,24,VaruNapriyaa,S G2 P D3 N3 S,S N3 P M1 G2 S,S G₂ P D₃ N₃ Ṡ,S N₃ P M₁ G₂ Ṡ,False
vardhini,Vardhini,vardhini,24,VaruNapriyaa,S G2 M1 P M1 P D3 N3 S,S N3 P D3 M1 G2 R2 S,S G₂ M₁ P M₁ P D₃ N₃ Ṡ,S N₃ P D₃ M₁ G₂ R₂ Ṡ,False
varunanidhi,VaruNanidhi,varuNanidhi,24,VaruNapriyaa,S M1 G2 M1 P D3 N3 S,S N3 D3 P M1 G2 R2 S,S M₁ G₂ M₁ P D₃ N₃ Ṡ,S N₃ D₃ P M₁ G₂ R₂ Ṡ,False
varunasindhu,VaruNasindhu,varuNasindhu,24,VaruNapriyaa,S M1 G2 M1 P D3 N3 S,S N3 D3 P M1 G2 R2 S,S M₁ G₂ M₁ P D₃ N₃ Ṡ,S N₃ D₃ P M₁ G₂ R₂ Ṡ,False
vasantamukhari,VasantamukhAri,vasantamukhAri,24,VaruNapriyaa,S M1 G2 M1 P D3 N3 S,S N3 D3 P M1 G2 R2 S,S M₁ G₂ M₁ P D₃ N₃ Ṡ,S N₃ D₃ P M₁ G₂ R₂ Ṡ,False
vasantavarali,VasantavarALi,vasantavarALi,24,VaruNapriyaa,S R2 M1 P D3 N3,N3 D3 P G2 R2 S N3,S R₂ M₁ P D₃ N₃,N₃ D₃ P G₂ R₂ Ṡ N₃,False
vasantavarali,VasantavarALi,vasantavarALi,24,VaruNapriyaa,S R2 M1 P D3 N3,N3 D3 P M1 G2 R2 S N3,S R₂ M₁ P D₃ N₃,N₃ D₃ P M₁ G₂ R₂ Ṡ N₃,False
vasantavarali,VasantavarALi,vasantavarALi,24,VaruNapriyaa,S R2 M1 P D3 N3,S N3 D3 P G2 R2 S N3,S R₂ M₁ P D₃ N₃,S N₃ D₃ P G₂ R₂ Ṡ N₃,False
vasukari,Vasukari,vasukari,24,VaruNapriyaa,S G2 M1 P D3 N3 S,S N3 D3 M1 G2 S,S G₂ M₁ P D₃ N₃ Ṡ,S N₃ D₃ M₁ G₂ Ṡ,False
viravasantam,VIravasantam,vIravasantam,24,VaruNapriyaa,R2 M1 M1 P N3 D3 N3 S,S N3 P M1 R2 G2 S,R₂ M₁ M₁ P N₃ D₃ N₃ Ṡ,S N₃ P M₁ R₂ G₂ Ṡ,False
viravasantam,VIravasantam,vIravasantam,24,VaruNapriyaa,S G2 R2 M1 P S,S N3 D3 N3 P M1 G2 R2 G2 R2 S,S G₂ R₂ M₁ P Ṡ,S N₃ D₃ N₃ P M₁ G₂ R₂ G₂ R₂ Ṡ,False
viravasantam,VIravasantam,vIravasantam,24,VaruNapriyaa,S G2 R2 M1 P S,S N3 D3 P M1 G2 R2 G2 R2 S,S G₂ R₂ M₁ P Ṡ,S N₃ D₃ P M₁ G₂ R₂ G₂ R₂ Ṡ,False
viravasantam,VIravasantam,vIravasantam,24,VaruNapriyaa,S G2 R2 M1 P S,S N3 D3 P M1 G2 R2 S,S G₂ R₂ M₁ P Ṡ,S N₃ D₃ P M₁ G₂ R₂ Ṡ,False
viravasantam,VIravasantam,vIravasantam,24,VaruNapriyaa,S R2 G2 M1 P S,S N3 D3 P M1 G2 R2 S,S R₂ G₂ M₁ P Ṡ,S N₃ D₃ P M₁ G₂ R₂ Ṡ,False
yatikarsana,YatikarSaNa,yatikarSaNa,24,VaruNapriyaa,S G2 R2 G2 P N3 D3 N3 S,S N3 D3 P M1 G2 R2 S,S G₂ R₂ G₂ P N₃ D₃ N₃ Ṡ,S N₃ D₃ P M₁ G₂ R₂ Ṡ,False
yaucana,Yaucana,yaucana,24,VaruNapriyaa,S G2 M1 P N3 D3 P S,S N3 D3 P M1 G2 R2 S,S G₂ M₁ P N₃ D₃ P Ṡ,S N₃ D₃ P M₁ G₂ R₂ Ṡ,False
sharaavati,Sharaavati,sharaavati,25,Maararanjani,S R2 G3 M1 P D1 N1 D1 S,S N1 D1 P M1 G3 R2 S,S R₂ G₃ M₁ P D₁ N₁ D₁ Ṡ,S N₁ D₁ P M₁ G₃ R₂ Ṡ,False
bhadra,Bhadra,bhadra,25,Maararanjani,S R2 G3 R2 M1 D1 P D1 P D1 N1 S,S N1 D1 M1 G3 R2 S,S R₂ G₃ R₂ M₁ D₁ P D₁ P D₁ N₁ Ṡ,S N₁ D₁ M₁ G₃ R₂ Ṡ,False
bhanukanti,BhAnukAnti,bhAnukAnti,25,Maararanjani,S R2 M1 P D1 N1 S,S N1 D1 P M1 R2 S,S R₂ M₁ P D₁ N₁ Ṡ,S N₁ D₁ P M₁ R₂ Ṡ,False
bhanupratapa,BhAnupratApa,bhAnupratApa,25,Maararanjani,S M1 G3 M1 P D1 S,S D1 P M1 G3 R2 S,S M₁ G₃ M₁ P D₁ Ṡ,S D₁ P M₁ G₃ R₂ Ṡ,False
bharana,BharaNa,bharaNa,25,Maararanjani,S R2 M1 P D1 N1 S,S N1 D1 P M1 G3 P M1 R2 S,S R₂ M₁ P D₁ N₁ Ṡ,S N₁ D₁ P M₁ G₃ P M₁ R₂ Ṡ,False
bhargapriya,BhargapriyA,bhargapriyA,25,Maararanjani,S R2 G3 D1 N1 S,S N1 D1 G3 R2 S,S R₂ G₃ D₁ N₁ Ṡ,S N₁ D₁ G₃ R₂ Ṡ,False
deshyamukhari,DEshyamukhAri,dEshyamukhAri,25,Maararanjani,S R2 G3 M1 P D1 N1 D1 S,S D1 N1 D1 P M1 G3 R2 S,S R₂ G₃ M₁ P D₁ N₁ D₁ Ṡ,S D₁ N₁ D₁ P M₁ G₃ R₂ Ṡ,False
deshyamukhari,DEshyamukhAri,dEshyamukhAri,25,Maararanjani,S R2 G3 M1 P D1 N1 D1 S,S D1 P M1 G3 R2 S,S R₂ G₃ M₁ P D₁ N₁ D₁ Ṡ,S D₁ P M₁ G₃ R₂ Ṡ,False
deshyamukhari,DEshyamukhAri,dEshyamukhAri,25,Maararanjani,S R2 G3 M1 P D1 N1 D1 S,S N1 D1 N1 P M1 G3 R2 S,S R₂ G₃ M₁ P D₁ N₁ D₁ Ṡ,S N₁ D₁ N₁ P M₁ G₃ R₂ Ṡ,False
deshyamukhari,DEshyamukhAri,dEshyamukhAri,25,Maararanjani,S R2 G3 M1 P D1 N1 D1 S,S P N1 D1 P M1 G3 R2 S,S R₂ G₃ M₁ P D₁ N₁ D₁ Ṡ,S P N₁ D₁ P M₁ G₃ R₂ Ṡ,False
deshyamukhari,DEshyamukhAri,dEshyamukhAri,25,Maararanjani,S R2 G3 R2 G3 M1 N1 D1 N1 S,S N1 D1 M1 P G3 R2 S,S R₂ G₃ R₂ G₃ M₁ N₁ D₁ N₁ Ṡ,S N₁ D₁ M₁ P G₃ R₂ Ṡ,False
deshyamukhari,DEshyamukhAri,dEshyamukhAri,25,Maararanjani,S R2 G3 R2 G3 M1 N1 D1 N1 S,S N1 D1 P M1 G3 R2 S,S R₂ G₃ R₂ G₃ M₁ N₁ D₁ N₁ Ṡ,S N₁ D₁ P M₁ G₃ R₂ Ṡ,False
devakutam,DEvakUTam,dEvakUTam,25,Maararanjani,S R2 G3 M1 P D1 N1 S,S D1 P M1 R2 G3 R2 S,S R₂ G₃ M₁ P D₁ N₁ Ṡ,S D₁ P M₁ R₂ G₃ R₂ Ṡ,False
devasalagam,DEvasALagam,dEvasALagam,25,Maararanjani,S G3 M1 P D1 N1 S,S D1 N1 P M1 G3 R2 S,S G₃ M₁ P D₁ N₁ Ṡ,S D₁ N₁ P M₁ G₃ R₂ Ṡ,False
devasalagam,DEvasALagam,dEvasALagam,25,Maararanjani,S G3 P D1 N1 S,S N1 D1 P M1 G3 R2 S,S G₃ P D₁ N₁ Ṡ,S N₁ D₁ P M₁ G₃ R₂ Ṡ,False
devasalagam,DEvasALagam,dEvasALagam,25,Maararanjani,S G3 P D1 N1 S,S P N1 D1 P M1 G3 R2 S,S G₃ P D₁ N₁ Ṡ,S P N₁ D₁ P M₁ G₃ R₂ Ṡ,False
gayakamandini,GAyakamandini,gAyakamandini,25,Maararanjani,S R2 G3 M1 P D1 S,S D1 P M1 G3 R2 S,S R₂ G₃ M₁ P D₁ Ṡ,S D₁ P M₁ G₃ R₂ Ṡ,False
hamsagandhari,HamsagAndhAri,hamsagAndhAri,25,Maararanjani,S R2 G3 M1 P D1 S,S N1 D1 P D1 M1 G3 R2 S,S R₂ G₃ M₁ P D₁ Ṡ,S N₁ D₁ P D₁ M₁ G₃ R₂ Ṡ,False
hasyagandhari,HasyagAndhAri,hasyagAndhAri,25,Maararanjani,S R2 G3 M1 P S,S N1 D1 P D1 M1 G3 R2 S,S R₂ G₃ M₁ P Ṡ,S N₁ D₁ P D₁ M₁ G₃ R₂ Ṡ,False
jalajavati,Jalajavati,jalajavati,25,Maararanjani,S G3 M1 D1 S,S N1 P G3 R2 S,S G₃ M₁ D₁ Ṡ,S N₁ P G₃ R₂ Ṡ,False
janasammodini,JanasammOdini,janasammOdini,25,Maararanjani,S R2 G3 P D1 S,S D1 P G3 R2 S,S R₂ G₃ P D₁ Ṡ,S D₁ P G₃ R₂ Ṡ,False
kallolasaveri,KallOlasAvEri,kallOlasAvEri,25,Maararanjani,S R2 M1 P D1 S,S N1 D1 P M1 G3 R2 S,S R₂ M₁ P D₁ Ṡ,S N₁ D₁ P M₁ G₃ R₂ Ṡ,False
kanchanambari,KAnchanAmbari,kAnchanAmbari,25,Maararanjani,S R2 G3 M1 P N1 S,S N1 P M1 G3 R2 S,S R₂ G₃ M₁ P N₁ Ṡ,S N₁ P M₁ G₃ R₂ Ṡ,False
karadhvati,Karadhvati,karadhvati,25,Maararanjani,S M1 G3 M1 P D1 N1 D1 S,S N1 D1 P M1 G3 R2 S,S M₁ G₃ M₁ P D₁ N₁ D₁ Ṡ,S N₁ D₁ P M₁ G₃ R₂ Ṡ,False
karnarupi,KarNarUpi,karNarUpi,25,Maararanjani,S G3 M1 P M1 D1 N1 P S,S N1 D1 P M1 G3 R2 S,S G₃ M₁ P M₁ D₁ N₁ P Ṡ,S N₁ D₁ P M₁ G₃ R₂ Ṡ,False
kesari,KEsari,kEsari,25,Maararanjani,S M1 G3 M1 G3 R2 G3 M1 P D1 S,S D1 N1 D1 P M1 G3 R2 S,S M₁ G₃ M₁ G₃ R₂ G₃ M₁ P D₁ Ṡ,S D₁ N₁ D₁ P M₁ G₃ R₂ Ṡ,False
kesari,KEsari,kEsari,25,Maararanjani,S R2 G3 M1 P M1 D1 P D1 S,S D1 N1 D1 P M1 G3 R2 S,S R₂ G₃ M₁ P M₁ D₁ P D₁ Ṡ,S D₁ N₁ D₁ P M₁ G₃ R₂ Ṡ,False
kesari,KEsari,kEsari,25,Maararanjani,S R2 G3 M1 P M1 D1 P D1 S,S N1 D1 P M1 G3 R2 S,S R₂ G₃ M₁ P M₁ D₁ P D₁ Ṡ,S N₁ D₁ P M₁ G₃ R₂ Ṡ,False
kesari,KEsari,kEsari,25,Maararanjani,S R2 G3 M1 P M1 D1 P S,S D1 N1 D1 P M1 G3 R2 S,S R₂ G₃ M₁ P M₁ D₁ P Ṡ,S D₁ N₁ D₁ P M₁ G₃ R₂ Ṡ,False
kesari,KEsari,kEsari,25,Maararanjani,S R2 G3 M1 P M1 D1 P S,S N1 D1 P M1 G3 R2 S,S R₂ G₃ M₁ P M₁ D₁ P Ṡ,S N₁ D₁ P M₁ G₃ R₂ Ṡ,False
kumararanjani,KumAraranjani,kumAraranjani,25,Maararanjani,S R2 G3 M1 D1 N1 S,S N1 D1 M1 G3 R2 S,S R₂ G₃ M₁ D₁ N₁ Ṡ,S N₁ D₁ M₁ G₃ R₂ Ṡ,False
kusumadharini,KusumadhAriNi,kusumadhAriNi,25,Maararanjani,S R2 G3 P D1 N1 S,S N1 D1 P G3 R2 S,S R₂ G₃ P D₁ N₁ Ṡ,S N₁ D₁ P G₃ R₂ Ṡ,False
mahuri,MAhuri,mAhuri,25,Maararanjani,S R2 G3 R2 M1 P N1,D1 P M1 G3 R2 S,S R₂ G₃ R₂ M₁ P N₁,D₁ P M₁ G₃ R₂ Ṡ,False
malavashri,MAlavashrI,mAlavashrI,25,Maararanjani,S G3 M1 P N1 D1 N1 P D1 N1 S,S N1 D1 P M1 G3 S,S G₃ M₁ P N₁ D₁ N₁ P D₁ N₁ Ṡ,S N₁ D₁ P M₁ G₃ Ṡ,False
mararanjani,MAraranjani,mAraranjani,25,Maararanjani,S R2 G3 M1 P D1 N1 S,S N1 D1 P M1 G3 R2 S,S R₂ G₃ M₁ P D₁ N₁ Ṡ,S N₁ D₁ P M₁ G₃ R₂ Ṡ,False
margadeshika,MArgadEshika,mArgadEshika,25,Maararanjani,S R2 G3 P D1 S,S D1 M1 P G3 R2 S,S R₂ G₃ P D₁ Ṡ,S D₁ M₁ P G₃ R₂ Ṡ,False
maruva,Maruva,maruva,25,Maararanjani,S G3 M1 P D1 N1 D1 P S,S N1 D1 P M1 D1 M1 P M1 G3 R2 S,S G₃ M₁ P D₁ N₁ D₁ P Ṡ,S N₁ D₁ P M₁ D₁ M₁ P M₁ G₃ R₂ Ṡ,False
mitraranjani,Mitraranjani,mitraranjani,25,Maararanjani,S R2 G3 M1 P D1 P S,S N1 D1 P M1 G3 R2 S,S R₂ G₃ M₁ P D₁ P Ṡ,S N₁ D₁ P M₁ G₃ R₂ Ṡ,False
moksadayini,MOkSadAyini,mOkSadAyini,25,Maararanjani,S R2 G3 P N1 S,S N1 P G3 R2 S,S R₂ G₃ P N₁ Ṡ,S N₁ P G₃ R₂ Ṡ,False
murajavadini,MurajavAdini,murajavAdini,25,Maararanjani,S R2 G3 M1 N1 S,S N1 M1 G3 R2 S,S R₂ G₃ M₁ N₁ Ṡ,S N₁ M₁ G₃ R₂ Ṡ,False
nandalaya,Nandalaya,nandalaya,25,Maararanjani,S R2 G3 P N1 D1 S,S N1 D1 M1 G3 R2 S,S R₂ G₃ P N₁ D₁ Ṡ,S N₁ D₁ M₁ G₃ R₂ Ṡ,False
nandalya,NandAlya,nandAlya,25,Maararanjani,S R2 G3 P N1 D1 S,S N1 D1 P M1 G3 R2 S,S R₂ G₃ P N₁ D₁ Ṡ,S N₁ D₁ P M₁ G₃ R₂ Ṡ,False
paranamu,ParAnamu,parAnamu,25,Maararanjani,S R2 M1 P D1 N1 S,S N1 D1 P M1 G3 P M1 R2 S,S R₂ M₁ P D₁ N₁ Ṡ,S N₁ D₁ P M₁ G₃ P M₁ R₂ Ṡ,False
ragamanjari,RAgamanjari,rAgamanjari,25,Maararanjani,S R2 G3 M1 D1 S,S D1 M1 G3 R2 S,S R₂ G₃ M₁ D₁ Ṡ,S D₁ M₁ G₃ R₂ Ṡ,False
rajatilakam,RAjatilakam,rAjatilakam,25,Maararanjani,S R2 G3 M1 P S,S P M1 G3 R2 S,S R₂ G₃ M₁ P Ṡ,S P M₁ G₃ R₂ Ṡ,False
ramyapancamam,Ramyapancamam,ramyapancamam,25,Maararanjani,S R2 G3 M1 P D1 N1 S,S D1 M1 G3 R2 S,S R₂ G₃ M₁ P D₁ N₁ Ṡ,S D₁ M₁ G₃ R₂ Ṡ,False
satvidhi,Satvidhi,satvidhi,25,Maararanjani,S R2 G3 M1 P D1 N1 D1 S,S N1 D1 P M1 G3 S,S R₂ G₃ M₁ P D₁ N₁ D₁ Ṡ,S N₁ D₁ P M₁ G₃ Ṡ,False
sharadhyuti,Sharadhyuti,sharadhyuti,25,Maararanjani,S R2 G3 M1 P D1 N1 D1 S,S N1 D1 P M1 G3 R2 S,S R₂ G₃ M₁ P D₁ N₁ D₁ Ṡ,S N₁ D₁ P M₁ G₃ R₂ Ṡ,False
sharadhyuti,Sharadhyuti,sharadhyuti,25,Maararanjani,S R2 G3 M1 P D1 S,S N1 D1 P M1 G3 R2 S,S R₂ G₃ M₁ P D₁ Ṡ,S N₁ D₁ P M₁ G₃ R₂ Ṡ,False
sharadhyuti,Sharadhyuti,sharadhyuti,25,Maararanjani,S R2 G3 M1 P D1 S,S N1 P M1 G3 R2 S,S R₂ G₃ M₁ P D₁ Ṡ,S N₁ P M₁ G₃ R₂ Ṡ,False
sharavati,SharAvati,sharAvati,25,Maararanjani,S M1 G3 M1 P D1 N1 D1 S,S N1 D1 P M1 G3 R2 S,S M₁ G₃ M₁ P D₁ N₁ D₁ Ṡ,S N₁ D₁ P M₁ G₃ R₂ Ṡ,False
simhelavasantam,SimhELavasantam,simhELavasantam,25,Maararanjani,S R2 G3 M1 P M1 D1 N1 S,S D1 P M1 G3 S,S R₂ G₃ M₁ P M₁ D₁ N₁ Ṡ,S D₁ P M₁ G₃ Ṡ,False
tarangini,TarangiNi,tarangiNi,25,Maararanjani,S R2 M1 P D1 N1 D1 S,S N1 D1 P M1 G3 R2 S,S R₂ M₁ P D₁ N₁ D₁ Ṡ,S N₁ D₁ P M₁ G₃ R₂ Ṡ,False
viradivasantam,VIradivasantam,vIradivasantam,25,Maararanjani,S G3 R2 M1 S,S N1 D1 M1 G3 R2 G3 R2 S,S G₃ R₂ M₁ Ṡ,S N₁ D₁ M₁ G₃ R₂ G₃ R₂ Ṡ,False
vrajinaharini,VrajinahariNi,vrajinahariNi,25,Maararanjani,S G3 M1 P N1 S,S N1 P M1 G3 S,S G₃ M₁ P N₁ Ṡ,S N₁ P M₁ G₃ Ṡ,False
tarangini,Tarangini,tarangini,26,CaarukEshi,S R2 G3 P D1 N2 D1 S,S D1 P M1 G3 R2 S,S R₂ G₃ P D₁ N₂ D₁ Ṡ,S D₁ P M₁ G₃ R₂ Ṡ,False
s,S,S,26,CaarukEshi,R2 G3 P D1 N2 D1 P D1 S,S D1 P G3 R2 S G3 M1 R2 G3 S,R₂ G₃ P D₁ N₂ D₁ P D₁ Ṡ,S D₁ P G₃ R₂ Ṡ G₃ M₁ R₂ G₃ Ṡ,False
amari,Amari,amari,26,CaarukEshi,S R2 G3 M1 P D1 S,S D1 P M1 G3 R2 S,S R₂ G₃ M₁ P D₁ Ṡ,S D₁ P M₁ G₃ R₂ Ṡ,False
antaravahini,AntaravAhini,antaravAhini,26,CaarukEshi,S R2 G3 M1 P N2 D1 N2 S,S N2 D1 P M1 G3 R2 S,S R₂ G₃ M₁ P N₂ D₁ N₂ Ṡ,S N₂ D₁ P M₁ G₃ R₂ Ṡ,False
arabhi,Arabhi,Arabhi,26,CaarukEshi,S R2 M1 P D1 S,S D1 P M1 G3 R2 S,S R₂ M₁ P D₁ Ṡ,S D₁ P M₁ G₃ R₂ Ṡ,False
badari,Badari,badari,26,CaarukEshi,S R2 G3 P D1 S,S D1 P N2 P M1 G3 R2 S,S R₂ G₃ P D₁ Ṡ,S D₁ P N₂ P M₁ G₃ R₂ Ṡ,False
bhagavati,Bhagavati,bhagavati,26,CaarukEshi,S R2 G3 M1 N2 S,S N2 M1 G3 R2 S,S R₂ G₃ M₁ N₂ Ṡ,S N₂ M₁ G₃ R₂ Ṡ,False
candrajyoti,CandrajyOti,candrajyOti,26,CaarukEshi,S R2 G3 M1 P D1 N2 S,S N2 D1 P G3 M1 R2 S,S R₂ G₃ M₁ P D₁ N₂ Ṡ,S N₂ D₁ P G₃ M₁ R₂ Ṡ,False
carukesi,CArukEsi,cArukEsi,26,CaarukEshi,S R2 G3 M1 P D1 N2 S,S N2 D1 P M1 G3 R2 S,S R₂ G₃ M₁ P D₁ N₂ Ṡ,S N₂ D₁ P M₁ G₃ R₂ Ṡ,False
carukuntala,CArukuntala,cArukuntala,26,CaarukEshi,S R2 G3 M1 D1 N2 S,S N2 D1 M1 G3 R2 S,S R₂ G₃ M₁ D₁ N₂ Ṡ,S N₂ D₁ M₁ G₃ R₂ Ṡ,False
chalayapriya,ChALayapriyA,chALayapriyA,26,CaarukEshi,S R2 G3 M1 P D1 N2 S,S N2 P M1 G3 S,S R₂ G₃ M₁ P D₁ N₂ Ṡ,S N₂ P M₁ G₃ Ṡ,False
chayadevi,ChAyAdEvi,chAyAdEvi,26,CaarukEshi,S R2 G3 M1 P D1 N2 S,S D1 P G3 R2 S,S R₂ G₃ M₁ P D₁ N₂ Ṡ,S D₁ P G₃ R₂ Ṡ,False
cidambujavati,Cidambujavati,cidambujavati,26,CaarukEshi,S G3 M1 P D1 N2 S,S D1 M1 R2 S,S G₃ M₁ P D₁ N₂ Ṡ,S D₁ M₁ R₂ Ṡ,False
cintamani,CintAmaNi,cintAmaNi,26,CaarukEshi,S R2 G3 M1 S M1 P D1 N2 S,S D1 N2 P M1 G3 R2 S,S R₂ G₃ M₁ Ṡ M₁ P D₁ N₂ Ṡ,S D₁ N₂ P M₁ G₃ R₂ Ṡ,False
citam,Citam,citam,26,CaarukEshi,S G3 M1 D1 S,S N2 D1 P M1 G3 R2 S,S G₃ M₁ D₁ Ṡ,S N₂ D₁ P M₁ G₃ R₂ Ṡ,False
citranna,CitrAnna,citrAnna,26,CaarukEshi,S G3 M1 P S,S N2 D1 M1 G3 R2 S,S G₃ M₁ P Ṡ,S N₂ D₁ M₁ G₃ R₂ Ṡ,False
citrappalavi,CitrappALAvi,citrappALAvi,26,CaarukEshi,S G3 P D1 S,S N2 P M1 G3 R2 S,S G₃ P D₁ Ṡ,S N₂ P M₁ G₃ R₂ Ṡ,False
citrasvarupi,CitrasvarUpi,citrasvarUpi,26,CaarukEshi,S R2 G3 M1 P D1 N2 S,S D1 P M1 G3 M1 R2 S,S R₂ G₃ M₁ P D₁ N₂ Ṡ,S D₁ P M₁ G₃ M₁ R₂ Ṡ,False
citrasvarupi,CitrasvarUpi,citrasvarUpi,26,CaarukEshi,S R2 G3 M1 P D1 N2 S,S N2 D1 P M1 G3 M1 R2 S,S R₂ G₃ M₁ P D₁ N₂ Ṡ,S N₂ D₁ P M₁ G₃ M₁ R₂ Ṡ,False
citrasvarupi,CitrasvarUpi,citrasvarUpi,26,CaarukEshi,S R2 G3 M1 P D1 N2 S,S N2 P D1 P M1 G3 R2 S,S R₂ G₃ M₁ P D₁ N₂ Ṡ,S N₂ P D₁ P M₁ G₃ R₂ Ṡ,False
citrini,CitriNi,citriNi,26,CaarukEshi,S R2 G3 P D1 S,S N2 P G3 S,S R₂ G₃ P D₁ Ṡ,S N₂ P G₃ Ṡ,False
citrodavi,CitrODAvi,citrODAvi,26,CaarukEshi,S R2 G3 P N2 S,S D1 M1 G3 S,S R₂ G₃ P N₂ Ṡ,S D₁ M₁ G₃ Ṡ,False
citsagara,CitsAgara,citsAgara,26,CaarukEshi,S R2 G3 M1 P D1 N2 S,S D1 M1 R2 S,S R₂ G₃ M₁ P D₁ N₂ Ṡ,S D₁ M₁ R₂ Ṡ,False
citsvarupi,CitsvarUpi,citsvarUpi,26,CaarukEshi,S R2 G3 M1 P D1 N2 S,S D1 P M1 G3 M1 R2 S,S R₂ G₃ M₁ P D₁ N₂ Ṡ,S D₁ P M₁ G₃ M₁ R₂ Ṡ,False
citsvarupi,CitsvarUpi,citsvarUpi,26,CaarukEshi,S R2 G3 M1 P D1 N2 S,S N2 D1 P M1 G3 M1 R2 S,S R₂ G₃ M₁ P D₁ N₂ Ṡ,S N₂ D₁ P M₁ G₃ M₁ R₂ Ṡ,False
citsvarupi,CitsvarUpi,citsvarUpi,26,CaarukEshi,S R2 G3 M1 P D1 N2 S,S N2 P D1 P M1 G3 R2 S,S R₂ G₃ M₁ P D₁ N₂ Ṡ,S N₂ P D₁ P M₁ G₃ R₂ Ṡ,False
cittilingi,CiTTilingi,ciTTilingi,26,CaarukEshi,S R2 G3 M1 P D1 N2 S,S N2 P G3 S,S R₂ G₃ M₁ P D₁ N₂ Ṡ,S N₂ P G₃ Ṡ,False
deshaksi,DEshAkSi,dEshAkSi,26,CaarukEshi,S R2 G3 P D1 S,S D1 P G3 R2 S,S R₂ G₃ P D₁ Ṡ,S D₁ P G₃ R₂ Ṡ,False
gandharvamanohari,GandharvamanOhari,gandharvamanOhari,26,CaarukEshi,S R2 M1 P S,S N2 D1 M1 G3 R2 S,S R₂ M₁ P Ṡ,S N₂ D₁ M₁ G₃ R₂ Ṡ,False
gandharvamanohari,GandharvamanOhari,gandharvamanOhari,26,CaarukEshi,S R2 M1 P S,S N2 D1 M1 G3 S,S R₂ M₁ P Ṡ,S N₂ D₁ M₁ G₃ Ṡ,False
ghantaipancamam,GhaNTaipancamam,ghaNTaipancamam,26,CaarukEshi,S R2 G3 M1 P N2 S,S N2 D1 N2 D1 P M1 G3 S,S R₂ G₃ M₁ P N₂ Ṡ,S N₂ D₁ N₂ D₁ P M₁ G₃ Ṡ,False
janhavi,JAnhavi,jAnhavi,26,CaarukEshi,S R2 G3 M1 D1 N2 S,S N2 D1 M1 G3 R2 S,S R₂ G₃ M₁ D₁ N₂ Ṡ,S N₂ D₁ M₁ G₃ R₂ Ṡ,False
janini,JAnini,jAnini,26,CaarukEshi,S R2 G3 P N2 S,S N2 D1 M1 G3 R2 S,S R₂ G₃ P N₂ Ṡ,S N₂ D₁ M₁ G₃ R₂ Ṡ,False
jarapa,JArapa,jArapa,26,CaarukEshi,S R2 G3 P D1 S,S N2 D1 P M1 G3 R2 S,S R₂ G₃ P D₁ Ṡ,S N₂ D₁ P M₁ G₃ R₂ Ṡ,False
jatiresha,JAtirEsha,jAtirEsha,26,CaarukEshi,S R2 M1 P D1 N2 S,S N2 D1 P M1 G3 R2 S,S R₂ M₁ P D₁ N₂ Ṡ,S N₂ D₁ P M₁ G₃ R₂ Ṡ,False
kalakanthadhvani,KalakaNTHadhvani,kalakaNTHadhvani,26,CaarukEshi,S R2 G3 P D1 N2 S,S N2 D1 P G3 R2 S,S R₂ G₃ P D₁ N₂ Ṡ,S N₂ D₁ P G₃ R₂ Ṡ,False
kannadapancamam,KannaDapancamam,kannaDapancamam,26,CaarukEshi,S R2 G3 M1 P N2 S,S N2 D1 N2 D1 P M1 G3 R2 S,S R₂ G₃ M₁ P N₂ Ṡ,S N₂ D₁ N₂ D₁ P M₁ G₃ R₂ Ṡ,False
kannadapancamam,KannaDapancamam,kannaDapancamam,26,CaarukEshi,S R2 G3 M1 P N2 S,S N2 D1 N2 P M1 G3 S,S R₂ G₃ M₁ P N₂ Ṡ,S N₂ D₁ N₂ P M₁ G₃ Ṡ,False
kesara,KEsara,kEsara,26,CaarukEshi,S R2 G3 M1 D1 S,S D1 M1 G3 R2 S,S R₂ G₃ M₁ D₁ Ṡ,S D₁ M₁ G₃ R₂ Ṡ,False
kokilapratapam,KOkilapratApam,kOkilapratApam,26,CaarukEshi,S G3 M1 P M1 D1 N2 S,S N2 P M1 G3 R2 S,S G₃ M₁ P M₁ D₁ N₂ Ṡ,S N₂ P M₁ G₃ R₂ Ṡ,False
komalangi,KOmaLAngi,kOmaLAngi,26,CaarukEshi,S R2 G3 M1 P N2 S,S N2 D1 M1 G3 R2 S,S R₂ G₃ M₁ P N₂ Ṡ,S N₂ D₁ M₁ G₃ R₂ Ṡ,False
komalangi,KOmaLAngi,kOmaLAngi,26,CaarukEshi,S R2 G3 M1 P N2 S,S N2 P M1 G3 R2 S,S R₂ G₃ M₁ P N₂ Ṡ,S N₂ P M₁ G₃ R₂ Ṡ,False
madholika,MadhOlika,madhOlika,26,CaarukEshi,S R2 M1 P D1 N2 S,S N2 D1 P M1 R2 S,S R₂ M₁ P D₁ N₂ Ṡ,S N₂ D₁ P M₁ R₂ Ṡ,False
madhulika,Madhulika,madhulika,26,CaarukEshi,S R2 M1 P D1 N2 S,S N2 D1 P M1 R2 S,S R₂ M₁ P D₁ N₂ Ṡ,S N₂ D₁ P M₁ R₂ Ṡ,False
maravi,MAravi,mAravi,26,CaarukEshi,S G3 M1 P N2 S,S N2 D1 P M1 G3 R2 S,S G₃ M₁ P N₂ Ṡ,S N₂ D₁ P M₁ G₃ R₂ Ṡ,False
marubhi,Marubhi,marubhi,26,CaarukEshi,S G3 M1 P N2 S,S N2 D1 P M1 G3 R2 S,S G₃ M₁ P N₂ Ṡ,S N₂ D₁ P M₁ G₃ R₂ Ṡ,False
mrdani,MrDANi,mrDANi,26,CaarukEshi,S R2 G3 D1 N2 S,S N2 D1 G3 R2 S,S R₂ G₃ D₁ N₂ Ṡ,S N₂ D₁ G₃ R₂ Ṡ,False
nandalaka,NandAlaka,nandAlaka,26,CaarukEshi,S R2 G3 M1 D1 N2 S,S N2 D1 M1 G3 R2 M1 G3 S,S R₂ G₃ M₁ D₁ N₂ Ṡ,S N₂ D₁ M₁ G₃ R₂ M₁ G₃ Ṡ,False
patari,PaTAri,paTAri,26,CaarukEshi,S R2 G3 P D1 S,S D1 P N2 P M1 G3 R2 S,S R₂ G₃ P D₁ Ṡ,S D₁ P N₂ P M₁ G₃ R₂ Ṡ,False
purvadhanyasi,PUrvadhanyAsi,pUrvadhanyAsi,26,CaarukEshi,S M1 G3 M1 P N2 S,S N2 D1 P M1 G3 R2 S,S M₁ G₃ M₁ P N₂ Ṡ,S N₂ D₁ P M₁ G₃ R₂ Ṡ,False
ragacudamani,RAgacUDAmaNi,rAgacUDAmaNi,26,CaarukEshi,S R2 G3 M1 P S,S N2 D1 M1 G3 S,S R₂ G₃ M₁ P Ṡ,S N₂ D₁ M₁ G₃ Ṡ,False
ragakesari,RAgakEsari,rAgakEsari,26,CaarukEshi,S G3 M1 D1 N2 S,S N2 P M1 G3 R2 S,S G₃ M₁ D₁ N₂ Ṡ,S N₂ P M₁ G₃ R₂ Ṡ,False
ramamanohari,RAmamanOhari,rAmamanOhari,26,CaarukEshi,S G3 M1 P N2 S,S N2 D1 P M1 G3 S,S G₃ M₁ P N₂ Ṡ,S N₂ D₁ P M₁ G₃ Ṡ,False
sadakavanan,SAdakavANan,sAdakavANan,26,CaarukEshi,S G3 M1 P D1 N2 S,S N2 D1 P M1 G3 R2 S,S G₃ M₁ P D₁ N₂ Ṡ,S N₂ D₁ P M₁ G₃ R₂ Ṡ,False
sadiresham,SadirEsham,sadirEsham,26,CaarukEshi,S R2 M1 P D1 N2 S,S N2 D1 P M1 G3 R2 S,S R₂ M₁ P D₁ N₂ Ṡ,S N₂ D₁ P M₁ G₃ R₂ Ṡ,False
saman,SAman,sAman,26,CaarukEshi,S R2 G3 M1 P N2 S,S N2 P M1 G3 R2 S,S R₂ G₃ M₁ P N₂ Ṡ,S N₂ P M₁ G₃ R₂ Ṡ,False
sarvabhauma,SArvabhauma,sArvabhauma,26,CaarukEshi,S G3 M1 P D1 S,S N2 D1 P M1 G3 R2 S,S G₃ M₁ P D₁ Ṡ,S N₂ D₁ P M₁ G₃ R₂ Ṡ,False
satiresha,SatirEsha,satirEsha,26,CaarukEshi,S R2 M1 P D1 N2 S,S N2 D1 P M1 G3 R2 S,S R₂ M₁ P D₁ N₂ Ṡ,S N₂ D₁ P M₁ G₃ R₂ Ṡ,False
savala,SavaLa,savaLa,26,CaarukEshi,S R2 G3 M1 P D1 N2 S,S N2 P M1 G3 R2 S,S R₂ G₃ M₁ P D₁ N₂ Ṡ,S N₂ P M₁ G₃ R₂ Ṡ,False
shaleyam,ShAlEyam,shAlEyam,26,CaarukEshi,S R2 M1 P D1 N2 S,S N2 D1 M1 G3 R2 S,S R₂ M₁ P D₁ N₂ Ṡ,S N₂ D₁ M₁ G₃ R₂ Ṡ,False
shalikam,ShALikam,shALikam,26,CaarukEshi,S G3 M1 P D1 N2 S,S N2 P M1 G3 R2 S,S G₃ M₁ P D₁ N₂ Ṡ,S N₂ P M₁ G₃ R₂ Ṡ,False
shanakam,ShAnakam,shAnakam,26,CaarukEshi,S G3 M1 P D1 N2 S,S N2 P G3 R2 S,S G₃ M₁ P D₁ N₂ Ṡ,S N₂ P G₃ R₂ Ṡ,False
shanam,ShAnam,shAnam,26,CaarukEshi,S R2 G3 P D1 N2 S,S N2 D1 M1 G3 S,S R₂ G₃ P D₁ N₂ Ṡ,S N₂ D₁ M₁ G₃ Ṡ,False
shauripriya,ShauripriyA,shauripriyA,26,CaarukEshi,S R2 G3 M1 P D1 N2 S,S D1 P M1 G3 R2 S,S R₂ G₃ M₁ P D₁ N₂ Ṡ,S D₁ P M₁ G₃ R₂ Ṡ,False
shikhavalam,ShikhAvaLam,shikhAvaLam,26,CaarukEshi,S R2 M1 P D1 S,S N2 D1 P G3 R2 S,S R₂ M₁ P D₁ Ṡ,S N₂ D₁ P G₃ R₂ Ṡ,False
shilluru,ShillUru,shillUru,26,CaarukEshi,S G3 M1 N2 S,S D1 M1 R2 S,S G₃ M₁ N₂ Ṡ,S D₁ M₁ R₂ Ṡ,False
shipi,Shipi,shipi,26,CaarukEshi,S R2 M1 D1 S,S N2 P G3 R2 S,S R₂ M₁ D₁ Ṡ,S N₂ P G₃ R₂ Ṡ,False
shivamanohari,ShivamanOhari,shivamanOhari,26,CaarukEshi,S M1,S N2 D1 P M1 G3 R2 S,S M₁,S N₂ D₁ P M₁ G₃ R₂ Ṡ,False
shivedai,ShivEdai,shivEdai,26,CaarukEshi,S R2 M1 N2 S,S D1 M1 G3 S,S R₂ M₁ N₂ Ṡ,S D₁ M₁ G₃ Ṡ,False
shiyakkini,Shiyakkini,shiyakkini,26,CaarukEshi,S R2 M1 D1 S,S N2 P G3 S,S R₂ M₁ D₁ Ṡ,S N₂ P G₃ Ṡ,False
shukrajyoti,ShukrajyOti,shukrajyOti,26,CaarukEshi,S G3 M1 P N2 D1 P S,S N2 D1 P M1 G3 R2 S,S G₃ M₁ P N₂ D₁ P Ṡ,S N₂ D₁ P M₁ G₃ R₂ Ṡ,False
shukrajyoti,ShukrajyOti,shukrajyOti,26,CaarukEshi,S R2 G3 M1 P D1 N2 S,S N2 D1 P M1 G3 R2 S,S R₂ G₃ M₁ P D₁ N₂ Ṡ,S N₂ D₁ P M₁ G₃ R₂ Ṡ,False
shukrajyoti,ShukrajyOti,shukrajyOti,26,CaarukEshi,S R2 G3 M1 P D1 N2 S,S N2 P D1 M1 G3 R2 S,S R₂ G₃ M₁ P D₁ N₂ Ṡ,S N₂ P D₁ M₁ G₃ R₂ Ṡ,False
shukrajyoti,ShukrajyOti,shukrajyOti,26,CaarukEshi,S R2 M1 G3 R2 M1 P D1 N2 D1 S,S N2 D1 P M1 G3 M1 G3 R2 S R2 S,S R₂ M₁ G₃ R₂ M₁ P D₁ N₂ D₁ Ṡ,S N₂ D₁ P M₁ G₃ M₁ G₃ R₂ Ṡ R₂ Ṡ,False
shukrajyoti,ShukrajyOti,shukrajyOti,26,CaarukEshi,S R2 M1 P D1 P M1 D1 N2 S,S N2 D1 P M1 G3 R2 S,S R₂ M₁ P D₁ P M₁ D₁ N₂ Ṡ,S N₂ D₁ P M₁ G₃ R₂ Ṡ,False
shurvakam,ShUrvakam,shUrvakam,26,CaarukEshi,S R2 G3 M1 G3 R2 M1 P N2 D1,S N2 D1 M1 P G3 R2 S,S R₂ G₃ M₁ G₃ R₂ M₁ P N₂ D₁,S N₂ D₁ M₁ P G₃ R₂ Ṡ,False
siddhatma,SiddhAtmA,siddhAtmA,26,CaarukEshi,S R2 M1 P D1 N2 S,S N2 P G3 S,S R₂ M₁ P D₁ N₂ Ṡ,S N₂ P G₃ Ṡ,False
simhanada,SimhanAda,simhanAda,26,CaarukEshi,S R2 G3 P N2 S,S D1 P M1 G3 S,S R₂ G₃ P N₂ Ṡ,S D₁ P M₁ G₃ Ṡ,False
simhelavarali,SimhELavarALi,simhELavarALi,26,CaarukEshi,S R2 G3 M1 P M1 D1 N2 S,S D1 P M1 G3 M1 R2 S,S R₂ G₃ M₁ P M₁ D₁ N₂ Ṡ,S D₁ P M₁ G₃ M₁ R₂ Ṡ,False
simili,Simili,simili,26,CaarukEshi,S R2 G3 P S,S N2 D1 M1 G3 S,S R₂ G₃ P Ṡ,S N₂ D₁ M₁ G₃ Ṡ,False
simmatam,Simmatam,simmatam,26,CaarukEshi,S G3 P N2 S,S D1 P M1 R2 S,S G₃ P N₂ Ṡ,S D₁ P M₁ R₂ Ṡ,False
singhanadam,SinghanAdam,singhanAdam,26,CaarukEshi,S R2 G3 P N2 S,S D1 P M1 G3 S,S R₂ G₃ P N₂ Ṡ,S D₁ P M₁ G₃ Ṡ,False
singhi,Singhi,singhi,26,CaarukEshi,S G3 M1 P D1 S,S N2 P M1 R2 S,S G₃ M₁ P D₁ Ṡ,S N₂ P M₁ R₂ Ṡ,False
singhuvam,Singhuvam,singhuvam,26,CaarukEshi,S R2 M1 P N2 S,S N2 D1 M1 G3 S,S R₂ M₁ P N₂ Ṡ,S N₂ D₁ M₁ G₃ Ṡ,False
somapratapam,SOmapratApam,sOmapratApam,26,CaarukEshi,S P M1 D1 N2 S,S N2 D1 P M1 G3 R2 S,S P M₁ D₁ N₂ Ṡ,S N₂ D₁ P M₁ G₃ R₂ Ṡ,False
survaka,Survaka,survaka,26,CaarukEshi,S R2 G3 M1 G3 R2 M1 P N2 D1 N2 P S,S N2 D1 M1 P G3 R2 S,S R₂ G₃ M₁ G₃ R₂ M₁ P N₂ D₁ N₂ P Ṡ,S N₂ D₁ M₁ P G₃ R₂ Ṡ,False
svarasammodini,SvarasammOdini,svarasammOdini,26,CaarukEshi,S G3 P N2 S,S N2 P G3 R2 S,S G₃ P N₂ Ṡ,S N₂ P G₃ R₂ Ṡ,False
tarangini,TarangiNi,tarangiNi,26,CaarukEshi,S R2 G3 P D1 N2 D1 P D1 S,S D1 P G3 R2 S R2 G3 M1 G3 R2 S,S R₂ G₃ P D₁ N₂ D₁ P D₁ Ṡ,S D₁ P G₃ R₂ Ṡ R₂ G₃ M₁ G₃ R₂ Ṡ,False
tarangini,TarangiNi,tarangiNi,26,CaarukEshi,S R2 M1 G3 R2 M1 P D1 N2 D1 S,S N2 D1 P M1 G3 R2 S,S R₂ M₁ G₃ R₂ M₁ P D₁ N₂ D₁ Ṡ,S N₂ D₁ P M₁ G₃ R₂ Ṡ,False
tarangini,TarangiNi,tarangiNi,26,CaarukEshi,S R2 M1 P D1 N2 D1 S,S N2 D1 P M1 G3 R2 S,S R₂ M₁ P D₁ N₂ D₁ Ṡ,S N₂ D₁ P M₁ G₃ R₂ Ṡ,False
tarangini,TarangiNi,tarangiNi,26,CaarukEshi,S R2 M1 P D1 N2 S,S N2 D1 P M1 G3 R2 S,S R₂ M₁ P D₁ N₂ Ṡ,S N₂ D₁ P M₁ G₃ R₂ Ṡ,False
tarangini,TarangiNi,tarangiNi,26,CaarukEshi,S R2 M1 P D1 S,S N2 D1 P M1 G3 R2 S,S R₂ M₁ P D₁ Ṡ,S N₂ D₁ P M₁ G₃ R₂ Ṡ,False
tiruccintiyam,Tiruccintiyam,tiruccintiyam,26,CaarukEshi,S G3 M1 D1 N2 S,S D1 M1 R2 S,S G₃ M₁ D₁ N₂ Ṡ,S D₁ M₁ R₂ Ṡ,False
tunganaga,TunganAga,tunganAga,26,CaarukEshi,S R2 G3 M1 P D1 N2 S,S N2 D1 P M1 R2 G3 M1 R2 S,S R₂ G₃ M₁ P D₁ N₂ Ṡ,S N₂ D₁ P M₁ R₂ G₃ M₁ R₂ Ṡ,False
variar,VAriar,vAriar,26,CaarukEshi,S R2 M1 P N2 S,S N2 D1 P M1 R2 S,S R₂ M₁ P N₂ Ṡ,S N₂ D₁ P M₁ R₂ Ṡ,False
sowrasenaa,SowrasEnaa,sowrasEnaa,27,Sarasaangi,S R2 M1 P D1 S,S N3 D1 P M1 G3 R2 S,S R₂ M₁ P D₁ Ṡ,S N₃ D₁ P M₁ G₃ R₂ Ṡ,False
agnidara,AgnidAra,agnidAra,27,Sarasaangi,S R2 G3 M1 P M1 N3 D1 N3 S,S N3 D1 M1 R2 S,S R₂ G₃ M₁ P M₁ N₃ D₁ N₃ Ṡ,S N₃ D₁ M₁ R₂ Ṡ,False
arkayuga,ArkayUga,arkayUga,27,Sarasaangi,S R2 G3 M1 P D1 N3 S,S D1 P M1 G3 R2 S,S R₂ G₃ M₁ P D₁ N₃ Ṡ,S D₁ P M₁ G₃ R₂ Ṡ,False
bhanukirani,BhAnukiraNi,bhAnukiraNi,27,Sarasaangi,S G3 M1 D1 N3 S,S N3 D1 P M1 G3 R2 S,S G₃ M₁ D₁ N₃ Ṡ,S N₃ D₁ P M₁ G₃ R₂ Ṡ,False
bhinnagandhari,BhinnagAndhAri,bhinnagAndhAri,27,Sarasaangi,S R2 G3 M1 P D1 N3,D1 P M1 G3 M1 R2 S,S R₂ G₃ M₁ P D₁ N₃,D₁ P M₁ G₃ M₁ R₂ Ṡ,False
bhinnagandhari,BhinnagAndhAri,bhinnagAndhAri,27,Sarasaangi,S R2 G3 M1 P D1 S,D1 P M1 G3 M1 R2 S,S R₂ G₃ M₁ P D₁ Ṡ,D₁ P M₁ G₃ M₁ R₂ Ṡ,False
bhogalila,BhOgalIlA,bhOgalIlA,27,Sarasaangi,S G3 M1 P D1 N3 S,S N3 D1 P G3 R2 S,S G₃ M₁ P D₁ N₃ Ṡ,S N₃ D₁ P G₃ R₂ Ṡ,False
bhogalila,BhOgalIlA,bhOgalIlA,27,Sarasaangi,S G3 M1 P D1 N3 S,S N3 D1 P G3 S,S G₃ M₁ P D₁ N₃ Ṡ,S N₃ D₁ P G₃ Ṡ,False
bhogalila,BhOgalIla,bhOgalIla,27,Sarasaangi,S M1 G3 M1 P D1 N3 S,S N3 D1 P G3 R2 S,S M₁ G₃ M₁ P D₁ N₃ Ṡ,S N₃ D₁ P G₃ R₂ Ṡ,False
bhogalila,BhOgalIla,bhOgalIla,27,Sarasaangi,S R2 G3 P D1 N3 S,S N3 D1 M1 G3 R2 S,S R₂ G₃ P D₁ N₃ Ṡ,S N₃ D₁ M₁ G₃ R₂ Ṡ,False
bhogalila,BhOgalIla,bhOgalIla,27,Sarasaangi,S R2 G3 P D1 N3 S,S N3 D1 P M1 G3 R2 S,S R₂ G₃ P D₁ N₃ Ṡ,S N₃ D₁ P M₁ G₃ R₂ Ṡ,False
bhogalila,BhOgalIlA,bhOgalIlA,27,Sarasaangi,S R2 P D1 N3 S,S N3 D1 M1 G3 R2 S,S R₂ P D₁ N₃ Ṡ,S N₃ D₁ M₁ G₃ R₂ Ṡ,False
caurisena,CaurisEnA,caurisEnA,27,Sarasaangi,S R2 G3 M1 P D1 N3 S,S N3 D1 P M1 G3 R2 G3 S,S R₂ G₃ M₁ P D₁ N₃ Ṡ,S N₃ D₁ P M₁ G₃ R₂ G₃ Ṡ,False
cinnai,Cinnai,cinnai,27,Sarasaangi,S R2 M1 P D1 N3 S,S D1 P M1 G3 S,S R₂ M₁ P D₁ N₃ Ṡ,S D₁ P M₁ G₃ Ṡ,False
cinni,Cinni,cinni,27,Sarasaangi,S G3 M1 P D1 N3 S,S D1 P M1 R2 S,S G₃ M₁ P D₁ N₃ Ṡ,S D₁ P M₁ R₂ Ṡ,False
devakurinji,DEvakurinji,dEvakurinji,27,Sarasaangi,S R2 G3 M1 P D1 N3 S,S N3 D1 M1 G3 R2 S,S R₂ G₃ M₁ P D₁ N₃ Ṡ,S N₃ D₁ M₁ G₃ R₂ Ṡ,False
devaranjini,DEvaranjini,dEvaranjini,27,Sarasaangi,S R2 G3 M1 P D1 N3 S,S P N3 D1 M1 G3 R2 S,S R₂ G₃ M₁ P D₁ N₃ Ṡ,S P N₃ D₁ M₁ G₃ R₂ Ṡ,False
dhvajakriya,DhvajakriyA,dhvajakriyA,27,Sarasaangi,S R2 G3 M1 P S,S N3 P M1 G3 M1 R2 G3 R2 S,S R₂ G₃ M₁ P Ṡ,S N₃ P M₁ G₃ M₁ R₂ G₃ R₂ Ṡ,False
dinakarakanti,DinakarakAnti,dinakarakAnti,27,Sarasaangi,S M1 G3 M1 P S,S N3 D1 P M1 G3 S,S M₁ G₃ M₁ P Ṡ,S N₃ D₁ P M₁ G₃ Ṡ,False
divyagandhi,Divyagandhi,divyagandhi,27,Sarasaangi,S R2 M1 D1 N3 G3 P S,S N3 D1 P M1 G3 R2 S,S R₂ M₁ D₁ N₃ G₃ P Ṡ,S N₃ D₁ P M₁ G₃ R₂ Ṡ,False
divyambari,DivyAmbari,divyAmbari,27,Sarasaangi,S P M1 P D1 N3 S,S P N3 D1 M1 G3 R2 S,S P M₁ P D₁ N₃ Ṡ,S P N₃ D₁ M₁ G₃ R₂ Ṡ,False
divyambari,DivyAmbari,divyAmbari,27,Sarasaangi,S P M1 P D1 N3 S,S P N3 D1 P M1 G3 R2 S,S P M₁ P D₁ N₃ Ṡ,S P N₃ D₁ P M₁ G₃ R₂ Ṡ,False
divyapancamam,Divyapancamam,divyapancamam,27,Sarasaangi,S G3 M1 P N3 S,S N3 D1 P M1 G3 R2 S,S G₃ M₁ P N₃ Ṡ,S N₃ D₁ P M₁ G₃ R₂ Ṡ,False
divyapancamam,Divyapancamam,divyapancamam,27,Sarasaangi,S R2 G3 M1 P D1 N3 S,S N3 D1 P M1 G3 R2 S,S R₂ G₃ M₁ P D₁ N₃ Ṡ,S N₃ D₁ P M₁ G₃ R₂ Ṡ,False
divyapancamam,Divyapancamam,divyapancamam,27,Sarasaangi,S R2 G3 M1 P D1 P N3 S,S N3 D1 P M1 G3 R2 S,S R₂ G₃ M₁ P D₁ P N₃ Ṡ,S N₃ D₁ P M₁ G₃ R₂ Ṡ,False
divyapancamam,Divyapancamam,divyapancamam,27,Sarasaangi,S R2 G3 M1 P N3 S,S N3 D1 P M1 G3 R2 S,S R₂ G₃ M₁ P N₃ Ṡ,S N₃ D₁ P M₁ G₃ R₂ Ṡ,False
divyapancamam,Divyapancamam,divyapancamam,27,Sarasaangi,S R2 G3 M1 S P M1 D1 N3 S,S N3 D1 P M1 G3 R2 S,S R₂ G₃ M₁ Ṡ P M₁ D₁ N₃ Ṡ,S N₃ D₁ P M₁ G₃ R₂ Ṡ,False
diyambari,DiyAmbari,diyAmbari,27,Sarasaangi,S G3 R2 G3 M1 P D1 P N3 S,S N3 D1 P M1 G3 R2 S,S G₃ R₂ G₃ M₁ P D₁ P N₃ Ṡ,S N₃ D₁ P M₁ G₃ R₂ Ṡ,False
haripriya,HaripriyA,haripriyA,27,Sarasaangi,S R2 G3 M1 P S,S N3 D1 P M1 G3 S,S R₂ G₃ M₁ P Ṡ,S N₃ D₁ P M₁ G₃ Ṡ,False
jajalavasini,JajalavAsini,jajalavAsini,27,Sarasaangi,S G3 M1 P N3 S,S N3 D1 P M1 R2 S,S G₃ M₁ P N₃ Ṡ,S N₃ D₁ P M₁ R₂ Ṡ,False
jalajavasini,JalajavAsini,jalajavAsini,27,Sarasaangi,S G3 M1 P N3 S,S R2 D1 P M1 R2 S,S G₃ M₁ P N₃ Ṡ,S R₂ D₁ P M₁ R₂ Ṡ,False
jayabharani,JayabharaNi,jayabharaNi,27,Sarasaangi,S G3 M1 P M1 R2 G3 M1 P S,S N3 D1 P M1 R2 S,S G₃ M₁ P M₁ R₂ G₃ M₁ P Ṡ,S N₃ D₁ P M₁ R₂ Ṡ,False
jayabharani,JayabharaNi,jayabharaNi,27,Sarasaangi,S G3 M1 P S,S N3 D1 P M1 R2 S,S G₃ M₁ P Ṡ,S N₃ D₁ P M₁ R₂ Ṡ,False
jayabharani,JayabharaNi,jayabharaNi,27,Sarasaangi,S G3 M1 R2 G3 M1 P S,S N3 D1 P M1 R2 S,S G₃ M₁ R₂ G₃ M₁ P Ṡ,S N₃ D₁ P M₁ R₂ Ṡ,False
kacaragam,KacarAgam,kacarAgam,27,Sarasaangi,S R2 G3 P D1 N3 S,S D1 P M1 R2 S,S R₂ G₃ P D₁ N₃ Ṡ,S D₁ P M₁ R₂ Ṡ,False
kacarajam,KacarAjam,kacarAjam,27,Sarasaangi,S R2 G3 P D1 N3 S,S D1 P M1 R2 S,S R₂ G₃ P D₁ N₃ Ṡ,S D₁ P M₁ R₂ Ṡ,False
kadanam,Kadanam,kadanam,27,Sarasaangi,S M1 P D1 N3 S,S N3 D1 P M1 S,S M₁ P D₁ N₃ Ṡ,S N₃ D₁ P M₁ Ṡ,False
kala,KalA,kalA,27,Sarasaangi,S R2 G3 P D1 N3 S,S N3 D1 P G3 R2 S,S R₂ G₃ P D₁ N₃ Ṡ,S N₃ D₁ P G₃ R₂ Ṡ,False
kamalamanohari,KamalamanOhari,kamalamanOhari,27,Sarasaangi,S G3 M1 P N3 S,S N3 D1 P M1 G3 S,S G₃ M₁ P N₃ Ṡ,S N₃ D₁ P M₁ G₃ Ṡ,False
karala,KarAla,karAla,27,Sarasaangi,S R2 G3 P D1 N3 S,S N3 D1 P G3 R2 S,S R₂ G₃ P D₁ N₃ Ṡ,S N₃ D₁ P G₃ R₂ Ṡ,False
kedarachaya,KEdArachAyA,kEdArachAyA,27,Sarasaangi,S R2 G3 M1 P D1 N3 S,S N3 D1 P M1 R2 S,S R₂ G₃ M₁ P D₁ N₃ Ṡ,S N₃ D₁ P M₁ R₂ Ṡ,False
kedaranata,KEdAranATa,kEdAranATa,27,Sarasaangi,S R2 G3 M1 P D1 N3 S,S N3 P M1 G3 R2 S,S R₂ G₃ M₁ P D₁ N₃ Ṡ,S N₃ P M₁ G₃ R₂ Ṡ,False
kesaranata,KEsaranATa,kEsaranATa,27,Sarasaangi,S R2 G3 M1 P N3 S,S N3 P M1 G3 R2 S,S R₂ G₃ M₁ P N₃ Ṡ,S N₃ P M₁ G₃ R₂ Ṡ,False
komalangi,KOmaLAngi,kOmaLAngi,27,Sarasaangi,S R2 G3 M1 D1 N3 S,S N3 D1 M1 G3 R2 S,S R₂ G₃ M₁ D₁ N₃ Ṡ,S N₃ D₁ M₁ G₃ R₂ Ṡ,False
komalangi,KOmaLAngi,kOmaLAngi,27,Sarasaangi,S R2 G3 M1 D1 N3 S,S N3 P M1 G3 R2 S,S R₂ G₃ M₁ D₁ N₃ Ṡ,S N₃ P M₁ G₃ R₂ Ṡ,False
kurinjichaya,KurinjichAyA,kurinjichAyA,27,Sarasaangi,S R2 G3 M1 P D1 N3 S,S N3 D1 P M1 G3 R2 S,S R₂ G₃ M₁ P D₁ N₃ Ṡ,S N₃ D₁ P M₁ G₃ R₂ Ṡ,False
kusumapriya,KusumapriyA,kusumapriyA,27,Sarasaangi,S R2 G3 M1 P D1 N3 S,S N3 P M1 G3 R2 S,S R₂ G₃ M₁ P D₁ N₃ Ṡ,S N₃ P M₁ G₃ R₂ Ṡ,False
kusyaketupriya,KuSyakEtupriyA,kuSyakEtupriyA,27,Sarasaangi,S R2 G3 M1 P N3 S,S N3 P M1 G3 R2 S,S R₂ G₃ M₁ P N₃ Ṡ,S N₃ P M₁ G₃ R₂ Ṡ,False
madhukari,Madhukari,madhukari,27,Sarasaangi,S M1 G3 M1 P D1 N3 S,S P M1 N3 P M1 G3 R2 S,S M₁ G₃ M₁ P D₁ N₃ Ṡ,S P M₁ N₃ P M₁ G₃ R₂ Ṡ,False
madhukari,Madhukari,madhukari,27,Sarasaangi,S M1 G3 M1 P D1 N3,P M1 G3 R2 S N3 S,S M₁ G₃ M₁ P D₁ N₃,P M₁ G₃ R₂ Ṡ N₃ Ṡ,False
madhulika,MadhuLika,madhuLika,27,Sarasaangi,S R2 G3 M1 N3 S,S N3 M1 G3 R2 S,S R₂ G₃ M₁ N₃ Ṡ,S N₃ M₁ G₃ R₂ Ṡ,False
madhuryaragam,MAdhuryarAgam,mAdhuryarAgam,27,Sarasaangi,N3 S R2 G3 M1 P D1 N3,N3 D1 P M1 G3 R2 S N3,N₃ Ṡ R₂ G₃ M₁ P D₁ N₃,N₃ D₁ P M₁ G₃ R₂ Ṡ N₃,False
madhuryaragam,MAdhuryarAgam,mAdhuryarAgam,27,Sarasaangi,P N3 S R2 G3 M1 P,M1 G3 S N3 D1 P,P N₃ Ṡ R₂ G₃ M₁ P,M₁ G₃ Ṡ N₃ D₁ P,False
manabharani,MAnAbharaNi,mAnAbharaNi,27,Sarasaangi,S R2 G3 M1 D1 N3 S,S N3 D1 P M1 G3 R2 S,S R₂ G₃ M₁ D₁ N₃ Ṡ,S N₃ D₁ P M₁ G₃ R₂ Ṡ,False
manabharani,MAnabharaNi,mAnabharaNi,27,Sarasaangi,S R2 G3 M1 P M1 D1 N3 S,S N3 D1 P M1 G3 R2 S,S R₂ G₃ M₁ P M₁ D₁ N₃ Ṡ,S N₃ D₁ P M₁ G₃ R₂ Ṡ,False
manabharani,MAnAbharaNi,mAnAbharaNi,27,Sarasaangi,S R2 G3 P M1 D1 N3 S,S N3 D1 P M1 G3 R2 S,S R₂ G₃ P M₁ D₁ N₃ Ṡ,S N₃ D₁ P M₁ G₃ R₂ Ṡ,False
manimaya,MaNimaya,maNimaya,27,Sarasaangi,S M1 G3 M1 P D1,S M1 G3 R2 S N3 S,S M₁ G₃ M₁ P D₁,S M₁ G₃ R₂ Ṡ N₃ Ṡ,False
manimaya,MaNimaya,maNimaya,27,Sarasaangi,S N3 S R2 G3 M1 P D1,P M1 G3 R2 S N3 S,S N₃ Ṡ R₂ G₃ M₁ P D₁,P M₁ G₃ R₂ Ṡ N₃ Ṡ,False
manimaya,MaNimaya,maNimaya,27,Sarasaangi,S R2 G3 M1 P D1,P M1 G3 R2 S N3,S R₂ G₃ M₁ P D₁,P M₁ G₃ R₂ Ṡ N₃,False
manjula,ManjuLa,manjuLa,27,Sarasaangi,P S N3 S R2 G3 M1 P,M1 G3 R2 S N3 D1 P,P Ṡ N₃ Ṡ R₂ G₃ M₁ P,M₁ G₃ R₂ Ṡ N₃ D₁ P,False
manjula,ManjuLa,manjuLa,27,Sarasaangi,P S N3 S R2 M1 G3 P,M1 G3 R2 S N3 D1 P,P Ṡ N₃ Ṡ R₂ M₁ G₃ P,M₁ G₃ R₂ Ṡ N₃ D₁ P,False
margabhadra,MArgabhadra,mArgabhadra,27,Sarasaangi,S G3 M1 P N3 S,S D1 P G3 R2 S,S G₃ M₁ P N₃ Ṡ,S D₁ P G₃ R₂ Ṡ,False
mattakashini,MattakAshini,mattakAshini,27,Sarasaangi,S R2 G3 D1 N3 S,S N3 D1 G3 R2 S,S R₂ G₃ D₁ N₃ Ṡ,S N₃ D₁ G₃ R₂ Ṡ,False
nadapriya,NAdapriya,nAdapriya,27,Sarasaangi,S M1 G3 M1 P D1 N3 S,S N3 P M1 G3 S,S M₁ G₃ M₁ P D₁ N₃ Ṡ,S N₃ P M₁ G₃ Ṡ,False
nadasvarupi,NAdasvarUpi,nAdasvarUpi,27,Sarasaangi,S G3 M1 P M1 D1 N3 S,S N3 D1 P M1 G3 M1 R2 S,S G₃ M₁ P M₁ D₁ N₃ Ṡ,S N₃ D₁ P M₁ G₃ M₁ R₂ Ṡ,False
nadasvarupi,NAdasvarUpi,nAdasvarUpi,27,Sarasaangi,S G3 M1 P M1 D1 N3 S,S N3 D1 P M1 G3 R2 S,S G₃ M₁ P M₁ D₁ N₃ Ṡ,S N₃ D₁ P M₁ G₃ R₂ Ṡ,False
nadasvarupi,NAdasvarUpi,nAdasvarUpi,27,Sarasaangi,S M1 G3 P M1 D1 N3 S,S N3 D1 P M1 G3 R2 S,S M₁ G₃ P M₁ D₁ N₃ Ṡ,S N₃ D₁ P M₁ G₃ R₂ Ṡ,False
nadavinodini,NAdavinOdini,nAdavinOdini,27,Sarasaangi,S R2 G3 M1 P M1 D1 N3 S,S N3 S D1 P M1 G3 M1 R2 S,S R₂ G₃ M₁ P M₁ D₁ N₃ Ṡ,S N₃ Ṡ D₁ P M₁ G₃ M₁ R₂ Ṡ,False
nadavinodini,NAdavinOdini,nAdavinOdini,27,Sarasaangi,S R2 G3 M1 P M1 D1 N3 S,S N3 S D1 P M1 G3 R2 S,S R₂ G₃ M₁ P M₁ D₁ N₃ Ṡ,S N₃ Ṡ D₁ P M₁ G₃ R₂ Ṡ,False
nagabharani,NAgAbharaNi,nAgAbharaNi,27,Sarasaangi,S R2 G3 M1 P M1 D1 N3 S,S N3 S D1 P M1 G3 M1 R2 S,S R₂ G₃ M₁ P M₁ D₁ N₃ Ṡ,S N₃ Ṡ D₁ P M₁ G₃ M₁ R₂ Ṡ,False
nagabharani,NAgAbharaNi,nAgAbharaNi,27,Sarasaangi,S R2 G3 P M1 P S,S D1 P M1 G3 R2 S,S R₂ G₃ P M₁ P Ṡ,S D₁ P M₁ G₃ R₂ Ṡ,False
nagabharani,NAgAbharaNi,nAgAbharaNi,27,Sarasaangi,S R2 G3 P M1 P S,S N3 D1 P M1 G3 R2 S,S R₂ G₃ P M₁ P Ṡ,S N₃ D₁ P M₁ G₃ R₂ Ṡ,False
nagabharani,NAgAbharaNi,nAgAbharaNi,27,Sarasaangi,S R2 G3 P M1 R2 M1 P S,S D1 P M1 G3 R2 S,S R₂ G₃ P M₁ R₂ M₁ P Ṡ,S D₁ P M₁ G₃ R₂ Ṡ,False
nalinakanti,NaLinakAnti,naLinakAnti,27,Sarasaangi,S G3 R2 M1 P N3 S,S N3 P M1 G3 R2 S,S G₃ R₂ M₁ P N₃ Ṡ,S N₃ P M₁ G₃ R₂ Ṡ,False
nalinakanti,NaLinakAnti,naLinakAnti,27,Sarasaangi,S R2 M1 P N3 S,S N3 P G3 R2 S,S R₂ M₁ P N₃ Ṡ,S N₃ P G₃ R₂ Ṡ,False
nalinakanti,NaLinakAnti,naLinakAnti,27,Sarasaangi,S R2 M1 P N3 S,S N3 P M1 G3 R2 S,S R₂ M₁ P N₃ Ṡ,S N₃ P M₁ G₃ R₂ Ṡ,False
nalinashanti,NaLinashAnti,naLinashAnti,27,Sarasaangi,S R2 G3 P N3 S,S D1 P M1 G3 R2 S,S R₂ G₃ P N₃ Ṡ,S D₁ P M₁ G₃ R₂ Ṡ,False
nayanaranjani,Nayanaranjani,nayanaranjani,27,Sarasaangi,S R2 G3 M1 P D1 P N3 S,S N3 P N3 D1 M1 G3 R2 S,S R₂ G₃ M₁ P D₁ P N₃ Ṡ,S N₃ P N₃ D₁ M₁ G₃ R₂ Ṡ,False
nilamani,NIlamaNi,nIlamaNi,27,Sarasaangi,S R2 M1 P D1 N3 S,S N3 D1 P M1 R2 S,S R₂ M₁ P D₁ N₃ Ṡ,S N₃ D₁ P M₁ R₂ Ṡ,False
padma,Padma,padma,27,Sarasaangi,S R2 G3 M1 P D1 N3 S,S N3 D1 P M1 G3 S,S R₂ G₃ M₁ P D₁ N₃ Ṡ,S N₃ D₁ P M₁ G₃ Ṡ,False
pennavardhini,Pennavardhini,pennavardhini,27,Sarasaangi,S R2 G3 M1 P D1 N3 S,S N3 D1 P M1 P M1 G3 R2 S,S R₂ G₃ M₁ P D₁ N₃ Ṡ,S N₃ D₁ P M₁ P M₁ G₃ R₂ Ṡ,False
priyadarshini,Priyadarshini,priyadarshini,27,Sarasaangi,S R2 M1 D1 N3 S,S N3 D1 M1 R2 S,S R₂ M₁ D₁ N₃ Ṡ,S N₃ D₁ M₁ R₂ Ṡ,False
ramacudamani,RAmacUDAmaNi,rAmacUDAmaNi,27,Sarasaangi,S G3 M1 P N3 S,S N3 P M1 G3 R2 S,S G₃ M₁ P N₃ Ṡ,S N₃ P M₁ G₃ R₂ Ṡ,False
ramamanohari,RAmamanOhari,rAmamanOhari,27,Sarasaangi,S G3 M1 N3 S,S N3 D1 P M1 G3 S,S G₃ M₁ N₃ Ṡ,S N₃ D₁ P M₁ G₃ Ṡ,False
ramamanohari,RAmamanOhari,rAmamanOhari,27,Sarasaangi,S G3 M1 P N3 S,S N3 D1 P M1 G3 S R2 S,S G₃ M₁ P N₃ Ṡ,S N₃ D₁ P M₁ G₃ Ṡ R₂ Ṡ,False
ramamanohari,RAmamanOhari,rAmamanOhari,27,Sarasaangi,S G3 M1 P N3 S,S N3 D1 P M1 G3 S,S G₃ M₁ P N₃ Ṡ,S N₃ D₁ P M₁ G₃ Ṡ,False
ramyabhasani,RamyabhASaNi,ramyabhASaNi,27,Sarasaangi,S G3 M1 R2 G3 M1 P D1 N3 S,S N3 D1 M1 R2 G3 S,S G₃ M₁ R₂ G₃ M₁ P D₁ N₃ Ṡ,S N₃ D₁ M₁ R₂ G₃ Ṡ,False
rangamanohari,RangamanOhari,rangamanOhari,27,Sarasaangi,S G3 M1 P D1 N3 S,S D1 M1 G3 R2 G3 S,S G₃ M₁ P D₁ N₃ Ṡ,S D₁ M₁ G₃ R₂ G₃ Ṡ,False
ratnabharani,RatnAbharaNi,ratnAbharaNi,27,Sarasaangi,S R2 P D1 N3 S,S N3 D1 P G3 S,S R₂ P D₁ N₃ Ṡ,S N₃ D₁ P G₃ Ṡ,False
ratnajvalita,Ratnajvalita,ratnajvalita,27,Sarasaangi,S R2 P D1 N3 S,S N3 P G3 S,S R₂ P D₁ N₃ Ṡ,S N₃ P G₃ Ṡ,False
ratnamani,RatnamaNi,ratnamaNi,27,Sarasaangi,S M1 G3 M1 R2 G3 M1 P D1 N3,S N3 D1 P M1 G3 R2 S,S M₁ G₃ M₁ R₂ G₃ M₁ P D₁ N₃,S N₃ D₁ P M₁ G₃ R₂ Ṡ,False
rsyaketupriya,RSyakEtupriyA,rSyakEtupriyA,27,Sarasaangi,S R2 G3 M1 P N3 S,S N3 P M1 G3 R2 S,S R₂ G₃ M₁ P N₃ Ṡ,S N₃ P M₁ G₃ R₂ Ṡ,False
samantam,SAmantam,sAmantam,27,Sarasaangi,S R2 G3 M1 P D1 N3 S,S N3 D1 N3 P M1 G3 R2 S,S R₂ G₃ M₁ P D₁ N₃ Ṡ,S N₃ D₁ N₃ P M₁ G₃ R₂ Ṡ,False
samaraga,SAmarAga,sAmarAga,27,Sarasaangi,S R2 M1 P M1 D1 S,S D1 P M1 G3 R2 S,S R₂ M₁ P M₁ D₁ Ṡ,S D₁ P M₁ G₃ R₂ Ṡ,False
samavarali,SAmavarALi,sAmavarALi,27,Sarasaangi,S R2 M1 P D1 N3 S,S N3 D1 P M1 G3 R2 G3 S,S R₂ M₁ P D₁ N₃ Ṡ,S N₃ D₁ P M₁ G₃ R₂ G₃ Ṡ,False
saranga,SAranga,sAranga,27,Sarasaangi,S R2 G3 M1 P D1 N3 S,S N3 D1 P M1 R2 S,S R₂ G₃ M₁ P D₁ N₃ Ṡ,S N₃ D₁ P M₁ R₂ Ṡ,False
sarangakapi,SArangakApi,sArangakApi,27,Sarasaangi,S R2 P M1 R2 P R2 M1 P N3,S N3 D1 P M1 G3 R2 S,S R₂ P M₁ R₂ P R₂ M₁ P N₃,S N₃ D₁ P M₁ G₃ R₂ Ṡ,False
saranganata,SAranganATa,sAranganATa,27,Sarasaangi,S R2 M1 P D1 S,S N3 S D1 P M1 G3 R2 S,S R₂ M₁ P D₁ Ṡ,S N₃ Ṡ D₁ P M₁ G₃ R₂ Ṡ,False
sarasanana,SarasAnana,sarasAnana,27,Sarasaangi,S R2 G3 M1 D1 N3 S,S N3 D1 M1 G3 R2 S,S R₂ G₃ M₁ D₁ N₃ Ṡ,S N₃ D₁ M₁ G₃ R₂ Ṡ,False
sarasangi,SarasAngi,sarasAngi,27,Sarasaangi,S R2 G3 M1 P D1 N3 S,S N3 D1 P M1 G3 R2 S,S R₂ G₃ M₁ P D₁ N₃ Ṡ,S N₃ D₁ P M₁ G₃ R₂ Ṡ,False
sarasapriya,SarasapriyA,sarasapriyA,27,Sarasaangi,S R2 M1 G3 M1 P D1 N3 S,S N3 P D1 M1 G3 R2 S,S R₂ M₁ G₃ M₁ P D₁ N₃ Ṡ,S N₃ P D₁ M₁ G₃ R₂ Ṡ,False
sarasiruham,SarasIruham,sarasIruham,27,Sarasaangi,S R2 G3 M1 D1 N3 D1 S,S N3 D1 M1 G3 R2 S,S R₂ G₃ M₁ D₁ N₃ D₁ Ṡ,S N₃ D₁ M₁ G₃ R₂ Ṡ,False
sarasvati,Sarasvati,sarasvati,27,Sarasaangi,S R2 M1 P D1 S,S D1 N3 P M1 G3 R2 S,S R₂ M₁ P D₁ Ṡ,S D₁ N₃ P M₁ G₃ R₂ Ṡ,False
sarasvatimanohari,SarasvatimanOhari,sarasvatimanOhari,27,Sarasaangi,S R2 G3 M1 D1 S,S N3 D1 P M1 R2 S,S R₂ G₃ M₁ D₁ Ṡ,S N₃ D₁ P M₁ R₂ Ṡ,False
saurasena,SaurasEna,saurasEna,27,Sarasaangi,S R2 G3 M1 P N3 S,S N3 D1 P M1 G3 R2 G3 S,S R₂ G₃ M₁ P N₃ Ṡ,S N₃ D₁ P M₁ G₃ R₂ G₃ Ṡ,False
saurasena,SaurasEna,saurasEna,27,Sarasaangi,S R2 M1 P D1 S,S N3 D1 P M1 G3 R2 S,S R₂ M₁ P D₁ Ṡ,S N₃ D₁ P M₁ G₃ R₂ Ṡ,False
shayanaranjani,Shayanaranjani,shayanaranjani,27,Sarasaangi,S G3 M1 P D1 P N3 S,S N3 P N3 D1 M1 G3 R2 S,S G₃ M₁ P D₁ P N₃ Ṡ,S N₃ P N₃ D₁ M₁ G₃ R₂ Ṡ,False
shikari,ShIkari,shIkari,27,Sarasaangi,S R2 M1 P D1 N3 S,S N3 P M1 G3 S,S R₂ M₁ P D₁ N₃ Ṡ,S N₃ P M₁ G₃ Ṡ,False
shirgunan,ShirguNan,shirguNan,27,Sarasaangi,S R2 G3 P N3 S,S N3 D1 P M1 G3 R2 S,S R₂ G₃ P N₃ Ṡ,S N₃ D₁ P M₁ G₃ R₂ Ṡ,False
shiriviyal,Shiriviyal,shiriviyal,27,Sarasaangi,S R2 G3 M1 P D1 N3 S,S N3 P M1 G3 R2 S,S R₂ G₃ M₁ P D₁ N₃ Ṡ,S N₃ P M₁ G₃ R₂ Ṡ,False
shirumani,ShirumaNi,shirumaNi,27,Sarasaangi,S R2 G3 M1 P D1 N3 S,S D1 P G3 R2 S,S R₂ G₃ M₁ P D₁ N₃ Ṡ,S D₁ P G₃ R₂ Ṡ,False
shiruni,ShIruni,shIruni,27,Sarasaangi,S R2 G3 M1 P D1 N3 S,S D1 P G3 S,S R₂ G₃ M₁ P D₁ N₃ Ṡ,S D₁ P G₃ Ṡ,False
shiruvazhutunai,ShiruvazhutuNai,shiruvazhutuNai,27,Sarasaangi,S R2 G3 P D1 S,S N3 D1 P M1 G3 R2 S,S R₂ G₃ P D₁ Ṡ,S N₃ D₁ P M₁ G₃ R₂ Ṡ,False
shivanakini,ShivanAkini,shivanAkini,27,Sarasaangi,S G3 M1 P N3 S,S N3 D1 P M1 G3 R2 S,S G₃ M₁ P N₃ Ṡ,S N₃ D₁ P M₁ G₃ R₂ Ṡ,False
shivantam,Shivantam,shivantam,27,Sarasaangi,S R2 M1 P D1 S,S N3 D1 P M1 G3 R2 S,S R₂ M₁ P D₁ Ṡ,S N₃ D₁ P M₁ G₃ R₂ Ṡ,False
shivashirumani,ShivashirumaNi,shivashirumaNi,27,Sarasaangi,S R2 G3 M1 P D1 N3 S,S N3 P M1 G3 S,S R₂ G₃ M₁ P D₁ N₃ Ṡ,S N₃ P M₁ G₃ Ṡ,False
shrinalinakanti,ShrInalinakAnti,shrInalinakAnti,27,Sarasaangi,S G3 R2 M1 P N3 S,S N3 P M1 G3 R2 S,S G₃ R₂ M₁ P N₃ Ṡ,S N₃ P M₁ G₃ R₂ Ṡ,False
shrishivanapriya,ShrIshivanapriyA,shrIshivanapriyA,27,Sarasaangi,S R2 M1 P D1 N3 S,S N3 D1 P M1 G3 S,S R₂ M₁ P D₁ N₃ Ṡ,S N₃ D₁ P M₁ G₃ Ṡ,False
shrutipriya,ShrutipriyA,shrutipriyA,27,Sarasaangi,S R2 G3 M1 P D1 N3 S,S N3 D1 P M1 G3 R2 S,S R₂ G₃ M₁ P D₁ N₃ Ṡ,S N₃ D₁ P M₁ G₃ R₂ Ṡ,False
shudari,ShuDAri,shuDAri,27,Sarasaangi,S R2 M1 D1 S,S N3 P G3 R2 S,S R₂ M₁ D₁ Ṡ,S N₃ P G₃ R₂ Ṡ,False
shudarkodi,ShudarkoDi,shudarkoDi,27,Sarasaangi,S G3 P N3 S,S D1 M1 G3 R2 S,S G₃ P N₃ Ṡ,S D₁ M₁ G₃ R₂ Ṡ,False
simhavahini,SimhavAhini,simhavAhini,27,Sarasaangi,S G3 M1 P D1 N3 S,S N3 D1 P M1 G3 R2 S,S G₃ M₁ P D₁ N₃ Ṡ,S N₃ D₁ P M₁ G₃ R₂ Ṡ,False
sina,SInA,sInA,27,Sarasaangi,S R2 G3 M1 D1 N3 S,S N3 D1 M1 G3 R2 S,S R₂ G₃ M₁ D₁ N₃ Ṡ,S N₃ D₁ M₁ G₃ R₂ Ṡ,False
sina,SInA,sInA,27,Sarasaangi,S R2 M1 P D1 N3 S,S N3 P G3 S,S R₂ M₁ P D₁ N₃ Ṡ,S N₃ P G₃ Ṡ,False
sinakkaram,SInAkkAram,sInAkkAram,27,Sarasaangi,S R2 G3 P D1 N3 S,S N3 P M1 G3 S,S R₂ G₃ P D₁ N₃ Ṡ,S N₃ P M₁ G₃ Ṡ,False
siriyanangai,SiriyAnangai,siriyAnangai,27,Sarasaangi,S R2 M1 P D1 N3 S,S N3 D1 P M1 G3 R2 S,S R₂ M₁ P D₁ N₃ Ṡ,S N₃ D₁ P M₁ G₃ R₂ Ṡ,False
sirudram,SIrudram,sIrudram,27,Sarasaangi,S R2 G3 M1 P D1 N3 S,S N3 P G3 S,S R₂ G₃ M₁ P D₁ N₃ Ṡ,S N₃ P G₃ Ṡ,False
somamukhi,SOmamukhi,sOmamukhi,27,Sarasaangi,S G3 M1 P D1 N3 S,S N3 D1 N3 P M1 G3 M1 R2 S,S G₃ M₁ P D₁ N₃ Ṡ,S N₃ D₁ N₃ P M₁ G₃ M₁ R₂ Ṡ,False
somamukhi,SOmamukhi,sOmamukhi,27,Sarasaangi,S G3 M1 P D1 N3 S,S N3 D1 P M1 G3 M1 R2 S,S G₃ M₁ P D₁ N₃ Ṡ,S N₃ D₁ P M₁ G₃ M₁ R₂ Ṡ,False
somamukhi,SOmamukhi,sOmamukhi,27,Sarasaangi,S G3 M1 P D1 N3 S,S N3 D1 P M1 R2 M1 G3 S,S G₃ M₁ P D₁ N₃ Ṡ,S N₃ D₁ P M₁ R₂ M₁ G₃ Ṡ,False
succu,Succu,succu,27,Sarasaangi,S R2 M1 P N3 S,S D1 M1 G3 S,S R₂ M₁ P N₃ Ṡ,S D₁ M₁ G₃ Ṡ,False
sudhakarapriya,SudhAkarapriyA,sudhAkarapriyA,27,Sarasaangi,S G3 M1 D1 S,S N3 P R2 S,S G₃ M₁ D₁ Ṡ,S N₃ P R₂ Ṡ,False
sugandhi,Sugandhi,sugandhi,27,Sarasaangi,S R2 M1 P D1 S,S N3 P M1 G3 R2 S,S R₂ M₁ P D₁ Ṡ,S N₃ P M₁ G₃ R₂ Ṡ,False
sukhambal,Sukhambal,sukhambal,27,Sarasaangi,S G3 M1 D1 S,S N3 P M1 G3 R2 S,S G₃ M₁ D₁ Ṡ,S N₃ P M₁ G₃ R₂ Ṡ,False
sundalam,SuNDAlam,suNDAlam,27,Sarasaangi,S G3 P N3 S,S D1 M1 R2 S,S G₃ P N₃ Ṡ,S D₁ M₁ R₂ Ṡ,False
surasena,SurasEnA,surasEnA,27,Sarasaangi,S R2 M1 P D1 S,S N3 D1 P M1 G3 R2 S,S R₂ M₁ P D₁ Ṡ,S N₃ D₁ P M₁ G₃ R₂ Ṡ,False
surusena,SurusEna,surusEna,27,Sarasaangi,S R2 M1 P D1 S,S N3 D1 M1 G3 R2 S,S R₂ M₁ P D₁ Ṡ,S N₃ D₁ M₁ G₃ R₂ Ṡ,False
sushikam,Sushikam,sushikam,27,Sarasaangi,S R2 M1 P D1 S,S N3 P G3 S,S R₂ M₁ P D₁ Ṡ,S N₃ P G₃ Ṡ,False
susundari,Susundari,susundari,27,Sarasaangi,S R2 M1 P N3 S,S D1 P G3 S,S R₂ M₁ P N₃ Ṡ,S D₁ P G₃ Ṡ,False
sutakarapriya,SutakarapriyA,sutakarapriyA,27,Sarasaangi,S G3 M1 D1 S,S N3 P M1 R2 S,S G₃ M₁ D₁ Ṡ,S N₃ P M₁ R₂ Ṡ,False
sutradharini,SUtradhAriNi,sUtradhAriNi,27,Sarasaangi,S R2 M1 P D1 S,S D1 P M1 R2 S,S R₂ M₁ P D₁ Ṡ,S D₁ P M₁ R₂ Ṡ,False
taralam,TaraLam,taraLam,27,Sarasaangi,S R2 G3 P D1 N3 S,S N3 D1 P G3 R2 S,S R₂ G₃ P D₁ N₃ Ṡ,S N₃ D₁ P G₃ R₂ Ṡ,False
vasanti,Vasanti,vasanti,27,Sarasaangi,S N3 D1 N3 S,S N3 D1 P M1 G3 P M1 R2 S,S N₃ D₁ N₃ Ṡ,S N₃ D₁ P M₁ G₃ P M₁ R₂ Ṡ,False
vasanti,VAsanti,vAsanti,27,Sarasaangi,S R2 G3 P D1 S,S D1 P G3 R2 S,S R₂ G₃ P D₁ Ṡ,S D₁ P G₃ R₂ Ṡ,False
vidamba,Vidamba,vidamba,27,Sarasaangi,S R2 G3 M1 P D1 P N3 S,S N3 P M1 G3 R2 S,S R₂ G₃ M₁ P D₁ P N₃ Ṡ,S N₃ P M₁ G₃ R₂ Ṡ,False
vidambamati,Vidambamati,vidambamati,27,Sarasaangi,S R2 G3 M1 P D1 P N3 S,S N3 P M1 G3 R2 S,S R₂ G₃ M₁ P D₁ P N₃ Ṡ,S N₃ P M₁ G₃ R₂ Ṡ,False
harikedaaragowla,HarikEdaaragowLa,harikEdaaragowLa,28,HarikaambhOji,S R2 G3 M1 P D2 N2 S,S N2 D2 P M1 G3 R2 S,S R₂ G₃ M₁ P D₂ N₂ Ṡ,S N₂ D₂ P M₁ G₃ R₂ Ṡ,False
alakavarvali,AlakavarvALi,alakavarvALi,28,HarikaambhOji,S R2 M1 P D2 S,S N2 D2 P M1 G3 R2 S,S R₂ M₁ P D₂ Ṡ,S N₂ D₂ P M₁ G₃ R₂ Ṡ,False
amaravali,AmarAvaLi,amarAvaLi,28,HarikaambhOji,S R2 G3 M1 D2 S,S N2 D2 P M1 G3 R2 S,S R₂ G₃ M₁ D₂ Ṡ,S N₂ D₂ P M₁ G₃ R₂ Ṡ,False
ambhojini,AmbhOjini,ambhOjini,28,HarikaambhOji,S R2 G3 M1 D2 N2 S,S N2 D2 M1 G3 R2 S,S R₂ G₃ M₁ D₂ N₂ Ṡ,S N₂ D₂ M₁ G₃ R₂ Ṡ,False
ambhojini,AmbhOjini,ambhOjini,28,HarikaambhOji,S R2 G3 M1 D2 S,S D2 M1 G3 R2 S,S R₂ G₃ M₁ D₂ Ṡ,S D₂ M₁ G₃ R₂ Ṡ,False
amrtalaksmi,AmrtalakSmi,amrtalakSmi,28,HarikaambhOji,S R2 G3 P M1 P N2 S,S N2 D2 P M1 G3 S,S R₂ G₃ P M₁ P N₂ Ṡ,S N₂ D₂ P M₁ G₃ Ṡ,False
andali,AndALi,AndALi,28,HarikaambhOji,S R2 G3 M1 P N2 S,S N2 P M1 G3 R2 S,S R₂ G₃ M₁ P N₂ Ṡ,S N₂ P M₁ G₃ R₂ Ṡ,False
andali,AndALi,AndALi,28,HarikaambhOji,S R2 M1 P N2 S,S N2 P M1 R2 G3 M1 R2 S,S R₂ M₁ P N₂ Ṡ,S N₂ P M₁ R₂ G₃ M₁ R₂ Ṡ,False
andalikurinji,AndALikurinji,AndALikurinji,28,HarikaambhOji,S R2 M1 P D2 S,S D2 P M1 G3 R2 S,S R₂ M₁ P D₂ Ṡ,S D₂ P M₁ G₃ R₂ Ṡ,False
andhali,AndhALi,AndhALi,28,HarikaambhOji,S R2 M1 P N2 S,S N2 P M1 P R2 G3 M1 R2 S,S R₂ M₁ P N₂ Ṡ,S N₂ P M₁ P R₂ G₃ M₁ R₂ Ṡ,False
andolika,AndOLikA,AndOLikA,28,HarikaambhOji,S R2 M1 P N2 S,S N2 D2 M1 G3 R2 S,S R₂ M₁ P N₂ Ṡ,S N₂ D₂ M₁ G₃ R₂ Ṡ,False
andolika,AndOLikA,AndOLikA,28,HarikaambhOji,S R2 M1 P N2 S,S N2 D2 M1 R2 G3 M1 R2 S,S R₂ M₁ P N₂ Ṡ,S N₂ D₂ M₁ R₂ G₃ M₁ R₂ Ṡ,False
andolika,AndOLikA,AndOLikA,28,HarikaambhOji,S R2 M1 P N2 S,S N2 P M1 R2 G3 M1 R2 S,S R₂ M₁ P N₂ Ṡ,S N₂ P M₁ R₂ G₃ M₁ R₂ Ṡ,False
angalata,AngalatA,angalatA,28,HarikaambhOji,S G3 R2 G3 M1 P D2 N2 S,S N2 D2 M1 R2 S,S G₃ R₂ G₃ M₁ P D₂ N₂ Ṡ,S N₂ D₂ M₁ R₂ Ṡ,False
angalata,AngalatA,angalatA,28,HarikaambhOji,S G3 R2 G3 M1 P N2 D2 N2 S,S D2 M1 G3 R2 M1 G3 S,S G₃ R₂ G₃ M₁ P N₂ D₂ N₂ Ṡ,S D₂ M₁ G₃ R₂ M₁ G₃ Ṡ,False
arkavardhini,Arkavardhini,arkavardhini,28,HarikaambhOji,S R2 G3 M1 P S,S N2 D2 P M1 G3 S,S R₂ G₃ M₁ P Ṡ,S N₂ D₂ P M₁ G₃ Ṡ,False
arunakanta,AruNakAnta,aruNakAnta,28,HarikaambhOji,S R2 M1 P M1 D2 N2 S,S N2 D2 P M1 G3 M1 G3 R2 S,S R₂ M₁ P M₁ D₂ N₂ Ṡ,S N₂ D₂ P M₁ G₃ M₁ G₃ R₂ Ṡ,False
arunan,AruNan,aruNan,28,HarikaambhOji,S M1 P D2 N2 S,S D2 P M1 G3 R2 S,S M₁ P D₂ N₂ Ṡ,S D₂ P M₁ G₃ R₂ Ṡ,False
aruran,ArUran,ArUran,28,HarikaambhOji,S M1 P D2 N2 S,S D2 P M1 G3 R2 S,S M₁ P D₂ N₂ Ṡ,S D₂ P M₁ G₃ R₂ Ṡ,False
athana,AThANA,aThANA,28,HarikaambhOji,S G3 M1 P D2 N2 S,S N2 D2 P M1 G3 R2 S,S G₃ M₁ P D₂ N₂ Ṡ,S N₂ D₂ P M₁ G₃ R₂ Ṡ,False
athana,AThANA,aThANA,28,HarikaambhOji,S G3 R2 M1 P D2 P N2 S,S N2 D2 P M1 P G3 R2 S,S G₃ R₂ M₁ P D₂ P N₂ Ṡ,S N₂ D₂ P M₁ P G₃ R₂ Ṡ,False
athana,AThANA,aThANA,28,HarikaambhOji,S R2 G3 M1 P D2 N2 S,S N2 D2 P M1 G3 R2 S,S R₂ G₃ M₁ P D₂ N₂ Ṡ,S N₂ D₂ P M₁ G₃ R₂ Ṡ,False
athana,AThANA,aThANA,28,HarikaambhOji,S R2 G3 P D2 N2 S,S N2 D2 P M1 P G3 R2 S,S R₂ G₃ P D₂ N₂ Ṡ,S N₂ D₂ P M₁ P G₃ R₂ Ṡ,False
athana,AThANA,aThANA,28,HarikaambhOji,S R2 M1 P N2 S,S N2 D2 P M1 P G3 R2 S,S R₂ M₁ P N₂ Ṡ,S N₂ D₂ P M₁ P G₃ R₂ Ṡ,False
bahudari,BahudAri,bahudAri,28,HarikaambhOji,S G3 M1 D2 P D2 N2 S,S N2 D2 M1 G3 R2 M1 G3 S,S G₃ M₁ D₂ P D₂ N₂ Ṡ,S N₂ D₂ M₁ G₃ R₂ M₁ G₃ Ṡ,False
bahudari,BahudAri,bahudAri,28,HarikaambhOji,S G3 M1 D2 P D2 N2 S,S N2 P M1 G3 S,S G₃ M₁ D₂ P D₂ N₂ Ṡ,S N₂ P M₁ G₃ Ṡ,False
bahudari,BahudAri,bahudAri,28,HarikaambhOji,S G3 M1 P D2 N2 S,S N2 P M1 G3 S,S G₃ M₁ P D₂ N₂ Ṡ,S N₂ P M₁ G₃ Ṡ,False
bahudarya,BahudArya,bahudArya,28,HarikaambhOji,S G3 M1 D2 P D2 N2 S,S N2 D2 M1 G3 R2 M1 G3 S,S G₃ M₁ D₂ P D₂ N₂ Ṡ,S N₂ D₂ M₁ G₃ R₂ M₁ G₃ Ṡ,False
bahudarya,BahudArya,bahudArya,28,HarikaambhOji,S G3 M1 D2 P D2 N2 S,S N2 P M1 G3 S,S G₃ M₁ D₂ P D₂ N₂ Ṡ,S N₂ P M₁ G₃ Ṡ,False
bahudarya,BahudArya,bahudArya,28,HarikaambhOji,S G3 M1 P D2 N2 S,S N2 P M1 G3 S,S G₃ M₁ P D₂ N₂ Ṡ,S N₂ P M₁ G₃ Ṡ,False
bahurupi,BahurUpi,bahurUpi,28,HarikaambhOji,S G3 M1 D2 P D2 N2 S,S N2 P M1 G3 S,S G₃ M₁ D₂ P D₂ N₂ Ṡ,S N₂ P M₁ G₃ Ṡ,False
balahamsa,Balahamsa,balahamsa,28,HarikaambhOji,S R2 M1 P D2 S,S N2 D2 P M1 R2 M1 G3 S,S R₂ M₁ P D₂ Ṡ,S N₂ D₂ P M₁ R₂ M₁ G₃ Ṡ,False
balahamsa,Balahamsa,balahamsa,28,HarikaambhOji,S R2 G3 M1 P D2 S,S N2 D2 P M1 G3 R2 S,S R₂ G₃ M₁ P D₂ Ṡ,S N₂ D₂ P M₁ G₃ R₂ Ṡ,False
bangala,BangALa,bangALa,28,HarikaambhOji,S R2 G3 M1 N2 P S,S N2 P M1 R2 G3 R2 S,S R₂ G₃ M₁ N₂ P Ṡ,S N₂ P M₁ R₂ G₃ R₂ Ṡ,False
bangala,BangALa,bangALa,28,HarikaambhOji,S R2 G3 M1 P M1 R2 P S,S N2 P M1 R2 G3 R2 S,S R₂ G₃ M₁ P M₁ R₂ P Ṡ,S N₂ P M₁ R₂ G₃ R₂ Ṡ,False
bangala,BangALa,bangALa,28,HarikaambhOji,S R2 G3 M1 P S,S N2 P M1 R2 G3 R2 S,S R₂ G₃ M₁ P Ṡ,S N₂ P M₁ R₂ G₃ R₂ Ṡ,False
bangala,BangALa,bangALa,28,HarikaambhOji,S R2 G3 M1 R2 P S,S N2 D2 N2 P M1 G3 R2 S,S R₂ G₃ M₁ R₂ P Ṡ,S N₂ D₂ N₂ P M₁ G₃ R₂ Ṡ,False
behag,BehAg,behAg,28,HarikaambhOji,S R2 G3 M1 P D2 N2 S,S N2 D2 N2 P D2 P M1 G3 R2 G3 M1 G3 S,S R₂ G₃ M₁ P D₂ N₂ Ṡ,S N₂ D₂ N₂ P D₂ P M₁ G₃ R₂ G₃ M₁ G₃ Ṡ,False
behag,BehAg,behAg,28,HarikaambhOji,S R2 G3 M1 S G3 M1 P N2 D2 N2 P D2 N2 S,S N2 P D2 N2 D2 P M1 G3 R2 G3 M1 G3 S,S R₂ G₃ M₁ Ṡ G₃ M₁ P N₂ D₂ N₂ P D₂ N₂ Ṡ,S N₂ P D₂ N₂ D₂ P M₁ G₃ R₂ G₃ M₁ G₃ Ṡ,False
bhavasindhu,Bhavasindhu,bhavasindhu,28,HarikaambhOji,S R2 G3 P D2 N2 S,S N2 P M1 G3 M1 R2 S,S R₂ G₃ P D₂ N₂ Ṡ,S N₂ P M₁ G₃ M₁ R₂ Ṡ,False
bhinnavikrayam,Bhinnavikrayam,bhinnavikrayam,28,HarikaambhOji,S R2 G3 M1 P D2 S,S D2 P M1 R2 S,S R₂ G₃ M₁ P D₂ Ṡ,S D₂ P M₁ R₂ Ṡ,False
bhogibhairavi,BhOgibhairavi,bhOgibhairavi,28,HarikaambhOji,S R2 G3 M1 P N2 D2 N2 S,S D2 P M1 R2 G3 R2 S,S R₂ G₃ M₁ P N₂ D₂ N₂ Ṡ,S D₂ P M₁ R₂ G₃ R₂ Ṡ,False
bhusani,BhUSaNi,bhUSaNi,28,HarikaambhOji,S G3 R2 G3 M1 P D2 N2 S,S N2 D2 P M1 G3 R2 S,S G₃ R₂ G₃ M₁ P D₂ N₂ Ṡ,S N₂ D₂ P M₁ G₃ R₂ Ṡ,False
bilahari,Bilahari,bilahari,28,HarikaambhOji,S R2 G3 P D2 S,S N2 D2 P D2 N2 P D2 P M1 G3 R2 S,S R₂ G₃ P D₂ Ṡ,S N₂ D₂ P D₂ N₂ P D₂ P M₁ G₃ R₂ Ṡ,False
bilaval,BilAval,bilAval,28,HarikaambhOji,S G3 M1 P D2 N2 S,S N2 D2 P M1 G3 S,S G₃ M₁ P D₂ N₂ Ṡ,S N₂ D₂ P M₁ G₃ Ṡ,False
cakari,CAkari,cAkari,28,HarikaambhOji,S R2 G3 P N2 D2 S,S N2 D2 P M1 G3 R2 S,S R₂ G₃ P N₂ D₂ Ṡ,S N₂ D₂ P M₁ G₃ R₂ Ṡ,False
campak,Campak,campak,28,HarikaambhOji,S R2 G3 M1 P D2 S,S N2 D2 P M1 R2 M1 G3 S,S R₂ G₃ M₁ P D₂ Ṡ,S N₂ D₂ P M₁ R₂ M₁ G₃ Ṡ,False
campakavidari,CampakavidAri,campakavidAri,28,HarikaambhOji,S M1 G3 M1 P N2 D2 M1 P D2 N2 S,S N2 D2 N2 M1 D2 M1 G3 R2 M1 G3 R2 G3 S,S M₁ G₃ M₁ P N₂ D₂ M₁ P D₂ N₂ Ṡ,S N₂ D₂ N₂ M₁ D₂ M₁ G₃ R₂ M₁ G₃ R₂ G₃ Ṡ,False
candaherali,CandaheraLi,candaheraLi,28,HarikaambhOji,S G3 M1 D2 N2 S,S N2 D2 M1 G3 R2 S,S G₃ M₁ D₂ N₂ Ṡ,S N₂ D₂ M₁ G₃ R₂ Ṡ,False
candrahasitam,Candrahasitam,candrahasitam,28,HarikaambhOji,S R2 G3 M1 D2 N2 S,S N2 D2 M1 G3 R2 S,S R₂ G₃ M₁ D₂ N₂ Ṡ,S N₂ D₂ M₁ G₃ R₂ Ṡ,False
candrakala,CandrakalA,candrakalA,28,HarikaambhOji,S R2 G3 M1 P M1 D2 N2 S,S D2 P M1 G3 S,S R₂ G₃ M₁ P M₁ D₂ N₂ Ṡ,S D₂ P M₁ G₃ Ṡ,False
candrashri,CandrashrI,candrashrI,28,HarikaambhOji,S R2 G3 M1 P D2 N2 S,S N2 D2 P M1 G3 R2 S,S R₂ G₃ M₁ P D₂ N₂ Ṡ,S N₂ D₂ P M₁ G₃ R₂ Ṡ,False
candrikya,CandrikyA,candrikyA,28,HarikaambhOji,S G3 M1 P D2 N2 S,S N2 D2 M1 R2 G3 R2 S,S G₃ M₁ P D₂ N₂ Ṡ,S N₂ D₂ M₁ R₂ G₃ R₂ Ṡ,False
caturanana,CaturAnana,caturAnana,28,HarikaambhOji,S G3 M1 D2 S,S D2 M1 G3 S,S G₃ M₁ D₂ Ṡ,S D₂ M₁ G₃ Ṡ,False
cencudatani,CencudATani,cencudATani,28,HarikaambhOji,S M1 G3 R2 S P M1 D2 N2 S,S D2 P N2 M1 G3 R2 S,S M₁ G₃ R₂ Ṡ P M₁ D₂ N₂ Ṡ,S D₂ P N₂ M₁ G₃ R₂ Ṡ,False
cencukambhoji,CencukAmbhOji,cencukAmbhOji,28,HarikaambhOji,S G3 R2 G3 M1 P M1 D2 N2 D2 P N2 D2 N2 S,S D2 N2 P N2 M1 G3 R2 S,S G₃ R₂ G₃ M₁ P M₁ D₂ N₂ D₂ P N₂ D₂ N₂ Ṡ,S D₂ N₂ P N₂ M₁ G₃ R₂ Ṡ,False
cencukambhoji,CencukAmbhOji,cencukAmbhOji,28,HarikaambhOji,S G3 R2 G3 M1 P M1 D2 N2 P N2 D2 N2 S,S N2 P N2 M1 G3 R2 S,S G₃ R₂ G₃ M₁ P M₁ D₂ N₂ P N₂ D₂ N₂ Ṡ,S N₂ P N₂ M₁ G₃ R₂ Ṡ,False
cencukambhoji,CencukAmbhOji,cencukAmbhOji,28,HarikaambhOji,S M1 G3 R2 P M1 D2 N2 S,S N2 P N2 M1 G3 R2 S,S M₁ G₃ R₂ P M₁ D₂ N₂ Ṡ,S N₂ P N₂ M₁ G₃ R₂ Ṡ,False
cencukambhoji,CencukAmbhOji,cencukAmbhOji,28,HarikaambhOji,S M1 G3 R2 S D2 M1 D2 N2 S,S N2 P N2 M1 G3 R2 S,S M₁ G₃ R₂ Ṡ D₂ M₁ D₂ N₂ Ṡ,S N₂ P N₂ M₁ G₃ R₂ Ṡ,False
cencukambhoji,CencukAmbhOji,cencukAmbhOji,28,HarikaambhOji,S P M1 G3 M1 D2 N2 S,S N2 D2 N2 P M1 G3 M1 R2 S,S P M₁ G₃ M₁ D₂ N₂ Ṡ,S N₂ D₂ N₂ P M₁ G₃ M₁ R₂ Ṡ,False
cenjuruti,CenjuruTi,cenjuruTi,28,HarikaambhOji,D2 S R2 G3 M1 P D2 N2,N2 D2 P M1 G3 R2 S N2 D2 P D2,D₂ Ṡ R₂ G₃ M₁ P D₂ N₂,N₂ D₂ P M₁ G₃ R₂ Ṡ N₂ D₂ P D₂,False
cenjuruti,CenjuruTi,cenjuruTi,28,HarikaambhOji,S N2 D2 S R2 G3 M1 P D2 N2,D2 P M1 G3 R2 S N2 D2 P D2 S,S N₂ D₂ Ṡ R₂ G₃ M₁ P D₂ N₂,D₂ P M₁ G₃ R₂ Ṡ N₂ D₂ P D₂ Ṡ,False
chayakambhoji,ChAyAkAmbhOji,chAyAkAmbhOji,28,HarikaambhOji,S G3 P D2 N2 S,S N2 D2 P G3 S,S G₃ P D₂ N₂ Ṡ,S N₂ D₂ P G₃ Ṡ,False
chayatarangini,ChAyAtarangiNi,chAyAtarangiNi,28,HarikaambhOji,S R2 G3 M1 P N2 S,S N2 D2 P M1 G3 R2 S,S R₂ G₃ M₁ P N₂ Ṡ,S N₂ D₂ P M₁ G₃ R₂ Ṡ,False
chayatarangini,ChAyAtarangiNi,chAyAtarangiNi,28,HarikaambhOji,S R2 G3 R2 G3 M1 P D2 N2 D2,S N2 D2 P M1 G3 M1 R2 G3 R2 S,S R₂ G₃ R₂ G₃ M₁ P D₂ N₂ D₂,S N₂ D₂ P M₁ G₃ M₁ R₂ G₃ R₂ Ṡ,False
chayatarangini,ChAyAtarangiNi,chAyAtarangiNi,28,HarikaambhOji,S R2 M1 G3 M1 P N2 S,S N2 D2 P M1 D2 M1 R2 G3 R2 S,S R₂ M₁ G₃ M₁ P N₂ Ṡ,S N₂ D₂ P M₁ D₂ M₁ R₂ G₃ R₂ Ṡ,False
chayatarangini,ChAyAtarangiNi,chAyAtarangiNi,28,HarikaambhOji,S R2 M1 G3 M1 P N2 S,S N2 D2 P M1 G3 R2 S,S R₂ M₁ G₃ M₁ P N₂ Ṡ,S N₂ D₂ P M₁ G₃ R₂ Ṡ,False
dankamani,DankamaNi,dankamaNi,28,HarikaambhOji,S R2 G3 M1 D2 N2 S,S P M1 G3 M1 R2 S,S R₂ G₃ M₁ D₂ N₂ Ṡ,S P M₁ G₃ M₁ R₂ Ṡ,False
dankamani,DankamaNi,dankamaNi,28,HarikaambhOji,S R2 G3 M1 D2 N2 S,S P M1 G3 R2 S,S R₂ G₃ M₁ D₂ N₂ Ṡ,S P M₁ G₃ R₂ Ṡ,False
darardhari,DarArdhari,darArdhari,28,HarikaambhOji,S R2 G3 P D2 N2 S,S N2 D2 P G3 R2 S,S R₂ G₃ P D₂ N₂ Ṡ,S N₂ D₂ P G₃ R₂ Ṡ,False
darbar,DarbAr,darbAr,28,HarikaambhOji,N2 S R2 S R2 S R2 G3,S D2 M1 R2 M1 R2 M1 R2 S,N₂ Ṡ R₂ Ṡ R₂ Ṡ R₂ G₃,S D₂ M₁ R₂ M₁ R₂ M₁ R₂ Ṡ,False
darbar,DarbAr,darbAr,28,HarikaambhOji,S R2 M1 P D2 N2 D2 S,S D2 P M1 R2 M1 R2 M1 R2 S,S R₂ M₁ P D₂ N₂ D₂ Ṡ,S D₂ P M₁ R₂ M₁ R₂ M₁ R₂ Ṡ,False
dasharathipriya,DAsharathipriyA,dAsharathipriyA,28,HarikaambhOji,S M1 G3 M1 P D2 N2 D2 S,S N2 D2 P M1 G3 M1 R2 S,S M₁ G₃ M₁ P D₂ N₂ D₂ Ṡ,S N₂ D₂ P M₁ G₃ M₁ R₂ Ṡ,False
dasumukhi,DAsumukhi,dAsumukhi,28,HarikaambhOji,S R2 M1 G3 M1 P D2 N2 S,S D2 P M1 G3 R2 S,S R₂ M₁ G₃ M₁ P D₂ N₂ Ṡ,S D₂ P M₁ G₃ R₂ Ṡ,False
datimanjari,DaTimanjari,daTimanjari,28,HarikaambhOji,S R2 G3 M1 P D2 S,S N2 P M1 R2 S,S R₂ G₃ M₁ P D₂ Ṡ,S N₂ P M₁ R₂ Ṡ,False
datimanji,DaTimAnji,daTimAnji,28,HarikaambhOji,S R2 G3 M1 P D2 S,S N2 P M1 R2 S,S R₂ G₃ M₁ P D₂ Ṡ,S N₂ P M₁ R₂ Ṡ,False
dayaranjani,DayAranjani,dayAranjani,28,HarikaambhOji,S R2 M1 P D2 S,S N2 D2 M1 G3 R2 S,S R₂ M₁ P D₂ Ṡ,S N₂ D₂ M₁ G₃ R₂ Ṡ,False
dayasyani,DayAsyani,dayAsyani,28,HarikaambhOji,S R2 M1 P N2 D2 N2 S,S N2 D2 M1 G3 R2 S,S R₂ M₁ P N₂ D₂ N₂ Ṡ,S N₂ D₂ M₁ G₃ R₂ Ṡ,False
des,DEs,dEs,28,HarikaambhOji,S G3 M1 P D2 N2 S,S N2 D2 P M1 G3 R2 S,S G₃ M₁ P D₂ N₂ Ṡ,S N₂ D₂ P M₁ G₃ R₂ Ṡ,False
deshaksi,DEshAkSi,dEshAkSi,28,HarikaambhOji,S R2 G3 P D2 S,S N2 D2 P M1 G3 R2 S,S R₂ G₃ P D₂ Ṡ,S N₂ D₂ P M₁ G₃ R₂ Ṡ,False
deshi,DEshi,dEshi,28,HarikaambhOji,S G3 M1 P D2 N2 S,S N2 D2 P M1 G3 R2 S,S G₃ M₁ P D₂ N₂ Ṡ,S N₂ D₂ P M₁ G₃ R₂ Ṡ,False
deshyakhamas,DEshyakhamAs,dEshyakhamAs,28,HarikaambhOji,S M1 G3 M1 P D2 N2 S N3* S,S N2 D2 P M1 G3 R2 S,S M₁ G₃ M₁ P D₂ N₂ Ṡ N₃* Ṡ,S N₂ D₂ P M₁ G₃ R₂ Ṡ,False
deshyakhamas,DEshyakhamAs,dEshyakhamAs,28,HarikaambhOji,S M1 G3 M1 P D2 N2 S,S N2 D2 P M1 G3 S,S M₁ G₃ M₁ P D₂ N₂ Ṡ,S N₂ D₂ P M₁ G₃ Ṡ,False
devagupta,DEvagupta,dEvagupta,28,HarikaambhOji,S R2 G3 M1 P D2 N2 S,S D2 P M1 G3 S,S R₂ G₃ M₁ P D₂ N₂ Ṡ,S D₂ P M₁ G₃ Ṡ,False
devaguptam,DEvaguptam,dEvaguptam,28,HarikaambhOji,S R2 G3 M1 P D2 N2 S,S D2 P M1 R2 G3 R2 S,S R₂ G₃ M₁ P D₂ N₂ Ṡ,S D₂ P M₁ R₂ G₃ R₂ Ṡ,False
devakriya,DEvakriyA,dEvakriyA,28,HarikaambhOji,S R2 M1 P D2 S,S D2 P M1 R2 S,S R₂ M₁ P D₂ Ṡ,S D₂ P M₁ R₂ Ṡ,False
devamukhi,DEvamukhi,dEvamukhi,28,HarikaambhOji,S R2 G3 P D2 S,S D2 P M1 G3 R2 S,S R₂ G₃ P D₂ Ṡ,S D₂ P M₁ G₃ R₂ Ṡ,False
devaranjani,DEvaranjani,dEvaranjani,28,HarikaambhOji,S R2 G3 P D2 S,S D2 P M1 G3 R2 S,S R₂ G₃ P D₂ Ṡ,S D₂ P M₁ G₃ R₂ Ṡ,False
devishutikai,DEvishUtikai,dEvishUtikai,28,HarikaambhOji,S G3 M1 P D2 N2 S,S D2 M1 R2 S,S G₃ M₁ P D₂ N₂ Ṡ,S D₂ M₁ R₂ Ṡ,False
dhaivatachandrika,Dhaivatachandrika,dhaivatachandrika,28,HarikaambhOji,S R2 G3 M1 P D2 S,S D2 P M1 G3 R2 S,S R₂ G₃ M₁ P D₂ Ṡ,S D₂ P M₁ G₃ R₂ Ṡ,False
dhanakapi,DhanakApi,dhanakApi,28,HarikaambhOji,M1 P D2 N2 S R2 G3 R2 G3 M1,P M1 G3 R2 N2 D2 P D2 N2 S,M₁ P D₂ N₂ Ṡ R₂ G₃ R₂ G₃ M₁,P M₁ G₃ R₂ N₂ D₂ P D₂ N₂ Ṡ,False
dhanupratapa,DhanupratApa,dhanupratApa,28,HarikaambhOji,S G3 M1 P D2 N2 S,S N2 P M1 R2 S,S G₃ M₁ P D₂ N₂ Ṡ,S N₂ P M₁ R₂ Ṡ,False
dhatumanjari,DhAtumanjari,dhAtumanjari,28,HarikaambhOji,S R2 G3 M1 P D2 S,S N2 P M1 R2 S,S R₂ G₃ M₁ P D₂ Ṡ,S N₂ P M₁ R₂ Ṡ,False
dinakaran,Dinakaran,dinakaran,28,HarikaambhOji,S M1 P D2 N2 S,S D2 P G3 R2 S,S M₁ P D₂ N₂ Ṡ,S D₂ P G₃ R₂ Ṡ,False
divyamavati,DivyamAvati,divyamAvati,28,HarikaambhOji,S G3 M1 P D2 N2 S,S N2 D2 P M1 G3 S,S G₃ M₁ P D₂ N₂ Ṡ,S N₂ D₂ P M₁ G₃ Ṡ,False
dombi,Dombi,dombi,28,HarikaambhOji,S R2 G3 M1 P D2 S,S D2 P M1 G3 R2 S,S R₂ G₃ M₁ P D₂ Ṡ,S D₂ P M₁ G₃ R₂ Ṡ,False
dralashobhi,DralashObhi,dralashObhi,28,HarikaambhOji,S R2 M1 P D2 N2 S,S N2 D2 N2 P M1 G3 S,S R₂ M₁ P D₂ N₂ Ṡ,S N₂ D₂ N₂ P M₁ G₃ Ṡ,False
durdhakyayam,Durdhakyayam,durdhakyayam,28,HarikaambhOji,S R2 M1 P D2 S,S N2 P M1 R2 G3 M1 R2 S,S R₂ M₁ P D₂ Ṡ,S N₂ P M₁ R₂ G₃ M₁ R₂ Ṡ,False
duritanivarini,DuritanivAriNi,duritanivAriNi,28,HarikaambhOji,S G3 R2 G3 M1 P M1 D2 S,S N2 D2 P M1 G3 R2 G3 S,S G₃ R₂ G₃ M₁ P M₁ D₂ Ṡ,S N₂ D₂ P M₁ G₃ R₂ G₃ Ṡ,False
dvaitacandrika,DvaitacandrikA,dvaitacandrikA,28,HarikaambhOji,S R2 G3 M1 P D2 S,S D2 P M1 G3 R2 S,S R₂ G₃ M₁ P D₂ Ṡ,S D₂ P M₁ G₃ R₂ Ṡ,False
dvaitacintamani,DvaitacintAmaNi,dvaitacintAmaNi,28,HarikaambhOji,S G3 M1 D2 N2 S,S N2 P D2 M1 G3 R2 S,S G₃ M₁ D₂ N₂ Ṡ,S N₂ P D₂ M₁ G₃ R₂ Ṡ,False
dvaitanandi,Dvaitanandi,dvaitanandi,28,HarikaambhOji,S R2 G3 M1 P S,S N2 D2 N2 P M1 R2 S,S R₂ G₃ M₁ P Ṡ,S N₂ D₂ N₂ P M₁ R₂ Ṡ,False
dvaitaparipurani,DvaitaparipUraNi,dvaitaparipUraNi,28,HarikaambhOji,S R2 G3 M1 P D2 N2 S,P M1 R2 M1 G3 S N2 S,S R₂ G₃ M₁ P D₂ N₂ Ṡ,P M₁ R₂ M₁ G₃ Ṡ N₂ Ṡ,False
dvaitaparipurani,DvaitaparipUraNi,dvaitaparipUraNi,28,HarikaambhOji,S R2 G3 M1 P D2 N2,D2 P M1 R2 M1 G3 S,S R₂ G₃ M₁ P D₂ N₂,D₂ P M₁ R₂ M₁ G₃ Ṡ,False
dvaitaparipurani,DvaitaparipUraNi,dvaitaparipUraNi,28,HarikaambhOji,S R2 G3 M1 P D2 N2,P M1 R2 M1 G3 S N2 S,S R₂ G₃ M₁ P D₂ N₂,P M₁ R₂ M₁ G₃ Ṡ N₂ Ṡ,False
dvaitaparipurani,DvaitaparipUraNi,dvaitaparipUraNi,28,HarikaambhOji,S R2 G3 M1 P D2 N2,P M1 R2 M1 G3 S N2,S R₂ G₃ M₁ P D₂ N₂,P M₁ R₂ M₁ G₃ Ṡ N₂,False
dvandotpala,DvandOtpala,dvandOtpala,28,HarikaambhOji,S G3 M1 P N2 S,S N2 P D2 P M1 G3 R2 S,S G₃ M₁ P N₂ Ṡ,S N₂ P D₂ P M₁ G₃ R₂ Ṡ,False
dvijavanti,DvIjavanti,dvIjavanti,28,HarikaambhOji,S R2 G3 M1 P D2 N2 S,S D2 P M1 G3 R2 S,S R₂ G₃ M₁ P D₂ N₂ Ṡ,S D₂ P M₁ G₃ R₂ Ṡ,False
dvijavanti,DvIjavanti,dvIjavanti,28,HarikaambhOji,S R2 G3 M1 P M1 D2 N2 D2 N2 S,S N2 D2 P D2 N2 D2 P M1 M1 G3 R2 G3 M1 G3 S,S R₂ G₃ M₁ P M₁ D₂ N₂ D₂ N₂ Ṡ,S N₂ D₂ P D₂ N₂ D₂ P M₁ M₁ G₃ R₂ G₃ M₁ G₃ Ṡ,False
dvijavanti,DvIjavanti,dvIjavanti,28,HarikaambhOji,S R2 G3 M1 P M1 D2 P N2 D2 N2 S,S D2 P D2 N2 D2 P M1 G3 M1 G3 R2 S,S R₂ G₃ M₁ P M₁ D₂ P N₂ D₂ N₂ Ṡ,S D₂ P D₂ N₂ D₂ P M₁ G₃ M₁ G₃ R₂ Ṡ,False
dvijavanti,DvIjavanti,dvIjavanti,28,HarikaambhOji,S R2 M1 G3 M1 P D2 N2 S,S N2 D2 P M1 G3 R2 G3 S,S R₂ M₁ G₃ M₁ P D₂ N₂ Ṡ,S N₂ D₂ P M₁ G₃ R₂ G₃ Ṡ,False
dvijavanti,DvIjavanti,dvIjavanti,28,HarikaambhOji,S R2 M1 G3 M1 P D2 S,S N2 D2 N2 S N2 D2 P M1 G3 M1 R2 G3 R2 S N2 D2 N2 S,S R₂ M₁ G₃ M₁ P D₂ Ṡ,S N₂ D₂ N₂ Ṡ N₂ D₂ P M₁ G₃ M₁ R₂ G₃ R₂ Ṡ N₂ D₂ N₂ Ṡ,False
dvijavanti,DvIjavanti,dvIjavanti,28,HarikaambhOji,S R2 M1 G3 M1 P D2 S,S N2 D2 P M1 G3 R2 G3 S,S R₂ M₁ G₃ M₁ P D₂ Ṡ,S N₂ D₂ P M₁ G₃ R₂ G₃ Ṡ,False
dvitanandi,DvitAnandi,dvitAnandi,28,HarikaambhOji,S R2 G3 M1 P S,S N2 D2 N2 P M1 R2 S,S R₂ G₃ M₁ P Ṡ,S N₂ D₂ N₂ P M₁ R₂ Ṡ,False
ekagrauni,EkagrauNi,ekagrauNi,28,HarikaambhOji,S R2 G3 P D2 N2 S,S N2 D2 N2 P M1 G3 M1 R2 S,S R₂ G₃ P D₂ N₂ Ṡ,S N₂ D₂ N₂ P M₁ G₃ M₁ R₂ Ṡ,False
ekagrauni,EkagrauNi,ekagrauNi,28,HarikaambhOji,S R2 M1 P D2 N2 S,S N2 D2 N2 P M1 G3 M1 R2 S,S R₂ M₁ P D₂ N₂ Ṡ,S N₂ D₂ N₂ P M₁ G₃ M₁ R₂ Ṡ,False
ganandolika,GAnAndOlikA,gAnAndOlikA,28,HarikaambhOji,S G3 M1 D2 N2 S,S N2 D2 P M1 G3 R2 G3 S,S G₃ M₁ D₂ N₂ Ṡ,S N₂ D₂ P M₁ G₃ R₂ G₃ Ṡ,False
ganavaridhi,GAnavAridhi,gAnavAridhi,28,HarikaambhOji,S G3 M1 P D2 N2 S,S N2 P M1 G3 S,S G₃ M₁ P D₂ N₂ Ṡ,S N₂ P M₁ G₃ Ṡ,False
ganavaridhi,GAnavAridhi,gAnavAridhi,28,HarikaambhOji,S G3 M1 P N2 S,S N2 P M1 G3 S,S G₃ M₁ P N₂ Ṡ,S N₂ P M₁ G₃ Ṡ,False
gandharadhvani,GAndhAradhvani,gAndhAradhvani,28,HarikaambhOji,S R2 G3 M1 P N2 S,S N2 D2 P M1 R2 S,S R₂ G₃ M₁ P N₂ Ṡ,S N₂ D₂ P M₁ R₂ Ṡ,False
gandharalola,GAndhAralOla,gAndhAralOla,28,HarikaambhOji,S R2 M1 P D2 S,S N2 D2 P M1 G3 M1 G3 R2 S,S R₂ M₁ P D₂ Ṡ,S N₂ D₂ P M₁ G₃ M₁ G₃ R₂ Ṡ,False
gandharapancama,GAndhArapancama,gAndhArapancama,28,HarikaambhOji,S R2 M1 P N2 S,S N2 D2 P M1 G3 R2 S,S R₂ M₁ P N₂ Ṡ,S N₂ D₂ P M₁ G₃ R₂ Ṡ,False
gauripantu,GaurIpantu,gaurIpantu,28,HarikaambhOji,S R2 G3 R2 M1 P D2 N2 S,S N2 D2 P M1 G3 R2 S,S R₂ G₃ R₂ M₁ P D₂ N₂ Ṡ,S N₂ D₂ P M₁ G₃ R₂ Ṡ,False
gavati,GAvati,gAvati,28,HarikaambhOji,S M1 P N2 S,S D2 M1 P G3 M1 R2 N2 S,S M₁ P N₂ Ṡ,S D₂ M₁ P G₃ M₁ R₂ N₂ Ṡ,False
ghanaandolika,GhanaandOlikA,ghanaandOlikA,28,HarikaambhOji,S G3 M1 D2 N2 S,S N2 D2 P M1 G3 R2 G3 S,S G₃ M₁ D₂ N₂ Ṡ,S N₂ D₂ P M₁ G₃ R₂ G₃ Ṡ,False
giridhara,Giridhara,giridhara,28,HarikaambhOji,S R2 G3 M1 P N2 S,S N2 D2 P M1 G3 R2 S,S R₂ G₃ M₁ P N₂ Ṡ,S N₂ D₂ P M₁ G₃ R₂ Ṡ,False
giridhara,Giridhara,giridhara,28,HarikaambhOji,S R2 G3 M1 P N2 S,S N2 D2 P M1 R2 M1 G3 R2 S,S R₂ G₃ M₁ P N₂ Ṡ,S N₂ D₂ P M₁ R₂ M₁ G₃ R₂ Ṡ,False
gitalambana,GItalambana,gItalambana,28,HarikaambhOji,S R2 M1 G3 M1 D2 N2 S,S N2 M1 G3 R2 M1 G3 S,S R₂ M₁ G₃ M₁ D₂ N₂ Ṡ,S N₂ M₁ G₃ R₂ M₁ G₃ Ṡ,False
gomandalam,GOmaNDalam,gOmaNDalam,28,HarikaambhOji,S R2 G3 R2 M1 P N2 D2 P S,S N2 D2 P M1 G3 R2 S,S R₂ G₃ R₂ M₁ P N₂ D₂ P Ṡ,S N₂ D₂ P M₁ G₃ R₂ Ṡ,False
guhamanohari,GuhamanOhari,guhamanOhari,28,HarikaambhOji,S R2 M1 D2 N2 S,S N2 D2 M1 R2 S,S R₂ M₁ D₂ N₂ Ṡ,S N₂ D₂ M₁ R₂ Ṡ,False
guharanjani,Guharanjani,guharanjani,28,HarikaambhOji,S R2 S M1 P D2 N2 S,S N2 D2 P M1 G3 S,S R₂ Ṡ M₁ P D₂ N₂ Ṡ,S N₂ D₂ P M₁ G₃ Ṡ,False
gurunathapriya,GurunAthapriyA,gurunAthapriyA,28,HarikaambhOji,S R2 M1 P D2 S,S N2 D2 M1 G3 R2 S,S R₂ M₁ P D₂ Ṡ,S N₂ D₂ M₁ G₃ R₂ Ṡ,False
hamsarupini,HamsarUpiNi,hamsarUpiNi,28,HarikaambhOji,S R2 G3 P D2 S,S N2 P M1 R2 S,S R₂ G₃ P D₂ Ṡ,S N₂ P M₁ R₂ Ṡ,False
hamsashreni,HamsashrENi,hamsashrENi,28,HarikaambhOji,S R2 G3 P D2 S,S N2 P M1 G3 S,S R₂ G₃ P D₂ Ṡ,S N₂ P M₁ G₃ Ṡ,False
haridarbha,Haridarbha,haridarbha,28,HarikaambhOji,S R2 G3 M1 P D2 N2 S,S D2 P M1 R2 S,S R₂ G₃ M₁ P D₂ N₂ Ṡ,S D₂ P M₁ R₂ Ṡ,False
haridasapriya,HaridAsapriyA,haridAsapriyA,28,HarikaambhOji,S P M1 G3 M1 P N2 S,S N2 D2 N2 P M1 G3 R2S,S P M₁ G₃ M₁ P N₂ Ṡ,S N₂ D₂ N₂ P M₁ G₃ R2S,False
harikambhoji,HarikAmbhOji,harikAmbhOji,28,HarikaambhOji,S R2 G3 M1 P D2 N2 S,S N2 D2 P M1 G3 R2 S,S R₂ G₃ M₁ P D₂ N₂ Ṡ,S N₂ D₂ P M₁ G₃ R₂ Ṡ,False
harikedar,HarikEdAr,harikEdAr,28,HarikaambhOji,S R2 G3 M1 P N2 S N2 S,S N2 S D2 N2 D2 P M1 G3 R2 S,S R₂ G₃ M₁ P N₂ Ṡ N₂ Ṡ,S N₂ Ṡ D₂ N₂ D₂ P M₁ G₃ R₂ Ṡ,False
harikedaragaula,HarikEdAragauLa,harikEdAragauLa,28,HarikaambhOji,S R2 M1 P N2 S,S N2 D2 P M1 G3 R2 S,S R₂ M₁ P N₂ Ṡ,S N₂ D₂ P M₁ G₃ R₂ Ṡ,False
harini,HariNi,hariNi,28,HarikaambhOji,S G3 M1 P D2 N2 D2 S,S N2 S N2 D2 P M1 G3 M1 G3,S G₃ M₁ P D₂ N₂ D₂ Ṡ,S N₂ Ṡ N₂ D₂ P M₁ G₃ M₁ G₃,False
haritapriya,HaritapriyA,haritapriyA,28,HarikaambhOji,S R2 M1 P D2 S,S N2 D2 P M1 G3 R2 G3 R2 S,S R₂ M₁ P D₂ Ṡ,S N₂ D₂ P M₁ G₃ R₂ G₃ R₂ Ṡ,False
hatakavarali,HATakavarALi,hATakavarALi,28,HarikaambhOji,S R2 M1 P D2 S,S N2 D2 P M1 G3 R2 G3 S,S R₂ M₁ P D₂ Ṡ,S N₂ D₂ P M₁ G₃ R₂ G₃ Ṡ,False
hatakavarali,HATakavarALi,hATakavarALi,28,HarikaambhOji,S R2 M1 P D2 S,S N2 D2 P M1 G3 R2 S,S R₂ M₁ P D₂ Ṡ,S N₂ D₂ P M₁ G₃ R₂ Ṡ,False
hemamandara,HEmamandAra,hEmamandAra,28,HarikaambhOji,N2 D2 N2 S R2 M1 G3 M1 P D2 N2,D2 P M1 G3 M1 R2 S D2 N2 S,N₂ D₂ N₂ Ṡ R₂ M₁ G₃ M₁ P D₂ N₂,D₂ P M₁ G₃ M₁ R₂ Ṡ D₂ N₂ Ṡ,False
hemamandara,HEmamandAra,hEmamandAra,28,HarikaambhOji,N2 D2 N2 S R2 M1 G3 M1 P D2 N2,N2 D2 P M1 G3 R2 S N2 D2,N₂ D₂ N₂ Ṡ R₂ M₁ G₃ M₁ P D₂ N₂,N₂ D₂ P M₁ G₃ R₂ Ṡ N₂ D₂,False
hemant,HEmant,hEmant,28,HarikaambhOji,S G3 M1 D2 N2 S,S D2 P M1 G3 M1 R2 S,S G₃ M₁ D₂ N₂ Ṡ,S D₂ P M₁ G₃ M₁ R₂ Ṡ,False
hemasaranga,HEmasAranga,hEmasAranga,28,HarikaambhOji,S R2 G3 M1 P D2 N2 D2 S,S P M1 G3 R2 S,S R₂ G₃ M₁ P D₂ N₂ D₂ Ṡ,S P M₁ G₃ R₂ Ṡ,False
hemasaranga,HEmasAranga,hEmasAranga,28,HarikaambhOji,S R2 G3 M1 P D2 N2 P D2 P S,S P M1 G3 R2 S,S R₂ G₃ M₁ P D₂ N₂ P D₂ P Ṡ,S P M₁ G₃ R₂ Ṡ,False
hitapriya,Hitapriya,hitapriya,28,HarikaambhOji,S R2 G3 M1 D2 N2 S,S N2 D2 N2 P M1 R2 M1 G3 S,S R₂ G₃ M₁ D₂ N₂ Ṡ,S N₂ D₂ N₂ P M₁ R₂ M₁ G₃ Ṡ,False
hrinkaradhvani,HrInkAradhvani,hrInkAradhvani,28,HarikaambhOji,S R2 G3 M1 P N2 S,S N2 D2 M1 G3 R2 S,S R₂ G₃ M₁ P N₂ Ṡ,S N₂ D₂ M₁ G₃ R₂ Ṡ,False
indugaulika,IndugauLika,indugauLika,28,HarikaambhOji,S R2 G3 M1 P D2 N2 S,S D2 N2 P D2 M1 G3 R2 M1 G3 S,S R₂ G₃ M₁ P D₂ N₂ Ṡ,S D₂ N₂ P D₂ M₁ G₃ R₂ M₁ G₃ Ṡ,False
indukannada,IndukannaDa,indukannaDa,28,HarikaambhOji,S M1 G3 M1 R2 G3 M1 P S,S N2 D2 P M1 G3 R2 S,S M₁ G₃ M₁ R₂ G₃ M₁ P Ṡ,S N₂ D₂ P M₁ G₃ R₂ Ṡ,False
indukannada,IndukannaDa,indukannaDa,28,HarikaambhOji,S R2 G3 M1 P S,S N2 D2 P M1 G3 R2 S,S R₂ G₃ M₁ P Ṡ,S N₂ D₂ P M₁ G₃ R₂ Ṡ,False
indukaushika,Indukaushika,indukaushika,28,HarikaambhOji,S R2 G3 M1 P D2 N2 S,S D2 N2 P D2 M1 G3 R2 M1 G3,S R₂ G₃ M₁ P D₂ N₂ Ṡ,S D₂ N₂ P D₂ M₁ G₃ R₂ M₁ G₃,False
ishamanohari,IshamanOhari,IshamanOhari,28,HarikaambhOji,S R2 G3 M1 P D2 N2 S,S N2 D2 P M1 R2 M1 G3 R2 S,S R₂ G₃ M₁ P D₂ N₂ Ṡ,S N₂ D₂ P M₁ R₂ M₁ G₃ R₂ Ṡ,False
ishamanohari,IshamanOhari,IshamanOhari,28,HarikaambhOji,S R2 G3 M1 P D2 N2 S,S N2 D2 P M1 R2 M1 G3 S,S R₂ G₃ M₁ P D₂ N₂ Ṡ,S N₂ D₂ P M₁ R₂ M₁ G₃ Ṡ,False
ishamanohari,IshamanOhari,IshamanOhari,28,HarikaambhOji,S R2 G3 M1 P M1 P D2 N2 S,S N2 P M1 G3 M1 R2 S,S R₂ G₃ M₁ P M₁ P D₂ N₂ Ṡ,S N₂ P M₁ G₃ M₁ R₂ Ṡ,False
ishamanohari,IshamanOhari,IshamanOhari,28,HarikaambhOji,S R2 G3 M1 P N2 D2 N2 S,S N2 D2 P M1 G3 M1 R2 G3 R2 S,S R₂ G₃ M₁ P N₂ D₂ N₂ Ṡ,S N₂ D₂ P M₁ G₃ M₁ R₂ G₃ R₂ Ṡ,False
ishamanohari,IshamanOhari,IshamanOhari,28,HarikaambhOji,S R2 G3 M1 P N2 D2 N2 S,S N2 D2 P M1 R2 M1 G3 R2 S,S R₂ G₃ M₁ P N₂ D₂ N₂ Ṡ,S N₂ D₂ P M₁ R₂ M₁ G₃ R₂ Ṡ,False
jajalika,JAjalika,jAjalika,28,HarikaambhOji,S G3 M1 P N2 S,S N2 P M1 G3 S R2 S,S G₃ M₁ P N₂ Ṡ,S N₂ P M₁ G₃ Ṡ R₂ Ṡ,False
jajalika,JAjalika,jAjalika,28,HarikaambhOji,S R2 G3 M1 P N2 S,S N2 P M1 G3 S R2 S,S R₂ G₃ M₁ P N₂ Ṡ,S N₂ P M₁ G₃ Ṡ R₂ Ṡ,False
janasammodini,JanasammOdini,janasammOdini,28,HarikaambhOji,S R2 G3 P D2 N2 S,S N2 D2 P G3 R2 S,S R₂ G₃ P D₂ N₂ Ṡ,S N₂ D₂ P G₃ R₂ Ṡ,False
janjuti,JAnjUTi,jAnjUTi,28,HarikaambhOji,D2 S R2 G3 M1 P D2 N2,D2 P M1 G3 R2 S N2 D2 P D2 S,D₂ Ṡ R₂ G₃ M₁ P D₂ N₂,D₂ P M₁ G₃ R₂ Ṡ N₂ D₂ P D₂ Ṡ,False
janjuti,JAnjUTi,jAnjUTi,28,HarikaambhOji,D2 S R2 G3 M1 P D2 N2,D2 P M1 G3 R2 S N2 D2 P,D₂ Ṡ R₂ G₃ M₁ P D₂ N₂,D₂ P M₁ G₃ R₂ Ṡ N₂ D₂ P,False
janjuti,JAnjUti,jAnjUti,28,HarikaambhOji,S N2 D2 S R2 G3 M1 P D2 N2,D2 P M1 G3 R2 S N2 D2 P D2 S,S N₂ D₂ Ṡ R₂ G₃ M₁ P D₂ N₂,D₂ P M₁ G₃ R₂ Ṡ N₂ D₂ P D₂ Ṡ,False
jansharapu,Jansharapu,jansharapu,28,HarikaambhOji,D2 S R2 G3 M1 P D2 N2,D2 P M1 G3 R2 SN2 D2 P D2 S,D₂ Ṡ R₂ G₃ M₁ P D₂ N₂,D₂ P M₁ G₃ R₂ SN2 D₂ P D₂ Ṡ,False
janudvaya,JAnudvaya,jAnudvaya,28,HarikaambhOji,S R2 G3 M1 N2 S,S D2 P M1 G3 R2 S,S R₂ G₃ M₁ N₂ Ṡ,S D₂ P M₁ G₃ R₂ Ṡ,False
japalikam,Japalikam,japalikam,28,HarikaambhOji,S G3 M1 P N2 S,S N2 P M1 G3 S R2 S,S G₃ M₁ P N₂ Ṡ,S N₂ P M₁ G₃ Ṡ R₂ Ṡ,False
jarashekharam,JarashEkharam,jarashEkharam,28,HarikaambhOji,S R2 G3 M1 P D2 N2 S,S N2 D2 P M1 N2 D2 M1 G3 R2 M1 G3 S,S R₂ G₃ M₁ P D₂ N₂ Ṡ,S N₂ D₂ P M₁ N₂ D₂ M₁ G₃ R₂ M₁ G₃ Ṡ,False
jayabhavani,JayabhavAni,jayabhavAni,28,HarikaambhOji,S R2 M1 D2 S,S D2 M1 R2 S D2 N2 R2 M1,S R₂ M₁ D₂ Ṡ,S D₂ M₁ R₂ Ṡ D₂ N₂ R₂ M₁,False
jayarama,JayarAma,jayarAma,28,HarikaambhOji,S R2 G3 M1 P D2 N2 S,S N2 D2 P M1 G3 S,S R₂ G₃ M₁ P D₂ N₂ Ṡ,S N₂ D₂ P M₁ G₃ Ṡ,False
jnanavadi,JnAnavAdi,jnAnavAdi,28,HarikaambhOji,S R2 G3 M1 D2 N2 S,S N2 D2 P M1 G3 R2 S,S R₂ G₃ M₁ D₂ N₂ Ṡ,S N₂ D₂ P M₁ G₃ R₂ Ṡ,False
jogibhairavi,JOgibhairavi,jOgibhairavi,28,HarikaambhOji,S R2 G3 M1 P N2 D2 N2 S,S D2 P M1 R2 G3 R2 S,S R₂ G₃ M₁ P N₂ D₂ N₂ Ṡ,S D₂ P M₁ R₂ G₃ R₂ Ṡ,False
jujahuli,JUjAhuLi,jUjAhuLi,28,HarikaambhOji,S M1 G3 M1 P D2 N2 S,S N2 D2 P M1 G3 S,S M₁ G₃ M₁ P D₂ N₂ Ṡ,S N₂ D₂ P M₁ G₃ Ṡ,False
jujahuli,JUjAhuLi,jUjAhuLi,28,HarikaambhOji,S M1 G3 M1 P N2 D2 N2 S,S D2 N2 D2 P M1 G3 S,S M₁ G₃ M₁ P N₂ D₂ N₂ Ṡ,S D₂ N₂ D₂ P M₁ G₃ Ṡ,False
jujavanti,JUjAvanti,jUjAvanti,28,HarikaambhOji,S R2 G3 M1 P D2 S N2 D2 N2 S,S N2 D2 P M1 G3 R2 S R2 M1 G3 R2 S,S R₂ G₃ M₁ P D₂ Ṡ N₂ D₂ N₂ Ṡ,S N₂ D₂ P M₁ G₃ R₂ Ṡ R₂ M₁ G₃ R₂ Ṡ,False
jujavanti,JUjAvanti,jUjAvanti,28,HarikaambhOji,S R2 M1 G3 M1 P D2 N2 S,S N2 D2 P M1 G3 R2 G3 S,S R₂ M₁ G₃ M₁ P D₂ N₂ Ṡ,S N₂ D₂ P M₁ G₃ R₂ G₃ Ṡ,False
jujavanti,JUjAvanti,jUjAvanti,28,HarikaambhOji,S R2 M1 G3 M1 P N2 D2 S,S D2 P M1 G3 R2 G3 S,S R₂ M₁ G₃ M₁ P N₂ D₂ Ṡ,S D₂ P M₁ G₃ R₂ G₃ Ṡ,False
jushangada,JushAngada,jushAngada,28,HarikaambhOji,S R2 G3 M1 P N2 D2 S,S D2 M1 G3 S,S R₂ G₃ M₁ P N₂ D₂ Ṡ,S D₂ M₁ G₃ Ṡ,False
kadanakutuhalam,KadanakutUhalam,kadanakutUhalam,28,HarikaambhOji,S R2 M1 D2 N2 G3 P S,S N2 D2 P M1 G3 R2 S,S R₂ M₁ D₂ N₂ G₃ P Ṡ,S N₂ D₂ P M₁ G₃ R₂ Ṡ,False
kalabharanam,KalAbharaNam,kalAbharaNam,28,HarikaambhOji,S R2 G3 M1 P D2 N2 S,S D2 P G3 R2 S,S R₂ G₃ M₁ P D₂ N₂ Ṡ,S D₂ P G₃ R₂ Ṡ,False
kamalamohanam,KamalamOhanam,kamalamOhanam,28,HarikaambhOji,S R2 M1 P N2 D2 S,S D2 P M1 G3 R2 S,S R₂ M₁ P N₂ D₂ Ṡ,S D₂ P M₁ G₃ R₂ Ṡ,False
kambhavati,KambhAvati,kambhAvati,28,HarikaambhOji,S R2 G3 M1 P D2 N2,N2 D2 P M1 G3 S,S R₂ G₃ M₁ P D₂ N₂,N₂ D₂ P M₁ G₃ Ṡ,False
kambhoji,KAmbhOji,kAmbhOji,28,HarikaambhOji,S R2 G3 M1 P D2 S,S N2 D2 P M1 G3 R2 S,S R₂ G₃ M₁ P D₂ Ṡ,S N₂ D₂ P M₁ G₃ R₂ Ṡ,False
kambhoji,KAmbhOji,kAmbhOji,28,HarikaambhOji,S R2 M1 G3 P D2 N2 S,S N2 D2 P M1 G3 R2 S,S R₂ M₁ G₃ P D₂ N₂ Ṡ,S N₂ D₂ P M₁ G₃ R₂ Ṡ,False
kanakacandrika,KanakacandrikA,kanakacandrikA,28,HarikaambhOji,S R2 G3 M1 P D2 N2 S,S N2 D2 P M1 G3 R2 S,S R₂ G₃ M₁ P D₂ N₂ Ṡ,S N₂ D₂ P M₁ G₃ R₂ Ṡ,False
kannada,KannaDa,kannaDa,28,HarikaambhOji,S R2 G3 M1 P D2 N2 S,S N2 D2 P M1 G3 R2 S,S R₂ G₃ M₁ P D₂ N₂ Ṡ,S N₂ D₂ P M₁ G₃ R₂ Ṡ,False
kannadagaula,KannaDagauLa,kannaDagauLa,28,HarikaambhOji,S R2 G3 M1 P N2 S,S N2 D2 P M1 G3 M1 S,S R₂ G₃ M₁ P N₂ Ṡ,S N₂ D₂ P M₁ G₃ M₁ Ṡ,False
kannadagaula,KannaDagauLa,kannaDagauLa,28,HarikaambhOji,S R2 G3 M1 P N2 S,S N2 D2 P M1 G3 S,S R₂ G₃ M₁ P N₂ Ṡ,S N₂ D₂ P M₁ G₃ Ṡ,False
kapinarayani,KApinArAyaNi,kApinArAyaNi,28,HarikaambhOji,S R2 M1 P D2 N2 S,S N2 D2 P M1 G3 R2 S,S R₂ M₁ P D₂ N₂ Ṡ,S N₂ D₂ P M₁ G₃ R₂ Ṡ,False
kapinarayani,KApinArAyaNi,kApinArAyaNi,28,HarikaambhOji,S R2 M1 P N2 S,S N2 D2 P M1 G3 M1 R2 S,S R₂ M₁ P N₂ Ṡ,S N₂ D₂ P M₁ G₃ M₁ R₂ Ṡ,False
kapinarayani,KApinArAyaNi,kApinArAyaNi,28,HarikaambhOji,S R2 M1 P N2 S,S N2 D2 P M1 G3 R2 S,S R₂ M₁ P N₂ Ṡ,S N₂ D₂ P M₁ G₃ R₂ Ṡ,False
kapinarayani,KApinArAyaNi,kApinArAyaNi,28,HarikaambhOji,S R2 M1 P N2 S,S N2 S D2 P M1 G3 R2 S,S R₂ M₁ P N₂ Ṡ,S N₂ Ṡ D₂ P M₁ G₃ R₂ Ṡ,False
karanjakam,Karanjakam,karanjakam,28,HarikaambhOji,S M1 P D2 N2 S,S N2 D2 P M1 G3 S,S M₁ P D₂ N₂ Ṡ,S N₂ D₂ P M₁ G₃ Ṡ,False
karanjani,Karanjani,karanjani,28,HarikaambhOji,S R2 G3 M1 P D2 S N2 S,S N2 D2 P M1 G3 S N2 D2 N2 S,S R₂ G₃ M₁ P D₂ Ṡ N₂ Ṡ,S N₂ D₂ P M₁ G₃ Ṡ N₂ D₂ N₂ Ṡ,False
karnatagaula,KarnATagauLa,karnATagauLa,28,HarikaambhOji,S R2 M1 P N2 S,S N2 D2 P M1 G3 R2 S,S R₂ M₁ P N₂ Ṡ,S N₂ D₂ P M₁ G₃ R₂ Ṡ,False
karnatakabyag,KarnAtakabyAg,karnAtakabyAg,28,HarikaambhOji,S R2 G3 M1 P D2 N2 S,S N2 D2 N2 P D2 M1 G3 R2 G3 S,S R₂ G₃ M₁ P D₂ N₂ Ṡ,S N₂ D₂ N₂ P D₂ M₁ G₃ R₂ G₃ Ṡ,False
karnatakakhamas,KarnATakakhamAs,karnATakakhamAs,28,HarikaambhOji,S G3 M1 P D2 N2 S,S N2 D2 P M1 G3 S,S G₃ M₁ P D₂ N₂ Ṡ,S N₂ D₂ P M₁ G₃ Ṡ,False
karnatakakhamas,KarnATakakhamAs,karnATakakhamAs,28,HarikaambhOji,S M1 G3 M1 P D2 N2 S,S N2 D2 P M1 G3 R2 S,S M₁ G₃ M₁ P D₂ N₂ Ṡ,S N₂ D₂ P M₁ G₃ R₂ Ṡ,False
kedaragaula,KEdAragauLa,kEdAragauLa,28,HarikaambhOji,S R2 M1 P N2 S,S N2 D2 P M1 G3 R2 G3 R2 S,S R₂ M₁ P N₂ Ṡ,S N₂ D₂ P M₁ G₃ R₂ G₃ R₂ Ṡ,False
kedaragaula,KEdAragauLa,kEdAragauLa,28,HarikaambhOji,S R2 M1 P N2 S,S N2 D2 P M1 G3 R2 S,S R₂ M₁ P N₂ Ṡ,S N₂ D₂ P M₁ G₃ R₂ Ṡ,False
khamaji,KhamAji,khamAji,28,HarikaambhOji,S M1 G3 M1 P D2 N2 S,S N2 D2 P M1 G3 R2 S,S M₁ G₃ M₁ P D₂ N₂ Ṡ,S N₂ D₂ P M₁ G₃ R₂ Ṡ,False
khamas,KhamAs,khamAs,28,HarikaambhOji,S G3 M1 P D2 N2 S,R2 S N2 D2 P M1 G3 S,S G₃ M₁ P D₂ N₂ Ṡ,R₂ Ṡ N₂ D₂ P M₁ G₃ Ṡ,False
khamas,KhamAs,khamAs,28,HarikaambhOji,S G3 M1 P D2 N2 S,S N2 D2 P M1 G3 S,S G₃ M₁ P D₂ N₂ Ṡ,S N₂ D₂ P M₁ G₃ Ṡ,False
khamas,KhamAs,khamAs,28,HarikaambhOji,S G3 M1 P D2 N2,R2 S N2 D2 P M1 G3 S,S G₃ M₁ P D₂ N₂,R₂ Ṡ N₂ D₂ P M₁ G₃ Ṡ,False
khamas,KhamAs,khamAs,28,HarikaambhOji,S G3 P D2 N2 S,R2 S N2 D2 P M1 G3 S,S G₃ P D₂ N₂ Ṡ,R₂ Ṡ N₂ D₂ P M₁ G₃ Ṡ,False
khamas,KhamAs,khamAs,28,HarikaambhOji,S M1 G3 M1 P D2 N2 S,R2 S N2 D2 P M1 G3 R2 G3 S,S M₁ G₃ M₁ P D₂ N₂ Ṡ,R₂ Ṡ N₂ D₂ P M₁ G₃ R₂ G₃ Ṡ,False
khamas,KhamAs,khamAs,28,HarikaambhOji,S M1 G3 M1 P D2 N2 S,S N2 D2 P M1 G3 R2 S,S M₁ G₃ M₁ P D₂ N₂ Ṡ,S N₂ D₂ P M₁ G₃ R₂ Ṡ,False
khamas,KhamAs,khamAs,28,HarikaambhOji,S R2 G3 M1 P D2 N2 S,S N2 D2 P M1 G3 R2 S,S R₂ G₃ M₁ P D₂ N₂ Ṡ,S N₂ D₂ P M₁ G₃ R₂ Ṡ,False
kharanjani,Kharanjani,kharanjani,28,HarikaambhOji,S R2 G3 M1 P D2 S N2 S,S N2 D2 P M1 G3 S N2 D2 N2 S,S R₂ G₃ M₁ P D₂ Ṡ N₂ Ṡ,S N₂ D₂ P M₁ G₃ Ṡ N₂ D₂ N₂ Ṡ,False
kokiladhvani,KOkiladhvani,kOkiladhvani,28,HarikaambhOji,S R2 G3 M1 D2 N2 D2 N2 S,S N2 D2 N2 P M1 G3 R2 S,S R₂ G₃ M₁ D₂ N₂ D₂ N₂ Ṡ,S N₂ D₂ N₂ P M₁ G₃ R₂ Ṡ,False
kokiladhvani,KOkiladhvani,kOkiladhvani,28,HarikaambhOji,S R2 G3 M1 D2 N2 D2 S,S N2 D2 N2 P M1 G3 R2 S,S R₂ G₃ M₁ D₂ N₂ D₂ Ṡ,S N₂ D₂ N₂ P M₁ G₃ R₂ Ṡ,False
kokilavarali,KOkilavarALi,kOkilavarALi,28,HarikaambhOji,S R2 M1 P D2 S,S N2 D2 M1 P M1 G3 R2 G3 S,S R₂ M₁ P D₂ Ṡ,S N₂ D₂ M₁ P M₁ G₃ R₂ G₃ Ṡ,False
kulapavitri,Kulapavitri,kulapavitri,28,HarikaambhOji,S G3 M1 D2 P N2 S,S N2 P M1 R2 S,S G₃ M₁ D₂ P N₂ Ṡ,S N₂ P M₁ R₂ Ṡ,False
kumaradyuti,KumAradyuti,kumAradyuti,28,HarikaambhOji,S R2 G3 M1 N2 D2 N2 S,S N2 D2 P R2 S,S R₂ G₃ M₁ N₂ D₂ N₂ Ṡ,S N₂ D₂ P R₂ Ṡ,False
kuntalavarali,KuntalavarALi,kuntalavarALi,28,HarikaambhOji,S M1 P D2 N2 D2 S,S N2 D2 P M1 M1 S,S M₁ P D₂ N₂ D₂ Ṡ,S N₂ D₂ P M₁ M₁ Ṡ,False
kuntalavarali,KuntalavarALi,kuntalavarALi,28,HarikaambhOji,S M1 P D2 N2 D2 S,S N2 D2 P M1 S,S M₁ P D₂ N₂ D₂ Ṡ,S N₂ D₂ P M₁ Ṡ,False
kuntalavarali,KuntalavarALi,kuntalavarALi,28,HarikaambhOji,S M1 P D2 N2 S,S N2 D2 P M1 M1 S,S M₁ P D₂ N₂ Ṡ,S N₂ D₂ P M₁ M₁ Ṡ,False
kurinji,Kurinji,kurinji,28,HarikaambhOji,S R2 G3 M1 P D2 N2 S,S N2 D2 P M1 G3 R2 S,S R₂ G₃ M₁ P D₂ N₂ Ṡ,S N₂ D₂ P M₁ G₃ R₂ Ṡ,False
kutuhalam,KutUhalam,kutUhalam,28,HarikaambhOji,S D2 P M1 R2 M1 N2 S,S N2 D2 P M1 G3 R2 S,S D₂ P M₁ R₂ M₁ N₂ Ṡ,S N₂ D₂ P M₁ G₃ R₂ Ṡ,False
lavanya,LAvaNya,lAvaNya,28,HarikaambhOji,S G3 M1 P D2 N2 S,S D2 M1 P G3 M1 R2 S,S G₃ M₁ P D₂ N₂ Ṡ,S D₂ M₁ P G₃ M₁ R₂ Ṡ,False
lolamba,LOlamba,lOlamba,28,HarikaambhOji,S M1 P D2 N2 S,S N2 P G3 R2 S,S M₁ P D₂ N₂ Ṡ,S N₂ P G₃ R₂ Ṡ,False
madanambari,MadanAmbari,madanAmbari,28,HarikaambhOji,S G3 M1 N2 D2 N2 P D2 N2 S,S D2 P M1 P G3 R2 S,S G₃ M₁ N₂ D₂ N₂ P D₂ N₂ Ṡ,S D₂ P M₁ P G₃ R₂ Ṡ,False
madhumagan,Madhumagan,madhumagan,28,HarikaambhOji,S R2 G3 P D2 N2 S,S N2 D2 M1 R2 S,S R₂ G₃ P D₂ N₂ Ṡ,S N₂ D₂ M₁ R₂ Ṡ,False
madhuralapa,MadhurAlApa,madhurAlApa,28,HarikaambhOji,S R2 G3 D2 N2 S,S N2 D2 G3 R2 S,S R₂ G₃ D₂ N₂ Ṡ,S N₂ D₂ G₃ R₂ Ṡ,False
madhuryakokila,MAdhuryakOkila,mAdhuryakOkila,28,HarikaambhOji,S G3 P N2 S,S N2 P G3 S,S G₃ P N₂ Ṡ,S N₂ P G₃ Ṡ,False
madhyakokila,MadhyakOkila,madhyakOkila,28,HarikaambhOji,S R2 P D2 N2,D2 P R2 S,S R₂ P D₂ N₂,D₂ P R₂ Ṡ,False
maghava,Maghava,maghava,28,HarikaambhOji,S M1 G3 M1 N2 D2 N2 S,S N2 D2 P M1 G3 R2 S,S M₁ G₃ M₁ N₂ D₂ N₂ Ṡ,S N₂ D₂ P M₁ G₃ R₂ Ṡ,False
mahaguhabharanam,MahAguhAbharaNam,mahAguhAbharaNam,28,HarikaambhOji,S R2 G3 M1 P D2 N2 S,S N2 D2 P M1 R2 S,S R₂ G₃ M₁ P D₂ N₂ Ṡ,S N₂ D₂ P M₁ R₂ Ṡ,False
mahati,Mahati,mahati,28,HarikaambhOji,S G3 P N2 S,S N2 P G3 S,S G₃ P N₂ Ṡ,S N₂ P G₃ Ṡ,False
mahuri,MAhuri,mAhuri,28,HarikaambhOji,S R2 M1 G3 R2 M1 P D2 S,S N2 D2 P M1 G3 R2 G3 R2 G3 S,S R₂ M₁ G₃ R₂ M₁ P D₂ Ṡ,S N₂ D₂ P M₁ G₃ R₂ G₃ R₂ G₃ Ṡ,False
mahuri,MAhuri,mAhuri,28,HarikaambhOji,S R2 M1 G3 R2 P D2 S,S N2 D2 P M1 G3 R2 S R2 G3,S R₂ M₁ G₃ R₂ P D₂ Ṡ,S N₂ D₂ P M₁ G₃ R₂ Ṡ R₂ G₃,False
makambhoji,MAkAmbhOji,mAkAmbhOji,28,HarikaambhOji,S R2 G3 M1 P D2 N2 S,S N2 D2 M1 R2 S,S R₂ G₃ M₁ P D₂ N₂ Ṡ,S N₂ D₂ M₁ R₂ Ṡ,False
malar,Malar,malar,28,HarikaambhOji,S R2 M1 P N2 S,S N2 D2 P M1 G3 R2 S,S R₂ M₁ P N₂ Ṡ,S N₂ D₂ P M₁ G₃ R₂ Ṡ,False
malavi,MALavi,mALavi,28,HarikaambhOji,S R2 G3 M1 P M1 D2 N2 S,S N2 D2 N2 P M1 G3 M1 R2 S,S R₂ G₃ M₁ P M₁ D₂ N₂ Ṡ,S N₂ D₂ N₂ P M₁ G₃ M₁ R₂ Ṡ,False
malavi,MALavi,mALavi,28,HarikaambhOji,S R2 G3 M1 P N2 M1 D2 N2 S,S N2 D2 N2 P M1 G3 M1 R2 S,S R₂ G₃ M₁ P N₂ M₁ D₂ N₂ Ṡ,S N₂ D₂ N₂ P M₁ G₃ M₁ R₂ Ṡ,False
malavi,MALavi,mALavi,28,HarikaambhOji,S R2 M1 G3 D2 N2 S,S N2 D2 N2 P M1 G3 M1 R2 S,S R₂ M₁ G₃ D₂ N₂ Ṡ,S N₂ D₂ N₂ P M₁ G₃ M₁ R₂ Ṡ,False
malkali,MAlkali,mAlkali,28,HarikaambhOji,S G3 M1 D2 N2 S,S N2 D2 M1 P M1 G3 S,S G₃ M₁ D₂ N₂ Ṡ,S N₂ D₂ M₁ P M₁ G₃ Ṡ,False
mallari,MallAri,mallAri,28,HarikaambhOji,S R2 M1 G3 M1 P D2 P S,S D2 P M1 R2 S,S R₂ M₁ G₃ M₁ P D₂ P Ṡ,S D₂ P M₁ R₂ Ṡ,False
mallaru,MallAru,mallAru,28,HarikaambhOji,S R2 M1 G3 M1 P D2 P D2 S,S D2 P M1 R2 S,S R₂ M₁ G₃ M₁ P D₂ P D₂ Ṡ,S D₂ P M₁ R₂ Ṡ,False
mallaru,MallAru,mallAru,28,HarikaambhOji,S R2 M1 P N2 S,S N2 D2 M1 G3 R2 S,S R₂ M₁ P N₂ Ṡ,S N₂ D₂ M₁ G₃ R₂ Ṡ,False
mallaru,MallAru,mallAru,28,HarikaambhOji,S R2 M1 P N2 S,S N2 P M1 R2 S,S R₂ M₁ P N₂ Ṡ,S N₂ P M₁ R₂ Ṡ,False
mannankari,Mannankari,mannankari,28,HarikaambhOji,S G3 M1 N2 D2 N2 P D2 N2 S,S D2 P M1 G3 R2 S,S G₃ M₁ N₂ D₂ N₂ P D₂ N₂ Ṡ,S D₂ P M₁ G₃ R₂ Ṡ,False
manoharan,ManOharan,manOharan,28,HarikaambhOji,S R2 M1 P S,S N2 D2 P M1 G3 S,S R₂ M₁ P Ṡ,S N₂ D₂ P M₁ G₃ Ṡ,False
manohari,ManOhari,manOhari,28,HarikaambhOji,S G3 M1 P D2 N2 S,S N2 D2 P M1 G3 S,S G₃ M₁ P D₂ N₂ Ṡ,S N₂ D₂ P M₁ G₃ Ṡ,False
marala,MarAla,marAla,28,HarikaambhOji,S R2 M1 D2 N2 S,S N2 D2 P M1 G3 R2 S,S R₂ M₁ D₂ N₂ Ṡ,S N₂ D₂ P M₁ G₃ R₂ Ṡ,False
margajayanti,MArgajayanti,mArgajayanti,28,HarikaambhOji,S R2 M1 G3 P D2 N2 S,S D2 P M1 G3 M1 R2 G3 M1 S,S R₂ M₁ G₃ P D₂ N₂ Ṡ,S D₂ P M₁ G₃ M₁ R₂ G₃ M₁ Ṡ,False
mattakokila,MattakOkila,mattakOkila,28,HarikaambhOji,S R2 D2 P N2,D2 P S R2 N2,S R₂ D₂ P N₂,D₂ P Ṡ R₂ N₂,False
mattakokila,MattakOkila,mattakOkila,28,HarikaambhOji,S R2 D2 P N2,D2 P S R2 S N2,S R₂ D₂ P N₂,D₂ P Ṡ R₂ Ṡ N₂,False
mattakokila,MattakOkila,mattakOkila,28,HarikaambhOji,S R2 D2 P N2,D2 P S R2 S,S R₂ D₂ P N₂,D₂ P Ṡ R₂ Ṡ,False
mattakokila,MattakOkila,mattakOkila,28,HarikaambhOji,S R2 N2 D2 P N2,D2 P S R2 S,S R₂ N₂ D₂ P N₂,D₂ P Ṡ R₂ Ṡ,False
mattakokila,MattakOkila,mattakOkila,28,HarikaambhOji,S R2 P D2 N2 D2 S,S D2 N2 D2 P R2 S,S R₂ P D₂ N₂ D₂ Ṡ,S D₂ N₂ D₂ P R₂ Ṡ,False
mattakokila,MattakOkila,mattakOkila,28,HarikaambhOji,S R2 P D2 N2 S,D2 P S R2 S,S R₂ P D₂ N₂ Ṡ,D₂ P Ṡ R₂ Ṡ,False
mattakokila,MattakOkila,mattakOkila,28,HarikaambhOji,S R2 P D2 N2,D2 P R2 S,S R₂ P D₂ N₂,D₂ P R₂ Ṡ,False
mattakokila,MattakOkila,mattakOkila,28,HarikaambhOji,S R2 P D2 N2,D2 P S R2 S R2,S R₂ P D₂ N₂,D₂ P Ṡ R₂ Ṡ R₂,False
mattakokila,MattakOkila,mattakOkila,28,HarikaambhOji,S R2 P D2 S,S D2 P R2 S,S R₂ P D₂ Ṡ,S D₂ P R₂ Ṡ,False
mattebhavil,MattEbhavil,mattEbhavil,28,HarikaambhOji,S R2 M1 G3 R2 P D2 N2 S,S N2 D2 M1 G3 R2 S,S R₂ M₁ G₃ R₂ P D₂ N₂ Ṡ,S N₂ D₂ M₁ G₃ R₂ Ṡ,False
mayatarangini,MAyAtarangiNi,mAyAtarangiNi,28,HarikaambhOji,S R2 M1 G3 M1 P N2 S,S N2 D2 P M1 G3 R2 S,S R₂ M₁ G₃ M₁ P N₂ Ṡ,S N₂ D₂ P M₁ G₃ R₂ Ṡ,False
mayatarangini,MAyAtarangiNi,mAyAtarangiNi,28,HarikaambhOji,S R2 M1 G3 M1 R2 M1 P D2 N2 D2 S,S N2 D2 P M1 G3 R2 S,S R₂ M₁ G₃ M₁ R₂ M₁ P D₂ N₂ D₂ Ṡ,S N₂ D₂ P M₁ G₃ R₂ Ṡ,False
mayatarangini,MAyAtarangiNi,mAyAtarangiNi,28,HarikaambhOji,S R2 M1 G3 P M1 N2 S,S N2 D2 P M1 G3 R2 S,S R₂ M₁ G₃ P M₁ N₂ Ṡ,S N₂ D₂ P M₁ G₃ R₂ Ṡ,False
mayuradhvani,MayUradhvani,mayUradhvani,28,HarikaambhOji,S R2 M1 P N2 S,S N2 D2 M1 R2 S,S R₂ M₁ P N₂ Ṡ,S N₂ D₂ M₁ R₂ Ṡ,False
mayurakadhvani,MayUrakadhvani,mayUrakadhvani,28,HarikaambhOji,S R2 M1 P D2 N2 S,S N2 D2 P M1 R2 S,S R₂ M₁ P D₂ N₂ Ṡ,S N₂ D₂ P M₁ R₂ Ṡ,False
mayurasaveri,MayUrasAvEri,mayUrasAvEri,28,HarikaambhOji,S G3 M1 P D2 N2 D2 P S,S N2 D2 P M1 G3 R2 S,S G₃ M₁ P D₂ N₂ D₂ P Ṡ,S N₂ D₂ P M₁ G₃ R₂ Ṡ,False
meghana,MEghana,mEghana,28,HarikaambhOji,S M1 G3 M1 P D2 S,S N2 D2 M1 G3 S,S M₁ G₃ M₁ P D₂ Ṡ,S N₂ D₂ M₁ G₃ Ṡ,False
mohana,MOhana,mOhana,28,HarikaambhOji,S G3 R2 G3 P D2 S,S D2 P R2 G3 P G3 R2 S,S G₃ R₂ G₃ P D₂ Ṡ,S D₂ P R₂ G₃ P G₃ R₂ Ṡ,False
mohana,MOhana,mOhana,28,HarikaambhOji,S R2 G3 P D2 S,S D2 P G3 R2 S,S R₂ G₃ P D₂ Ṡ,S D₂ P G₃ R₂ Ṡ,False
mohana,MOhana,mOhana,28,HarikaambhOji,S R2 G3 P D2 S,S D2 R2 G3 R2 S,S R₂ G₃ P D₂ Ṡ,S D₂ R₂ G₃ R₂ Ṡ,False
mukundakokila,MukundakOkila,mukundakOkila,28,HarikaambhOji,S G3 P N2 S,S N2 P G3 S,S G₃ P N₂ Ṡ,S N₂ P G₃ Ṡ,False
mukundamandari,MukundamandAri,mukundamandAri,28,HarikaambhOji,S R2 G3 M1 D2 N2 S,S N2 D2 M1 P M1 G3 R2 S,S R₂ G₃ M₁ D₂ N₂ Ṡ,S N₂ D₂ M₁ P M₁ G₃ R₂ Ṡ,False
nadika,NAdIka,nAdIka,28,HarikaambhOji,S R2 M1 D2 N2 S,S N2 D2 M1 R2 S,S R₂ M₁ D₂ N₂ Ṡ,S N₂ D₂ M₁ R₂ Ṡ,False
nagakurinji,NAgakurinji,nAgakurinji,28,HarikaambhOji,S G3 M1 P D2 N2 S,S N2 D2 N2 P M1 G3 S,S G₃ M₁ P D₂ N₂ Ṡ,S N₂ D₂ N₂ P M₁ G₃ Ṡ,False
nagasvaravali,NAgasvarAvaLi,nAgasvarAvaLi,28,HarikaambhOji,S G3 M1 D2 S,S D2 P M1 G3 S,S G₃ M₁ D₂ Ṡ,S D₂ P M₁ G₃ Ṡ,False
nagasvaravali,NAgasvarAvaLi,nAgasvarAvaLi,28,HarikaambhOji,S G3 M1 P D2 S,S D2 P M1 G3 S,S G₃ M₁ P D₂ Ṡ,S D₂ P M₁ G₃ Ṡ,False
nandaherali,NandaheraLi,nandaheraLi,28,HarikaambhOji,S G3 M1 D2 N2 S,S N2 D2 M1 G3 R2 S,S G₃ M₁ D₂ N₂ Ṡ,S N₂ D₂ M₁ G₃ R₂ Ṡ,False
nandini,Nandini,nandini,28,HarikaambhOji,S R2 G3 M1 P N2 S,S N2 D2 M1 G3 S,S R₂ G₃ M₁ P N₂ Ṡ,S N₂ D₂ M₁ G₃ Ṡ,False
narayanagaula,NArAyaNagauLa,nArAyaNagauLa,28,HarikaambhOji,R2 M1 P N2 D2 N2 S,N2 D2 P M1 G3 R2 G3 R2 S,R₂ M₁ P N₂ D₂ N₂ Ṡ,N₂ D₂ P M₁ G₃ R₂ G₃ R₂ Ṡ,False
narayanagaula,NArAyaNagauLa,nArAyaNagauLa,28,HarikaambhOji,S R2 M1 P D2 N2 S,S N2 D2 P M1 G3 G3 R2 S,S R₂ M₁ P D₂ N₂ Ṡ,S N₂ D₂ P M₁ G₃ G₃ R₂ Ṡ,False
narayanagaula,NArAyaNagauLa,nArAyaNagauLa,28,HarikaambhOji,S R2 M1 P N2 D2 N2 S,S N2 D2 P M1 G3 R2 G3 R2 S,S R₂ M₁ P N₂ D₂ N₂ Ṡ,S N₂ D₂ P M₁ G₃ R₂ G₃ R₂ Ṡ,False
narayanagaula,NArAyaNagauLa,nArAyaNagauLa,28,HarikaambhOji,S R2 M1 P N2 D2 N2 S,S N2 D2 P M1 G3 R2 S,S R₂ M₁ P N₂ D₂ N₂ Ṡ,S N₂ D₂ P M₁ G₃ R₂ Ṡ,False
narayani,NArAyaNi,nArAyaNi,28,HarikaambhOji,S R2 M1 P D2 S,S N2 D2 M1 R2 S,S R₂ M₁ P D₂ Ṡ,S N₂ D₂ M₁ R₂ Ṡ,False
narayani,NArAyaNi,nArAyaNi,28,HarikaambhOji,S R2 M1 P D2 S,S N2 D2 P M1 R2 S,S R₂ M₁ P D₂ Ṡ,S N₂ D₂ P M₁ R₂ Ṡ,False
narayani,NArAyaNi,nArAyaNi,28,HarikaambhOji,S R2 M1 P D2 S,S N2 P M1 R2 S,S R₂ M₁ P D₂ Ṡ,S N₂ P M₁ R₂ Ṡ,False
narayani,NArAyaNi,nArAyaNi,28,HarikaambhOji,S R2 M1 P D2 S,S N2 S D2 P M1 G3 R2 G3 S,S R₂ M₁ P D₂ Ṡ,S N₂ Ṡ D₂ P M₁ G₃ R₂ G₃ Ṡ,False
narayani,NArAyaNi,nArAyaNi,28,HarikaambhOji,S R2 M1 P N2 D2 S,S N2 D2 P M1 R2 S,S R₂ M₁ P N₂ D₂ Ṡ,S N₂ D₂ P M₁ R₂ Ṡ,False
nartaki,Nartaki,nartaki,28,HarikaambhOji,S R2 G3 P D2 N2 S,S N2 D2 M1 G3 S,S R₂ G₃ P D₂ N₂ Ṡ,S N₂ D₂ M₁ G₃ Ṡ,False
natakuranji,NATakuranji,nATakuranji,28,HarikaambhOji,S R2 G3 M1 D2 N2 P D2 N2 S,S N2 D2 M1 G3 S,S R₂ G₃ M₁ D₂ N₂ P D₂ N₂ Ṡ,S N₂ D₂ M₁ G₃ Ṡ,False
natakuranji,NATakuranji,nATakuranji,28,HarikaambhOji,S R2 G3 M1 D2 N2 S,S N2 D2 M1 G3 R2 S,S R₂ G₃ M₁ D₂ N₂ Ṡ,S N₂ D₂ M₁ G₃ R₂ Ṡ,False
natakuranji,NATakuranji,nATakuranji,28,HarikaambhOji,S R2 G3 M1 D2 N2 S,S N2 D2 M1 G3 S,S R₂ G₃ M₁ D₂ N₂ Ṡ,S N₂ D₂ M₁ G₃ Ṡ,False
natakuranji,NATakuranji,nATakuranji,28,HarikaambhOji,S R2 G3 M1 N2 D2 N2 P D2 N2 S,S N2 D2 M1 G3 R2 S,S R₂ G₃ M₁ N₂ D₂ N₂ P D₂ N₂ Ṡ,S N₂ D₂ M₁ G₃ R₂ Ṡ,False
natakuranji,NATakuranji,nATakuranji,28,HarikaambhOji,S R2 G3 M1 N2 D2 N2 P D2 N2 S,S N2 D2 N2 P M1 G3 M1 P G3 R2 S,S R₂ G₃ M₁ N₂ D₂ N₂ P D₂ N₂ Ṡ,S N₂ D₂ N₂ P M₁ G₃ M₁ P G₃ R₂ Ṡ,False
natakuranji,NATakuranji,nATakuranji,28,HarikaambhOji,S R2 G3 M1 N2 D2 N2 S,S N2 D2 M1 G3 M1 P G3 R2 S,S R₂ G₃ M₁ N₂ D₂ N₂ Ṡ,S N₂ D₂ M₁ G₃ M₁ P G₃ R₂ Ṡ,False
natakuranji,NATakuranji,nATakuranji,28,HarikaambhOji,S R2 G3 M1 P D2 N2 S,S N2 D2 M1 G3 S,S R₂ G₃ M₁ P D₂ N₂ Ṡ,S N₂ D₂ M₁ G₃ Ṡ,False
natamallaru,NATamallAru,nATamallAru,28,HarikaambhOji,S G3 R2 M1 P D2 S,S D2 N2 P M1 G3 R2 S,S G₃ R₂ M₁ P D₂ Ṡ,S D₂ N₂ P M₁ G₃ R₂ Ṡ,False
natamallaru,NATamallAru,nATamallAru,28,HarikaambhOji,S G3 R2 M1 P D2 S,S N2 D2 P M1 R2 G3 R2 S,S G₃ R₂ M₁ P D₂ Ṡ,S N₂ D₂ P M₁ R₂ G₃ R₂ Ṡ,False
natanamohana,NaTanamOhana,naTanamOhana,28,HarikaambhOji,S G3 P D2 N2 S,S D2 P G3 R2 S,S G₃ P D₂ N₂ Ṡ,S D₂ P G₃ R₂ Ṡ,False
natanarayani,NaTanArAyaNi,naTanArAyaNi,28,HarikaambhOji,S R2 G3 M1 D2 N2 D2 S,S N2 D2 P M1 G3 M1 R2 S,S R₂ G₃ M₁ D₂ N₂ D₂ Ṡ,S N₂ D₂ P M₁ G₃ M₁ R₂ Ṡ,False
natanarayani,NaTanArAyaNi,naTanArAyaNi,28,HarikaambhOji,S R2 G3 S R2 M1 P D2 S,S D2 P M1 G3 R2 S,S R₂ G₃ Ṡ R₂ M₁ P D₂ Ṡ,S D₂ P M₁ G₃ R₂ Ṡ,False
natanarayani,NaTanArAyaNi,naTanArAyaNi,28,HarikaambhOji,S R2 M1 P D2 S,S D2 P M1 G3 R2 S,S R₂ M₁ P D₂ Ṡ,S D₂ P M₁ G₃ R₂ Ṡ,False
natanavati,NaTanavati,naTanavati,28,HarikaambhOji,S R2 M1 P S,S D2 P M1 R2 S,S R₂ M₁ P Ṡ,S D₂ P M₁ R₂ Ṡ,False
nattamallaru,NaTTamallAru,naTTamallAru,28,HarikaambhOji,S G3 R2 M1 P D2 S,S D2 N2 P M1 G3 R2 S,S G₃ R₂ M₁ P D₂ Ṡ,S D₂ N₂ P M₁ G₃ R₂ Ṡ,False
nattamallaru,NaTTamallAru,naTTamallAru,28,HarikaambhOji,S G3 R2 M1 P D2 S,S N2 D2 P M1 R2 G3 R2 S,S G₃ R₂ M₁ P D₂ Ṡ,S N₂ D₂ P M₁ R₂ G₃ R₂ Ṡ,False
natyamanohari,NATyamanOhari,nATyamanOhari,28,HarikaambhOji,S G3 M1 P D2 N2 S,S N2 P M1 R2 S,S G₃ M₁ P D₂ N₂ Ṡ,S N₂ P M₁ R₂ Ṡ,False
navarasakalanidhi,NavarasakalAnidhi,navarasakalAnidhi,28,HarikaambhOji,S R2 M1 P D2 P S,S N2 D2 P M1 G3 R2 S,S R₂ M₁ P D₂ P Ṡ,S N₂ D₂ P M₁ G₃ R₂ Ṡ,False
navarasakalanidhi,NavarasakalAnidhi,navarasakalAnidhi,28,HarikaambhOji,S R2 M1 P S N2 S,S N2 D2 P M1 G3 R2 S,S R₂ M₁ P Ṡ N₂ Ṡ,S N₂ D₂ P M₁ G₃ R₂ Ṡ,False
navarasakannada,NavarasakannaDa,navarasakannaDa,28,HarikaambhOji,S G3 M1 P D2 P S,S N2 D2 M1 G3 R2 S,S G₃ M₁ P D₂ P Ṡ,S N₂ D₂ M₁ G₃ R₂ Ṡ,False
navarasakannada,NavarasakannaDa,navarasakannaDa,28,HarikaambhOji,S G3 M1 P S D2 P S,S N2 D2 M1 G3 R2 S,S G₃ M₁ P Ṡ D₂ P Ṡ,S N₂ D₂ M₁ G₃ R₂ Ṡ,False
navarasakannada,NavarasakannaDa,navarasakannaDa,28,HarikaambhOji,S G3 M1 P S,S N2 D2 M1 G3 R2 S,S G₃ M₁ P Ṡ,S N₂ D₂ M₁ G₃ R₂ Ṡ,False
nayaki,NAyaki,nAyaki,28,HarikaambhOji,S G3 M1 P D2 S,S D2 P D2 N2 D2 P M1 G3 R2,S G₃ M₁ P D₂ Ṡ,S D₂ P D₂ N₂ D₂ P M₁ G₃ R₂,False
nayaki,NAyaki,nAyaki,28,HarikaambhOji,S R2 M1 P D2 N2 S,S N2 D2 P M1 G3 R2 S,S R₂ M₁ P D₂ N₂ Ṡ,S N₂ D₂ P M₁ G₃ R₂ Ṡ,False
nila,NIla,nIla,28,HarikaambhOji,S G3 M1 D2 N2 S,S N2 D2 M1 G3 S,S G₃ M₁ D₂ N₂ Ṡ,S N₂ D₂ M₁ G₃ Ṡ,False
nilambari,NIlAmbari,nIlAmbari,28,HarikaambhOji,S R2 G3 M1 P D2 N2 P S,S N2 D2 P M1 G3 R2 G3 S,S R₂ G₃ M₁ P D₂ N₂ P Ṡ,S N₂ D₂ P M₁ G₃ R₂ G₃ Ṡ,False
nilambari,NIlAmbari,nIlAmbari,28,HarikaambhOji,S R2 G3 M1 P D2 N2 S,S N2 D2 P M1 G3 R2 G3 S,S R₂ G₃ M₁ P D₂ N₂ Ṡ,S N₂ D₂ P M₁ G₃ R₂ G₃ Ṡ,False
nilambari,NIlAmbari,nIlAmbari,28,HarikaambhOji,S R2 G3 M1 P D2 P N2 S N2 D2 N2 S,S N2 P M1 G3 R2 G3 R2 M1 G3 S,S R₂ G₃ M₁ P D₂ P N₂ Ṡ N₂ D₂ N₂ Ṡ,S N₂ P M₁ G₃ R₂ G₃ R₂ M₁ G₃ Ṡ,False
nilambari,NIlAmbari,nIlAmbari,28,HarikaambhOji,S R2 G3 M1 P D2 P N2 S,S N2 P M1 G3 R2 G3 S,S R₂ G₃ M₁ P D₂ P N₂ Ṡ,S N₂ P M₁ G₃ R₂ G₃ Ṡ,False
nilambari,NIlAmbari,nIlAmbari,28,HarikaambhOji,S R2 G3 M1 P D2 P N2 S,S N2 P P M1 G3 R2 S,S R₂ G₃ M₁ P D₂ P N₂ Ṡ,S N₂ P P M₁ G₃ R₂ Ṡ,False
nilambari,NIlAmbari,nIlAmbari,28,HarikaambhOji,S R2 G3 M1 P N2 S,S N2 P D2 N2 P M1 G3 R2 G3 S,S R₂ G₃ M₁ P N₂ Ṡ,S N₂ P D₂ N₂ P M₁ G₃ R₂ G₃ Ṡ,False
nilambari,NIlAmbari,nIlAmbari,28,HarikaambhOji,S R2 G3 M1 P N2 S,S N2 P D2 N2 P M1 R2 M1 G3 S,S R₂ G₃ M₁ P N₂ Ṡ,S N₂ P D₂ N₂ P M₁ R₂ M₁ G₃ Ṡ,False
nilambari,NIlAmbari,nIlAmbari,28,HarikaambhOji,S R2 G3 M1 S G3 M1 N2 S,S N2 P D2 N2 P M1 G3 M1 R2 S,S R₂ G₃ M₁ Ṡ G₃ M₁ N₂ Ṡ,S N₂ P D₂ N₂ P M₁ G₃ M₁ R₂ Ṡ,False
nilambari,NIlAmbari,nIlAmbari,28,HarikaambhOji,S R2 G3 M1 S G3 M1 P N2 S,N2 D2 P M1 G3 M1 R2 G3 R2 S,S R₂ G₃ M₁ Ṡ G₃ M₁ P N₂ Ṡ,N₂ D₂ P M₁ G₃ M₁ R₂ G₃ R₂ Ṡ,False
nilambari,NIlAmbari,nIlAmbari,28,HarikaambhOji,S R2 G3 P D2 P N2 S,S N2 P M1 G3 R2 G3 S,S R₂ G₃ P D₂ P N₂ Ṡ,S N₂ P M₁ G₃ R₂ G₃ Ṡ,False
nilaprabha,NIlaprabhA,nIlaprabhA,28,HarikaambhOji,S R2 G3 M1 P D2 N2 S,S N2 D2 M1 P M1 G3 R2 M1 G3 R2 S,S R₂ G₃ M₁ P D₂ N₂ Ṡ,S N₂ D₂ M₁ P M₁ G₃ R₂ M₁ G₃ R₂ Ṡ,False
nirvikamodam,NirvikAmOdam,nirvikAmOdam,28,HarikaambhOji,S G3 M1 P N2 D2 N2 S,S D2 M1 G3 R2 M1 G3 S,S G₃ M₁ P N₂ D₂ N₂ Ṡ,S D₂ M₁ G₃ R₂ M₁ G₃ Ṡ,False
nrtyakaushika,Nrtyakaushika,nrtyakaushika,28,HarikaambhOji,S R2 G3 M1 P N2 S,S N2 D2 P M1 D2 M1 G3 R2 S,S R₂ G₃ M₁ P N₂ Ṡ,S N₂ D₂ P M₁ D₂ M₁ G₃ R₂ Ṡ,False
padmini,Padmini,padmini,28,HarikaambhOji,S R2 M1 P D2 N2 S,S N2 D2 P M1 R2 S,S R₂ M₁ P D₂ N₂ Ṡ,S N₂ D₂ P M₁ R₂ Ṡ,False
pashupatipriya,PashupatipriyA,pashupatipriyA,28,HarikaambhOji,S R2 M1 P M1 D2 S,S D2 P M1 R2 M1 S,S R₂ M₁ P M₁ D₂ Ṡ,S D₂ P M₁ R₂ M₁ Ṡ,False
pavanavasantam,PAvanavasantam,pAvanavasantam,28,HarikaambhOji,S M1 G3 M1 P D2 N2 S,S N2 P D2 N2 P M1 R2 M1 S,S M₁ G₃ M₁ P D₂ N₂ Ṡ,S N₂ P D₂ N₂ P M₁ R₂ M₁ Ṡ,False
pavanavasantam,PAvanavasantam,pAvanavasantam,28,HarikaambhOji,S M1 G3 M1 P D2 N2 S,S N2 P N2 P M1 R2 M1 G3 S R2 S,S M₁ G₃ M₁ P D₂ N₂ Ṡ,S N₂ P N₂ P M₁ R₂ M₁ G₃ Ṡ R₂ Ṡ,False
pazhamtakka,Pazhamtakka,pazhamtakka,28,HarikaambhOji,S R2 M1 P D2 S,S D2 P M1 R2 S,S R₂ M₁ P D₂ Ṡ,S D₂ P M₁ R₂ Ṡ,False
phalamanjari,Phalamanjari,phalamanjari,28,HarikaambhOji,S G3 P D2 S,S N2 D2 P M1 G3 M1 R2 S,S G₃ P D₂ Ṡ,S N₂ D₂ P M₁ G₃ M₁ R₂ Ṡ,False
prabhavati,PrabhAvati,prabhAvati,28,HarikaambhOji,S G3 P D2 N2 S,S N2 D2 P M1 G3 R2 S,S G₃ P D₂ N₂ Ṡ,S N₂ D₂ P M₁ G₃ R₂ Ṡ,False
prabodhakada,Prabodhakada,prabodhakada,28,HarikaambhOji,S R2 G3 M1 P D2 N2 S,S N2 M1 G3 R2 G3 S,S R₂ G₃ M₁ P D₂ N₂ Ṡ,S N₂ M₁ G₃ R₂ G₃ Ṡ,False
pratapacintamani,PratApacintAmaNi,pratApacintAmaNi,28,HarikaambhOji,S G3 M1 P M1 D2 N2 S,S N2 D2 P M1 G3 M1 R2 S,S G₃ M₁ P M₁ D₂ N₂ Ṡ,S N₂ D₂ P M₁ G₃ M₁ R₂ Ṡ,False
pratapanata,PratApanATa,pratApanATa,28,HarikaambhOji,S R2 G3 M1 D2 P D2 N2 S,S N2 D2 P M1 G3 S,S R₂ G₃ M₁ D₂ P D₂ N₂ Ṡ,S N₂ D₂ P M₁ G₃ Ṡ,False
prataparudri,PratAparudri,pratAparudri,28,HarikaambhOji,S R2 G3 M1 P D2 N2 S,S N2 P M1 G3 M1 R2 S,S R₂ G₃ M₁ P D₂ N₂ Ṡ,S N₂ P M₁ G₃ M₁ R₂ Ṡ,False
pratapavarali,PratApavarALi,pratApavarALi,28,HarikaambhOji,S R2 M1 P D2 N2 D2P N2 D2 S,S N2 D2 P M1 G3 R2 S,S R₂ M₁ P D₂ N₂ D2P N₂ D₂ Ṡ,S N₂ D₂ P M₁ G₃ R₂ Ṡ,False
pratapavarali,PratApavarALi,pratApavarALi,28,HarikaambhOji,S R2 M1 P D2 P S,S D2 P M1 G3 R2 S,S R₂ M₁ P D₂ P Ṡ,S D₂ P M₁ G₃ R₂ Ṡ,False
pratapavarali,PratApavarALi,pratApavarALi,28,HarikaambhOji,S R2 M1 P D2 S,S D2 P M1 G3 R2 S,S R₂ M₁ P D₂ Ṡ,S D₂ P M₁ G₃ R₂ Ṡ,False
pratapavarali,PratApavarALi,pratApavarALi,28,HarikaambhOji,S R2 M1 P S,S D2 P G3 R2 S,S R₂ M₁ P Ṡ,S D₂ P G₃ R₂ Ṡ,False
pravalashodi,PravAlashOdi,pravAlashOdi,28,HarikaambhOji,S R2 M1 P D2 N2 S,S N2 D2 N2 P M1 G3 S,S R₂ M₁ P D₂ N₂ Ṡ,S N₂ D₂ N₂ P M₁ G₃ Ṡ,False
punnagalalita,PunnAgalalita,punnAgalalita,28,HarikaambhOji,S M1 G3 M1 P D2 N2 S,S N2 P M1 G3 M1 G3 R2 S,S M₁ G₃ M₁ P D₂ N₂ Ṡ,S N₂ P M₁ G₃ M₁ G₃ R₂ Ṡ,False
purnakambhoji,PUrNakAmbhOji,pUrNakAmbhOji,28,HarikaambhOji,S R2 G3 M1 P D2 S,S D2 P M1 G3 R2 S,S R₂ G₃ M₁ P D₂ Ṡ,S D₂ P M₁ G₃ R₂ Ṡ,False
purnakambhoji,PUrNakAmbhOji,pUrNakAmbhOji,28,HarikaambhOji,S R2 G3 M1 P N2 S,S D2 P M1 G3 R2 S,S R₂ G₃ M₁ P N₂ Ṡ,S D₂ P M₁ G₃ R₂ Ṡ,False
purvabangala,PUrvabangALa,pUrvabangALa,28,HarikaambhOji,S R2 G3 M1 P M1 N2 P S,S N2 P M1 R2 G3 S,S R₂ G₃ M₁ P M₁ N₂ P Ṡ,S N₂ P M₁ R₂ G₃ Ṡ,False
purvatarangini,PurvatarangiNi,purvatarangiNi,28,HarikaambhOji,S R2 M1 P N2 D2 S,S N2 D2 P M1 G3 R2 S,S R₂ M₁ P N₂ D₂ Ṡ,S N₂ D₂ P M₁ G₃ R₂ Ṡ,False
ragam,RAgam,rAgam,28,HarikaambhOji,S G3 M1 P N2 S,S N2 D2 P M1 G3 R2 S,S G₃ M₁ P N₂ Ṡ,S N₂ D₂ P M₁ G₃ R₂ Ṡ,False
ragamanjari,RAgamanjari,rAgamanjari,28,HarikaambhOji,S R2 M1 P D2 N2 S,S N2 D2 M1 R2 S,S R₂ M₁ P D₂ N₂ Ṡ,S N₂ D₂ M₁ R₂ Ṡ,False
ragangini,RAgAngiNi,rAgAngiNi,28,HarikaambhOji,S G3 M1 P N2 S,S N2 D2 P M1 G3 R2 S,S G₃ M₁ P N₂ Ṡ,S N₂ D₂ P M₁ G₃ R₂ Ṡ,False
ragapancamam,RAgapancamam,rAgapancamam,28,HarikaambhOji,S R2 M1 P D2 N2 D2 S,S N2 D2 M1 G3 R2 S,S R₂ M₁ P D₂ N₂ D₂ Ṡ,S N₂ D₂ M₁ G₃ R₂ Ṡ,False
ragapancamam,RAgapancamam,rAgapancamam,28,HarikaambhOji,S R2 M1 P D2 N2 D2 S,S N2 D2 M1 R2 S,S R₂ M₁ P D₂ N₂ D₂ Ṡ,S N₂ D₂ M₁ R₂ Ṡ,False
ragapancamam,RAgapancamam,rAgapancamam,28,HarikaambhOji,S R2 M1 P D2 S,S N2 D2 M1 G3 R2 S,S R₂ M₁ P D₂ Ṡ,S N₂ D₂ M₁ G₃ R₂ Ṡ,False
ragapancamam,RAgapancamam,rAgapancamam,28,HarikaambhOji,S R2 M1 P N2 D2 S,S N2 D2 M1 R2 S,S R₂ M₁ P N₂ D₂ Ṡ,S N₂ D₂ M₁ R₂ Ṡ,False
ragapanjaram,RAgapanjaram,rAgapanjaram,28,HarikaambhOji,S R2 M1 P D2 N2 D2 S,S N2 D2 M1 R2 S,S R₂ M₁ P D₂ N₂ D₂ Ṡ,S N₂ D₂ M₁ R₂ Ṡ,False
ragapanjaram,RAgapanjaram,rAgapanjaram,28,HarikaambhOji,S R2 M1 P D2 S,S N2 D2 M1 G3 R2 S,S R₂ M₁ P D₂ Ṡ,S N₂ D₂ M₁ G₃ R₂ Ṡ,False
ragapratapa,RAgapratApa,rAgapratApa,28,HarikaambhOji,S R2 G3 P D2 N2 S,S N2 D2 P G3 R2 S,S R₂ G₃ P D₂ N₂ Ṡ,S N₂ D₂ P G₃ R₂ Ṡ,False
ragavinodini,RAgavinOdini,rAgavinOdini,28,HarikaambhOji,S R2 G3 M1 D2 S,S D2 M1 G3 R2 S,S R₂ G₃ M₁ D₂ Ṡ,S D₂ M₁ G₃ R₂ Ṡ,False
rangakaustubham,Rangakaustubham,rangakaustubham,28,HarikaambhOji,S R2 M1 G3 M1 P D2 P S,S N2 D2 P M1 G3 R2 S,S R₂ M₁ G₃ M₁ P D₂ P Ṡ,S N₂ D₂ P M₁ G₃ R₂ Ṡ,False
rasalini,RasAlini,rasAlini,28,HarikaambhOji,S R2 G3 M1 P M1 D2 N2 S,S D2 P N2 M1 G3 R2 S,S R₂ G₃ M₁ P M₁ D₂ N₂ Ṡ,S D₂ P N₂ M₁ G₃ R₂ Ṡ,False
ratnajyoti,RatnajyOti,ratnajyOti,28,HarikaambhOji,S G3 M1 P N2 S,S N2 D2 G3 R2 S,S G₃ M₁ P N₂ Ṡ,S N₂ D₂ G₃ R₂ Ṡ,False
ratnakari,RatnAkari,ratnAkari,28,HarikaambhOji,S G3 M1 P N2 D2 N2 S,S N2 D2 P M1 R2 S,S G₃ M₁ P N₂ D₂ N₂ Ṡ,S N₂ D₂ P M₁ R₂ Ṡ,False
ravicandrika,RavicandrikA,ravicandrikA,28,HarikaambhOji,S R2 G3 M1 D2 N2 D2 S,S N2 D2 M1 G3 R2 S,S R₂ G₃ M₁ D₂ N₂ D₂ Ṡ,S N₂ D₂ M₁ G₃ R₂ Ṡ,False
ravicandrika,RavicandrikA,ravicandrikA,28,HarikaambhOji,S R2 G3 M1 D2 S,S N2 D2 M1 G3 R2 S,S R₂ G₃ M₁ D₂ Ṡ,S N₂ D₂ M₁ G₃ R₂ Ṡ,False
ravicandrika,RavicandrikA,ravicandrikA,28,HarikaambhOji,S R2 G3 M1 P D2 N2 D2 N2 D2 S,S N2 D2 M1 G3 R2 S,S R₂ G₃ M₁ P D₂ N₂ D₂ N₂ D₂ Ṡ,S N₂ D₂ M₁ G₃ R₂ Ṡ,False
renavasanta,REnavasanta,rEnavasanta,28,HarikaambhOji,S R2 M1 D2 N2 S,S N2 D2 M1 G3 R2 S,S R₂ M₁ D₂ N₂ Ṡ,S N₂ D₂ M₁ G₃ R₂ Ṡ,False
rolamba,ROlamba,rOlamba,28,HarikaambhOji,S M1 P D2 N2 S,S N2 M1 G3 R2 S,S M₁ P D₂ N₂ Ṡ,S N₂ M₁ G₃ R₂ Ṡ,False
rolambadhvani,ROlambadhvani,rOlambadhvani,28,HarikaambhOji,S R2 P D2 N2 S,S N2 D2 P R2 S,S R₂ P D₂ N₂ Ṡ,S N₂ D₂ P R₂ Ṡ,False
ruhakham,Ruhakham,ruhakham,28,HarikaambhOji,S R2 M1 P D2 S,S N2 D2 P M1 G3 R2 S,S R₂ M₁ P D₂ Ṡ,S N₂ D₂ P M₁ G₃ R₂ Ṡ,False
sajukambhoji,SajukAmbhOji,sajukAmbhOji,28,HarikaambhOji,S M1 R2 SP M1 D2 N2 S,S N2 P N2 M1 G3 R2 S,S M₁ R₂ SP M₁ D₂ N₂ Ṡ,S N₂ P N₂ M₁ G₃ R₂ Ṡ,False
salakika,SalAkika,salAkika,28,HarikaambhOji,S R2 G3 M1 P N2,D2 P M1 G3 S N2 D2N2 P N2 S,S R₂ G₃ M₁ P N₂,D₂ P M₁ G₃ Ṡ N₂ D2N2 P N₂ Ṡ,False
salalasa,SAlalasa,sAlalasa,28,HarikaambhOji,S R2 G3 M1 P D2 N2 S,S N2 D2 M1 R2 G3 M1 G3 S,S R₂ G₃ M₁ P D₂ N₂ Ṡ,S N₂ D₂ M₁ R₂ G₃ M₁ G₃ Ṡ,False
sama,SAma,sAma,28,HarikaambhOji,S R2 M1 D2 P D2 S,S D2 P M1 G3 R2 S,S R₂ M₁ D₂ P D₂ Ṡ,S D₂ P M₁ G₃ R₂ Ṡ,False
sama,SAma,sAma,28,HarikaambhOji,S R2 M1 P D2 S,S D2 P M1 G3 R2 S,S R₂ M₁ P D₂ Ṡ,S D₂ P M₁ G₃ R₂ Ṡ,False
sama,SAma,sAma,28,HarikaambhOji,S R2 M1 P M1 D2 S,S D2 P M1 G3 R2 S,S R₂ M₁ P M₁ D₂ Ṡ,S D₂ P M₁ G₃ R₂ Ṡ,False
samiranan,SamIraNan,samIraNan,28,HarikaambhOji,S G3 N2 D2 N2S,S N2 D2 M1 G3 S,S G₃ N₂ D₂ N2S,S N₂ D₂ M₁ G₃ Ṡ,False
sampurnakurinji,SampUrNakurinji,sampUrNakurinji,28,HarikaambhOji,S R2 G3 M1 P D2 N2 S,S N2 P M1 G3 R2 S,S R₂ G₃ M₁ P D₂ N₂ Ṡ,S N₂ P M₁ G₃ R₂ Ṡ,False
sampurnasama,SampUrNasAma,sampUrNasAma,28,HarikaambhOji,S R2 G3 M1 P D2 N2 S,S D2 P M1 G3 R2 S,S R₂ G₃ M₁ P D₂ N₂ Ṡ,S D₂ P M₁ G₃ R₂ Ṡ,False
sampurnnanatakuranji,SampURnNanATakuranji,sampURnNanATakuranji,28,HarikaambhOji,S R2 G3 M1 P D2 N2 S,S N2 D2 M1 G3 R2 S,S R₂ G₃ M₁ P D₂ N₂ Ṡ,S N₂ D₂ M₁ G₃ R₂ Ṡ,False
sancelita,SancElita,sancElita,28,HarikaambhOji,S R2 G3 M1 G3 P N2 D2 N2 P D2 N2 S,S N2 D2 N2 P D2 M1 P G3 R2 M1 R2 G3 S,S R₂ G₃ M₁ G₃ P N₂ D₂ N₂ P D₂ N₂ Ṡ,S N₂ D₂ N₂ P D₂ M₁ P G₃ R₂ M₁ R₂ G₃ Ṡ,False
sanjivini,SanjIvini,sanjIvini,28,HarikaambhOji,S G3 M1 P D2 N2 S,S N2 D2 P M1 R2 S,S G₃ M₁ P D₂ N₂ Ṡ,S N₂ D₂ P M₁ R₂ Ṡ,False
sarasacintamani,SarasacintAmaNi,sarasacintAmaNi,28,HarikaambhOji,S R2 G3 P M1 D2 N2 S,S N2 D2 P M1 D2 M1 G3 R2 S,S R₂ G₃ P M₁ D₂ N₂ Ṡ,S N₂ D₂ P M₁ D₂ M₁ G₃ R₂ Ṡ,False
sarasvati,Sarasvati,sarasvati,28,HarikaambhOji,S R2 G3 M1 P N2 D2 N2 S,S N2 P D2 P M1 G3 R2 R2 G3 S,S R₂ G₃ M₁ P N₂ D₂ N₂ Ṡ,S N₂ P D₂ P M₁ G₃ R₂ R₂ G₃ Ṡ,False
sarasvatimanohari,SarasvatimanOhari,sarasvatimanOhari,28,HarikaambhOji,S R2 G3 M1 D2 S,S D2 N2 P M1 G3 R2 S,S R₂ G₃ M₁ D₂ Ṡ,S D₂ N₂ P M₁ G₃ R₂ Ṡ,False
sarasvatimanohari,SarasvatimanOhari,sarasvatimanOhari,28,HarikaambhOji,S R2 G3 M1 D2 S,S N2 D2 P M1 G3 R2 S,S R₂ G₃ M₁ D₂ Ṡ,S N₂ D₂ P M₁ G₃ R₂ Ṡ,False
saravilambi,Saravilambi,saravilambi,28,HarikaambhOji,S G3 M1 P N2 S,S N2 D2 P M1 G3 R2 S,S G₃ M₁ P N₂ Ṡ,S N₂ D₂ P M₁ G₃ R₂ Ṡ,False
sardulamanjari,Sardulamanjari,sardulamanjari,28,HarikaambhOji,S R2 M1 P N2 S,S N2 D2 P M1 N2 D2 M1 R2 S,S R₂ M₁ P N₂ Ṡ,S N₂ D₂ P M₁ N₂ D₂ M₁ R₂ Ṡ,False
satvamanjari,Satvamanjari,satvamanjari,28,HarikaambhOji,S R2 M1 P D2 S,S N2 D2 P M1 N2 D2 M1 R2 S,S R₂ M₁ P D₂ Ṡ,S N₂ D₂ P M₁ N₂ D₂ M₁ R₂ Ṡ,False
saurastra,SaurAStra,saurAStra,28,HarikaambhOji,S R2 P G3 M1 P D2 N2 S,S D2 P M1 G3 R2 S,S R₂ P G₃ M₁ P D₂ N₂ Ṡ,S D₂ P M₁ G₃ R₂ Ṡ,False
savitri,SAvitri,sAvitri,28,HarikaambhOji,S G3 M1 P N2 S,S N2 P M1 G3 S,S G₃ M₁ P N₂ Ṡ,S N₂ P M₁ G₃ Ṡ,False
selvamani,SelvamaNi,selvamaNi,28,HarikaambhOji,S G3 M1 P D2 S,S D2 M1 R2 S,S G₃ M₁ P D₂ Ṡ,S D₂ M₁ R₂ Ṡ,False
selvamani,SelvamaNi,selvamaNi,28,HarikaambhOji,S G3 M1 P D2 S,S D2 P M1 R2 S,S G₃ M₁ P D₂ Ṡ,S D₂ P M₁ R₂ Ṡ,False
shadjukambhoji,ShadjukAmbhOji,shadjukAmbhOji,28,HarikaambhOji,S M1 R2 S P M1 D2 N2 S,S N2 P N2 M1 G3 R2 S,S M₁ R₂ Ṡ P M₁ D₂ N₂ Ṡ,S N₂ P N₂ M₁ G₃ R₂ Ṡ,False
shahana,ShahAna,shahAna,28,HarikaambhOji,G3 R2 S R2 G3 M1 P M1 D2 N3 S,S N3 D2 P M1 G3 R2 S,G₃ R₂ Ṡ R₂ G₃ M₁ P M₁ D₂ N₃ Ṡ,S N₃ D₂ P M₁ G₃ R₂ Ṡ,False
shahana,ShahAna,shahAna,28,HarikaambhOji,S R2 G3 M1 M1 D2 N2 S,S D2 P M1 G3 M1 R2 S,S R₂ G₃ M₁ M₁ D₂ N₂ Ṡ,S D₂ P M₁ G₃ M₁ R₂ Ṡ,False
shahana,ShahAna,shahAna,28,HarikaambhOji,S R2 G3 M1 P M1 D2 N2 S,S D2 P M1 G3 M1 R2 S,S R₂ G₃ M₁ P M₁ D₂ N₂ Ṡ,S D₂ P M₁ G₃ M₁ R₂ Ṡ,False
shahana,ShahAna,shahAna,28,HarikaambhOji,S R2 G3 M1 P M1 D2 N2 S,S N2 D2 P M1 G3 M1 R2 G3 R2 S,S R₂ G₃ M₁ P M₁ D₂ N₂ Ṡ,S N₂ D₂ P M₁ G₃ M₁ R₂ G₃ R₂ Ṡ,False
shahana,ShahAna,shahAna,28,HarikaambhOji,S R2 G3 M1 P M1 D2 N2 S,S N2 S D2 P M1 G3 M1 R2 G3 R2 S,S R₂ G₃ M₁ P M₁ D₂ N₂ Ṡ,S N₂ Ṡ D₂ P M₁ G₃ M₁ R₂ G₃ R₂ Ṡ,False
shakuntala,Shakuntala,shakuntala,28,HarikaambhOji,S R2 G3 M1 D2 N2 S,S N2 D2 M1 G3 S,S R₂ G₃ M₁ D₂ N₂ Ṡ,S N₂ D₂ M₁ G₃ Ṡ,False
shakuntavarali,ShakuntavarALi,shakuntavarALi,28,HarikaambhOji,S M1 P D2 N2 S,S N2 D2 P M1 S,S M₁ P D₂ N₂ Ṡ,S N₂ D₂ P M₁ Ṡ,False
shankari,Shankari,shankari,28,HarikaambhOji,S G3 R2 G3 M1 P D2 M1 N2 S,S N2 D2 P M1 G3 R2 S,S G₃ R₂ G₃ M₁ P D₂ M₁ N₂ Ṡ,S N₂ D₂ P M₁ G₃ R₂ Ṡ,False
sharavilambi,Sharavilambi,sharavilambi,28,HarikaambhOji,S G3 M1 P N2 S,S N2 D2 P M1 G3 R2 S,S G₃ M₁ P N₂ Ṡ,S N₂ D₂ P M₁ G₃ R₂ Ṡ,False
shekkal,Shekkal,shekkal,28,HarikaambhOji,S G3 P N2 S,S N2 D2 M1 R2 S,S G₃ P N₂ Ṡ,S N₂ D₂ M₁ R₂ Ṡ,False
shengadu,ShengADu,shengADu,28,HarikaambhOji,S G3 P N2 S,S D2 M1 R2 S,S G₃ P N₂ Ṡ,S D₂ M₁ R₂ Ṡ,False
shenganan,ShengaNAn,shengaNAn,28,HarikaambhOji,S R2 M1 D2 S,S N2 P G3 S,S R₂ M₁ D₂ Ṡ,S N₂ P G₃ Ṡ,False
shenganni,ShengaNNi,shengaNNi,28,HarikaambhOji,S R2 M1 N2 S,S D2 P G3 S,S R₂ M₁ N₂ Ṡ,S D₂ P G₃ Ṡ,False
shengattiri,Shengattiri,shengattiri,28,HarikaambhOji,S G3 M1 N2 S,S D2 M1 R2 S,S G₃ M₁ N₂ Ṡ,S D₂ M₁ R₂ Ṡ,False
shevvazhi,Shevvazhi,shevvazhi,28,HarikaambhOji,S R2 M1 P D2 S,S N2 D2 P M1 G3 R2 S,S R₂ M₁ P D₂ Ṡ,S N₂ D₂ P M₁ G₃ R₂ Ṡ,False
shivacudamani,ShivacUDAmaNI,shivacUDAmaNI,28,HarikaambhOji,S R2 M1 P D2 N2 S,S D2 P G3 S,S R₂ M₁ P D₂ N₂ Ṡ,S D₂ P G₃ Ṡ,False
shivakambhoji,ShivakAmbhOji,shivakAmbhOji,28,HarikaambhOji,S R2 G3 M1 N2 S,S N2 P M1 G3 R2 S,S R₂ G₃ M₁ N₂ Ṡ,S N₂ P M₁ G₃ R₂ Ṡ,False
shivapriya,ShivapriyA,shivapriyA,28,HarikaambhOji,S M1 P D2 N2 S,S N2 P M1 G3 R2 S,S M₁ P D₂ N₂ Ṡ,S N₂ P M₁ G₃ R₂ Ṡ,False
shobhavati,ShObhAvati,shObhAvati,28,HarikaambhOji,S R2 M1 P N2 S,S D2 P M1 G3 R2 S,S R₂ M₁ P N₂ Ṡ,S D₂ P M₁ G₃ R₂ Ṡ,False
shrikala,ShrIkalA,shrIkalA,28,HarikaambhOji,S R2 G3 R2 M1 P N2 S,S N2 D2 P D2 M1 G3 M1 G3 S,S R₂ G₃ R₂ M₁ P N₂ Ṡ,S N₂ D₂ P D₂ M₁ G₃ M₁ G₃ Ṡ,False
shrinatakuranji,ShrInATakuranji,shrInATakuranji,28,HarikaambhOji,S R2 G3 M1 D2 N2 S,S N2 D2 M1 G3 S,S R₂ G₃ M₁ D₂ N₂ Ṡ,S N₂ D₂ M₁ G₃ Ṡ,False
shrisavitri,ShrIsAvitri,shrIsAvitri,28,HarikaambhOji,S G3 M1 P N2 S,S N2 D2 M1 G3 R2 S,S G₃ M₁ P N₂ Ṡ,S N₂ D₂ M₁ G₃ R₂ Ṡ,False
shrishudanapriya,ShrIshUdanapriyA,shrIshUdanapriyA,28,HarikaambhOji,S R2 M1 P N2 S,S D2 P G3 S,S R₂ M₁ P N₂ Ṡ,S D₂ P G₃ Ṡ,False
shrisuraguru,ShrIsuraguru,shrIsuraguru,28,HarikaambhOji,S G3 M1 P D2 N2 S,S D2 P M1 R2 S,S G₃ M₁ P D₂ N₂ Ṡ,S D₂ P M₁ R₂ Ṡ,False
shrisurati,ShrIsuraTi,shrIsuraTi,28,HarikaambhOji,S R2 M1 P N2 S,S N2 D2 P M1 G3 M1 R2 S,S R₂ M₁ P N₂ Ṡ,S N₂ D₂ P M₁ G₃ M₁ R₂ Ṡ,False
shriuzhaimarutam,ShriuzhaimArutam,shriuzhaimArutam,28,HarikaambhOji,S R2 G3 P D2D2 N2 S,S N2 P M1 R2 S,S R₂ G₃ P D2D2 N₂ Ṡ,S N₂ P M₁ R₂ Ṡ,False
shrngi,Shrngi,shrngi,28,HarikaambhOji,S R2 M1 P D2 N2 S,S P M1 G3 R2 S,S R₂ M₁ P D₂ N₂ Ṡ,S P M₁ G₃ R₂ Ṡ,False
shubam,ShUbam,shUbam,28,HarikaambhOji,S R2 M1 P D2 S,S N2 P G3 S,S R₂ M₁ P D₂ Ṡ,S N₂ P G₃ Ṡ,False
shuddanarayani,ShuddanArAyaNi,shuddanArAyaNi,28,HarikaambhOji,S R2 M1 P D2 S,S N2 D2 P M1 R2 S,S R₂ M₁ P D₂ Ṡ,S N₂ D₂ P M₁ R₂ Ṡ,False
shuddhakantam,ShuddhakaNTam,shuddhakaNTam,28,HarikaambhOji,S R2 M1 P N2 S,S D2 P G3 R2 S,S R₂ M₁ P N₂ Ṡ,S D₂ P G₃ R₂ Ṡ,False
shuddhasanchari,ShuddhasanchAri,shuddhasanchAri,28,HarikaambhOji,S R2 G3 M1 P D2 P N2 S,S N2 D2 P M1 G3 M1 R2 S,S R₂ G₃ M₁ P D₂ P N₂ Ṡ,S N₂ D₂ P M₁ G₃ M₁ R₂ Ṡ,False
shuddhatarangini,ShuddhatarangiNi,shuddhatarangiNi,28,HarikaambhOji,S R2 G3 M1 R2 M1 P D2 N2 D2,S N2 D2 P M1 G3 R2 S,S R₂ G₃ M₁ R₂ M₁ P D₂ N₂ D₂,S N₂ D₂ P M₁ G₃ R₂ Ṡ,False
shuddhavarali,ShuddhavarALi,shuddhavarALi,28,HarikaambhOji,S R2 G3 M1 D2 N2 S,S N2 D2 N2 P M1 G3 S,S R₂ G₃ M₁ D₂ N₂ Ṡ,S N₂ D₂ N₂ P M₁ G₃ Ṡ,False
shudu,ShUdu,shUdu,28,HarikaambhOji,S R2 M1 D2 S,S N2 P M1 G3 R2 S,S R₂ M₁ D₂ Ṡ,S N₂ P M₁ G₃ R₂ Ṡ,False
shukaram,ShUkaram,shUkaram,28,HarikaambhOji,S G3 M1 D2 S,S N2 D2 P M1 G3 R2 S,S G₃ M₁ D₂ Ṡ,S N₂ D₂ P M₁ G₃ R₂ Ṡ,False
shulagu,ShuLagu,shuLagu,28,HarikaambhOji,S R2 G3 M1 P D2 N2 S,S N2 P G3 S,S R₂ G₃ M₁ P D₂ N₂ Ṡ,S N₂ P G₃ Ṡ,False
shuli,ShuLi,shuLi,28,HarikaambhOji,S R2 G3 M1 P D2 N2 S,S D2 M1 R2 S,S R₂ G₃ M₁ P D₂ N₂ Ṡ,S D₂ M₁ R₂ Ṡ,False
shulikai,ShuLikai,shuLikai,28,HarikaambhOji,S R2 G3 M1 P D2 N2 S,S D2 P M1 S,S R₂ G₃ M₁ P D₂ N₂ Ṡ,S D₂ P M₁ Ṡ,False
shunacu,ShunAcu,shunAcu,28,HarikaambhOji,S R2 M1 D2 S,S N2 D2 P M1 G3 R2 S,S R₂ M₁ D₂ Ṡ,S N₂ D₂ P M₁ G₃ R₂ Ṡ,False
shuranam,ShuraNam,shuraNam,28,HarikaambhOji,S G3 M1 P S,S N2 D2P M1 G3 R2 S,S G₃ M₁ P Ṡ,S N₂ D2P M₁ G₃ R₂ Ṡ,False
shuraparpan,ShUraparpan,shUraparpan,28,HarikaambhOji,S G3 M1 P N2 S,S D2 M1 R2 S,S G₃ M₁ P N₂ Ṡ,S D₂ M₁ R₂ Ṡ,False
shuravu,Shuravu,shuravu,28,HarikaambhOji,S G3 P D2 S,S N2 D2 P M1 G3 R2 S,S G₃ P D₂ Ṡ,S N₂ D₂ P M₁ G₃ R₂ Ṡ,False
shutamamuni,ShUtamAmuni,shUtamAmuni,28,HarikaambhOji,S R2 G3 P D2 N2 S,S D2 M1 R2 S,S R₂ G₃ P D₂ N₂ Ṡ,S D₂ M₁ R₂ Ṡ,False
shutavam,ShUtavam,shUtavam,28,HarikaambhOji,S G3 P D2 S,S N2 P M1 G3 R2 S,S G₃ P D₂ Ṡ,S N₂ P M₁ G₃ R₂ Ṡ,False
shutavancanam,ShUtavancanam,shUtavancanam,28,HarikaambhOji,S R2 M1 P D2 N2 S,S N2 P G3 S,S R₂ M₁ P D₂ N₂ Ṡ,S N₂ P G₃ Ṡ,False
shuzharai,ShuzhArai,shuzhArai,28,HarikaambhOji,S R2 G3 M1 P D2 N2 S,S N2 P G3 S,S R₂ G₃ M₁ P D₂ N₂ Ṡ,S N₂ P G₃ Ṡ,False
shuzhi,ShUzhi,shUzhi,28,HarikaambhOji,S G3 P D2 S,S N2 P M1 R2 S,S G₃ P D₂ Ṡ,S N₂ P M₁ R₂ Ṡ,False
shvetavananayaki,ShvEtavananAyaki,shvEtavananAyaki,28,HarikaambhOji,S G3 M1 D2 N2 S,S D2 P M1 G3 R2 S,S G₃ M₁ D₂ N₂ Ṡ,S D₂ P M₁ G₃ R₂ Ṡ,False
shyamandolana,ShyAmAndOLana,shyAmAndOLana,28,HarikaambhOji,S R2 M1 D2 N2 P N2 S,S N2 P D2 P M1 G3 R2 S,S R₂ M₁ D₂ N₂ P N₂ Ṡ,S N₂ P D₂ P M₁ G₃ R₂ Ṡ,False
simhavikrama,Simhavikrama,simhavikrama,28,HarikaambhOji,S R2 G3 R2 M1 P D2 P N2 S,S N2 D2 P M1 G3 R2 S,S R₂ G₃ R₂ M₁ P D₂ P N₂ Ṡ,S N₂ D₂ P M₁ G₃ R₂ Ṡ,False
sindhu,Sindhu,sindhu,28,HarikaambhOji,S M1 P D2 S,S N2 D2 M1 P M1 G3 R2 S,S M₁ P D₂ Ṡ,S N₂ D₂ M₁ P M₁ G₃ R₂ Ṡ,False
sindhukannada,SindhukannaDa,sindhukannaDa,28,HarikaambhOji,S M1 G3 M1 R2 G3 M1 P D2 P S,S N2 D2 P M1 G3 R2 S,S M₁ G₃ M₁ R₂ G₃ M₁ P D₂ P Ṡ,S N₂ D₂ P M₁ G₃ R₂ Ṡ,False
sindhukannada,SindhukannaDa,sindhukannaDa,28,HarikaambhOji,S M1 G3 M1 R2 G3 M1 P S,S N2 D2 P M1 G3 R2 S,S M₁ G₃ M₁ R₂ G₃ M₁ P Ṡ,S N₂ D₂ P M₁ G₃ R₂ Ṡ,False
sindhusurati,SindhusuraTi,sindhusuraTi,28,HarikaambhOji,S R2 M1 P N2 S,S N2 D2 P M1 R2 M1 G3 R2 S,S R₂ M₁ P N₂ Ṡ,S N₂ D₂ P M₁ R₂ M₁ G₃ R₂ Ṡ,False
sindhusurati,SindhusuraTi,sindhusuraTi,28,HarikaambhOji,S R2 M1 P N2 SS N2 S,S N2 D2 P M1 R2 M1 G3 R2 S,S R₂ M₁ P N₂ SS N₂ Ṡ,S N₂ D₂ P M₁ R₂ M₁ G₃ R₂ Ṡ,False
socikabharana,SOcikabharaNa,sOcikabharaNa,28,HarikaambhOji,S G3 P N2 S,S N2 D2 P M1 G3 R2 S,S G₃ P N₂ Ṡ,S N₂ D₂ P M₁ G₃ R₂ Ṡ,False
subhosini,SubhOSiNi,subhOSiNi,28,HarikaambhOji,S R2 S M1 P D2 N2 D2 S,S D2 N2 P M1 S,S R₂ Ṡ M₁ P D₂ N₂ D₂ Ṡ,S D₂ N₂ P M₁ Ṡ,False
subhosini,SubhOSiNi,subhOSiNi,28,HarikaambhOji,S R2 S M1 P D2 N2 S,S D2 N2 P M1 R2 M1 S,S R₂ Ṡ M₁ P D₂ N₂ Ṡ,S D₂ N₂ P M₁ R₂ M₁ Ṡ,False
sucikabharanam,SUcikAbharaNam,sUcikAbharaNam,28,HarikaambhOji,S G3 P N2 S,S N2 D2 P M1 G3 R2 S,S G₃ P N₂ Ṡ,S N₂ D₂ P M₁ G₃ R₂ Ṡ,False
sudha,SudhA,sudhA,28,HarikaambhOji,S R2 M1 P D2 S,S N2 D2 P M1 R2 S,S R₂ M₁ P D₂ Ṡ,S N₂ D₂ P M₁ R₂ Ṡ,False
sudhashiran,SudhAshIran,sudhAshIran,28,HarikaambhOji,S G3 M1 P D2 N2 S,S N2 D2 P M1 G3 R2 S,S G₃ M₁ P D₂ N₂ Ṡ,S N₂ D₂ P M₁ G₃ R₂ Ṡ,False
sudhatarangini,SudhAtarangiNi,sudhAtarangiNi,28,HarikaambhOji,S R2 M1 G3 M1 R2 M1 P D2 N2 D2 S,S N2 D2 P M1 G3 R2 S,S R₂ M₁ G₃ M₁ R₂ M₁ P D₂ N₂ D₂ Ṡ,S N₂ D₂ P M₁ G₃ R₂ Ṡ,False
sugandamarutam,SugandamArutam,sugandamArutam,28,HarikaambhOji,S R2 G3 M1 N2 D2 M1 P D2 N2 S,S N2 D2 P M1 G3 P R2 S,S R₂ G₃ M₁ N₂ D₂ M₁ P D₂ N₂ Ṡ,S N₂ D₂ P M₁ G₃ P R₂ Ṡ,False
suksmarupi,SUkSmarUpi,sUkSmarUpi,28,HarikaambhOji,S P M1 R2 G3 M1 D2 S,S N2 D2 P M1 S,S P M₁ R₂ G₃ M₁ D₂ Ṡ,S N₂ D₂ P M₁ Ṡ,False
sumanapriya,SumanapriyA,sumanapriyA,28,HarikaambhOji,S R2 M1 G3 G3 P D2 P S,S D2 P P G3 M1 R2 S,S R₂ M₁ G₃ G₃ P D₂ P Ṡ,S D₂ P P G₃ M₁ R₂ Ṡ,False
sumirti,SumIrti,sumIrti,28,HarikaambhOji,S R2 M1 P D2 N2 S,S D2 P M1 G3 S,S R₂ M₁ P D₂ N₂ Ṡ,S D₂ P M₁ G₃ Ṡ,False
suniti,SunIti,sunIti,28,HarikaambhOji,S G3 M1 P D2 S,S N2 D2 P M1 G3 R2 S,S G₃ M₁ P D₂ Ṡ,S N₂ D₂ P M₁ G₃ R₂ Ṡ,False
suposini,SupOSiNi,supOSiNi,28,HarikaambhOji,S R2 S M1 P N2 D2 S,S D2 N2 P M1 R2 M1 S,S R₂ Ṡ M₁ P N₂ D₂ Ṡ,S D₂ N₂ P M₁ R₂ M₁ Ṡ,False
suprabhedam,SuprabhEdam,suprabhEdam,28,HarikaambhOji,S G3 M1 D2 N2 S,S N2 D2 P M1 G3 R2 S,S G₃ M₁ D₂ N₂ Ṡ,S N₂ D₂ P M₁ G₃ R₂ Ṡ,False
surabhairavi,Surabhairavi,surabhairavi,28,HarikaambhOji,S R2 P M1 P D2 N2 S,S N2 D2 P M1 S,S R₂ P M₁ P D₂ N₂ Ṡ,S N₂ D₂ P M₁ Ṡ,False
surabhipriya,SurabhipriyA,surabhipriyA,28,HarikaambhOji,S R2 G3 P N2 S,S N2 D2 P M1 G3 R2 S,S R₂ G₃ P N₂ Ṡ,S N₂ D₂ P M₁ G₃ R₂ Ṡ,False
surapunnagam,SurapunnAgam,surapunnAgam,28,HarikaambhOji,S R2 G3 P D2 S,S N2 D2 P M1 R2 S,S R₂ G₃ P D₂ Ṡ,S N₂ D₂ P M₁ R₂ Ṡ,False
surati,SuraTi,suraTi,28,HarikaambhOji,N2 S R2 M1 P N2 S,S N2 D2 P M1 G3 R2 S,N₂ Ṡ R₂ M₁ P N₂ Ṡ,S N₂ D₂ P M₁ G₃ R₂ Ṡ,False
surati,SuraTi,suraTi,28,HarikaambhOji,S R2 G3 M1 P N2 N2 S,S N2 D2 P M1 G3 R2 S,S R₂ G₃ M₁ P N₂ N₂ Ṡ,S N₂ D₂ P M₁ G₃ R₂ Ṡ,False
surati,SuraTi,suraTi,28,HarikaambhOji,S R2 M1 P D2 N2 S,S N2 D2 P M1 G3 R2 S,S R₂ M₁ P D₂ N₂ Ṡ,S N₂ D₂ P M₁ G₃ R₂ Ṡ,False
surati,SuraTi,suraTi,28,HarikaambhOji,S R2 M1 P N2 D2 N2 S,S N2 D2 P M1 G3 P M1 R2 S,S R₂ M₁ P N₂ D₂ N₂ Ṡ,S N₂ D₂ P M₁ G₃ P M₁ R₂ Ṡ,False
surati,SuraTi,suraTi,28,HarikaambhOji,S R2 M1 P N2 S N2 D2 N2 S,S N2 D2 P M1 G3 P M1 R2 S,S R₂ M₁ P N₂ Ṡ N₂ D₂ N₂ Ṡ,S N₂ D₂ P M₁ G₃ P M₁ R₂ Ṡ,False
surati,SuraTi,suraTi,28,HarikaambhOji,S R2 M1 P N2 S,S N2 D2 P M1 G3 P M1 R2 S,S R₂ M₁ P N₂ Ṡ,S N₂ D₂ P M₁ G₃ P M₁ R₂ Ṡ,False
surati,SuraTi,suraTi,28,HarikaambhOji,S R2 M1 P N2 S,S N2 D2 P M1 G3 R2 S,S R₂ M₁ P N₂ Ṡ,S N₂ D₂ P M₁ G₃ R₂ Ṡ,False
surati,SuraTi,suraTi,28,HarikaambhOji,S R2 M1 P N2 S,S N2 D2 P M1 R2 S,S R₂ M₁ P N₂ Ṡ,S N₂ D₂ P M₁ R₂ Ṡ,False
suryapiravai,SUryapiravai,sUryapiravai,28,HarikaambhOji,S G3 M1 P D2 S,S N2 P R2 S,S G₃ M₁ P D₂ Ṡ,S N₂ P R₂ Ṡ,False
suvarnadipika,SuvarNadIpikA,suvarNadIpikA,28,HarikaambhOji,S G3 M1 P D2 N2 S,S N2 D2 N2 P M1 R2 G3 R2 S,S G₃ M₁ P D₂ N₂ Ṡ,S N₂ D₂ N₂ P M₁ R₂ G₃ R₂ Ṡ,False
suvarnakriya,SuvarNakriyA,suvarNakriyA,28,HarikaambhOji,S G3 M1 P D2 N2 S,S N2 P G3 R2 S,S G₃ M₁ P D₂ N₂ Ṡ,S N₂ P G₃ R₂ Ṡ,False
svaracintamani,SvaracintAmaNi,svaracintAmaNi,28,HarikaambhOji,S R2 G3 M1 P D2 N2 P S,S N2 D2 P M1 R2 S,S R₂ G₃ M₁ P D₂ N₂ P Ṡ,S N₂ D₂ P M₁ R₂ Ṡ,False
svaracintamani,SvaracintAmaNi,svaracintAmaNi,28,HarikaambhOji,S R2 G3 M1 P N2 D2 N2 P S,S N2 D2 P M1 R2 S,S R₂ G₃ M₁ P N₂ D₂ N₂ P Ṡ,S N₂ D₂ P M₁ R₂ Ṡ,False
svaravali,SvarAvaLi,svarAvaLi,28,HarikaambhOji,S G3 M1 P N2 D2 N2 S,S N2 D2 P M1 G3 R2 S,S G₃ M₁ P N₂ D₂ N₂ Ṡ,S N₂ D₂ P M₁ G₃ R₂ Ṡ,False
svaravali,SvarAvaLi,svarAvaLi,28,HarikaambhOji,S G3 M1 P N2 D2 N2 S,S N2 P D2 M1 G3 R2 S,S G₃ M₁ P N₂ D₂ N₂ Ṡ,S N₂ P D₂ M₁ G₃ R₂ Ṡ,False
svaravali,SvarAvaLi,svarAvaLi,28,HarikaambhOji,S M1 G3 M1 P N2 D2 N2 S,S N2 D2 M1 G3 R2 G3 R2 S,S M₁ G₃ M₁ P N₂ D₂ N₂ Ṡ,S N₂ D₂ M₁ G₃ R₂ G₃ R₂ Ṡ,False
svaravali,SvarAvaLi,svarAvaLi,28,HarikaambhOji,S M1 G3 M1 P N2 D2 N2 S,S N2 P D2 M1 G3 R2 S,S M₁ G₃ M₁ P N₂ D₂ N₂ Ṡ,S N₂ P D₂ M₁ G₃ R₂ Ṡ,False
svaravali,SvarAvaLi,svarAvaLi,28,HarikaambhOji,S M1 G3 M1 P N2 D2 N2 S,S N2 P M1 G3 R2 G3 R2 S,S M₁ G₃ M₁ P N₂ D₂ N₂ Ṡ,S N₂ P M₁ G₃ R₂ G₃ R₂ Ṡ,False
svaravedi,SvaravEdi,svaravEdi,28,HarikaambhOji,S M1 G3 M1 P N2 D2 N2 S,S N2 D2 N2 P M1 G3,S M₁ G₃ M₁ P N₂ D₂ N₂ Ṡ,S N₂ D₂ N₂ P M₁ G₃,False
svarnakriya,SvarNakriyA,svarNakriyA,28,HarikaambhOji,S R2 G3 P D2 N2 S,S N2 P G3 R2 S,S R₂ G₃ P D₂ N₂ Ṡ,S N₂ P G₃ R₂ Ṡ,False
svati,SvAti,svAti,28,HarikaambhOji,S R2 G3 P N2 S,S N2 D2 M1 G3 R2 S,S R₂ G₃ P N₂ Ṡ,S N₂ D₂ M₁ G₃ R₂ Ṡ,False
svatugatti,SvAtugatti,svAtugatti,28,HarikaambhOji,S R2 M1 D2 N2 S,S N2 D2 P M1 G3 S,S R₂ M₁ D₂ N₂ Ṡ,S N₂ D₂ P M₁ G₃ Ṡ,False
takka,Takka,Takka,28,HarikaambhOji,S R2 G3 M1 P D2 S,S N2 D2 P M1 G3 R2 S,S R₂ G₃ M₁ P D₂ Ṡ,S N₂ D₂ P M₁ G₃ R₂ Ṡ,False
takkesi,TakkEsi,takkEsi,28,HarikaambhOji,S R2 G3 M1 P D2 S,S N2 D2 P M1 G3 R2 S,S R₂ G₃ M₁ P D₂ Ṡ,S N₂ D₂ P M₁ G₃ R₂ Ṡ,False
tandavapriya,TANDavapriyA,tANDavapriyA,28,HarikaambhOji,S R2 G3 M1 P N2 D2 N2 S,S N2 P D2 N2 P M1 G3 M1 R2 G3 M1 S,S R₂ G₃ M₁ P N₂ D₂ N₂ Ṡ,S N₂ P D₂ N₂ P M₁ G₃ M₁ R₂ G₃ M₁ Ṡ,False
tarangini,TarangiNi,tarangiNi,28,HarikaambhOji,S R2 M1 G3 M1 P N2 D2 D2 S,S N2 D2 P M1 G3 R2 S,S R₂ M₁ G₃ M₁ P N₂ D₂ D₂ Ṡ,S N₂ D₂ P M₁ G₃ R₂ Ṡ,False
tayalakhamas,TayalakhamAS,tayalakhamAS,28,HarikaambhOji,S M1 G3 M1 P D2 N2 S N2 S,S N2 D2 P M1 G3 R2 G3 S,S M₁ G₃ M₁ P D₂ N₂ Ṡ N₂ Ṡ,S N₂ D₂ P M₁ G₃ R₂ G₃ Ṡ,False
tilang,Tilang,tilang,28,HarikaambhOji,S G3 M1 P N2 S,S N2 P M1 G3 S,S G₃ M₁ P N₂ Ṡ,S N₂ P M₁ G₃ Ṡ,False
tirukandan,Tirukandan,tirukandan,28,HarikaambhOji,S G3 P D2 N2 S,S N2 D2 P G3 S,S G₃ P D₂ N₂ Ṡ,S N₂ D₂ P G₃ Ṡ,False
tranashobhi,TrANashObhi,trANashObhi,28,HarikaambhOji,S R2 M1 P D2 N2 S,S N2 D2 N2 P M1 G3 S,S R₂ M₁ P D₂ N₂ Ṡ,S N₂ D₂ N₂ P M₁ G₃ Ṡ,False
tyagan,TyAgan,tyAgan,28,HarikaambhOji,S G3 M1 N2 S,S D2 P M1 G3 R2 S,S G₃ M₁ N₂ Ṡ,S D₂ P M₁ G₃ R₂ Ṡ,False
umabharana,UmAbharaNa,umAbharaNa,28,HarikaambhOji,S R2 G3 M1 P D2 N2 S,S N2 P M1 R2 G3 M1 R2 S,S R₂ G₃ M₁ P D₂ N₂ Ṡ,S N₂ P M₁ R₂ G₃ M₁ R₂ Ṡ,False
umabharana,UmAbharaNa,umAbharaNa,28,HarikaambhOji,S R2 G3 M1 P D2 N2 S,S N2 P M1 R2 S,S R₂ G₃ M₁ P D₂ N₂ Ṡ,S N₂ P M₁ R₂ Ṡ,False
umabharana,UmAbharaNa,umAbharaNa,28,HarikaambhOji,S R2 G3 M1 P D2 N2,S N2 P M1 R2 G3 M1 R2 S,S R₂ G₃ M₁ P D₂ N₂,S N₂ P M₁ R₂ G₃ M₁ R₂ Ṡ,False
uzhaimarutam,UzhaimArutam,uzhaimArutam,28,HarikaambhOji,S R2 G3 M1 P D2 N2 S,S N2 D2 N2 D2 P M1 P G3 M1,S R₂ G₃ M₁ P D₂ N₂ Ṡ,S N₂ D₂ N₂ D₂ P M₁ P G₃ M₁,False
vagvilasita,VAgvilasita,vAgvilasita,28,HarikaambhOji,S G3 R2 G3 M1 P D2 N2 S,S N2 D2 P M1 G3 M1 R2 S,S G₃ R₂ G₃ M₁ P D₂ N₂ Ṡ,S N₂ D₂ P M₁ G₃ M₁ R₂ Ṡ,False
valaji,Valaji,valaji,28,HarikaambhOji,S G3 P D2 N2 S,S N2 D2 P G3 S,S G₃ P D₂ N₂ Ṡ,S N₂ D₂ P G₃ Ṡ,False
varavarnani,VaravarNani,varavarNani,28,HarikaambhOji,S R2 G3 M1 D2 N2 S,S N2 D2 M1 G3 R2 S,S R₂ G₃ M₁ D₂ N₂ Ṡ,S N₂ D₂ M₁ G₃ R₂ Ṡ,False
varnadhvaja,VarNadhvaja,varNadhvaja,28,HarikaambhOji,S R2 M1 P D2 S,S N2 P D2 P M1 G3 R2 M1 G3 S,S R₂ M₁ P D₂ Ṡ,S N₂ P D₂ P M₁ G₃ R₂ M₁ G₃ Ṡ,False
varnadipika,VarNadIpika,varNadIpika,28,HarikaambhOji,S G3 M1 P D2 N2 S,S N2 D2 N2 P M1 R2 G3 M1 R2,S G₃ M₁ P D₂ N₂ Ṡ,S N₂ D₂ N₂ P M₁ R₂ G₃ M₁ R₂,False
varnakurinji,VarNakurinji,varNakurinji,28,HarikaambhOji,S R2 G3 R2 P D2 N2 S,S N2 D2 P M1 G3 R2 S,S R₂ G₃ R₂ P D₂ N₂ Ṡ,S N₂ D₂ P M₁ G₃ R₂ Ṡ,False
vasantaghanta,VasantaghaNTa,vasantaghaNTa,28,HarikaambhOji,S G3 R2 G3 M1 P N2 D2 N2 S,S N2 D2 M1 G3 R2 G3 S,S G₃ R₂ G₃ M₁ P N₂ D₂ N₂ Ṡ,S N₂ D₂ M₁ G₃ R₂ G₃ Ṡ,False
vedaghosapriya,VEdaghOSapriyA,vEdaghOSapriyA,28,HarikaambhOji,D2 N2 S R2 G3 M1 P D2,D2 P M1 G3 R2 G3 S N2 D2 N2 S,D₂ N₂ Ṡ R₂ G₃ M₁ P D₂,D₂ P M₁ G₃ R₂ G₃ Ṡ N₂ D₂ N₂ Ṡ,False
vedaghosapriya,VEdaghOSapriyA,vEdaghOSapriyA,28,HarikaambhOji,D2 N2 S R2 G3 M1,P M1 G3 R2 S N2 D2 N2 P,D₂ N₂ Ṡ R₂ G₃ M₁,P M₁ G₃ R₂ Ṡ N₂ D₂ N₂ P,False
vedaghosapriya,VEdaghOSapriyA,vEdaghOSapriyA,28,HarikaambhOji,N2 D2 N2 S R2 G3 M1,P M1 G3 R2 S N2 D2 N2 P,N₂ D₂ N₂ Ṡ R₂ G₃ M₁,P M₁ G₃ R₂ Ṡ N₂ D₂ N₂ P,False
vidasandohini,VidasandOhini,vidasandOhini,28,HarikaambhOji,S R2 G3 M1 P N2 D2 S,S N2 D2 P M1 R2 S,S R₂ G₃ M₁ P N₂ D₂ Ṡ,S N₂ D₂ P M₁ R₂ Ṡ,False
vijayavardhini,Vijayavardhini,vijayavardhini,28,HarikaambhOji,S R2 G3 M1 P D2 N2 S,S N2 D2 M1 G3 M1 S,S R₂ G₃ M₁ P D₂ N₂ Ṡ,S N₂ D₂ M₁ G₃ M₁ Ṡ,False
vijikalita,Vijikalita,vijikalita,28,HarikaambhOji,S G3 R2 M1 G3 R2 P D2 N2 S,S N2 D2 P M1 G3 S R2 S,S G₃ R₂ M₁ G₃ R₂ P D₂ N₂ Ṡ,S N₂ D₂ P M₁ G₃ Ṡ R₂ Ṡ,False
vinavadini,VINAvAdini,vINAvAdini,28,HarikaambhOji,S R2 G3 P N2 S,S N2 P G3 R2 S,S R₂ G₃ P N₂ Ṡ,S N₂ P G₃ R₂ Ṡ,False
vivardhani,Vivardhani,vivardhani,28,HarikaambhOji,S R2 M1 P S,S N2 D2 P M1 G3 R2 S,S R₂ M₁ P Ṡ,S N₂ D₂ P M₁ G₃ R₂ Ṡ,False
yadavanayakan,YAdavanAyakan,yAdavanAyakan,28,HarikaambhOji,S R2 G3 M1 P D2 N2 S,S D2 P M1 R2 S,S R₂ G₃ M₁ P D₂ N₂ Ṡ,S D₂ P M₁ R₂ Ṡ,False
yadukulakambhoji,YadukulakAmbhOji,yadukulakAmbhOji,28,HarikaambhOji,S R2 M1 P D2 N2 D2 P D2 S,S N2 D2 P M1 G3 R2 S,S R₂ M₁ P D₂ N₂ D₂ P D₂ Ṡ,S N₂ D₂ P M₁ G₃ R₂ Ṡ,False
yadukulakambhoji,YadukulakAmbhOji,yadukulakAmbhOji,28,HarikaambhOji,S R2 M1 P D2 S,S N2 D2 P M1 G3 R2 S,S R₂ M₁ P D₂ Ṡ,S N₂ D₂ P M₁ G₃ R₂ Ṡ,False
yuvaratna,Yuvaratna,yuvaratna,28,HarikaambhOji,S R2 G3 M1 P M1 D2 N2 P D2 N2 S,S N2 D2 P M1 R2 G3 M1 R2 S,S R₂ G₃ M₁ P M₁ D₂ N₂ P D₂ N₂ Ṡ,S N₂ D₂ P M₁ R₂ G₃ M₁ R₂ Ṡ,False
yuvaratnikam,Yuvaratnikam,yuvaratnikam,28,HarikaambhOji,S R2 G3 M1 P M1 D2 N2 P D2 N2 S,S N2 D2 P M1 R2 G3 M1 R2 S,S R₂ G₃ M₁ P M₁ D₂ N₂ P D₂ N₂ Ṡ,S N₂ D₂ P M₁ R₂ G₃ M₁ R₂ Ṡ,False
ahirinata,AhirinATa,AhirinATa,29,Dheera,S M1 G3 M1 P D2 N3 S,S N3 D2 N3 P G3 M1 M1 G3 S,S M₁ G₃ M₁ P D₂ N₃ Ṡ,S N₃ D₂ N₃ P G₃ M₁ M₁ G₃ Ṡ,False
ahirinata,AhirinATa,AhirinATa,29,Dheera,S M1 G3 M1 P D2 N3 S,S N3 D2 P M1 G3 S,S M₁ G₃ M₁ P D₂ N₃ Ṡ,S N₃ D₂ P M₁ G₃ Ṡ,False
ahirinata,AhirinATa,AhirinATa,29,Dheera,S M1 G3 M1 P D2 N3 S,S N3 D2 P N3 P G3 M1 G3 S,S M₁ G₃ M₁ P D₂ N₃ Ṡ,S N₃ D₂ P N₃ P G₃ M₁ G₃ Ṡ,False
ahirinata,AhirinATa,AhirinATa,29,Dheera,S M1 G3 M1 P D2 N3 S,S N3 P D2 N3 P G3 M1 S,S M₁ G₃ M₁ P D₂ N₃ Ṡ,S N₃ P D₂ N₃ P G₃ M₁ Ṡ,False
amrtalahari,Amrtalahari,amrtalahari,29,Dheera,S G3 R2 M1 P N3 S,S N3 D2 P M1 G3 R2 S,S G₃ R₂ M₁ P N₃ Ṡ,S N₃ D₂ P M₁ G₃ R₂ Ṡ,False
anandalahari,Anandalahari,Anandalahari,29,Dheera,S R2 G3 M1 P D2 N3 P S,S N3 P M1 G3 R2 S,S R₂ G₃ M₁ P D₂ N₃ P Ṡ,S N₃ P M₁ G₃ R₂ Ṡ,False
anandamukhi,Anandamukhi,Anandamukhi,29,Dheera,S M1 G3 M1 P D2 N3 P S,S N3 D2 P M1 G3 R2 S,S M₁ G₃ M₁ P D₂ N₃ P Ṡ,S N₃ D₂ P M₁ G₃ R₂ Ṡ,False
anandarupa,AnandarUpa,AnandarUpa,29,Dheera,S R2 G3 P D2 N3 S,S N3 D2 P G3 R2 S,S R₂ G₃ P D₂ N₃ Ṡ,S N₃ D₂ P G₃ R₂ Ṡ,False
andalikurainji,AndALikurainji,AndALikurainji,29,Dheera,S R2 M1 P D2 S,S D2 P M1 G3 R2 S,S R₂ M₁ P D₂ Ṡ,S D₂ P M₁ G₃ R₂ Ṡ,False
arabhi,Arabhi,Arabhi,29,Dheera,S R2 M1 P D2 N3 S,S N3 P D2 P M1 G3 R2 S,S R₂ M₁ P D₂ N₃ Ṡ,S N₃ P D₂ P M₁ G₃ R₂ Ṡ,False
arabhi,Arabhi,Arabhi,29,Dheera,S R2 M1 P D2 S,S N3 D2 P M1 G3 R2 S,S R₂ M₁ P D₂ Ṡ,S N₃ D₂ P M₁ G₃ R₂ Ṡ,False
asambada,AsambAda,asambAda,29,Dheera,S R2 S M1 P D2 N3 D2 S,S N3 D2 P M1 G3 S R2 S,S R₂ Ṡ M₁ P D₂ N₃ D₂ Ṡ,S N₃ D₂ P M₁ G₃ Ṡ R₂ Ṡ,False
athana,AThANA,aThANA,29,Dheera,S R2 M1 P N3 S,S N3 D2 P M1 G3 R2 S,S R₂ M₁ P N₃ Ṡ,S N₃ D₂ P M₁ G₃ R₂ Ṡ,False
balamanjari,BAlamanjari,bAlamanjari,29,Dheera,S G3 M1 D2 S,S N3 D2 M1 P M1 G3 R2 S,S G₃ M₁ D₂ Ṡ,S N₃ D₂ M₁ P M₁ G₃ R₂ Ṡ,False
bandhu,Bandhu,bandhu,29,Dheera,S R2 G3 R2 M1 P S,S N3 D2 P N3 D2 M1 G3 R2 S,S R₂ G₃ R₂ M₁ P Ṡ,S N₃ D₂ P N₃ D₂ M₁ G₃ R₂ Ṡ,False
bangala,BangALa,bangALa,29,Dheera,S R2 G3 M1 N3 P S,S N3 P M1 R2 G3 R2 S,S R₂ G₃ M₁ N₃ P Ṡ,S N₃ P M₁ R₂ G₃ R₂ Ṡ,False
begada,BEgaDa,bEgaDa,29,Dheera,S G3 R2 G3 M1 P D2 N3 D2 P,S N3 D2 P M1 G3 R2 S,S G₃ R₂ G₃ M₁ P D₂ N₃ D₂ P,S N₃ D₂ P M₁ G₃ R₂ Ṡ,False
begada,BEgaDa,bEgaDa,29,Dheera,S G3 R2 G3 M1 P D2 P S,S N3 D2 P M1 G3 R2 S,S G₃ R₂ G₃ M₁ P D₂ P Ṡ,S N₃ D₂ P M₁ G₃ R₂ Ṡ,False
begadasaranga,BEgaDasAranga,bEgaDasAranga,29,Dheera,S P M1 P D2 P N3 R2 S,S P D2 M1 P D2 P G3 M1 R2,S P M₁ P D₂ P N₃ R₂ Ṡ,S P D₂ M₁ P D₂ P G₃ M₁ R₂,False
behag,BehAg,behAg,29,Dheera,S G3 M1 P N3 D2 N3 S,S N3 D2 P M1 G3 R2 S,S G₃ M₁ P N₃ D₂ N₃ Ṡ,S N₃ D₂ P M₁ G₃ R₂ Ṡ,False
p,P,P,29,Dheera,D2 N3 S,S N3 D2 P M1,D₂ N₃ Ṡ,S N₃ D₂ P M₁,False
bhadragandhari,BhadragAndhAri,bhadragAndhAri,29,Dheera,S R2 M1 P N3 S,S N3 D2 M1 G3 R2 S,S R₂ M₁ P N₃ Ṡ,S N₃ D₂ M₁ G₃ R₂ Ṡ,False
bhadragandhari,BhadragAndhAri,bhadragAndhAri,29,Dheera,S R2 M1 P N3 S,S N3 D2 M1 R2 G3 S,S R₂ M₁ P N₃ Ṡ,S N₃ D₂ M₁ R₂ G₃ Ṡ,False
bhanuta,BhAnuta,bhAnuta,29,Dheera,S M1 G3 M1 P D2 N3 S,S D2 P M1 G3 R2 S,S M₁ G₃ M₁ P D₂ N₃ Ṡ,S D₂ P M₁ G₃ R₂ Ṡ,False
bhavabharanam,BhavabharaNam,bhavabharaNam,29,Dheera,S R2 G3 M1 D2 N3 S,S N3 D2 M1 G3 R2 S,S R₂ G₃ M₁ D₂ N₃ Ṡ,S N₃ D₂ M₁ G₃ R₂ Ṡ,False
bhavabharanam,BhavabharaNam,bhavabharaNam,29,Dheera,S R2 M1 G3 D2 N3 S,S N3 D2 M1 G3 R2 S,S R₂ M₁ G₃ D₂ N₃ Ṡ,S N₃ D₂ M₁ G₃ R₂ Ṡ,False
bhavabharanam,BhAvabharaNam,bhAvabharaNam,29,Dheera,S R2 P D2 N3 S,S N3 D2 M1 G3 R2 S,S R₂ P D₂ N₃ Ṡ,S N₃ D₂ M₁ G₃ R₂ Ṡ,False
bhinnavikramam,Bhinnavikramam,bhinnavikramam,29,Dheera,S G3 M1 P D2 S,S N3 D2 P R2 S,S G₃ M₁ P D₂ Ṡ,S N₃ D₂ P R₂ Ṡ,False
bhinnavikramam,Bhinnavikramam,bhinnavikramam,29,Dheera,S R2 G3 M1 D2 S,S N3 D2 P R2 S,S R₂ G₃ M₁ D₂ Ṡ,S N₃ D₂ P R₂ Ṡ,False
bhital,BhItal,bhItal,29,Dheera,S G3 R2 G3 R2 M1 P M1 D2 N3 D2 P N3 S,S N3 D2 P M1 G3 R2 S,S G₃ R₂ G₃ R₂ M₁ P M₁ D₂ N₃ D₂ P N₃ Ṡ,S N₃ D₂ P M₁ G₃ R₂ Ṡ,False
bhital,BhItal,bhItal,29,Dheera,S G3 R2 M1 P N3 D2 P N3 S,S N3 D2 P M1 G3 R2 S,S G₃ R₂ M₁ P N₃ D₂ P N₃ Ṡ,S N₃ D₂ P M₁ G₃ R₂ Ṡ,False
bhupkalyan,BhUpkalyAN,bhUpkalyAN,29,Dheera,S R2 G3 P D2 S,S N3 D2 P M1 G3 R2 S,S R₂ G₃ P D₂ Ṡ,S N₃ D₂ P M₁ G₃ R₂ Ṡ,False
bhuvanasundari,Bhuvanasundari,bhuvanasundari,29,Dheera,S R2 G3 M1 N3 S,S N3 D2 P M1 G3 R2 S,S R₂ G₃ M₁ N₃ Ṡ,S N₃ D₂ P M₁ G₃ R₂ Ṡ,False
bidal,Bidal,bidal,29,Dheera,S G3 R2 G3 R2 M1 P M1 D2 R2 D2 P N3 S,S N3 D2 P M1 G3 R2 S,S G₃ R₂ G₃ R₂ M₁ P M₁ D₂ R₂ D₂ P N₃ Ṡ,S N₃ D₂ P M₁ G₃ R₂ Ṡ,False
bidal,Bidal,bidal,29,Dheera,S R2 G3 R2 G3 R2 M1 P M1 D2 N3 D2 P N3 S,S N3 D2 P M1 G3 S,S R₂ G₃ R₂ G₃ R₂ M₁ P M₁ D₂ N₃ D₂ P N₃ Ṡ,S N₃ D₂ P M₁ G₃ Ṡ,False
bilahari,Bilahari,bilahari,29,Dheera,S R2 G3 P D2 S,S N3 D2 P M1 G3 R2 S,S R₂ G₃ P D₂ Ṡ,S N₃ D₂ P M₁ G₃ R₂ Ṡ,False
bilahari,Bilahari,bilahari,29,Dheera,S R2 M1 G3 P D2 S,S N3 D2 P M1 G3 R2 S,S R₂ M₁ G₃ P D₂ Ṡ,S N₃ D₂ P M₁ G₃ R₂ Ṡ,False
binavikriam,Binavikriam,binavikriam,29,Dheera,S R2 G3 M1 P D2 S,S N3 D2 P R2 S,S R₂ G₃ M₁ P D₂ Ṡ,S N₃ D₂ P R₂ Ṡ,False
biyandigandharam,BiyaNDigAndhAram,biyaNDigAndhAram,29,Dheera,P D2 N3 S R2 G3 M1 P,P M1 G3 R2 S N3 D2 P,P D₂ N₃ Ṡ R₂ G₃ M₁ P,P M₁ G₃ R₂ Ṡ N₃ D₂ P,False
budhamanohari,BudhamanOhari,budhamanOhari,29,Dheera,S R2 G3 M1 G3 P S,S P M1 G3 R2 S,S R₂ G₃ M₁ G₃ P Ṡ,S P M₁ G₃ R₂ Ṡ,False
budhamanohari,BudhamanOhari,budhamanOhari,29,Dheera,S R2 G3 M1 S G3 P S,S P M1 G3 R2 S,S R₂ G₃ M₁ Ṡ G₃ P Ṡ,S P M₁ G₃ R₂ Ṡ,False
budharanjani,Budharanjani,budharanjani,29,Dheera,S R2 G3 M1 P S,S N3 P M1 G3 M1 R2 S,S R₂ G₃ M₁ P Ṡ,S N₃ P M₁ G₃ M₁ R₂ Ṡ,False
byag,ByAg,byAg,29,Dheera,S R2 G3 M1 S G3 M1 P N3 S,S N3 P D2 N3 D2 P M1 G3 R2 S,S R₂ G₃ M₁ Ṡ G₃ M₁ P N₃ Ṡ,S N₃ P D₂ N₃ D₂ P M₁ G₃ R₂ Ṡ,False
candracuda,CandracUDa,candracUDa,29,Dheera,S G3 M1 P D2 N3 S,S N3 D2 P M1 D2 N3 S,S G₃ M₁ P D₂ N₃ Ṡ,S N₃ D₂ P M₁ D₂ N₃ Ṡ,False
candrakauns,Candrakauns,candrakauns,29,Dheera,S G3 M1 D2 N3 S,S N3 D2 M1 G3 S,S G₃ M₁ D₂ N₃ Ṡ,S N₃ D₂ M₁ G₃ Ṡ,False
candrakaushikam,Candrakaushikam,candrakaushikam,29,Dheera,S R2 G3 M1 P M1 D2 N3 S,S D2 P M1 G3 S,S R₂ G₃ M₁ P M₁ D₂ N₃ Ṡ,S D₂ P M₁ G₃ Ṡ,False
candravadana,Candravadana,candravadana,29,Dheera,S N3 S R2 G3 M1 P N3 S,S N3 D2 P M1 G3 R2 S,S N₃ Ṡ R₂ G₃ M₁ P N₃ Ṡ,S N₃ D₂ P M₁ G₃ R₂ Ṡ,False
candrika,CandrikA,candrikA,29,Dheera,S R2 G3 M1 P D2 P S,S N3 P D2 P M1 G3 R2 S,S R₂ G₃ M₁ P D₂ P Ṡ,S N₃ P D₂ P M₁ G₃ R₂ Ṡ,False
caravibhasini,CaravibhASiNi,caravibhASiNi,29,Dheera,S R2 M1 P M1 N3 D2 N3 S,S N3 P G3 R2 S,S R₂ M₁ P M₁ N₃ D₂ N₃ Ṡ,S N₃ P G₃ R₂ Ṡ,False
caturamba,CaturambA,caturambA,29,Dheera,S R2 G3 M1 D2 P D2 N3 S,S N3 D2 P D2 M1 G3 R2 G3 S,S R₂ G₃ M₁ D₂ P D₂ N₃ Ṡ,S N₃ D₂ P D₂ M₁ G₃ R₂ G₃ Ṡ,False
caturamba,CaturambA,caturambA,29,Dheera,S R2 G3 M1 P D2 N3 S,S N3 D2 P D2 M1 G3 R2 G3 S,S R₂ G₃ M₁ P D₂ N₃ Ṡ,S N₃ D₂ P D₂ M₁ G₃ R₂ G₃ Ṡ,False
cencukambhoji,CencukAmbhOji,cencukAmbhOji,29,Dheera,S G3 R2 G3 M1 P M1 D2 N3 P N3 D2 N3 S,S N3 P M1 G3 R2 S,S G₃ R₂ G₃ M₁ P M₁ D₂ N₃ P N₃ D₂ N₃ Ṡ,S N₃ P M₁ G₃ R₂ Ṡ,False
chaya,ChAyA,chAyA,29,Dheera,S P M1 P D2 P N3 R2 S,S D2 P M1 P D2 P M1 G3 R2 S,S P M₁ P D₂ P N₃ R₂ Ṡ,S D₂ P M₁ P D₂ P M₁ G₃ R₂ Ṡ,False
chayarudra,ChAyArudra,chAyArudra,29,Dheera,S R2 M1 P M1 D2 N3 S,S D2 P M1 G3 R2 S,S R₂ M₁ P M₁ D₂ N₃ Ṡ,S D₂ P M₁ G₃ R₂ Ṡ,False
chayarudra,ChAyArudra,chAyArudra,29,Dheera,S R2 M1 P M1 D2 N3 S,S N3 D2 P M1 G3 R2 S,S R₂ M₁ P M₁ D₂ N₃ Ṡ,S N₃ D₂ P M₁ G₃ R₂ Ṡ,False
chayashankarabharana,ChAyAshankarAbharaNa,chAyAshankarAbharaNa,29,Dheera,S R2 M1 P D2 N3 S,S N3 D2 P M1 R2 S,S R₂ M₁ P D₂ N₃ Ṡ,S N₃ D₂ P M₁ R₂ Ṡ,False
cittamohini,CittamOhini,cittamOhini,29,Dheera,S R2 G3 M1 P D2 N3 S,S N3 P M1 R2 S,S R₂ G₃ M₁ P D₂ N₃ Ṡ,S N₃ P M₁ R₂ Ṡ,False
cudamani,CUDAmaNi,cUDAmaNi,29,Dheera,S R2 G3 M1 P D2 N3 S,S P N3 D2 M1 G3 S,S R₂ G₃ M₁ P D₂ N₃ Ṡ,S P N₃ D₂ M₁ G₃ Ṡ,False
dadyomati,DadyOmati,dadyOmati,29,Dheera,S R2 G3 R2 M1 G3 M1 P D2 N3 S,S N3 P M1 G3 R2 S,S R₂ G₃ R₂ M₁ G₃ M₁ P D₂ N₃ Ṡ,S N₃ P M₁ G₃ R₂ Ṡ,False
daka,DAka,dAka,29,Dheera,S G3 M1 D2 N3 S,S N3 D2 M1 G3 S,S G₃ M₁ D₂ N₃ Ṡ,S N₃ D₂ M₁ G₃ Ṡ,False
daksayani,DAkSAyaNi,dAkSAyaNi,29,Dheera,S R2 G3 M1 N3 D2 M1 P D2 N3 S,S N3 D2 P M1 G3 R2 S,S R₂ G₃ M₁ N₃ D₂ M₁ P D₂ N₃ Ṡ,S N₃ D₂ P M₁ G₃ R₂ Ṡ,False
dandapani,DaNDapANi,daNDapANi,29,Dheera,S R2 M1 P N3 S,S N3 D2 M1 R2 S,S R₂ M₁ P N₃ Ṡ,S N₃ D₂ M₁ R₂ Ṡ,False
darbar,DarbAr,darbAr,29,Dheera,S R2 M1 P D2 N3 S,S N3 D2 P M1 G3 R2 S,S R₂ M₁ P D₂ N₃ Ṡ,S N₃ D₂ P M₁ G₃ R₂ Ṡ,False
darbar,DarbAr,darbAr,29,Dheera,S R2 M1 P N3 S,S N3 D2 P M1 G3 M1 R2 S,S R₂ M₁ P N₃ Ṡ,S N₃ D₂ P M₁ G₃ M₁ R₂ Ṡ,False
darbar,DarbAr,darbAr,29,Dheera,S R2 M1 P N3 S,S N3 D2 P M1 G3 R2 S,S R₂ M₁ P N₃ Ṡ,S N₃ D₂ P M₁ G₃ R₂ Ṡ,False
darbhakolila,DarbhakolIlA,darbhakolIlA,29,Dheera,S R2 M1 P D2 N3 S,S D2 P G3 M1 R2 S,S R₂ M₁ P D₂ N₃ Ṡ,S D₂ P G₃ M₁ R₂ Ṡ,False
deshaksi,DEshAkSi,dEshAkSi,29,Dheera,S R2 M1 P D2 N3 S,S N3 D2 P M1 G3 R2 S,S R₂ M₁ P D₂ N₃ Ṡ,S N₃ D₂ P M₁ G₃ R₂ Ṡ,False
devagandhari,DEvagAndhAri,dEvagAndhAri,29,Dheera,S R2 G3 M1 G3 R2 M1 P D2 S N3 S,S N3 D2 P M1 G3 R2 S,S R₂ G₃ M₁ G₃ R₂ M₁ P D₂ Ṡ N₃ Ṡ,S N₃ D₂ P M₁ G₃ R₂ Ṡ,False
devagandhari,DEvagAndhAri,dEvagAndhAri,29,Dheera,S R2 G3 M1 G3 R2 M1 P M1 S,S N3 D2 P M1 G3 R2 S,S R₂ G₃ M₁ G₃ R₂ M₁ P M₁ Ṡ,S N₃ D₂ P M₁ G₃ R₂ Ṡ,False
devagandhari,DEvagAndhAri,dEvagAndhAri,29,Dheera,S R2 G3 M1 P D2 P N3 S,S N3 D2 P M1 G3 R2 S,S R₂ G₃ M₁ P D₂ P N₃ Ṡ,S N₃ D₂ P M₁ G₃ R₂ Ṡ,False
devagandhari,DEvagAndhAri,dEvagAndhAri,29,Dheera,S R2 G3 R2 M1 P D2 N3 S,S N3 D2 P M1 G3 R2 S,S R₂ G₃ R₂ M₁ P D₂ N₃ Ṡ,S N₃ D₂ P M₁ G₃ R₂ Ṡ,False
devagandhari,DEvagAndhAri,dEvagAndhAri,29,Dheera,S R2 M1 G3 M1 P D2 N3 S,S N3 D2 P M1 G3 R2 S,S R₂ M₁ G₃ M₁ P D₂ N₃ Ṡ,S N₃ D₂ P M₁ G₃ R₂ Ṡ,False
devagandhari,DEvagAndhAri,dEvagAndhAri,29,Dheera,S R2 M1 P D2 D2 S,S N3 D2 P M1 G3 R2 M1 R2 G3 S,S R₂ M₁ P D₂ D₂ Ṡ,S N₃ D₂ P M₁ G₃ R₂ M₁ R₂ G₃ Ṡ,False
devagandhari,DEvagAndhAri,dEvagAndhAri,29,Dheera,S R2 M1 P D2 N3 S R2,S N3 D2 P M1 G3 S R2 G3 R2 S,S R₂ M₁ P D₂ N₃ Ṡ R₂,S N₃ D₂ P M₁ G₃ Ṡ R₂ G₃ R₂ Ṡ,False
devagandhari,DEvagAndhAri,dEvagAndhAri,29,Dheera,S R2 M1 P D2 N3 S,S N3 D2 M1 G3 R2 S R2 G3 R2 S,S R₂ M₁ P D₂ N₃ Ṡ,S N₃ D₂ M₁ G₃ R₂ Ṡ R₂ G₃ R₂ Ṡ,False
devagandhari,DEvagAndhAri,dEvagAndhAri,29,Dheera,S R2 M1 P D2 N3 S,S N3 D2 P M1 G3 R2 S,S R₂ M₁ P D₂ N₃ Ṡ,S N₃ D₂ P M₁ G₃ R₂ Ṡ,False
devanayaki,DEvanAyaki,dEvanAyaki,29,Dheera,S R2 M1 P D2 S,S N3 P M1 G3 S,S R₂ M₁ P D₂ Ṡ,S N₃ P M₁ G₃ Ṡ,False
devasaveri,DEvasAvEri,dEvasAvEri,29,Dheera,S R2 M1 P N3 D2 S,S N3 D2 P M1 G3 R2 S,S R₂ M₁ P N₃ D₂ Ṡ,S N₃ D₂ P M₁ G₃ R₂ Ṡ,False
devashraya,DEvashraya,dEvashraya,29,Dheera,S R2 M1 P D2 S,S D2 P M1 R2 S,S R₂ M₁ P D₂ Ṡ,S D₂ P M₁ R₂ Ṡ,False
dhamalaki,DhAmalaki,dhAmalaki,29,Dheera,S M1 P D2 N3 S,S N3 D2P M1 S,S M₁ P D₂ N₃ Ṡ,S N₃ D2P M₁ Ṡ,False
dharanimanohari,DharaNimanOhari,dharaNimanOhari,29,Dheera,S R2 G3 M1 P N3 P S,S N3 D2 M1 P M1 G3 M1 R2 S,S R₂ G₃ M₁ P N₃ P Ṡ,S N₃ D₂ M₁ P M₁ G₃ M₁ R₂ Ṡ,False
dharmalaki,Dharmalaki,dharmalaki,29,Dheera,S M1 P D2 N3 S,S N3 D2 P S,S M₁ P D₂ N₃ Ṡ,S N₃ D₂ P Ṡ,False
dhaujenkaram,DhaujenkAram,dhaujenkAram,29,Dheera,S R2 G3 M1 D2 N3 S,S N3 D2 M1 G3 R2 S,S R₂ G₃ M₁ D₂ N₃ Ṡ,S N₃ D₂ M₁ G₃ R₂ Ṡ,False
dhaujenkaram,DhaujenkAram,dhaujenkAram,29,Dheera,S R2 G3 M1 D2 N3 S,S N3 D2 N3 D2 M1 G3 R2 S,S R₂ G₃ M₁ D₂ N₃ Ṡ,S N₃ D₂ N₃ D₂ M₁ G₃ R₂ Ṡ,False
dhiramati,DhIramati,dhIramati,29,Dheera,S G3 R2 G3 M1 P M1 N3 D2 S,S N3 P D2 P M1 G3 R2 S,S G₃ R₂ G₃ M₁ P M₁ N₃ D₂ Ṡ,S N₃ P D₂ P M₁ G₃ R₂ Ṡ,False
dhiramati,DhIramati,dhIramati,29,Dheera,S G3 R2 G3 M1 P M1 N3 D2 S,S N3 P D2 S P M1 G3 R2 S,S G₃ R₂ G₃ M₁ P M₁ N₃ D₂ Ṡ,S N₃ P D₂ Ṡ P M₁ G₃ R₂ Ṡ,False
dhiramati,DhIramati,dhIramati,29,Dheera,S R2 G3 M1 P M1 N3 D2 S,S N3 P M1 G3 R2 S,S R₂ G₃ M₁ P M₁ N₃ D₂ Ṡ,S N₃ P M₁ G₃ R₂ Ṡ,False
dhiranayaki,DhIranAyaki,dhIranAyaki,29,Dheera,S R2 G3 M1 P D2 N3 S,S D2 P M1 G3 S,S R₂ G₃ M₁ P D₂ N₃ Ṡ,S D₂ P M₁ G₃ Ṡ,False
dhirashankar,DhIrashankar,dhIrashankar,29,Dheera,S R2 G3 M1 P D2 N3 S,S N3 D2 P G3 R2 S,S R₂ G₃ M₁ P D₂ N₃ Ṡ,S N₃ D₂ P G₃ R₂ Ṡ,False
dhrtavardhana,Dhrtavardhana,dhrtavardhana,29,Dheera,S G3 M1 P D2 S,S N3 D2 P M1 R2 G3 R2 S,S G₃ M₁ P D₂ Ṡ,S N₃ D₂ P M₁ R₂ G₃ R₂ Ṡ,False
dhurvahi,DhurvAhi,dhurvAhi,29,Dheera,S R2 M1 P D2 S,S N3 P D2 P M1 G3 R2 S,S R₂ M₁ P D₂ Ṡ,S N₃ P D₂ P M₁ G₃ R₂ Ṡ,False
dhurvangi,DhurvAngi,dhurvAngi,29,Dheera,S R2 M1 P D2 S,S N3 D2 M1 G3 R2 S,S R₂ M₁ P D₂ Ṡ,S N₃ D₂ M₁ G₃ R₂ Ṡ,False
dhurvangi,DhurvAngi,dhurvAngi,29,Dheera,S R2 M1 P D2 S,S N3 P D2 P M1 G3 R2 S,S R₂ M₁ P D₂ Ṡ,S N₃ P D₂ P M₁ G₃ R₂ Ṡ,False
dhvajonnatam,DhvajOnnatam,dhvajOnnatam,29,Dheera,S R2 G3 M1 D2 N3 S,S P M1 G3 R2 S,S R₂ G₃ M₁ D₂ N₃ Ṡ,S P M₁ G₃ R₂ Ṡ,False
durga,DurgA,durgA,29,Dheera,S R2 M1 P D2 S,S D2 P M1 R2 S,S R₂ M₁ P D₂ Ṡ,S D₂ P M₁ R₂ Ṡ,False
dvijakriya,Dvijakriya,dvijakriya,29,Dheera,S R2 G3 M1 P S,S P M1 G3 M1 R2 G3 R2 S,S R₂ G₃ M₁ P Ṡ,S P M₁ G₃ M₁ R₂ G₃ R₂ Ṡ,False
ekamban,EkAmban,ekAmban,29,Dheera,S G3 P D2 S,S D2 P G3 S,S G₃ P D₂ Ṡ,S D₂ P G₃ Ṡ,False
elaprabhavam,ElaprabhAvam,elaprabhAvam,29,Dheera,S R2 G3 M1 P D2 N3 D2 S,S N3 D2 P M1 R2 G3 R2 S,S R₂ G₃ M₁ P D₂ N₃ D₂ Ṡ,S N₃ D₂ P M₁ R₂ G₃ R₂ Ṡ,False
gaganambari,GaganAmbari,gaganAmbari,29,Dheera,S R2 G3 M1 P D2 N3 S,S N3 D2 P M1 R2 S,S R₂ G₃ M₁ P D₂ N₃ Ṡ,S N₃ D₂ P M₁ R₂ Ṡ,False
gajagauri,Gajagauri,gajagauri,29,Dheera,S R2 M1 G3 M1 N3 P D2 S,S N3 D2 M1 P M1 G3 R2 S,S R₂ M₁ G₃ M₁ N₃ P D₂ Ṡ,S N₃ D₂ M₁ P M₁ G₃ R₂ Ṡ,False
gajavardhanam,Gajavardhanam,gajavardhanam,29,Dheera,S G3 M1 D2 N3 S,S D2 P M1 G3 R2 S,S G₃ M₁ D₂ N₃ Ṡ,S D₂ P M₁ G₃ R₂ Ṡ,False
gajavilasitam,Gajavilasitam,gajavilasitam,29,Dheera,S R2 M1 G3 M1 N3 P D2 S,S N3 D2 M1 P M1 G3 R2 S,S R₂ M₁ G₃ M₁ N₃ P D₂ Ṡ,S N₃ D₂ M₁ P M₁ G₃ R₂ Ṡ,False
gamanabhaskaram,GamanabhAskaram,gamanabhAskaram,29,Dheera,S R2 G3 M1 P D2 P N3 S,S D2 P M1 G3 S,S R₂ G₃ M₁ P D₂ P N₃ Ṡ,S D₂ P M₁ G₃ Ṡ,False
ganalolam,GAnalOlam,gAnalOlam,29,Dheera,S R2 G3 M1 P N3 S,S N3 P D2 M1 G3 M1 R2 S,S R₂ G₃ M₁ P N₃ Ṡ,S N₃ P D₂ M₁ G₃ M₁ R₂ Ṡ,False
ganatarangini,GAnatarangiNi,gAnatarangiNi,29,Dheera,S R2 M1 P D2 N3 P S,S P S D2 M1 G3 S,S R₂ M₁ P D₂ N₃ P Ṡ,S P Ṡ D₂ M₁ G₃ Ṡ,False
gandhadhruma,Gandhadhruma,gandhadhruma,29,Dheera,S G3 M1 D2 M1 N3 S,S N3 M1 G3 R2 S,S G₃ M₁ D₂ M₁ N₃ Ṡ,S N₃ M₁ G₃ R₂ Ṡ,False
gandhara,GAndhAra,gAndhAra,29,Dheera,P D2 N3 S R2 G3 M1 P,P M1 G3 R2 S N3 D2 P,P D₂ N₃ Ṡ R₂ G₃ M₁ P,P M₁ G₃ R₂ Ṡ N₃ D₂ P,False
gandhatarangini,GandhatarangiNi,gandhatarangiNi,29,Dheera,S G3 R2 G3 M1 P D2 N3 S,S D2 N3 P M1 R2 S,S G₃ R₂ G₃ M₁ P D₂ N₃ Ṡ,S D₂ N₃ P M₁ R₂ Ṡ,False
garudadhvani,GaruDadhvani,garuDadhvani,29,Dheera,S R2 G3 M1 P D2 N3 S,S D2 P G3 R2 S,S R₂ G₃ M₁ P D₂ N₃ Ṡ,S D₂ P G₃ R₂ Ṡ,False
gaudamalak,GauDamAlak,gauDamAlak,29,Dheera,S R2 G3 M1 G3 M1 P D2 N3 S,S N3 D2 P M1 G3 R2 S,S R₂ G₃ M₁ G₃ M₁ P D₂ N₃ Ṡ,S N₃ D₂ P M₁ G₃ R₂ Ṡ,False
gaudamallar,GauDamallAr,gauDamallAr,29,Dheera,S N3 M1 P D2 S,S N3 D2 P M1 G3 R2 S,S N₃ M₁ P D₂ Ṡ,S N₃ D₂ P M₁ G₃ R₂ Ṡ,False
gaudamallar,GauDamallAr,gauDamallAr,29,Dheera,S R2 G3 M1 M1 G3 M1 P D2 N3,S N3 D2 P M1 G3 R2 S,S R₂ G₃ M₁ M₁ G₃ M₁ P D₂ N₃,S N₃ D₂ P M₁ G₃ R₂ Ṡ,False
gaudamallar,GauDamallAr,gauDamallAr,29,Dheera,S R2 M1 P D2 S,S N3 D2 M1 G3 R2 S,S R₂ M₁ P D₂ Ṡ,S N₃ D₂ M₁ G₃ R₂ Ṡ,False
gaudamallar,GauDamallAr,gauDamallAr,29,Dheera,S R2 M1 P D2 S,S N3 D2 M1 M1 G3 R2 S,S R₂ M₁ P D₂ Ṡ,S N₃ D₂ M₁ M₁ G₃ R₂ Ṡ,False
gaudasarang,GauDasArang,gauDasArang,29,Dheera,S G3 R2 M1 G3 P R2 S,S D2 P M1 G3 M1 G3 R2 M1,S G₃ R₂ M₁ G₃ P R₂ Ṡ,S D₂ P M₁ G₃ M₁ G₃ R₂ M₁,False
gayakaranjani,GAyakaranjani,gAyakaranjani,29,Dheera,S R2 G3 M1 P D2 S,S D2 P M1 G3 R2 S,S R₂ G₃ M₁ P D₂ Ṡ,S D₂ P M₁ G₃ R₂ Ṡ,False
ghanatarangini,GhanatarangiNi,ghanatarangiNi,29,Dheera,S R2 M1 P D2 N3 P S,S P N3 D2 M1 G3 S,S R₂ M₁ P D₂ N₃ P Ṡ,S P N₃ D₂ M₁ G₃ Ṡ,False
ghantai,GhaNTai,ghaNTai,29,Dheera,S N3 S G3 M1 P M1 D2 N3 S,S N3 S D2 P M1 P G3 M1 R2 S,S N₃ Ṡ G₃ M₁ P M₁ D₂ N₃ Ṡ,S N₃ Ṡ D₂ P M₁ P G₃ M₁ R₂ Ṡ,False
ghantaikurinji,GhaNTaikurinji,ghaNTaikurinji,29,Dheera,S G3 R2 G3 M1 P D2 N3 S,S D2 P M1 R2 S,S G₃ R₂ G₃ M₁ P D₂ N₃ Ṡ,S D₂ P M₁ R₂ Ṡ,False
girvanapriya,GIrvANapriyA,gIrvANapriyA,29,Dheera,S R2 G3 M1 D2 S,S N3 D2 M1 G3 R2 S,S R₂ G₃ M₁ D₂ Ṡ,S N₃ D₂ M₁ G₃ R₂ Ṡ,False
grahanambari,GrahaNambari,grahaNambari,29,Dheera,S R2 G3 M1 P D2 N3 S,S D2 N3 P M1 G3 R2 S,S R₂ G₃ M₁ P D₂ N₃ Ṡ,S D₂ N₃ P M₁ G₃ R₂ Ṡ,False
grantatarangini,GrantatarangiNi,grantatarangiNi,29,Dheera,S G3 R2 G3 M1 P D2 N3 S,S D2 N3 P M1 R2 S,S G₃ R₂ G₃ M₁ P D₂ N₃ Ṡ,S D₂ N₃ P M₁ R₂ Ṡ,False
grantatarangini,GrantatarangiNi,grantatarangiNi,29,Dheera,S G3 R2 G3 M1 P D2 N3 S,S N3 D2 P M1 G3 R2 S,S G₃ R₂ G₃ M₁ P D₂ N₃ Ṡ,S N₃ D₂ P M₁ G₃ R₂ Ṡ,False
guhabharanam,GuhabharaNam,guhabharaNam,29,Dheera,S R2 G3 M1 P D2 N3 S,S N3 P G3 R2 S,S R₂ G₃ M₁ P D₂ N₃ Ṡ,S N₃ P G₃ R₂ Ṡ,False
guhyadyuti,Guhyadyuti,guhyadyuti,29,Dheera,S R2 G3 P D2 N3 D2 P D2 P S,S N3 D2 P M1 G3 R2 S,S R₂ G₃ P D₂ N₃ D₂ P D₂ P Ṡ,S N₃ D₂ P M₁ G₃ R₂ Ṡ,False
gumyadyuti,Gumyadyuti,gumyadyuti,29,Dheera,S R2 G3 P D2 N3 D2 P D2 P S,S N3 D2 P M1 G3 R2 S,S R₂ G₃ P D₂ N₃ D₂ P D₂ P Ṡ,S N₃ D₂ P M₁ G₃ R₂ Ṡ,False
gumyadyuti,Gumyadyuti,gumyadyuti,29,Dheera,S R2 G3 P D2 N3 D2 P D2 S,S N3 D2 P M1 G3 R2 S,S R₂ G₃ P D₂ N₃ D₂ P D₂ Ṡ,S N₃ D₂ P M₁ G₃ R₂ Ṡ,False
hamsadhvani,Hamsadhvani,hamsadhvani,29,Dheera,S R2 G3 P N3 S,S N3 P G3 R2 S,S R₂ G₃ P N₃ Ṡ,S N₃ P G₃ R₂ Ṡ,False
hamsanibhogi,HamsanibhOgi,hamsanibhOgi,29,Dheera,S R2 G3 M1 P D2 N3 S,S N3 D2 M1 G3 R2 M1 G3 S,S R₂ G₃ M₁ P D₂ N₃ Ṡ,S N₃ D₂ M₁ G₃ R₂ M₁ G₃ Ṡ,False
hamsavinodini,HamsavinOdini,hamsavinOdini,29,Dheera,S R2 G3 M1 D2 N3 S,S N3 D2 M1 G3 R2 S,S R₂ G₃ M₁ D₂ N₃ Ṡ,S N₃ D₂ M₁ G₃ R₂ Ṡ,False
hamsavinodini,HamsavinOdini,hamsavinOdini,29,Dheera,S R2 G3 M1 D2 N3 S,S N3 D2 N3 D2 M1 G3 R2 S,S R₂ G₃ M₁ D₂ N₃ Ṡ,S N₃ D₂ N₃ D₂ M₁ G₃ R₂ Ṡ,False
harinata,HarinATa,harinATa,29,Dheera,S M1 G3 M1 P D2 N3 S,S N3 P D2 N3 P M1 G3 M1 G3 S,S M₁ G₃ M₁ P D₂ N₃ Ṡ,S N₃ P D₂ N₃ P M₁ G₃ M₁ G₃ Ṡ,False
hariprakasha,HariprakAsha,hariprakAsha,29,Dheera,S R2 G3 R2 G3 P N3 S,S N3 D2 P M1 G3 R2 S,S R₂ G₃ R₂ G₃ P N₃ Ṡ,S N₃ D₂ P M₁ G₃ R₂ Ṡ,False
helaprabhata,HELaprabhAta,hELaprabhAta,29,Dheera,S R2 G3 M1 P D2 N3 D2 S,S D2 N3 D2 P M1 G3 R2 S,S R₂ G₃ M₁ P D₂ N₃ D₂ Ṡ,S D₂ N₃ D₂ P M₁ G₃ R₂ Ṡ,False
helaprabhata,HELaprabhAta,hELaprabhAta,29,Dheera,S R2 G3 M1 P D2 N3 D2 S,S D2 N3 D2 P M1 R2 G3 R2 S,S R₂ G₃ M₁ P D₂ N₃ D₂ Ṡ,S D₂ N₃ D₂ P M₁ R₂ G₃ R₂ Ṡ,False
hemant,HEmant,hEmant,29,Dheera,S G3 M1 D2 N3 S,S D2 P M1 G3 M1 R2 S,S G₃ M₁ D₂ N₃ Ṡ,S D₂ P M₁ G₃ M₁ R₂ Ṡ,False
hindustanibehag,Hindustanibehag,hindustanibehag,29,Dheera,S G3 M1 P N3 D2 N3 S,S N3 D2 P M1 G3 R2 S,S G₃ M₁ P N₃ D₂ N₃ Ṡ,S N₃ D₂ P M₁ G₃ R₂ Ṡ,False
hindustanibehag,HindustanibehAg,hindustanibehAg,29,Dheera,S G3 M1 P N3 S,S N3 D2 P M1 G3 R2 S,S G₃ M₁ P N₃ Ṡ,S N₃ D₂ P M₁ G₃ R₂ Ṡ,False
hudamati,Hudamati,hudamati,29,Dheera,S R2 M1 P D2 S,S N3 D2 P M1 D2 M1 G3 S,S R₂ M₁ P D₂ Ṡ,S N₃ D₂ P M₁ D₂ M₁ G₃ Ṡ,False
indrabharanam,IndrAbharaNam,indrAbharaNam,29,Dheera,S R2 G3 P D2 N3 S,S N3 D2 P M1 G3 R2 S,S R₂ G₃ P D₂ N₃ Ṡ,S N₃ D₂ P M₁ G₃ R₂ Ṡ,False
indravamsha,Indravamsha,indravamsha,29,Dheera,S G3 M1 D2 N3 S,S N3 P D2 M1 G3 R2 S,S G₃ M₁ D₂ N₃ Ṡ,S N₃ P D₂ M₁ G₃ R₂ Ṡ,False
indravardhanam,Indravardhanam,indravardhanam,29,Dheera,S R2 G3 M1 P D2 N3 P S,S D2 M1 G3 R2 S,S R₂ G₃ M₁ P D₂ N₃ P Ṡ,S D₂ M₁ G₃ R₂ Ṡ,False
induvardhanam,Induvardhanam,induvardhanam,29,Dheera,S R2 G3 M1 P D2 N3 P S,S D2 M1 G3 R2 S,S R₂ G₃ M₁ P D₂ N₃ P Ṡ,S D₂ M₁ G₃ R₂ Ṡ,False
jaganmanohari,JaganmanOhari,jaganmanOhari,29,Dheera,S G3 M1 P D2 N3 S,S D2 P M1 G3 R2 G3 S,S G₃ M₁ P D₂ N₃ Ṡ,S D₂ P M₁ G₃ R₂ G₃ Ṡ,False
jajivasantam,JAjivasantam,jAjivasantam,29,Dheera,S R2 G3 M1 P D2 N3 S,S D2 P M1 R2 G3 S,S R₂ G₃ M₁ P D₂ N₃ Ṡ,S D₂ P M₁ R₂ G₃ Ṡ,False
jalaprabhala,JAlaprabhAla,jAlaprabhAla,29,Dheera,M1 P D2 N3 S R2 G3 M1,M1 G3 R2 S N3 D2 P M1,M₁ P D₂ N₃ Ṡ R₂ G₃ M₁,M₁ G₃ R₂ Ṡ N₃ D₂ P M₁,False
jalavu,Jalavu,jalavu,29,Dheera,P N3 S R2 G3 M1 P,P M1 G3 R2 S N3 S,P N₃ Ṡ R₂ G₃ M₁ P,P M₁ G₃ R₂ Ṡ N₃ Ṡ,False
jaloddhati,JalOddhati,jalOddhati,29,Dheera,S R2 M1 P N3 S,S D2 P M1 R2 G3 M1 R2 S,S R₂ M₁ P N₃ Ṡ,S D₂ P M₁ R₂ G₃ M₁ R₂ Ṡ,False
jambukriya,JambukriyA,jambukriyA,29,Dheera,S G3 R2 M1 P N3 S,S N3 P N3 M1 G3 R2 S,S G₃ R₂ M₁ P N₃ Ṡ,S N₃ P N₃ M₁ G₃ R₂ Ṡ,False
janaranjani,Janaranjani,janaranjani,29,Dheera,S R2 G3 M1 P D2 P N3 S,S D2 P M1 R2 S,S R₂ G₃ M₁ P D₂ P N₃ Ṡ,S D₂ P M₁ R₂ Ṡ,False
janaranjani,Janaranjani,janaranjani,29,Dheera,S R2 G3 M1 P N3 S,S D2 P M1 R2 S,S R₂ G₃ M₁ P N₃ Ṡ,S D₂ P M₁ R₂ Ṡ,False
janasaranjani,Janasaranjani,janasaranjani,29,Dheera,S R2 G3 M1 P N3 S,S D2 P M1 R2 S,S R₂ G₃ M₁ P N₃ Ṡ,S D₂ P M₁ R₂ Ṡ,False
jangla,Jangla,jangla,29,Dheera,D2 N3 S R2 G3 M1 P D2 N3,D2 P M1 G3 R2 S N3 D2,D₂ N₃ Ṡ R₂ G₃ M₁ P D₂ N₃,D₂ P M₁ G₃ R₂ Ṡ N₃ D₂,False
jangla,Jangla,jangla,29,Dheera,N3 D2 N3 S R2 G3 M1 P D2 N3,D2 P M1 G3 R2 S N3 D2 N3 S,N₃ D₂ N₃ Ṡ R₂ G₃ M₁ P D₂ N₃,D₂ P M₁ G₃ R₂ Ṡ N₃ D₂ N₃ Ṡ,False
janonnati,JanOnnati,janOnnati,29,Dheera,S R2 G3 P D2 N3 P S,S N3 D2 P P M1 G3 R2 S,S R₂ G₃ P D₂ N₃ P Ṡ,S N₃ D₂ P P M₁ G₃ R₂ Ṡ,False
jaralata,Jaralata,jaralata,29,Dheera,S R2 G3 M1 P D2 S,S N3 D2 P G3 R2 S,S R₂ G₃ M₁ P D₂ Ṡ,S N₃ D₂ P G₃ R₂ Ṡ,False
javonnati,JavOnnati,javOnnati,29,Dheera,S G3 R2 G3 M1 P D2 N3 S,S D2 P M1 R2 S,S G₃ R₂ G₃ M₁ P D₂ N₃ Ṡ,S D₂ P M₁ R₂ Ṡ,False
jayasindhu,Jayasindhu,jayasindhu,29,Dheera,S R2 G3 R2 M1 P S,S N3 P D2 N3 D2 M1 G3 R2 S,S R₂ G₃ R₂ M₁ P Ṡ,S N₃ P D₂ N₃ D₂ M₁ G₃ R₂ Ṡ,False
jhankarashila,JhankArashIla,jhankArashIla,29,Dheera,S R2 G3 M1 D2 N3 S,S N3 D2 N3 D2 M1 G3 R2 S,S R₂ G₃ M₁ D₂ N₃ Ṡ,S N₃ D₂ N₃ D₂ M₁ G₃ R₂ Ṡ,False
jhankarashila,JhankArashIla,jhankArashIla,29,Dheera,S R2 M1 G3 D2 N3 S,S N3 D2 M1 G3 R2 S,S R₂ M₁ G₃ D₂ N₃ Ṡ,S N₃ D₂ M₁ G₃ R₂ Ṡ,False
jilap,JilAp,jilAp,29,Dheera,P N3 S R2 G3 M1 P,M1 G3 R2 S N3 P,P N₃ Ṡ R₂ G₃ M₁ P,M₁ G₃ R₂ Ṡ N₃ P,False
julavu,JulAvu,julAvu,29,Dheera,P D2 N3 S R2 G3 M1 P S,M1 G3 R2 S N3 D2 P M1,P D₂ N₃ Ṡ R₂ G₃ M₁ P Ṡ,M₁ G₃ R₂ Ṡ N₃ D₂ P M₁,False
julavu,JulAvu,julAvu,29,Dheera,P D2 N3 S R2 G3 M1 P,M1 G3 R2 S N3 D2 P M1,P D₂ N₃ Ṡ R₂ G₃ M₁ P,M₁ G₃ R₂ Ṡ N₃ D₂ P M₁,False
julavu,Julavu,julavu,29,Dheera,P N3 S R2 G3 M1 P,M1 G3 R2 S N3 P,P N₃ Ṡ R₂ G₃ M₁ P,M₁ G₃ R₂ Ṡ N₃ P,False
julavu,Julavu,julavu,29,Dheera,P N3 S R2 G3 M1 P,M1 G3 R2 S N3,P N₃ Ṡ R₂ G₃ M₁ P,M₁ G₃ R₂ Ṡ N₃,False
julavu,JulAvu,julAvu,29,Dheera,P N3 S R2 G3 M1 P,P M1 G3 R2 S N3 D2 P,P N₃ Ṡ R₂ G₃ M₁ P,P M₁ G₃ R₂ Ṡ N₃ D₂ P,False
julavu,JulAvu,julAvu,29,Dheera,P N3 S R2 G3 M1 P,P M1 G3 R2 S N3 P,P N₃ Ṡ R₂ G₃ M₁ P,P M₁ G₃ R₂ Ṡ N₃ P,False
jutalaka,Jutalaka,jutalaka,29,Dheera,S R2 G3 M1 P D2 S,S N3 D2 P G3 R2 S,S R₂ G₃ M₁ P D₂ Ṡ,S N₃ D₂ P G₃ R₂ Ṡ,False
jvalakesari,JvalakEsari,jvalakEsari,29,Dheera,S R2 M1 D2 N3 S,S N3 D2 M1 G3 R2 S,S R₂ M₁ D₂ N₃ Ṡ,S N₃ D₂ M₁ G₃ R₂ Ṡ,False
kadanakutuhalam,KadanakutUhalam,kadanakutUhalam,29,Dheera,S R2 M1 D2 N3 P S,S N3 D2 P M1 G3 R2 S,S R₂ M₁ D₂ N₃ P Ṡ,S N₃ D₂ P M₁ G₃ R₂ Ṡ,False
kamala,Kamala,kamala,29,Dheera,S G3 M1 D2 N3 S,S N3 P M1 G3 M1 R2 S,S G₃ M₁ D₂ N₃ Ṡ,S N₃ P M₁ G₃ M₁ R₂ Ṡ,False
kamala,Kamala,kamala,29,Dheera,S R2 G3 M1 P M1 D2 N3 S,S N3 D2 N3 P M1 P G3 R2 S,S R₂ G₃ M₁ P M₁ D₂ N₃ Ṡ,S N₃ D₂ N₃ P M₁ P G₃ R₂ Ṡ,False
kamalavilasita,Kamalavilasita,kamalavilasita,29,Dheera,S R2 M1 P D2 N3 S,S N3 D2 N3 P M1 G3 M1 R2 S,S R₂ M₁ P D₂ N₃ Ṡ,S N₃ D₂ N₃ P M₁ G₃ M₁ R₂ Ṡ,False
kamaripriya,KAmAripriyA,kAmAripriyA,29,Dheera,S G3 M1 D2 N3 S,S N3 P D2 N3 D2 P M1 G3 M1,S G₃ M₁ D₂ N₃ Ṡ,S N₃ P D₂ N₃ D₂ P M₁ G₃ M₁,False
kanada,KAnaDa,kAnaDa,29,Dheera,S G3 M1 D2 N3 S,S N3 P M1 G3 M1 R2 S,S G₃ M₁ D₂ N₃ Ṡ,S N₃ P M₁ G₃ M₁ R₂ Ṡ,False
kanada,KAnaDa,kAnaDa,29,Dheera,S R2 G3 M1 P M1 D2 N3 S,S N3 D2 N3 P M1 P G3 R2 S,S R₂ G₃ M₁ P M₁ D₂ N₃ Ṡ,S N₃ D₂ N₃ P M₁ P G₃ R₂ Ṡ,False
kanada,KAnaDa,kAnaDa,29,Dheera,S R2 G3 M1 P M1 D2 N3 S,S N3 D2 P M1 G3 R2 S,S R₂ G₃ M₁ P M₁ D₂ N₃ Ṡ,S N₃ D₂ P M₁ G₃ R₂ Ṡ,False
kanada,KAnaDa,kAnaDa,29,Dheera,S R2 G3 M1 P M1 D2 N3 S,S N3 P D2 N3 D2 P M1 G3 M1 R2 S,S R₂ G₃ M₁ P M₁ D₂ N₃ Ṡ,S N₃ P D₂ N₃ D₂ P M₁ G₃ M₁ R₂ Ṡ,False
kanada,KAnaDa,kAnaDa,29,Dheera,S R2 G3 M1 P M1 D2 N3 S,S N3 S D2 N3 P M1 G3 M1 R2 S,S R₂ G₃ M₁ P M₁ D₂ N₃ Ṡ,S N₃ Ṡ D₂ N₃ P M₁ G₃ M₁ R₂ Ṡ,False
kandadruma,Kandadruma,kandadruma,29,Dheera,S G3 M1 D2 N3 S,S N3 M1 G3 R2 S,S G₃ M₁ D₂ N₃ Ṡ,S N₃ M₁ G₃ R₂ Ṡ,False
kanjamalini,KanjamAlini,kanjamAlini,29,Dheera,S R2 S G3 M1 P M1 D2 N3 S,S N3 D2 M1 G3 R2 S,S R₂ Ṡ G₃ M₁ P M₁ D₂ N₃ Ṡ,S N₃ D₂ M₁ G₃ R₂ Ṡ,False
kannada,KannaDa,kannaDa,29,Dheera,G3 R2 S G3 M1 P M1 D2 N3 S,N3 D2 P M1 P M1 G3 R2 S,G₃ R₂ Ṡ G₃ M₁ P M₁ D₂ N₃ Ṡ,N₃ D₂ P M₁ P M₁ G₃ R₂ Ṡ,False
kannada,KannaDa,kannaDa,29,Dheera,G3 R2 S G3 M1 P M1 D2 N3 S,S D2 P P M1 G3 R2 S,G₃ R₂ Ṡ G₃ M₁ P M₁ D₂ N₃ Ṡ,S D₂ P P M₁ G₃ R₂ Ṡ,False
kannada,KannaDa,kannaDa,29,Dheera,G3 R2 S G3 M1 P M1 D2 N3 S,S N3 S D2 P M1 P G3 M1 R2 S,G₃ R₂ Ṡ G₃ M₁ P M₁ D₂ N₃ Ṡ,S N₃ Ṡ D₂ P M₁ P G₃ M₁ R₂ Ṡ,False
kannada,KannaDa,kannaDa,29,Dheera,G3 R2 S R2 G3 M1 P M1 D2 N3,S D2 P M1 G3 M1 R2 S,G₃ R₂ Ṡ R₂ G₃ M₁ P M₁ D₂ N₃,S D₂ P M₁ G₃ M₁ R₂ Ṡ,False
kannada,KannaDa,kannaDa,29,Dheera,S G3 M1 D2 N3 S,S D2 P M1 G3 M1 R2 S,S G₃ M₁ D₂ N₃ Ṡ,S D₂ P M₁ G₃ M₁ R₂ Ṡ,False
kannada,KannaDa,kannaDa,29,Dheera,S G3 M1 P M1 D2 N3 S,S N3 S D2 P M1 G3 M1 R2 S,S G₃ M₁ P M₁ D₂ N₃ Ṡ,S N₃ Ṡ D₂ P M₁ G₃ M₁ R₂ Ṡ,False
kannada,KannaDa,kannaDa,29,Dheera,S G3 M1 P M1 D2 N3 S,S N3 S D2 P M1 P G3 M1 R2 S,S G₃ M₁ P M₁ D₂ N₃ Ṡ,S N₃ Ṡ D₂ P M₁ P G₃ M₁ R₂ Ṡ,False
kannada,KannaDa,kannaDa,29,Dheera,S R2 G3 M1 P M1 D2 N3 S,S N3 D2 N3 P M1 P G3 R2 S,S R₂ G₃ M₁ P M₁ D₂ N₃ Ṡ,S N₃ D₂ N₃ P M₁ P G₃ R₂ Ṡ,False
kannada,KannaDa,kannaDa,29,Dheera,S R2 G3 M1 P M1 D2 N3 S,S N3 S D2 P M1 P G3 M1 R2 S,S R₂ G₃ M₁ P M₁ D₂ N₃ Ṡ,S N₃ Ṡ D₂ P M₁ P G₃ M₁ R₂ Ṡ,False
karnatakakannada,KarnATakakannaDa,karnATakakannaDa,29,Dheera,S G3 M1 D2 N3 S,S D2 P M1 G3 M1 R2 S,S G₃ M₁ D₂ N₃ Ṡ,S D₂ P M₁ G₃ M₁ R₂ Ṡ,False
kaushikadhvani,Kaushikadhvani,kaushikadhvani,29,Dheera,S G3 M1 D2 N3 S,S N3 D2 M1 G3 S,S G₃ M₁ D₂ N₃ Ṡ,S N₃ D₂ M₁ G₃ Ṡ,False
kedaram,KEdAram,kEdAram,29,Dheera,S G3 M1 P N3 S,S N3 P M1 G3 R2 G3 S,S G₃ M₁ P N₃ Ṡ,S N₃ P M₁ G₃ R₂ G₃ Ṡ,False
kedaram,KEdAram,kEdAram,29,Dheera,S G3 M1 P N3 S,S N3 P M1 G3 R2 S,S G₃ M₁ P N₃ Ṡ,S N₃ P M₁ G₃ R₂ Ṡ,False
kedaram,KEdAram,kEdAram,29,Dheera,S M1 G3 M1 P N3 S,S N3 P M1 G3 M1 D2 P M1 G3 R2 S,S M₁ G₃ M₁ P N₃ Ṡ,S N₃ P M₁ G₃ M₁ D₂ P M₁ G₃ R₂ Ṡ,False
kedaram,KEdAram,kEdAram,29,Dheera,S M1 G3 M1 P N3 S,S N3 P M1 G3 R2 S,S M₁ G₃ M₁ P N₃ Ṡ,S N₃ P M₁ G₃ R₂ Ṡ,False
kirandatarangini,KirandatarangiNi,kirandatarangiNi,29,Dheera,S G3 R2 G3 M1 P D2 N3 S,S D2 N3 P M1 G3 R2 S,S G₃ R₂ G₃ M₁ P D₂ N₃ Ṡ,S D₂ N₃ P M₁ G₃ R₂ Ṡ,False
kirvanapriya,KIrvAnapriyA,kIrvAnapriyA,29,Dheera,S R2 G3 M1 D2 S,S N3 D2 P M1 G3 R2 S,S R₂ G₃ M₁ D₂ Ṡ,S N₃ D₂ P M₁ G₃ R₂ Ṡ,False
kokilabhasini,KOkilabhASiNi,kOkilabhASiNi,29,Dheera,S R2 G3 M1 P D2 N3 S,S N3 P M1 D2 M1 R2 S,S R₂ G₃ M₁ P D₂ N₃ Ṡ,S N₃ P M₁ D₂ M₁ R₂ Ṡ,False
kokilabhusani,KOkilabhUSaNi,kOkilabhUSaNi,29,Dheera,S R2 G3 M1 P D2 N3 S,S N3 P D2 G3 M1 R2 S,S R₂ G₃ M₁ P D₂ N₃ Ṡ,S N₃ P D₂ G₃ M₁ R₂ Ṡ,False
kokilam,KOkilam,kOkilam,29,Dheera,S R2 G3 P D2 N3 S,S N3 D2 P G3 R2 S,S R₂ G₃ P D₂ N₃ Ṡ,S N₃ D₂ P G₃ R₂ Ṡ,False
kokilavicitra,KOkilavicitra,kOkilavicitra,29,Dheera,S R2 G3 R2 M1 P D2 S,S N3 D2 P D2 M1 N3 D2 M1 G3 S,S R₂ G₃ R₂ M₁ P D₂ Ṡ,S N₃ D₂ P D₂ M₁ N₃ D₂ M₁ G₃ Ṡ,False
kolahalam,KOlAhalam,kOlAhalam,29,Dheera,S M1 G3 M1 P D2 N3 S,S N3 D2 P M1 G3 R2 S,S M₁ G₃ M₁ P D₂ N₃ Ṡ,S N₃ D₂ P M₁ G₃ R₂ Ṡ,False
kolahalam,KOlAhalam,kOlAhalam,29,Dheera,S P M1 G3 M1 P D2 N3 N3 S,S N3 D2 P M1 G3 R2 S,S P M₁ G₃ M₁ P D₂ N₃ N₃ Ṡ,S N₃ D₂ P M₁ G₃ R₂ Ṡ,False
kolahalam,KOlAhalam,kOlAhalam,29,Dheera,S P M1 G3 M1 P D2 N3 S,S N3 D2 P M1 G3 R2 S,S P M₁ G₃ M₁ P D₂ N₃ Ṡ,S N₃ D₂ P M₁ G₃ R₂ Ṡ,False
kolahalam,KOlAhalam,kOlAhalam,29,Dheera,S R2 G3 M1 P N3 D2 N3 S,S N3 P D2 M1 G3 R2 S,S R₂ G₃ M₁ P N₃ D₂ N₃ Ṡ,S N₃ P D₂ M₁ G₃ R₂ Ṡ,False
kolli,Kolli,kolli,29,Dheera,P D2 N3 S R2 G3 M1 P,P M1 G3 R2 S N3 D2 P,P D₂ N₃ Ṡ R₂ G₃ M₁ P,P M₁ G₃ R₂ Ṡ N₃ D₂ P,False
kollikappanam,Kollikappanam,kollikappanam,29,Dheera,P D2 N3 S R2 G3 M1 P,P M1 G3 R2 S N3 D2 P,P D₂ N₃ Ṡ R₂ G₃ M₁ P,P M₁ G₃ R₂ Ṡ N₃ D₂ P,False
ksapa,KSapA,kSapA,29,Dheera,S R2 G3 M1 P N3 S,S N3 M1 G3 R2 S,S R₂ G₃ M₁ P N₃ Ṡ,S N₃ M₁ G₃ R₂ Ṡ,False
kumaradyuti,KumAradyuti,kumAradyuti,29,Dheera,S G3 M1 N3 D2 N3 S,S N3 D2 P R2 S,S G₃ M₁ N₃ D₂ N₃ Ṡ,S N₃ D₂ P R₂ Ṡ,False
kumaravilasita,KumAravilasita,kumAravilasita,29,Dheera,S M1 G3 M1 D2 N3 P D2 N3 S,S N3 D2 P M1 D2 M1 G3 R2 S,S M₁ G₃ M₁ D₂ N₃ P D₂ N₃ Ṡ,S N₃ D₂ P M₁ D₂ M₁ G₃ R₂ Ṡ,False
kunjamalini,KunjamAlini,kunjamAlini,29,Dheera,S R2 S G3 M1 P M1 D2 N3 S,S N3 D2 P D2 M1 N3 D2 M1 G3 R2 G3 S,S R₂ Ṡ G₃ M₁ P M₁ D₂ N₃ Ṡ,S N₃ D₂ P D₂ M₁ N₃ D₂ M₁ G₃ R₂ G₃ Ṡ,False
kurinji,Kurinji,kurinji,29,Dheera,S N3 S R2 G3 M1 P D2,D2 P M1 G3 R2 S N3 N3 S,S N₃ Ṡ R₂ G₃ M₁ P D₂,D₂ P M₁ G₃ R₂ Ṡ N₃ N₃ Ṡ,False
kurinji,Kurinji,kurinji,29,Dheera,S N3 S R2 G3 M1 P D2,D2 P M1 G3 R2 S N3,S N₃ Ṡ R₂ G₃ M₁ P D₂,D₂ P M₁ G₃ R₂ Ṡ N₃,False
kurinji,Kurinji,kurinji,29,Dheera,S N3 S R2 G3 M1 P D2,P M1 G3 R2 S N3 S,S N₃ Ṡ R₂ G₃ M₁ P D₂,P M₁ G₃ R₂ Ṡ N₃ Ṡ,False
kurinji,Kurinji,kurinji,29,Dheera,S N3 S R2 G3 M1 P,D2 P M1 G3 R2 S N3 S,S N₃ Ṡ R₂ G₃ M₁ P,D₂ P M₁ G₃ R₂ Ṡ N₃ Ṡ,False
kurinji,Kurinji,kurinji,29,Dheera,S R2 G3 M1 G3 M1 P N3 N3 S,S N3 D2 P D2 P M1 R2 S,S R₂ G₃ M₁ G₃ M₁ P N₃ N₃ Ṡ,S N₃ D₂ P D₂ P M₁ R₂ Ṡ,False
kurinji,Kurinji,kurinji,29,Dheera,S R2 G3 M1 P D2,D2 P M1 G3 R2 S N3,S R₂ G₃ M₁ P D₂,D₂ P M₁ G₃ R₂ Ṡ N₃,False
kurinji,Kurinji,kurinji,29,Dheera,S R2 S G3 P M1 P S,D2 P M1 G3 R2 S N3 S,S R₂ Ṡ G₃ P M₁ P Ṡ,D₂ P M₁ G₃ R₂ Ṡ N₃ Ṡ,False
kusumavicitra,Kusumavicitra,kusumavicitra,29,Dheera,S G3 R2 G3 M1 P N3 P D2 N3 S,S D2 N3 D2 M1 G3 P M1 R2 S,S G₃ R₂ G₃ M₁ P N₃ P D₂ N₃ Ṡ,S D₂ N₃ D₂ M₁ G₃ P M₁ R₂ Ṡ,False
kutuhalam,KutUhalam,kutUhalam,29,Dheera,S D2 P G3 R2 M1 N3 S,S N3 D2 P M1 G3 R2 S,S D₂ P G₃ R₂ M₁ N₃ Ṡ,S N₃ D₂ P M₁ G₃ R₂ Ṡ,False
kutuhalam,KutUhalam,kutUhalam,29,Dheera,S R2 M1 N3 D2 P N3 S,S N3 D2 P M1 G3 R2 S,S R₂ M₁ N₃ D₂ P N₃ Ṡ,S N₃ D₂ P M₁ G₃ R₂ Ṡ,False
languli,LAnguli,lAnguli,29,Dheera,S R2 G3 M1 D2 N3 S,S N3 D2 M1 G3 R2 S,S R₂ G₃ M₁ D₂ N₃ Ṡ,S N₃ D₂ M₁ G₃ R₂ Ṡ,False
languli,LAnguli,lAnguli,29,Dheera,S R2 G3 M1 D2 N3 S,S N3 D2 N3 D2 M1 G3 R2 S,S R₂ G₃ M₁ D₂ N₃ Ṡ,S N₃ D₂ N₃ D₂ M₁ G₃ R₂ Ṡ,False
lilatarangini,LIlatarangiNi,lIlatarangiNi,29,Dheera,S G3 P N3 S,S N3 D2 P G3 S,S G₃ P N₃ Ṡ,S N₃ D₂ P G₃ Ṡ,False
madanarekha,MadanarEkhA,madanarEkhA,29,Dheera,S G3 M1 P M1 N3 S,S N3 D2 P M1 S,S G₃ M₁ P M₁ N₃ Ṡ,S N₃ D₂ P M₁ Ṡ,False
madanojvala,MadanOjvala,madanOjvala,29,Dheera,S R2 G3 M1 P M1 D2 N3 S,S N3 D2 P M1 S,S R₂ G₃ M₁ P M₁ D₂ N₃ Ṡ,S N₃ D₂ P M₁ Ṡ,False
madhavapriya,MAdhavapriyA,mAdhavapriyA,29,Dheera,S R2 G3 R2 M1 D2 N3 P D2 N3 S,S N3 D2 M1 N3 D2 P M1 R2 G3 R2 S,S R₂ G₃ R₂ M₁ D₂ N₃ P D₂ N₃ Ṡ,S N₃ D₂ M₁ N₃ D₂ P M₁ R₂ G₃ R₂ Ṡ,False
madhavapriya,MAdhavapriyA,mAdhavapriyA,29,Dheera,S R2 G3 R2 M1 G3 M1 N3 D2 N3 P D2 N3 D2 S,S N3 D2 M1 N3 D2 P M1 R2 G3 R2 S,S R₂ G₃ R₂ M₁ G₃ M₁ N₃ D₂ N₃ P D₂ N₃ D₂ Ṡ,S N₃ D₂ M₁ N₃ D₂ P M₁ R₂ G₃ R₂ Ṡ,False
madhavapriya,MAdhavapriyA,mAdhavapriyA,29,Dheera,S R2 G3 R2 M1 G3 M1 N3 G3 M1 P D2 N3 S,S N3 D2 M1 N3 D2 P M1 M1 G3 R2 S,S R₂ G₃ R₂ M₁ G₃ M₁ N₃ G₃ M₁ P D₂ N₃ Ṡ,S N₃ D₂ M₁ N₃ D₂ P M₁ M₁ G₃ R₂ Ṡ,False
madhrudhruma,Madhrudhruma,madhrudhruma,29,Dheera,S R2 M1 G3 M1 P N3 S,S N3 D2 P M1 G3 R2 S,S R₂ M₁ G₃ M₁ P N₃ Ṡ,S N₃ D₂ P M₁ G₃ R₂ Ṡ,False
mahuri,MAhuri,mAhuri,29,Dheera,S M1 G3 M1 R2 G3 M1 P D2 N3 S,S N3 D2 P M1 R2 G3 M1 S,S M₁ G₃ M₁ R₂ G₃ M₁ P D₂ N₃ Ṡ,S N₃ D₂ P M₁ R₂ G₃ M₁ Ṡ,False
mahuri,MAhuri,mAhuri,29,Dheera,S R2 G3 M1 P D2 N3,D2 P M1 G3 R2 S,S R₂ G₃ M₁ P D₂ N₃,D₂ P M₁ G₃ R₂ Ṡ,False
mahuri,MAhuri,mAhuri,29,Dheera,S R2 G3 M1 P N3 S,S D2 P M1 G3 R2 S,S R₂ G₃ M₁ P N₃ Ṡ,S D₂ P M₁ G₃ R₂ Ṡ,False
mahuri,MAhuri,mAhuri,29,Dheera,S R2 M1 G3 P N3,D2 P M1 G3 R2 S,S R₂ M₁ G₃ P N₃,D₂ P M₁ G₃ R₂ Ṡ,False
mahuri,MAhuri,mAhuri,29,Dheera,S R2 M1 P D2 S,S N3 P M1 G3 R2 S,S R₂ M₁ P D₂ Ṡ,S N₃ P M₁ G₃ R₂ Ṡ,False
mahurim,MAhurim,mAhurim,29,Dheera,S M1 G3 M1 R2 G3 M1 P D2 N3 S,S D2 P M1 R2 G3 M1 S,S M₁ G₃ M₁ R₂ G₃ M₁ P D₂ N₃ Ṡ,S D₂ P M₁ R₂ G₃ M₁ Ṡ,False
mand,MAND,mAND,29,Dheera,S G3 M1 P D2 S,S N3 D2 P M1 G3 R2 S,S G₃ M₁ P D₂ Ṡ,S N₃ D₂ P M₁ G₃ R₂ Ṡ,False
mandasena,MandasEnA,mandasEnA,29,Dheera,S G3 R2 G3 M1 P D2 P N3 S,S N3 D2 M1 G3 R2 S,S G₃ R₂ G₃ M₁ P D₂ P N₃ Ṡ,S N₃ D₂ M₁ G₃ R₂ Ṡ,False
mandrumam,Mandrumam,mandrumam,29,Dheera,S G3 R2 G3 M1 D2 N3 S,S N3 P D2 P M1 G3 R2 S,S G₃ R₂ G₃ M₁ D₂ N₃ Ṡ,S N₃ P D₂ P M₁ G₃ R₂ Ṡ,False
manoharmand,ManOharmAND,manOharmAND,29,Dheera,N3 S R2 M1 G3 M1,M1 G3 R2 G3 R2 S,N₃ Ṡ R₂ M₁ G₃ M₁,M₁ G₃ R₂ G₃ R₂ Ṡ,False
maravibhramana,MAravibhramana,mAravibhramana,29,Dheera,S G3 R2 G3 M1 P S,S N3 D2 M1 G3 R2 S,S G₃ R₂ G₃ M₁ P Ṡ,S N₃ D₂ M₁ G₃ R₂ Ṡ,False
mardyadruma,MardyadrumA,mardyadrumA,29,Dheera,S R2 M1 G3 M1 P N3 S,S N3 D2 P M1 G3 R2 S,S R₂ M₁ G₃ M₁ P N₃ Ṡ,S N₃ D₂ P M₁ G₃ R₂ Ṡ,False
matsyadruma,MatsyadrumA,matsyadrumA,29,Dheera,S R2 M1 G3 M1 P N3 S,S N3 D2 P M1 G3 R2 S,S R₂ M₁ G₃ M₁ P N₃ Ṡ,S N₃ D₂ P M₁ G₃ R₂ Ṡ,False
mattagandhari,MattagAndhAri,mattagAndhAri,29,Dheera,S G3 M1 P N3 D2 S,S N3 D2 M1 G3 R2 S,S G₃ M₁ P N₃ D₂ Ṡ,S N₃ D₂ M₁ G₃ R₂ Ṡ,False
maulikadhruma,Maulikadhruma,maulikadhruma,29,Dheera,S R2 M1 G3 M1 P N3 S,S N3 D2 M1 G3 R2 G3 S,S R₂ M₁ G₃ M₁ P N₃ Ṡ,S N₃ D₂ M₁ G₃ R₂ G₃ Ṡ,False
mayadharini,MAyAdhAriNi,mAyAdhAriNi,29,Dheera,S R2 G3 M1 P D2 N3 S,S N3 P M1 R2 G3 M1 R2 S,S R₂ G₃ M₁ P D₂ N₃ Ṡ,S N₃ P M₁ R₂ G₃ M₁ R₂ Ṡ,False
mayadravila,MAyAdraviLa,mAyAdraviLa,29,Dheera,S R2 G3 M1 P D2 N3 S,S N3 P M1 R2 G3 M1 R2 G3 S,S R₂ G₃ M₁ P D₂ N₃ Ṡ,S N₃ P M₁ R₂ G₃ M₁ R₂ G₃ Ṡ,False
mayadravila,MAyAdraviLa,mAyAdraviLa,29,Dheera,S R2 G3 M1 P D2 N3 S,S N3 P M1 R2 G3 M1 R2 S,S R₂ G₃ M₁ P D₂ N₃ Ṡ,S N₃ P M₁ R₂ G₃ M₁ R₂ Ṡ,False
mayuran,MayUran,mayUran,29,Dheera,S R2 M1 P N3 S,S N3 D2 M1 G3 R2 S,S R₂ M₁ P N₃ Ṡ,S N₃ D₂ M₁ G₃ R₂ Ṡ,False
megharagakurinji,MEgharAgakurinji,mEgharAgakurinji,29,Dheera,S R2 G3 M1 P D2 N3,S N3 P M1 G3 R2 S,S R₂ G₃ M₁ P D₂ N₃,S N₃ P M₁ G₃ R₂ Ṡ,False
mohanadhvani,MOhanadhvani,mOhanadhvani,29,Dheera,S R2 G3 P D2 S,S N3 P D2 P G3 R2 S,S R₂ G₃ P D₂ Ṡ,S N₃ P D₂ P G₃ R₂ Ṡ,False
mukundamanjari,Mukundamanjari,mukundamanjari,29,Dheera,S G3 M1 P N3 S,S N3 D2 P M1 G3 R2 S,S G₃ M₁ P N₃ Ṡ,S N₃ D₂ P M₁ G₃ R₂ Ṡ,False
mukundapriya,MukundapriyA,mukundapriyA,29,Dheera,S R2 G3 S M1 D2 N3 D2 S,S N3 D2 P M1 G3 R2 S,S R₂ G₃ Ṡ M₁ D₂ N₃ D₂ Ṡ,S N₃ D₂ P M₁ G₃ R₂ Ṡ,False
nagabhusani,NAgabhUSaNi,nAgabhUSaNi,29,Dheera,S R2 M1 P D2 N3 S,S D2 P M1 R2 S,S R₂ M₁ P D₂ N₃ Ṡ,S D₂ P M₁ R₂ Ṡ,False
nagadavali,NAgadavaLi,nAgadavaLi,29,Dheera,S R2 S M1 G3 M1 P N3 D2 N3 S,S N3 D2 N3 P M1 G3 S,S R₂ Ṡ M₁ G₃ M₁ P N₃ D₂ N₃ Ṡ,S N₃ D₂ N₃ P M₁ G₃ Ṡ,False
nagadhvani,NAgadhvani,nAgadhvani,29,Dheera,S G3 R2 G3 M1 G3 M1 P D2 N3,S N3 D2 N3 D2 P M1 D2 P M1 R2 G3 M1 G3 R2 G3 S,S G₃ R₂ G₃ M₁ G₃ M₁ P D₂ N₃,S N₃ D₂ N₃ D₂ P M₁ D₂ P M₁ R₂ G₃ M₁ G₃ R₂ G₃ Ṡ,False
nagadhvani,NAgadhvani,nAgadhvani,29,Dheera,S R2 G3 S M1 G3 M1 P D2 N3,S N3 D2 N3 P M1 G3 S,S R₂ G₃ Ṡ M₁ G₃ M₁ P D₂ N₃,S N₃ D₂ N₃ P M₁ G₃ Ṡ,False
nagadhvani,NAgadhvani,nAgadhvani,29,Dheera,S R2 S G3 M1 P N3 D2 M1 P N3 D2 N3 S,S N3 D2 N3 P M1 G3 S,S R₂ Ṡ G₃ M₁ P N₃ D₂ M₁ P N₃ D₂ N₃ Ṡ,S N₃ D₂ N₃ P M₁ G₃ Ṡ,False
nagadhvani,NAgadhvani,nAgadhvani,29,Dheera,S R2 S M1 G3 M1 P N3 D2 M1 P N3 D2 N3 S,S N3 D2 N3 P M1 G3 S,S R₂ Ṡ M₁ G₃ M₁ P N₃ D₂ M₁ P N₃ D₂ N₃ Ṡ,S N₃ D₂ N₃ P M₁ G₃ Ṡ,False
nagajayanti,NAgajayanti,nAgajayanti,29,Dheera,S G3 R2 G3 M1 D2 N3 P S,S N3 P M1 G3 R2 S,S G₃ R₂ G₃ M₁ D₂ N₃ P Ṡ,S N₃ P M₁ G₃ R₂ Ṡ,False
nagajayanti,NAgajayanti,nAgajayanti,29,Dheera,S G3 R2 G3 M1 D2 N3 P S,S N3 P M1 R2 S,S G₃ R₂ G₃ M₁ D₂ N₃ P Ṡ,S N₃ P M₁ R₂ Ṡ,False
nalola,NalOla,nalOla,29,Dheera,S R2 G3 M1 P N3 S,S N3 P D2 P M1 G3 M1 R2 S,S R₂ G₃ M₁ P N₃ Ṡ,S N₃ P D₂ P M₁ G₃ M₁ R₂ Ṡ,False
nandana,Nandana,nandana,29,Dheera,S R2 M1 G3 M1 P D2 N3 D2 S,S N3 D2 N3 P M1 G3 R2 G3 S,S R₂ M₁ G₃ M₁ P D₂ N₃ D₂ Ṡ,S N₃ D₂ N₃ P M₁ G₃ R₂ G₃ Ṡ,False
narayanadeshaksi,NArayaNadEshAkSi,nArayaNadEshAkSi,29,Dheera,S R2 M1 G3 R2 G3 M1 P D2 N3 S,S N3 D2 P M1 G3 R2 S D2 S,S R₂ M₁ G₃ R₂ G₃ M₁ P D₂ N₃ Ṡ,S N₃ D₂ P M₁ G₃ R₂ Ṡ D₂ Ṡ,False
narayanadeshaksi,NArayaNadEshAkSi,nArayaNadEshAkSi,29,Dheera,S R2 M1 P D2 N3 S,S N3 D2 P M1 G3 R2 S,S R₂ M₁ P D₂ N₃ Ṡ,S N₃ D₂ P M₁ G₃ R₂ Ṡ,False
narayanadeshaksi,NArAyaNadEshAkSi,nArAyaNadEshAkSi,29,Dheera,S R2 S G3 M1 P D2 P N3 S,S N3 D2 P M1 G3 R2 S,S R₂ Ṡ G₃ M₁ P D₂ P N₃ Ṡ,S N₃ D₂ P M₁ G₃ R₂ Ṡ,False
narayani,NArAyaNi,nArAyaNi,29,Dheera,S R2 G3 M1 P D2 S,S N3 M1 N3 D2 M1 G3 R2 G3 S,S R₂ G₃ M₁ P D₂ Ṡ,S N₃ M₁ N₃ D₂ M₁ G₃ R₂ G₃ Ṡ,False
narayani,NArAyaNi,nArAyaNi,29,Dheera,S R2 G3 M1 P D2 S,S N3 P N3 D2 P D2 M1 P G3 R2 S,S R₂ G₃ M₁ P D₂ Ṡ,S N₃ P N₃ D₂ P D₂ M₁ P G₃ R₂ Ṡ,False
narayani,NArAyaNi,nArAyaNi,29,Dheera,S R2 M1 G3 P D2 S,S N3 P N3 D2 P M1 G3 R2 G3 S,S R₂ M₁ G₃ P D₂ Ṡ,S N₃ P N₃ D₂ P M₁ G₃ R₂ G₃ Ṡ,False
narayani,NArAyaNi,nArAyaNi,29,Dheera,S R2 M1 R2 G3 R2 G3 M1 P D2 S,S N3 P N3 D2 P D2 M1 P M1 G3 R2 S,S R₂ M₁ R₂ G₃ R₂ G₃ M₁ P D₂ Ṡ,S N₃ P N₃ D₂ P D₂ M₁ P M₁ G₃ R₂ Ṡ,False
natakuranji,NATakuranji,nATakuranji,29,Dheera,S R2 G3 M1 N2 D2 N2 P D2 N2 S,S N2 D2 M1 G3 S,S R₂ G₃ M₁ N₂ D₂ N₂ P D₂ N₂ Ṡ,S N₂ D₂ M₁ G₃ Ṡ,False
navaroj,NavarOj,navarOj,29,Dheera,P D2 N3 D2 S R2 G3 M1 P,P M1 G3 R2 S N3 D2 P,P D₂ N₃ D₂ Ṡ R₂ G₃ M₁ P,P M₁ G₃ R₂ Ṡ N₃ D₂ P,False
navaroj,NavarOj,navarOj,29,Dheera,P D2 N3 S R2 G3 M1 P S,M1 G3 R2 S N3 D2 P,P D₂ N₃ Ṡ R₂ G₃ M₁ P Ṡ,M₁ G₃ R₂ Ṡ N₃ D₂ P,False
navaroj,NavarOj,navarOj,29,Dheera,P D2 N3 S R2 G3 M1 P,M1 G3 R2 S N3 D2 P,P D₂ N₃ Ṡ R₂ G₃ M₁ P,M₁ G₃ R₂ Ṡ N₃ D₂ P,False
navaroj,NavarOj,navarOj,29,Dheera,P D2 N3 S R2 G3 M1 P,P M1 G3 R2 S N3 D2 N3 P D2 N3 S,P D₂ N₃ Ṡ R₂ G₃ M₁ P,P M₁ G₃ R₂ Ṡ N₃ D₂ N₃ P D₂ N₃ Ṡ,False
navaroj,NavarOj,navarOj,29,Dheera,P D2 N3 S R2 G3 M1 P,P M1 G3 R2 S N3 D2 P,P D₂ N₃ Ṡ R₂ G₃ M₁ P,P M₁ G₃ R₂ Ṡ N₃ D₂ P,False
navaroj,NavarOj,navarOj,29,Dheera,P D2 N3 S R2 G3 M1,P M1 G3 R2 S N3 D2 P,P D₂ N₃ Ṡ R₂ G₃ M₁,P M₁ G₃ R₂ Ṡ N₃ D₂ P,False
nilambari,NIlAmbari,nIlAmbari,29,Dheera,S R2 G3 M1 P N3 S,S N3 P D2 N3 P M1 R2 G3 S,S R₂ G₃ M₁ P N₃ Ṡ,S N₃ P D₂ N₃ P M₁ R₂ G₃ Ṡ,False
nilambari,NIlAmbari,nIlAmbari,29,Dheera,S R2 G3 P D2 P N3 N3 S N3 D2 N3 S,S N3 P M1 G3 R2 G3 R2 M1 G3 S,S R₂ G₃ P D₂ P N₃ N₃ Ṡ N₃ D₂ N₃ Ṡ,S N₃ P M₁ G₃ R₂ G₃ R₂ M₁ G₃ Ṡ,False
nirajharamani,NirajharamaNi,nirajharamaNi,29,Dheera,S G3 M1 D2 M1 P N3 D2 S,S N3 D2 P M1 G3 R2 S,S G₃ M₁ D₂ M₁ P N₃ D₂ Ṡ,S N₃ D₂ P M₁ G₃ R₂ Ṡ,False
niranjani,Niranjani,niranjani,29,Dheera,S R2 G3 P D2 N3 S,S N3 D2 P G3 R2 S,S R₂ G₃ P D₂ N₃ Ṡ,S N₃ D₂ P G₃ R₂ Ṡ,False
nirapratapa,NIrapratApa,nIrapratApa,29,Dheera,S G3 M1 P D2 S,S N3 D2 P M1 G3 R2 S,S G₃ M₁ P D₂ Ṡ,S N₃ D₂ P M₁ G₃ R₂ Ṡ,False
niravadya,NiravAdya,niravAdya,29,Dheera,S R2 G3 M1 D2 N3 S,S N3 D2 M1 P M1 G3 M1 R2 S,S R₂ G₃ M₁ D₂ N₃ Ṡ,S N₃ D₂ M₁ P M₁ G₃ M₁ R₂ Ṡ,False
nirosta,NirOSTa,nirOSTa,29,Dheera,S R2 G3 D2 N3 S,S N3 D2 G3 R2 S,S R₂ G₃ D₂ N₃ Ṡ,S N₃ D₂ G₃ R₂ Ṡ,False
padradhvani,Padradhvani,padradhvani,29,Dheera,S M1 G3 M1 P D2 N3 S,S N3 D2 M1 G3 M1 G3 R2 S,S M₁ G₃ M₁ P D₂ N₃ Ṡ,S N₃ D₂ M₁ G₃ M₁ G₃ R₂ Ṡ,False
pantu,Pantu,pantu,29,Dheera,S R2 G3 M1 P S,S N3 D2 P N3 D2 M1 G3 R2 S,S R₂ G₃ M₁ P Ṡ,S N₃ D₂ P N₃ D₂ M₁ G₃ R₂ Ṡ,False
parijata,PArijAta,pArijAta,29,Dheera,S R2 G3 P D2 S,S N3 D2 M1 G3 M1 R2 S,S R₂ G₃ P D₂ Ṡ,S N₃ D₂ M₁ G₃ M₁ R₂ Ṡ,False
parijata,PArijAta,pArijAta,29,Dheera,S R2 G3 P D2 S,S N3 D2 M1 P G3 M1 R2 S,S R₂ G₃ P D₂ Ṡ,S N₃ D₂ M₁ P G₃ M₁ R₂ Ṡ,False
paroda,ParOda,parOda,29,Dheera,S R2 M1 D2 N3 S,S N3 D2 M1 R2 S,S R₂ M₁ D₂ N₃ Ṡ,S N₃ D₂ M₁ R₂ Ṡ,False
pashupatipriya,PashupatipriyA,pashupatipriyA,29,Dheera,S R2 M1 P D2 S,S D2 P M1 R2 M1 S,S R₂ M₁ P D₂ Ṡ,S D₂ P M₁ R₂ M₁ Ṡ,False
patirava,PaTIrava,paTIrava,29,Dheera,S M1 G3 M1 P D2 N3 S,S N3 D2 P M1 G3 M1 G3 R2 S,S M₁ G₃ M₁ P D₂ N₃ Ṡ,S N₃ D₂ P M₁ G₃ M₁ G₃ R₂ Ṡ,False
pauraprakasha,PauraprakAsha,pauraprakAsha,29,Dheera,S G3 M1 P D2 S,S N3 D2 P M1 G3 R2 S,S G₃ M₁ P D₂ Ṡ,S N₃ D₂ P M₁ G₃ R₂ Ṡ,False
pazhampanzharam,Pazhampanzharam,pazhampanzharam,29,Dheera,S R2 G3 M1 P D2 N3 S,S N3 D2 P M1 G3 R2 S,S R₂ G₃ M₁ P D₂ N₃ Ṡ,S N₃ D₂ P M₁ G₃ R₂ Ṡ,False
pazhamtakkaragam,PazhamtakkarAgam,pazhamtakkarAgam,29,Dheera,S R2 M1 P D2 S,S D2 P M1 R2 S,S R₂ M₁ P D₂ Ṡ,S D₂ P M₁ R₂ Ṡ,False
phalamanjari,Phalamanjari,phalamanjari,29,Dheera,S G3 M1 D2 S,S N3 D2 M1 P M1 G3 R2 S,S G₃ M₁ D₂ Ṡ,S N₃ D₂ M₁ P M₁ G₃ R₂ Ṡ,False
praharanakalita,PraharaNakalita,praharaNakalita,29,Dheera,S R2 G3 P D2 N3 S,S N3 D2 P G3 R2 S,S R₂ G₃ P D₂ N₃ Ṡ,S N₃ D₂ P G₃ R₂ Ṡ,False
prameya,PramEya,pramEya,29,Dheera,S R2 G3 P D2 S,S N3 S D2 M1 G3 R2 S,S R₂ G₃ P D₂ Ṡ,S N₃ Ṡ D₂ M₁ G₃ R₂ Ṡ,False
pramodghati,PramOdghati,pramOdghati,29,Dheera,S R2 G3 M1 P D2 N3 S,S N3 M1 R2 G3 S,S R₂ G₃ M₁ P D₂ N₃ Ṡ,S N₃ M₁ R₂ G₃ Ṡ,False
pramuditavadana,Pramuditavadana,pramuditavadana,29,Dheera,S R2 G3 M1 P D2 S,S N3 P M1 R2 S,S R₂ G₃ M₁ P D₂ Ṡ,S N₃ P M₁ R₂ Ṡ,False
prashanti,PrashAnti,prashAnti,29,Dheera,S G3 M1 G3 R2 S P N3 D2 S,S D2 P R2 P M1 G3 R2 G3 R2 S,S G₃ M₁ G₃ R₂ Ṡ P N₃ D₂ Ṡ,S D₂ P R₂ P M₁ G₃ R₂ G₃ R₂ Ṡ,False
pravalajyoti,PravALajyOti,pravALajyOti,29,Dheera,S R2 M1 P D2 N2 S,S N2 D2 N2 P M1 G3 S,S R₂ M₁ P D₂ N₂ Ṡ,S N₂ D₂ N₂ P M₁ G₃ Ṡ,False
priyamvada,Priyamvada,priyamvada,29,Dheera,S R2 G3 M1 P N3 D2 P S,S N3 P M1 G3 R2 S,S R₂ G₃ M₁ P N₃ D₂ P Ṡ,S N₃ P M₁ G₃ R₂ Ṡ,False
proda,PrOda,prOda,29,Dheera,S R2 M1 D2 N3 S,S N3 D2 M1 R2 S,S R₂ M₁ D₂ N₃ Ṡ,S N₃ D₂ M₁ R₂ Ṡ,False
pulomikam,PulOmikam,pulOmikam,29,Dheera,S R2 G3 P D2 S,S N3 D2 P G3 S,S R₂ G₃ P D₂ Ṡ,S N₃ D₂ P G₃ Ṡ,False
punjavali,PunjAvaLI,punjAvaLI,29,Dheera,S M1 G3 R2 M1 P N3 D2 N3 S,S N3 D2 M1 G3 R2 S,S M₁ G₃ R₂ M₁ P N₃ D₂ N₃ Ṡ,S N₃ D₂ M₁ G₃ R₂ Ṡ,False
purapurika,PurapUrika,purapUrika,29,Dheera,S M1 P D2 N3 S,S N3 D2 P M1 S,S M₁ P D₂ N₃ Ṡ,S N₃ D₂ P M₁ Ṡ,False
purnacandrika,PUrNacandrikA,pUrNacandrikA,29,Dheera,S R2 G3 M1 P D2 N3 S,S N3 P M1 G3 M1 R2 S,S R₂ G₃ M₁ P D₂ N₃ Ṡ,S N₃ P M₁ G₃ M₁ R₂ Ṡ,False
purnacandrika,PUrNacandrikA,pUrNacandrikA,29,Dheera,S R2 G3 M1 P D2 P S,S N3 P D2 P M1 G3 M1 R2 S,S R₂ G₃ M₁ P D₂ P Ṡ,S N₃ P D₂ P M₁ G₃ M₁ R₂ Ṡ,False
purnacandrika,PUrNacandrikA,pUrNacandrikA,29,Dheera,S R2 G3 M1 P D2 P S,S N3 P M1 R2 G3 M1 R2 S,S R₂ G₃ M₁ P D₂ P Ṡ,S N₃ P M₁ R₂ G₃ M₁ R₂ Ṡ,False
purnacandrika,PUrNacandrikA,pUrNacandrikA,29,Dheera,S R2 G3 M1 P D2 S,S N3 D2 P M1 G3 M1 R2 S,S R₂ G₃ M₁ P D₂ Ṡ,S N₃ D₂ P M₁ G₃ M₁ R₂ Ṡ,False
purnacandrika,PUrNacandrikA,pUrNacandrikA,29,Dheera,S R2 G3 M1 P M1 D2 N3 S,S N3 P D2 P M1 G3 M1 R2 S,S R₂ G₃ M₁ P M₁ D₂ N₃ Ṡ,S N₃ P D₂ P M₁ G₃ M₁ R₂ Ṡ,False
purnacandrika,PUrNacandrikA,pUrNacandrikA,29,Dheera,S R2 G3 M1 P N3 S,S N3 P M1 G3 M1 R2 S,S R₂ G₃ M₁ P N₃ Ṡ,S N₃ P M₁ G₃ M₁ R₂ Ṡ,False
purnagaula,PUrNagauLa,pUrNagauLa,29,Dheera,S R2 G3 M1 P N3 D2 N3 P D2 N3 S,S N3 D2 N3 P M1 G3 R2 S,S R₂ G₃ M₁ P N₃ D₂ N₃ P D₂ N₃ Ṡ,S N₃ D₂ N₃ P M₁ G₃ R₂ Ṡ,False
purnagaula,PUrNagauLa,pUrNagauLa,29,Dheera,S R2 M1 G3 R2 M1 P D2 N3 S,S N3 D2 P M1 G3 R2 S,S R₂ M₁ G₃ R₂ M₁ P D₂ N₃ Ṡ,S N₃ D₂ P M₁ G₃ R₂ Ṡ,False
purnodayam,PUrNOdayam,pUrNOdayam,29,Dheera,S R2 M1 P D2 S,S N3 P M1 R2 G3 R2 S,S R₂ M₁ P D₂ Ṡ,S N₃ P M₁ R₂ G₃ R₂ Ṡ,False
puruhutikam,PuruhUtikam,puruhUtikam,29,Dheera,S M1 P D2 N3 S,S N3 D2 P M1 S,S M₁ P D₂ N₃ Ṡ,S N₃ D₂ P M₁ Ṡ,False
purvagaula,PUrvagauLa,pUrvagauLa,29,Dheera,S G3 R2 G3 S R2 M1 P D2 N3,S N3 D2 P M1 G3 R2 S,S G₃ R₂ G₃ Ṡ R₂ M₁ P D₂ N₃,S N₃ D₂ P M₁ G₃ R₂ Ṡ,False
purvagaula,PUrvagauLa,pUrvagauLa,29,Dheera,S R2 M1 G3 P D2 N3 S,S N3 D2 P M1 G3 R2 S,S R₂ M₁ G₃ P D₂ N₃ Ṡ,S N₃ D₂ P M₁ G₃ R₂ Ṡ,False
purvagaula,PUrvagauLa,pUrvagauLa,29,Dheera,S R2 M1 G3 R2 M1 P D2 N3 S,S N3 D2 P M1 G3 R2 S,S R₂ M₁ G₃ R₂ M₁ P D₂ N₃ Ṡ,S N₃ D₂ P M₁ G₃ R₂ Ṡ,False
purvagaula,PUrvagauLa,PUrvagauLa,29,Dheera,S R2 M1 G3 R2 M1 P D2 N3 S,S N3 P D2 P M1 G3 M1 R2 S,S R₂ M₁ G₃ R₂ M₁ P D₂ N₃ Ṡ,S N₃ P D₂ P M₁ G₃ M₁ R₂ Ṡ,False
purvagaula,PUrvagauLa,pUrvagauLa,29,Dheera,S R2 M1 G3 R2 M1 P N3 D2 N3 S,S N3 D2 P M1 G3 R2 S,S R₂ M₁ G₃ R₂ M₁ P N₃ D₂ N₃ Ṡ,S N₃ D₂ P M₁ G₃ R₂ Ṡ,False
purvagaula,PUrvagauLa,pUrvagauLa,29,Dheera,S R2 M1 P N3 D2 N3 P D2 N3,S N3 D2 N3 P M1 G3 R2 S,S R₂ M₁ P N₃ D₂ N₃ P D₂ N₃,S N₃ D₂ N₃ P M₁ G₃ R₂ Ṡ,False
purvagaula,PUrvagauLa,pUrvagauLa,29,Dheera,S R2 M1 P N3 D2 N3 P D2 N3,S N3 D2 P M1 G3 R2 S,S R₂ M₁ P N₃ D₂ N₃ P D₂ N₃,S N₃ D₂ P M₁ G₃ R₂ Ṡ,False
purvashankarabharana,PUrvashankarAbharana,pUrvashankarAbharana,29,Dheera,S R2 G3 M1 P D2 N3 S,S N3 D2 P S D2 P M1 G3 R2 S N3 P D2 N3 S,S R₂ G₃ M₁ P D₂ N₃ Ṡ,S N₃ D₂ P Ṡ D₂ P M₁ G₃ R₂ Ṡ N₃ P D₂ N₃ Ṡ,False
purvavivardhini,PUrvavivardhini,pUrvavivardhini,29,Dheera,S R2 M1 P S,S N3 D2 P M1 G3 R2 S,S R₂ M₁ P Ṡ,S N₃ D₂ P M₁ G₃ R₂ Ṡ,False
putrika,PutrikA,putrikA,29,Dheera,S R2 G3 D2 N3 S,S N3 D2 P M1 S,S R₂ G₃ D₂ N₃ Ṡ,S N₃ D₂ P M₁ Ṡ,False
rajamanohari,RAjamanOhari,rAjamanOhari,29,Dheera,S R2 G3 M1 P N3 S,S N3 D2 P M1 G3 M1 R2 G3 R2 S,S R₂ G₃ M₁ P N₃ Ṡ,S N₃ D₂ P M₁ G₃ M₁ R₂ G₃ R₂ Ṡ,False
rakkudhvaja,Rakkudhvaja,rakkudhvaja,29,Dheera,S R2 G3 M1 P D2 N3 S,S D2 P M1 G3 S,S R₂ G₃ M₁ P D₂ N₃ Ṡ,S D₂ P M₁ G₃ Ṡ,False
rangamallika,RAngamallika,rAngamallika,29,Dheera,S R2 G3 M1 N3 D2 M1 P D2 N3 S,S N3 D2 P M1 R2 M1 G3 S,S R₂ G₃ M₁ N₃ D₂ M₁ P D₂ N₃ Ṡ,S N₃ D₂ P M₁ R₂ M₁ G₃ Ṡ,False
ranjanagauri,Ranjanagauri,ranjanagauri,29,Dheera,S D2 P N3 S R2 G3 M1 P N3,D2 P M1 G3 R2 S N3 D2 P,S D₂ P N₃ Ṡ R₂ G₃ M₁ P N₃,D₂ P M₁ G₃ R₂ Ṡ N₃ D₂ P,False
ratnabhusani,RatnabhUSaNi,ratnabhUSaNi,29,Dheera,S R2 G3 M1 P S,S S M1 G3 R2 S,S R₂ G₃ M₁ P Ṡ,S Ṡ M₁ G₃ R₂ Ṡ,False
rituvilasa,RituvilAsa,rituvilAsa,29,Dheera,S G3 M1 P D2 N3 S,S N3 D2 P M1 R2 S,S G₃ M₁ P D₂ N₃ Ṡ,S N₃ D₂ P M₁ R₂ Ṡ,False
rugmadhvaja,Rugmadhvaja,rugmadhvaja,29,Dheera,S R2 G3 M1 P D2 N3 S,S D2 P M1 G3 R2 S,S R₂ G₃ M₁ P D₂ N₃ Ṡ,S D₂ P M₁ G₃ R₂ Ṡ,False
rugmasandhini,Rugmasandhini,rugmasandhini,29,Dheera,S R2 G3 R2 M1 P D2 N3 S,S D2 P M1 G3 R2 S,S R₂ G₃ R₂ M₁ P D₂ N₃ Ṡ,S D₂ P M₁ G₃ R₂ Ṡ,False
sadvikarekha,SAdvikarEkhA,sAdvikarEkhA,29,Dheera,S R2 M1 P N3 S,S N3 D2 P M1 G3 R2 M1 G3 S,S R₂ M₁ P N₃ Ṡ,S N₃ D₂ P M₁ G₃ R₂ M₁ G₃ Ṡ,False
saimmini,Saimmini,saimmini,29,Dheera,S R2 M1 P N3 S,S D2 P G3 S,S R₂ M₁ P N₃ Ṡ,S D₂ P G₃ Ṡ,False
salilapriya,SalilapriyA,salilapriyA,29,Dheera,S G3 M1 P M1 D2 P N3 D2 S,S N3 D2 P M1 G3 R2 S,S G₃ M₁ P M₁ D₂ P N₃ D₂ Ṡ,S N₃ D₂ P M₁ G₃ R₂ Ṡ,False
salirasa,SAlIrasa,sAlIrasa,29,Dheera,S M1 G3 R2 G3 M1 N3 D2 N3 S,S N3 D2 N3 P D2 M1 G3 M1 R2 S,S M₁ G₃ R₂ G₃ M₁ N₃ D₂ N₃ Ṡ,S N₃ D₂ N₃ P D₂ M₁ G₃ M₁ R₂ Ṡ,False
sama,SAma,sAma,29,Dheera,S R2 G3 S P M1 D2 D2 S,S D2 P M1 G3 R2 S,S R₂ G₃ Ṡ P M₁ D₂ D₂ Ṡ,S D₂ P M₁ G₃ R₂ Ṡ,False
sandarshini,Sandarshini,sandarshini,29,Dheera,S R2 G3 M1 D2 N3 S,S N3 D2 M1 G3 R2 S,S R₂ G₃ M₁ D₂ N₃ Ṡ,S N₃ D₂ M₁ G₃ R₂ Ṡ,False
sandarshini,Sandarshini,sandarshini,29,Dheera,S R2 G3 M1 D2 N3 S,S N3 D2 N3 D2 M1 G3 R2 S,S R₂ G₃ M₁ D₂ N₃ Ṡ,S N₃ D₂ N₃ D₂ M₁ G₃ R₂ Ṡ,False
sandarshini,Sandarshini,sandarshini,29,Dheera,S R2 G3 M1 D2 N3 S,S N3 D2 P M1 R2 G3 M1 N3 S,S R₂ G₃ M₁ D₂ N₃ Ṡ,S N₃ D₂ P M₁ R₂ G₃ M₁ N₃ Ṡ,False
sarangamallar,SArangamallAr,sArangamallAr,29,Dheera,S R2 M1 P D2 N3 S,S N3 D2 P M1 R2 S N3 S,S R₂ M₁ P D₂ N₃ Ṡ,S N₃ D₂ P M₁ R₂ Ṡ N₃ Ṡ,False
sarasvatimanohari,SarasvatimanOhari,sarasvatimanOhari,29,Dheera,S R2 G3 M1 D2 D2 N3 S,S N3 D2 P M1 G3 M1 R2 S,S R₂ G₃ M₁ D₂ D₂ N₃ Ṡ,S N₃ D₂ P M₁ G₃ M₁ R₂ Ṡ,False
sarvarati,Sarvarati,sarvarati,29,Dheera,S R2 G3 M1 P D2 N3 S,S N3 P G3 R2 S,S R₂ G₃ M₁ P D₂ N₃ Ṡ,S N₃ P G₃ R₂ Ṡ,False
satkavita,Satkavita,satkavita,29,Dheera,S G3 M1 P N3 S,S N3 D2 P M1 G3 R2 M1 G3 R2 S,S G₃ M₁ P N₃ Ṡ,S N₃ D₂ P M₁ G₃ R₂ M₁ G₃ R₂ Ṡ,False
satvikarekha,SAtvikarEkhA,sAtvikarEkhA,29,Dheera,S R2 M1 P N3 S,S N3 D2 P M1 G3 R2 M1 G3 S,S R₂ M₁ P N₃ Ṡ,S N₃ D₂ P M₁ G₃ R₂ M₁ G₃ Ṡ,False
saudam,Saudam,saudam,29,Dheera,S G3 M1 P S,S N3 D2 M1 R2 S,S G₃ M₁ P Ṡ,S N₃ D₂ M₁ R₂ Ṡ,False
saudayam,SaudAyam,saudAyam,29,Dheera,S R2 M1 G3 S,S N3 P D2 S,S R₂ M₁ G₃ Ṡ,S N₃ P D₂ Ṡ,False
saundarikam,SaundarIkam,saundarIkam,29,Dheera,S G3 P N3 S,S D2 M1 R2 S,S G₃ P N₃ Ṡ,S D₂ M₁ R₂ Ṡ,False
saundaryalahiri,Saundaryalahiri,saundaryalahiri,29,Dheera,S R2 P N3 S,S D2 M1 G3 S,S R₂ P N₃ Ṡ,S D₂ M₁ G₃ Ṡ,False
saupancanam,Saupancanam,saupancanam,29,Dheera,S G3 M1 D2 S,S N3 P R2 S,S G₃ M₁ D₂ Ṡ,S N₃ P R₂ Ṡ,False
sechchai,Sechchai,sechchai,29,Dheera,S G3 M1 P N3 S,S D2 P M1 R2 S,S G₃ M₁ P N₃ Ṡ,S D₂ P M₁ R₂ Ṡ,False
senavu,SEnAvu,sEnAvu,29,Dheera,S R2 M1 D2 N3 S,S D2 P G3 S,S R₂ M₁ D₂ N₃ Ṡ,S D₂ P G₃ Ṡ,False
shahana,ShahAna,shahAna,29,Dheera,S R2 G3 M1 P D2 N3 S,S N3 D2 P M1 G3 R2 S,S R₂ G₃ M₁ P D₂ N₃ Ṡ,S N₃ D₂ P M₁ G₃ R₂ Ṡ,False
shahana,ShahAna,shahAna,29,Dheera,S R2 G3 M1 P M1 D2 N3 S,S N3 D2 P M1 G3 M1 G3 R2 S,S R₂ G₃ M₁ P M₁ D₂ N₃ Ṡ,S N₃ D₂ P M₁ G₃ M₁ G₃ R₂ Ṡ,False
shakari,Shakari,shakari,29,Dheera,S G3 P N3 S,S N3 P G3 S,S G₃ P N₃ Ṡ,S N₃ P G₃ Ṡ,False
shambhukriya,ShambhukriyA,shambhukriyA,29,Dheera,S G3 R2 M1 P N3 S,S N3 M1 G3 R2 S,S G₃ R₂ M₁ P N₃ Ṡ,S N₃ M₁ G₃ R₂ Ṡ,False
shambhukriya,ShambhukriyA,shambhukriyA,29,Dheera,S G3 R2 M1 P N3 S,S N3 P N3 M1 G3 R2 S,S G₃ R₂ M₁ P N₃ Ṡ,S N₃ P N₃ M₁ G₃ R₂ Ṡ,False
shambhukriya,ShambhukriyA,shambhukriyA,29,Dheera,S R2 G3 M1 P D2 N3 S,S N3 D2 P M1 G3 R2 G3 R2 S,S R₂ G₃ M₁ P D₂ N₃ Ṡ,S N₃ D₂ P M₁ G₃ R₂ G₃ R₂ Ṡ,False
shambhukriya,ShambhukriyA,shambhukriyA,29,Dheera,S R2 G3 M1 P N3 S,S N3 P N3 M1 G3 R2 S,S R₂ G₃ M₁ P N₃ Ṡ,S N₃ P N₃ M₁ G₃ R₂ Ṡ,False
shankara,Shankara,shankara,29,Dheera,S G3 P N3 D2 S N3,S N3 D2 M1 P G3 R2 G3 S R2,S G₃ P N₃ D₂ Ṡ N₃,S N₃ D₂ M₁ P G₃ R₂ G₃ Ṡ R₂,False
shankarabharanam,ShankarAbharaNam,shankarAbharaNam,29,Dheera,S R2 G3 M1 P D2 N3 S,S D2 P M1 G3 R2 S N3 P D2 N3 S,S R₂ G₃ M₁ P D₂ N₃ Ṡ,S D₂ P M₁ G₃ R₂ Ṡ N₃ P D₂ N₃ Ṡ,False
shankarabharanam,ShankarAbharaNam,shankarAbharaNam,29,Dheera,S R2 G3 M1 P D2 N3 S,S D2 P M1 G3 R2 S,S R₂ G₃ M₁ P D₂ N₃ Ṡ,S D₂ P M₁ G₃ R₂ Ṡ,False
shankarabharanam,ShankarAbharaNam,shankarAbharaNam,29,Dheera,S R2 G3 M1 P D2 N3 S,S N3 D2 P M1 G3 R2 S S N3 P D2 N3 S,S R₂ G₃ M₁ P D₂ N₃ Ṡ,S N₃ D₂ P M₁ G₃ R₂ Ṡ S N₃ P D₂ N₃ Ṡ,False
shankarabharanam,ShankarAbharaNam,shankarAbharaNam,29,Dheera,S R2 G3 M1 P D2 N3 S,S N3 D2 P M1 G3 R2 S,S R₂ G₃ M₁ P D₂ N₃ Ṡ,S N₃ D₂ P M₁ G₃ R₂ Ṡ,False
shankaramohana,ShankaramOhana,shankaramOhana,29,Dheera,S R2 G3 P N3 D2 S N3,S D2 P G3 R2 S,S R₂ G₃ P N₃ D₂ Ṡ N₃,S D₂ P G₃ R₂ Ṡ,False
shankarar,Shankarar,shankarar,29,Dheera,S G3 M1 P D2 S,S N3 D2 P M1 G3 R2 S,S G₃ M₁ P D₂ Ṡ,S N₃ D₂ P M₁ G₃ R₂ Ṡ,False
shankari,Shankari,shankari,29,Dheera,S G3 P N3 S,S N3 P G3 S,S G₃ P N₃ Ṡ,S N₃ P G₃ Ṡ,False
shankarimukhari,ShankarimukhAri,shankarimukhAri,29,Dheera,S R2 G3 M1 R2 M1 P D2 N3 S,S N3 D2 P M1 R2 G3 M1 N3 S,S R₂ G₃ M₁ R₂ M₁ P D₂ N₃ Ṡ,S N₃ D₂ P M₁ R₂ G₃ M₁ N₃ Ṡ,False
shanmatrika,ShanmAtrika,shanmAtrika,29,Dheera,S R2 G3 M1 P D2 N3 S,S N3 D2 N3 P M1 R2 S,S R₂ G₃ M₁ P D₂ N₃ Ṡ,S N₃ D₂ N₃ P M₁ R₂ Ṡ,False
sharadvini,Sharadvini,sharadvini,29,Dheera,S R2 G3 M1 G3 P N3 D2 N3 S,S D2 N3 D2 P M1 G3 R2 S,S R₂ G₃ M₁ G₃ P N₃ D₂ N₃ Ṡ,S D₂ N₃ D₂ P M₁ G₃ R₂ Ṡ,False
sharavati,SharAvati,sharAvati,29,Dheera,S R2 G3 M1 P D2 N3 S,S N3 P G3 R2 S,S R₂ G₃ M₁ P D₂ N₃ Ṡ,S N₃ P G₃ R₂ Ṡ,False
sharavibhasani,SharavibhASaNi,sharavibhASaNi,29,Dheera,S R2 M1 P M1 D2 N3 S,S N3 P M1 G3 R2 S,S R₂ M₁ P M₁ D₂ N₃ Ṡ,S N₃ P M₁ G₃ R₂ Ṡ,False
shembian,Shembian,shembian,29,Dheera,S G3 M1 P D2 N3 S,S D2 M1 R2 S,S G₃ M₁ P D₂ N₃ Ṡ,S D₂ M₁ R₂ Ṡ,False
shembiru,Shembiru,shembiru,29,Dheera,S G3 P N3 S,S D2 P M1 G3 R2 S,S G₃ P N₃ Ṡ,S D₂ P M₁ G₃ R₂ Ṡ,False
shendadu,ShendAdu,shendAdu,29,Dheera,S G3 M1 P D2 S,S N3 P M1 R2 S,S G₃ M₁ P D₂ Ṡ,S N₃ P M₁ R₂ Ṡ,False
shendakarai,Shendakarai,shendakarai,29,Dheera,S R2 G3 M1 P D2 S,S N3 P G3 S,S R₂ G₃ M₁ P D₂ Ṡ,S N₃ P G₃ Ṡ,False
shendi,Shendi,shendi,29,Dheera,S R2 G3 M1 P D2 N3 S,S D2 P G3 S,S R₂ G₃ M₁ P D₂ N₃ Ṡ,S D₂ P G₃ Ṡ,False
shendodaiyan,ShendoDaiyan,shendoDaiyan,29,Dheera,S R2 M1 D2 S,S N3 D2 P M1 G3 R2 S,S R₂ M₁ D₂ Ṡ,S N₃ D₂ P M₁ G₃ R₂ Ṡ,False
shendurukku,Shendurukku,shendurukku,29,Dheera,S G3 P N3 S,S N3 D2 P M1 G3 R2 S,S G₃ P N₃ Ṡ,S N₃ D₂ P M₁ G₃ R₂ Ṡ,False
shendutti,Shendutti,shendutti,29,Dheera,S G3 P D2 S,S N3 D2 P M1 G3 R2 S,S G₃ P D₂ Ṡ,S N₃ D₂ P M₁ G₃ R₂ Ṡ,False
shengalvarai,Shengalvarai,shengalvarai,29,Dheera,S G3 M1 P N3 S,S N3 D2 P M1 G3 R2 S,S G₃ M₁ P N₃ Ṡ,S N₃ D₂ P M₁ G₃ R₂ Ṡ,False
shengazhunir,ShengazhunIr,shengazhunIr,29,Dheera,S R2 G3 M1 D2 S,S N3 D2 P M1 G3 R2 S,S R₂ G₃ M₁ D₂ Ṡ,S N₃ D₂ P M₁ G₃ R₂ Ṡ,False
shengidai,ShengiDai,shengiDai,29,Dheera,S R2 M1 P D2 N3 S,S N3 D2 P M1 G3 S,S R₂ M₁ P D₂ N₃ Ṡ,S N₃ D₂ P M₁ G₃ Ṡ,False
shengiluvai,ShengiLuvai,shengiLuvai,29,Dheera,S G3 M1 P D2 N3 S,S D2 P M1 G3 R2 S,S G₃ M₁ P D₂ N₃ Ṡ,S D₂ P M₁ G₃ R₂ Ṡ,False
shengodu,ShengODu,shengODu,29,Dheera,S G3 M1 D2 N3 S,S N3 D2 P M1 R2 S,S G₃ M₁ D₂ N₃ Ṡ,S N₃ D₂ P M₁ R₂ Ṡ,False
shengunri,Shengunri,shengunri,29,Dheera,S R2 M1 P D2 N3 S,S N3 P M1 G3 S,S R₂ M₁ P D₂ N₃ Ṡ,S N₃ P M₁ G₃ Ṡ,False
shenguttuvan,ShenguTTuvan,shenguTTuvan,29,Dheera,S R2 G3 P D2 N3 S,S D2 P M1 G3 R2 S,S R₂ G₃ P D₂ N₃ Ṡ,S D₂ P M₁ G₃ R₂ Ṡ,False
shenkumizh,Shenkumizh,shenkumizh,29,Dheera,S R2 G3 M1 P D2 S,S N3 P G3 R2 S,S R₂ G₃ M₁ P D₂ Ṡ,S N₃ P G₃ R₂ Ṡ,False
shenkumudam,Shenkumudam,shenkumudam,29,Dheera,S R2 G3 P D2 N3 S,S D2 P M1 G3 S,S R₂ G₃ P D₂ N₃ Ṡ,S D₂ P M₁ G₃ Ṡ,False
shental,ShentAL,shentAL,29,Dheera,S R2 G3 M1 P D2 N3 S,S N3 P G3 S,S R₂ G₃ M₁ P D₂ N₃ Ṡ,S N₃ P G₃ Ṡ,False
shentazhal,Shentazhal,shentazhal,29,Dheera,S R2 M1 P N3 S,S D2 P M1 G3 S,S R₂ M₁ P N₃ Ṡ,S D₂ P M₁ G₃ Ṡ,False
shentiru,Shentiru,shentiru,29,Dheera,S R2 G3 M1 P D2 N3 S,S D2 M1 R2 S,S R₂ G₃ M₁ P D₂ N₃ Ṡ,S D₂ M₁ R₂ Ṡ,False
sherparattai,Sherparattai,sherparattai,29,Dheera,S R2 G3 M1 P N3 S,S D2 P G3 S,S R₂ G₃ M₁ P N₃ Ṡ,S D₂ P G₃ Ṡ,False
shevvagatti,Shevvagatti,shevvagatti,29,Dheera,S G3 M1 D2 S,S N3 P M1 G3 R2 S,S G₃ M₁ D₂ Ṡ,S N₃ P M₁ G₃ R₂ Ṡ,False
shevvali,ShevvaLi,shevvaLi,29,Dheera,S R2 G3 P N3 S,S D2 M1 R2 S,S R₂ G₃ P N₃ Ṡ,S D₂ M₁ R₂ Ṡ,False
shevvalli,Shevvalli,shevvalli,29,Dheera,S R2 G3 P N3 S,S D2 M1 R2 S,S R₂ G₃ P N₃ Ṡ,S D₂ M₁ R₂ Ṡ,False
shevvarai,Shevvarai,shevvarai,29,Dheera,S R2 G3 M1 D2 S,S N3 P G3 S,S R₂ G₃ M₁ D₂ Ṡ,S N₃ P G₃ Ṡ,False
shikhandiruta,ShikhaNDIruta,shikhaNDIruta,29,Dheera,S R2 M1 P D2 S,S N3 D2 P D2 M1 R2 M1 G3 S,S R₂ M₁ P D₂ Ṡ,S N₃ D₂ P D₂ M₁ R₂ M₁ G₃ Ṡ,False
shivagandhari,ShivagAndhAri,shivagAndhAri,29,Dheera,S G3 M1 P D2 N3 S,S N3 D2 P M1 G3 R2 S,S G₃ M₁ P D₂ N₃ Ṡ,S N₃ D₂ P M₁ G₃ R₂ Ṡ,False
shivagangai,Shivagangai,shivagangai,29,Dheera,S M1 P D2 N3 S,S D2 P G3 R2 S,S M₁ P D₂ N₃ Ṡ,S D₂ P G₃ R₂ Ṡ,False
shorattorasi,ShorattOrasi,shorattOrasi,29,Dheera,S G3 P D2 S,S N3 P M1 R2 S,S G₃ P D₂ Ṡ,S N₃ P M₁ R₂ Ṡ,False
shovai,ShOvai,shOvai,29,Dheera,S G3 P N3 S,S D2 P M1 R2 S,S G₃ P N₃ Ṡ,S D₂ P M₁ R₂ Ṡ,False
shradvini,ShrAdvini,shrAdvini,29,Dheera,S R2 G3 M1 G3 P N3 D2 N3 S,S D2 N3 D2 P M1 G3 R2 S,S R₂ G₃ M₁ G₃ P N₃ D₂ N₃ Ṡ,S D₂ N₃ D₂ P M₁ G₃ R₂ Ṡ,False
shrikanada,ShrIkAnaDA,shrIkAnaDA,29,Dheera,S R2 G3 M1 P M1 D2 N3 S,S N3 P D2 N3 P M1 G3 R2 S,S R₂ G₃ M₁ P M₁ D₂ N₃ Ṡ,S N₃ P D₂ N₃ P M₁ G₃ R₂ Ṡ,False
shrikedaram,ShrIkEdAram,shrIkEdAram,29,Dheera,S M1 G3 M1 P N3 S,S N3 P M1 G3 R2 G3 S,S M₁ G₃ M₁ P N₃ Ṡ,S N₃ P M₁ G₃ R₂ G₃ Ṡ,False
shrimahabalagiri,ShrImahAbalagiri,shrImahAbalagiri,29,Dheera,S R2 M1 P D2 N3 S,S N3 D2 P M1 R2 S N3 S,S R₂ M₁ P D₂ N₃ Ṡ,S N₃ D₂ P M₁ R₂ Ṡ N₃ Ṡ,False
shrinarayanadeshaksi,ShrInArAyaNadEshakSi,shrInArAyaNadEshakSi,29,Dheera,S R2 M1 P D2 N3 S,S D2 M1 R2 G3 S,S R₂ M₁ P D₂ N₃ Ṡ,S D₂ M₁ R₂ G₃ Ṡ,False
shritapasvini,ShrItapasvini,shrItapasvini,29,Dheera,S N3 D2 S R2 G3 M1 P D2 N3,D2 P M1 G3 R2 S N3 D2 S,S N₃ D₂ Ṡ R₂ G₃ M₁ P D₂ N₃,D₂ P M₁ G₃ R₂ Ṡ N₃ D₂ Ṡ,False
shrivivardhini,ShrIvivardhini,shrIvivardhini,29,Dheera,S R2 M1 P S,S N3 D2 P M1 G3 R2 S,S R₂ M₁ P Ṡ,S N₃ D₂ P M₁ G₃ R₂ Ṡ,False
shruttani,ShruttaNi,shruttaNi,29,Dheera,S G3 P D2 S,S N3 D2 P M1 G3 R2 S,S G₃ P D₂ Ṡ,S N₃ D₂ P M₁ G₃ R₂ Ṡ,False
shuddhabilaval,ShuddhabilAval,shuddhabilAval,29,Dheera,S R2 G3 M1 P D2 N3 S,S N3 D2 P M1 G3 R2 S,S R₂ G₃ M₁ P D₂ N₃ Ṡ,S N₃ D₂ P M₁ G₃ R₂ Ṡ,False
shuddhamalavi,ShuddhamALavi,shuddhamALavi,29,Dheera,S R2 G3 M1 P N3 S,S D2 N3 P M1 G3 R2 S,S R₂ G₃ M₁ P N₃ Ṡ,S D₂ N₃ P M₁ G₃ R₂ Ṡ,False
shuddhanata,ShuddhanATa,shuddhanATa,29,Dheera,S G3 M1 P N3 S,S N3 P M1 G3 S,S G₃ M₁ P N₃ Ṡ,S N₃ P M₁ G₃ Ṡ,False
shuddhasaranga,ShuddhasAranga,shuddhasAranga,29,Dheera,S R2 G3 M1 P D2 N3 D2 S,S N3 D2 P M1 G3 R2 S,S R₂ G₃ M₁ P D₂ N₃ D₂ Ṡ,S N₃ D₂ P M₁ G₃ R₂ Ṡ,False
shuddhasaveri,ShuddhasAvEri,shuddhasAvEri,29,Dheera,S R2 M1 P D2 S,S D2 P M1 R2 S,S R₂ M₁ P D₂ Ṡ,S D₂ P M₁ R₂ Ṡ,False
shuddhavasanta,Shuddhavasanta,shuddhavasanta,29,Dheera,S R2 G3 M1 P D2 N3 S,S N3 D2 M1 D2 P M1 G3 R2 S,S R₂ G₃ M₁ P D₂ N₃ Ṡ,S N₃ D₂ M₁ D₂ P M₁ G₃ R₂ Ṡ,False
shuddhavasanta,Shuddhavasanta,shuddhavasanta,29,Dheera,S R2 G3 M1 P D2 N3 S,S N3 D2 P M1 G3 R2 S,S R₂ G₃ M₁ P D₂ N₃ Ṡ,S N₃ D₂ P M₁ G₃ R₂ Ṡ,False
shuddhavasanta,Shuddhavasanta,shuddhavasanta,29,Dheera,S R2 G3 M1 P N3 S,S D2 N3 P M1 G3 R2 S,S R₂ G₃ M₁ P N₃ Ṡ,S D₂ N₃ P M₁ G₃ R₂ Ṡ,False
shuddhavasanta,Shuddhavasanta,shuddhavasanta,29,Dheera,S R2 G3 M1 P N3 S,S N3 P M1 G3 R2 S,S R₂ G₃ M₁ P N₃ Ṡ,S N₃ P M₁ G₃ R₂ Ṡ,False
shuddhavasanta,Shuddhavasanta,shuddhavasanta,29,Dheera,S R2 M1 P D2 N3 S,S N3 D2 P M1 G3 M1 G3 S,S R₂ M₁ P D₂ N₃ Ṡ,S N₃ D₂ P M₁ G₃ M₁ G₃ Ṡ,False
shuddhavasanta,Shuddhavasanta,shuddhavasanta,29,Dheera,S R2 M1 P D2 N3 S,S N3 D2 P M1 G3 R2 S,S R₂ M₁ P D₂ N₃ Ṡ,S N₃ D₂ P M₁ G₃ R₂ Ṡ,False
shuklakarnata,ShuklakarnATa,shuklakarnATa,29,Dheera,S R2 G3 M1 P D2 N3 S,S D2 P M1 R2 P M1 G3 S,S R₂ G₃ M₁ P D₂ N₃ Ṡ,S D₂ P M₁ R₂ P M₁ G₃ Ṡ,False
shuklakarnataka,ShuklakarnATaka,shuklakarnATaka,29,Dheera,S R2 G3 M1 P D2 N3 S,S D2 P M1 R2 P M1 G3 S,S R₂ G₃ M₁ P D₂ N₃ Ṡ,S D₂ P M₁ R₂ P M₁ G₃ Ṡ,False
simhonnata,SimhOnnata,simhOnnata,29,Dheera,S M1 G3 D2 P N3 D2 S,S N3 D2 P M1 G3 R2 S,S M₁ G₃ D₂ P N₃ D₂ Ṡ,S N₃ D₂ P M₁ G₃ R₂ Ṡ,False
sindhu,Sindhu,sindhu,29,Dheera,S R2 G3 R2 M1 P S,S N3 D2 P N3 D2 M1 G3 R2 S,S R₂ G₃ R₂ M₁ P Ṡ,S N₃ D₂ P N₃ D₂ M₁ G₃ R₂ Ṡ,False
sindhu,Sindhu,sindhu,29,Dheera,S R2 G3 R2 M1 P S,S N3 D2 P N3 D2 P M1 G3 R2 S,S R₂ G₃ R₂ M₁ P Ṡ,S N₃ D₂ P N₃ D₂ P M₁ G₃ R₂ Ṡ,False
sindhumandari,SindhumandAri,sindhumandAri,29,Dheera,S R2 G3 M1 P S,S N3 D2 P G3 M1 D2 P M1 G3 R2 S,S R₂ G₃ M₁ P Ṡ,S N₃ D₂ P G₃ M₁ D₂ P M₁ G₃ R₂ Ṡ,False
sindhumandari,SindhumandAri,sindhumandAri,29,Dheera,S R2 G3 M1 P S,S N3 D2 P G3 M1 D2 P M1 R2 S,S R₂ G₃ M₁ P Ṡ,S N₃ D₂ P G₃ M₁ D₂ P M₁ R₂ Ṡ,False
sindhumandari,SindhumandAri,sindhumandAri,29,Dheera,S R2 G3 M1 P S,S N3 D2 P M1 G3 M1 R2 S,S R₂ G₃ M₁ P Ṡ,S N₃ D₂ P M₁ G₃ M₁ R₂ Ṡ,False
sindhumandari,SindhumandAri,sindhumandAri,29,Dheera,S R2 G3 M1 P S,S N3 D2 P N3 D2 M1 G3 R2 S,S R₂ G₃ M₁ P Ṡ,S N₃ D₂ P N₃ D₂ M₁ G₃ R₂ Ṡ,False
sindhumukha,Sindhumukha,sindhumukha,29,Dheera,S G3 R2 G3 M1 P S,S N3 D2 P N3 D2 M1 G3 R2 S,S G₃ R₂ G₃ M₁ P Ṡ,S N₃ D₂ P N₃ D₂ M₁ G₃ R₂ Ṡ,False
sindhumukhari,SindhumukhAri,sindhumukhAri,29,Dheera,S G3 R2 G3 M1 P S,S N3 D2 P N3 D2 M1 G3 R2 S,S G₃ R₂ G₃ M₁ P Ṡ,S N₃ D₂ P N₃ D₂ M₁ G₃ R₂ Ṡ,False
sittavali,SittAvaLi,sittAvaLi,29,Dheera,S R2 G3 M1 P D2 N3 S,S N3 P M1 R2 S,S R₂ G₃ M₁ P D₂ N₃ Ṡ,S N₃ P M₁ R₂ Ṡ,False
smasi,SmAsi,smAsi,29,Dheera,S R2 M1 D2 S,S N3 P M1 G3 S,S R₂ M₁ D₂ Ṡ,S N₃ P M₁ G₃ Ṡ,False
someshapriya,SOmEshapriyA,sOmEshapriyA,29,Dheera,S G3 M1 D2 S,S N3 P M1 R2 S,S G₃ M₁ D₂ Ṡ,S N₃ P M₁ R₂ Ṡ,False
someshvarapriya,SOmEshvarapriyA,sOmEshvarapriyA,29,Dheera,S G3 M1 P D2 S,S N3 P M1 R2 S,S G₃ M₁ P D₂ Ṡ,S N₃ P M₁ R₂ Ṡ,False
sudhamanohari,SudhAmanOhari,sudhAmanOhari,29,Dheera,S G3 M1 G3 R2 M1 P D2 N3 S,S D2 N3 P M1 G3 M1 R2 G3 R2 S,S G₃ M₁ G₃ R₂ M₁ P D₂ N₃ Ṡ,S D₂ N₃ P M₁ G₃ M₁ R₂ G₃ R₂ Ṡ,False
sujanapriya,SujanapriyA,sujanapriyA,29,Dheera,S R2 G3 M1 P D2 N3 S,S D2 N3 P M1 G3 M1 R2 G3 R2 S,S R₂ G₃ M₁ P D₂ N₃ Ṡ,S D₂ N₃ P M₁ G₃ M₁ R₂ G₃ R₂ Ṡ,False
sunadala,SunAdala,sunAdala,29,Dheera,S R2 M1 P N3 D2 N3 S,S N3 D2 P M1 G3 R2 S,S R₂ M₁ P N₃ D₂ N₃ Ṡ,S N₃ D₂ P M₁ G₃ R₂ Ṡ,False
suranandini,Suranandini,suranandini,29,Dheera,S R2 G3 P D2 N3 S,S N3 D2 P G3 R2 S,S R₂ G₃ P D₂ N₃ Ṡ,S N₃ D₂ P G₃ R₂ Ṡ,False
suraranjani,Suraranjani,suraranjani,29,Dheera,S G3 P R2 M1 D2 S,S N3 D2 P M1 G3 R2 S,S G₃ P R₂ M₁ D₂ Ṡ,S N₃ D₂ P M₁ G₃ R₂ Ṡ,False
tamalaki,TAmalaki,tAmalaki,29,Dheera,S M1 P D2 N3 S,S N3 D2 P M1 S,S M₁ P D₂ N₃ Ṡ,S N₃ D₂ P M₁ Ṡ,False
tandavam,TANDavam,tANDavam,29,Dheera,S G3 P D2 N3 S,S N3 D2 P G3 S,S G₃ P D₂ N₃ Ṡ,S N₃ D₂ P G₃ Ṡ,False
thomaradharini,ThOmaradhAriNi,thOmaradhAriNi,29,Dheera,S R2 M1 P D2 N3 S,S N3 D2 P M1 R2 S,S R₂ M₁ P D₂ N₃ Ṡ,S N₃ D₂ P M₁ R₂ Ṡ,False
tiruchchengai,Tiruchchengai,tiruchchengai,29,Dheera,S G3 M1 P D2 S,S N3 P M1 G3 R2 S,S G₃ M₁ P D₂ Ṡ,S N₃ P M₁ G₃ R₂ Ṡ,False
tiruchcherutti,Tiruchcherutti,tiruchcherutti,29,Dheera,S R2 M1 D2 S,S N3 D2 P M1 G3 S,S R₂ M₁ D₂ Ṡ,S N₃ D₂ P M₁ G₃ Ṡ,False
tivrikavasanta,TIvrikavasanta,tIvrikavasanta,29,Dheera,S G3 R2 G3 M1 P D2 N3 S,S N3 D2 M1 G3 R2 S,S G₃ R₂ G₃ M₁ P D₂ N₃ Ṡ,S N₃ D₂ M₁ G₃ R₂ Ṡ,False
tomaradharini,TOmaradhAriNi,tOmaradhAriNi,29,Dheera,S R2 M1 D2 P N3 S,S N3 D2 P M1 R2 S,S R₂ M₁ D₂ P N₃ Ṡ,S N₃ D₂ P M₁ R₂ Ṡ,False
tulikavicitra,TUlikavicitra,tUlikavicitra,29,Dheera,S R2 G3 R2 M1 P D2 S,S N3 D2 P D2 M1 N3 D2 M1 G3 R2 G3 S,S R₂ G₃ R₂ M₁ P D₂ Ṡ,S N₃ D₂ P D₂ M₁ N₃ D₂ M₁ G₃ R₂ G₃ Ṡ,False
vallabhi,Vallabhi,vallabhi,29,Dheera,S R2 G3 M1 P D2 N3 S,S N3 D2 N3 D2 P M1 P G3 M1 R2 S,S R₂ G₃ M₁ P D₂ N₃ Ṡ,S N₃ D₂ N₃ D₂ P M₁ P G₃ M₁ R₂ Ṡ,False
vanavasundaram,Vanavasundaram,vanavasundaram,29,Dheera,S R2 G3 M1 N3 S,S N3 D2 P M1 G3 R2 S,S R₂ G₃ M₁ N₃ Ṡ,S N₃ D₂ P M₁ G₃ R₂ Ṡ,False
vandyamukhi,Vandyamukhi,vandyamukhi,29,Dheera,S R2 M1 P N3 S,S N3 D2 P M1 G3 M1 R2 S,S R₂ M₁ P N₃ Ṡ,S N₃ D₂ P M₁ G₃ M₁ R₂ Ṡ,False
vasanta,Vasanta,vasanta,29,Dheera,S R2 G3 M1 N3 D2 N3 S,S N3 D2 N3 P M1 G3 R2 S,S R₂ G₃ M₁ N₃ D₂ N₃ Ṡ,S N₃ D₂ N₃ P M₁ G₃ R₂ Ṡ,False
vasantaghusani,VasantaghUSaNi,vasantaghUSaNi,29,Dheera,S R2 P D2 N3 S,S N3 D2 P R2 S,S R₂ P D₂ N₃ Ṡ,S N₃ D₂ P R₂ Ṡ,False
vasantaghusi,VasantaghUSi,vasantaghUSi,29,Dheera,S R2 P D2 N3 S,S N3 D2 P N3 S,S R₂ P D₂ N₃ Ṡ,S N₃ D₂ P N₃ Ṡ,False
vedandagamana,VEdANDagamana,vEdANDagamana,29,Dheera,S G3 M1 P N3 S,S N3 P M1 G3 S,S G₃ M₁ P N₃ Ṡ,S N₃ P M₁ G₃ Ṡ,False
vedanjani,VEdAnjani,vEdAnjani,29,Dheera,S G3 M1 P M1 D2 N3 S,S N3 D2 P D2 M1 G3 R2 S,S G₃ M₁ P M₁ D₂ N₃ Ṡ,S N₃ D₂ P D₂ M₁ G₃ R₂ Ṡ,False
vikasitananda,Vikasitananda,vikasitananda,29,Dheera,S G3 M1 D2 N3 P D2 S,S N3 D2 P M1 G3 R2 G3 S,S G₃ M₁ D₂ N₃ P D₂ Ṡ,S N₃ D₂ P M₁ G₃ R₂ G₃ Ṡ,False
vilasini,VilAsini,vilAsini,29,Dheera,S R2 G3 M1 P N3 S,S N3 P M1 G3 R2 S,S R₂ G₃ M₁ P N₃ Ṡ,S N₃ P M₁ G₃ R₂ Ṡ,False
viranayaki,VIranAyaki,vIranAyaki,29,Dheera,S R2 G3 M1 P D2 N3 S,S D2 P M1 G3 S,S R₂ G₃ M₁ P D₂ N₃ Ṡ,S D₂ P M₁ G₃ Ṡ,False
virapratapa,VIrapratApa,vIrapratApa,29,Dheera,S G3 M1 P D2 S,S N3 D2 P M1 G3 R2 S,S G₃ M₁ P D₂ Ṡ,S N₃ D₂ P M₁ G₃ R₂ Ṡ,False
virashankarabharanam,VIrashankarAbharaNam,vIrashankarAbharaNam,29,Dheera,S R2 G3 M1 P D2 N3 S,S D2 P M1 G3 R2 S,S R₂ G₃ M₁ P D₂ N₃ Ṡ,S D₂ P M₁ G₃ R₂ Ṡ,False
virudabharanam,VirUDabharaNam,virUDabharaNam,29,Dheera,S R2 G3 M1 P N3 S,S N3 D2 P M1 G3 R2 G3 S,S R₂ G₃ M₁ P N₃ Ṡ,S N₃ D₂ P M₁ G₃ R₂ G₃ Ṡ,False
visnabharanam,VISNabharaNam,vISNabharaNam,29,Dheera,S R2 G3 M1 P N3 S,S N3 D2 P M1 G3 R2 S,S R₂ G₃ M₁ P N₃ Ṡ,S N₃ D₂ P M₁ G₃ R₂ Ṡ,False
vivardhani,Vivardhani,vivardhani,29,Dheera,S R2 M1 P S N3 S,S N3 D2 P M1 G3 R2 S,S R₂ M₁ P Ṡ N₃ Ṡ,S N₃ D₂ P M₁ G₃ R₂ Ṡ,False
vivardhini,Vivardhini,vivardhini,29,Dheera,S R2 M1 P S,S N3 D2 P M1 G3 R2 S,S R₂ M₁ P Ṡ,S N₃ D₂ P M₁ G₃ R₂ Ṡ,False
yogasaurabham,YOgasaurabham,yOgasaurabham,29,Dheera,S G3 M1 D2 N3 S,S N3 D2 P M1 G3 S,S G₃ M₁ D₂ N₃ Ṡ,S N₃ D₂ P M₁ G₃ Ṡ,False
yogasurabhi,YOgasurabhi,yOgasurabhi,29,Dheera,S G3 M1 D2 N3 S,S N3 D2 P M1 G3 S,S G₃ M₁ D₂ N₃ Ṡ,S N₃ D₂ P M₁ G₃ Ṡ,False
naagabharanam,NaagabharaNam,naagabharaNam,30,Naaganandini,S R2 G2 M1 P D3 N3 S,S N3 D3 P M1 G2 R2 S,S R₂ G₂ M₁ P D₃ N₃ Ṡ,S N₃ D₃ P M₁ G₂ R₂ Ṡ,False
barvidhvaja,Barvidhvaja,barvidhvaja,30,Naaganandini,S R2 G3 D3 N3 S,S N3 D3 G3 R2 S,S R₂ G₃ D₃ N₃ Ṡ,S N₃ D₃ G₃ R₂ Ṡ,False
bhanukriya,BhAnukriyA,bhAnukriyA,30,Naaganandini,S M1 G3 M1 P D3 N3 S,S N3 D3 P M1 G3 R2 S,S M₁ G₃ M₁ P D₃ N₃ Ṡ,S N₃ D₃ P M₁ G₃ R₂ Ṡ,False
bhanukriya,BhAnukriyA,bhAnukriyA,30,Naaganandini,S M1 G3 M1 P D3 N3 S,S N3 P D3 N3 P M1 R2 S,S M₁ G₃ M₁ P D₃ N₃ Ṡ,S N₃ P D₃ N₃ P M₁ R₂ Ṡ,False
bharmambari,BharmAmbari,bharmAmbari,30,Naaganandini,S R2 M1 D3 N3 S,S N3 D3 M1 R2 S,S R₂ M₁ D₃ N₃ Ṡ,S N₃ D₃ M₁ R₂ Ṡ,False
citraravam,CitrAravam,citrAravam,30,Naaganandini,S R2 G3 M1 P D3 N3 D3 S,S N3 D3 P M1 G3 S,S R₂ G₃ M₁ P D₃ N₃ D₃ Ṡ,S N₃ D₃ P M₁ G₃ Ṡ,False
citrasaurabham,Citrasaurabham,citrasaurabham,30,Naaganandini,S R2 G3 M1 P D3 N3 D3 S,S N3 D3 P M1 G3 S,S R₂ G₃ M₁ P D₃ N₃ D₃ Ṡ,S N₃ D₃ P M₁ G₃ Ṡ,False
citravani,CitravANi,citravANi,30,Naaganandini,S R2 G3 M1 P D3 N3 D3 S,S N3 D3 P M1 G3 S,S R₂ G₃ M₁ P D₃ N₃ D₃ Ṡ,S N₃ D₃ P M₁ G₃ Ṡ,False
dhurjatipriya,DhurjaTipriyA,dhurjaTipriyA,30,Naaganandini,S R2 M1 P D3 N3 S,S N3 D3 P M1 R2 S,S R₂ M₁ P D₃ N₃ Ṡ,S N₃ D₃ P M₁ R₂ Ṡ,False
gajanandini,GajAnandini,gajAnandini,30,Naaganandini,S R2 G3 M1 D3 N3 S,S N3 D3 M1 G3 R2 S,S R₂ G₃ M₁ D₃ N₃ Ṡ,S N₃ D₃ M₁ G₃ R₂ Ṡ,False
gambhiravani,GambhIravANi,gambhIravANi,30,Naaganandini,S R2 M1 P D3 N3 S,S D3 P M1 G3 R2 G3 R2 S,S R₂ M₁ P D₃ N₃ Ṡ,S D₃ P M₁ G₃ R₂ G₃ R₂ Ṡ,False
gayakalapini,GAyakalApini,gAyakalApini,30,Naaganandini,S R2 G3 M1 P D3 S,S D3 P M1 G3 R2 S,S R₂ G₃ M₁ P D₃ Ṡ,S D₃ P M₁ G₃ R₂ Ṡ,False
hamsagandharvam,Hamsagandharvam,hamsagandharvam,30,Naaganandini,S R2 G3 M1 P S,S N3 D3 N3 P M1 R2 S,S R₂ G₃ M₁ P Ṡ,S N₃ D₃ N₃ P M₁ R₂ Ṡ,False
jaganmata,JaganmAtA,jaganmAtA,30,Naaganandini,S G3 P D3 N3 S,S N3 D3 P G3 S,S G₃ P D₃ N₃ Ṡ,S N₃ D₃ P G₃ Ṡ,False
kamalini,Kamalini,kamalini,30,Naaganandini,S G3 M1 D3 N3 S,S N3 D3 M1 G3 R2 S,S G₃ M₁ D₃ N₃ Ṡ,S N₃ D₃ M₁ G₃ R₂ Ṡ,False
kamalini,Kamalini,kamalini,30,Naaganandini,S G3 M1 D3 N3 S,S N3 D3 M1 G3 S,S G₃ M₁ D₃ N₃ Ṡ,S N₃ D₃ M₁ G₃ Ṡ,False
karpuramu,KarpUramu,karpUramu,30,Naaganandini,S M1 P D3 N3 S,S N3 D3 P M1 S,S M₁ P D₃ N₃ Ṡ,S N₃ D₃ P M₁ Ṡ,False
kolaphani,KolaphaNi,kolaphaNi,30,Naaganandini,S R2 G3 M1 D3 P N3 S,S D3 M1 G3 R2 S,S R₂ G₃ M₁ D₃ P N₃ Ṡ,S D₃ M₁ G₃ R₂ Ṡ,False
lalitagandhavam,Lalitagandhavam,lalitagandhavam,30,Naaganandini,S R2 G3 M1 P D3 N3 S,S N3 P G3 R2 S,S R₂ G₃ M₁ P D₃ N₃ Ṡ,S N₃ P G₃ R₂ Ṡ,False
nagabharanam,NAgAbharaNam,nAgAbharaNam,30,Naaganandini,S R2 G3 M1 P N3 D3 N3 S,S N3 P M1 G3 M1 R2 S,S R₂ G₃ M₁ P N₃ D₃ N₃ Ṡ,S N₃ P M₁ G₃ M₁ R₂ Ṡ,False
nagabhasani,NAgabhASaNi,nAgabhASaNi,30,Naaganandini,S G3 R2 G3 M1 P D3 N3 S,S N3 P M1 R2 S,S G₃ R₂ G₃ M₁ P D₃ N₃ Ṡ,S N₃ P M₁ R₂ Ṡ,False
nagabhasini,NAgabhASiNi,nAgabhASiNi,30,Naaganandini,S G3 R2 G3 M1 P D3 N3 S,S N3 P M1 G3 R2 S,S G₃ R₂ G₃ M₁ P D₃ N₃ Ṡ,S N₃ P M₁ G₃ R₂ Ṡ,False
nagabhasini,NAgabhASiNi,nAgabhASiNi,30,Naaganandini,S G3 R2 G3 M1 P D3 N3 S,S N3 P M1 R2 S,S G₃ R₂ G₃ M₁ P D₃ N₃ Ṡ,S N₃ P M₁ R₂ Ṡ,False
nagabhusani,NAgabhUSaNi,nAgabhUSaNi,30,Naaganandini,S G3 R2 G3 M1 D3 N3 S,S N3 P M1 R2 S,S G₃ R₂ G₃ M₁ D₃ N₃ Ṡ,S N₃ P M₁ R₂ Ṡ,False
naganandini,NAgAnandini,nAgAnandini,30,Naaganandini,S R2 G3 M1 P D3 N3 S,S N3 D3 P M1 G3 R2 S,S R₂ G₃ M₁ P D₃ N₃ Ṡ,S N₃ D₃ P M₁ G₃ R₂ Ṡ,False
nagashishurita,NAgashishurita,nAgashishurita,30,Naaganandini,S R2 M1 P D3 S,S N3 D3 N3 P M1 D3 M1 R2 G3 R2 S,S R₂ M₁ P D₃ Ṡ,S N₃ D₃ N₃ P M₁ D₃ M₁ R₂ G₃ R₂ Ṡ,False
nandavasudha,Nandavasudha,nandavasudha,30,Naaganandini,S G3 R2 M1 P D3 N3 S,S N3 P M1 R2 G3 M1 S,S G₃ R₂ M₁ P D₃ N₃ Ṡ,S N₃ P M₁ R₂ G₃ M₁ Ṡ,False
nandini,Nandini,nandini,30,Naaganandini,S M1 G3 M1 P D3 N3 S,S N3 D3 P M1 G3 R2 S,S M₁ G₃ M₁ P D₃ N₃ Ṡ,S N₃ D₃ P M₁ G₃ R₂ Ṡ,False
nandini,Nandini,nandini,30,Naaganandini,S M1 G3 M1 P D3 N3 S,S N3 D3 P M1 G3 S,S M₁ G₃ M₁ P D₃ N₃ Ṡ,S N₃ D₃ P M₁ G₃ Ṡ,False
nirmalangi,NirmalAngi,nirmalAngi,30,Naaganandini,S R2 M1 P D3 S,S N3 D3 N3 P M1 G3 R2 S,S R₂ M₁ P D₃ Ṡ,S N₃ D₃ N₃ P M₁ G₃ R₂ Ṡ,False
pikadhvani,Pikadhvani,pikadhvani,30,Naaganandini,S R2 G3 M1 D3 S,S D3 M1 G3 R2 S,S R₂ G₃ M₁ D₃ Ṡ,S D₃ M₁ G₃ R₂ Ṡ,False
pratapakokila,PratApakOkila,pratApakOkila,30,Naaganandini,S P M1 P D3 N3 S,S N3 P M1 G3 S,S P M₁ P D₃ N₃ Ṡ,S N₃ P M₁ G₃ Ṡ,False
samantam,SAmantam,sAmantam,30,Naaganandini,S M1 G3 M1 P D3 N3 S,S N3 D3 N3 P M1 G3 R2 S,S M₁ G₃ M₁ P D₃ N₃ Ṡ,S N₃ D₃ N₃ P M₁ G₃ R₂ Ṡ,False
samantam,SAmantam,sAmantam,30,Naaganandini,S M1 G3 M1 P D3 N3 S,S N3 D3 P M1 G3 R2 S,S M₁ G₃ M₁ P D₃ N₃ Ṡ,S N₃ D₃ P M₁ G₃ R₂ Ṡ,False
samantam,SAmantam,sAmantam,30,Naaganandini,S R2 G3 M1 P D3 N3 S,S N3 D3 P M1 G3 R2 S,S R₂ G₃ M₁ P D₃ N₃ Ṡ,S N₃ D₃ P M₁ G₃ R₂ Ṡ,False
samantam,SAmantam,sAmantam,30,Naaganandini,S R2 S M1 G3 M1 P D3 N3 S,S N3 D3 N3 P M1 G3 R2 S,S R₂ Ṡ M₁ G₃ M₁ P D₃ N₃ Ṡ,S N₃ D₃ N₃ P M₁ G₃ R₂ Ṡ,False
shrilocanapriya,ShrIlOcanapriyA,shrIlOcanapriyA,30,Naaganandini,S R2 G3 P D3 N3 S,S N3 D3 P G3 R2 S,S R₂ G₃ P D₃ N₃ Ṡ,S N₃ D₃ P G₃ R₂ Ṡ,False
simhelasaveri,SimhELasAvEri,simhELasAvEri,30,Naaganandini,S M1 G3 M1 P D3 N3 S,S N3 D3 N3 P M1 G3 S,S M₁ G₃ M₁ P D₃ N₃ Ṡ,S N₃ D₃ N₃ P M₁ G₃ Ṡ,False
somabhupalam,SOmabhUpALam,sOmabhUpALam,30,Naaganandini,S R2 M1 P M1 D3 S,S D3 N3 P M1 G3 R2 S,S R₂ M₁ P M₁ D₃ Ṡ,S D₃ N₃ P M₁ G₃ R₂ Ṡ,False
sukhalata,Sukhalata,sukhalata,30,Naaganandini,S G3 M1 N3 P D3 S,S N3 D3 P M1 G3 R2 S,S G₃ M₁ N₃ P D₃ Ṡ,S N₃ D₃ P M₁ G₃ R₂ Ṡ,False
trilocanapriya,TrilOcanapriyA,trilOcanapriyA,30,Naaganandini,S R2 G3 P D3 N3 S,S N3 D3 P G3 R2 S,S R₂ G₃ P D₃ N₃ Ṡ,S N₃ D₃ P G₃ R₂ Ṡ,False
vahini,VAhini,vAhini,30,Naaganandini,S R2 G3 P D3 S,S D3 P G3 R2 S,S R₂ G₃ P D₃ Ṡ,S D₃ P G₃ R₂ Ṡ,False
vilasavati,VilAsavati,vilAsavati,30,Naaganandini,S R2 M1 P D3 S,S D3 P M1 R2 S,S R₂ M₁ P D₃ Ṡ,S D₃ P M₁ R₂ Ṡ,False
kalaavati,Kalaavati,kalaavati,31,Yaagapriyaa,S R3 G3 M1 P D1 N1 S,S N1 D1 P M1 G3 R3 S,S R₃ G₃ M₁ P D₁ N₁ Ṡ,S N₁ D₁ P M₁ G₃ R₃ Ṡ,False
bidajapriya,BiDAjapriyA,biDAjapriyA,31,Yaagapriyaa,S R3 G3 D1 N1 S,S N1 D1 G3 R3 S,S R₃ G₃ D₁ N₁ Ṡ,S N₁ D₁ G₃ R₃ Ṡ,False
damarukapriya,DamarukapriyA,damarukapriyA,31,Yaagapriyaa,S R3 G3 P D1 N1 S,S N1 D1 P G3 R3 S,S R₃ G₃ P D₁ N₁ Ṡ,S N₁ D₁ P G₃ R₃ Ṡ,False
desharanjani,DEsharanjani,dEsharanjani,31,Yaagapriyaa,S R3 M1 P D1 N1 S,S N1 D1 P M1 R3 S,S R₃ M₁ P D₁ N₁ Ṡ,S N₁ D₁ P M₁ R₃ Ṡ,False
gandharvakannada,GandharvakannaDa,gandharvakannaDa,31,Yaagapriyaa,S R3 G3 P D1 S,S N1 D1 P M1 G3 M1 R3 S,S R₃ G₃ P D₁ Ṡ,S N₁ D₁ P M₁ G₃ M₁ R₃ Ṡ,False
hindolakannada,HindOLakannaDa,hindOLakannaDa,31,Yaagapriyaa,S G3 M1 D1 N1 S,S N1 P D1 M1 G3 S,S G₃ M₁ D₁ N₁ Ṡ,S N₁ P D₁ M₁ G₃ Ṡ,False
kalahamsa,Kalahamsa,kalahamsa,31,Yaagapriyaa,S R3 G3 M1 P D1 S,S N1 D1 P M1 G3 R3 S,S R₃ G₃ M₁ P D₁ Ṡ,S N₁ D₁ P M₁ G₃ R₃ Ṡ,False
kalahamsa,Kalahamsa,kalahamsa,31,Yaagapriyaa,S R3 M1 P D1 N1 D1 S,S N1 D1 P M1 R3 S,S R₃ M₁ P D₁ N₁ D₁ Ṡ,S N₁ D₁ P M₁ R₃ Ṡ,False
kalahamsa,Kalahamsa,kalahamsa,31,Yaagapriyaa,S R3 M1 P D1 N1 S,S N1 D1 P M1 G3 R3 S,S R₃ M₁ P D₁ N₁ Ṡ,S N₁ D₁ P M₁ G₃ R₃ Ṡ,False
kalavati,KalAvati,kalAvati,31,Yaagapriyaa,S R3 G3 M1 P D1 N1 D1 P D1 S,S N1 D1 P M1 R3 G3 M1 R3 S,S R₃ G₃ M₁ P D₁ N₁ D₁ P D₁ Ṡ,S N₁ D₁ P M₁ R₃ G₃ M₁ R₃ Ṡ,False
kalavati,KalAvati,kalAvati,31,Yaagapriyaa,S R3 G3 M1 P D1 N1 D1 P D1 S,S N1 D1 S M1 R3 G3 M1 R3 S,S R₃ G₃ M₁ P D₁ N₁ D₁ P D₁ Ṡ,S N₁ D₁ Ṡ M₁ R₃ G₃ M₁ R₃ Ṡ,False
kalavati,KalAvati,kalAvati,31,Yaagapriyaa,S R3 G3 M1 P D1 N1 D1 S,S N1 D1 P M1 R3 G3 M1 R3 S,S R₃ G₃ M₁ P D₁ N₁ D₁ Ṡ,S N₁ D₁ P M₁ R₃ G₃ M₁ R₃ Ṡ,False
kallolabangala,KallOlabangALa,kallOlabangALa,31,Yaagapriyaa,S R3 M1 P N1 D1 S,S N1 P D1 M1 G3 R3 S,S R₃ M₁ P N₁ D₁ Ṡ,S N₁ P D₁ M₁ G₃ R₃ Ṡ,False
kanakachari,Kanakachari,kanakachari,31,Yaagapriyaa,S R3 G3 M1 P N1 S,S N1 D1 M1 G3 R3 S,S R₃ G₃ M₁ P N₁ Ṡ,S N₁ D₁ M₁ G₃ R₃ Ṡ,False
kancani,KAncani,kAncani,31,Yaagapriyaa,S R3 G3 M1 P N1 S,S N1 D1 M1 G3 R3 S,S R₃ G₃ M₁ P N₁ Ṡ,S N₁ D₁ M₁ G₃ R₃ Ṡ,False
kantimati,KAntimati,kAntimati,31,Yaagapriyaa,S R3 G3 M1 P S,S P M1 G3 R3 S,S R₃ G₃ M₁ P Ṡ,S P M₁ G₃ R₃ Ṡ,False
kanyavidana,KanyavidAna,kanyavidAna,31,Yaagapriyaa,S G3 M1 P D1 N1 S,S D1 P M1 G3 R3 G3 R3 S,S G₃ M₁ P D₁ N₁ Ṡ,S D₁ P M₁ G₃ R₃ G₃ R₃ Ṡ,False
kokilabangala,KOkilabangALa,kOkilabangALa,31,Yaagapriyaa,S R3 M1 P N1 D1 S,S N1 D1 P M1 G3 R3 S,S R₃ M₁ P N₁ D₁ Ṡ,S N₁ D₁ P M₁ G₃ R₃ Ṡ,False
kokilagandharva,KOkilagandharva,kOkilagandharva,31,Yaagapriyaa,S G3 M1 D1 S,S D1 P M1 G3 R3 G3 S,S G₃ M₁ D₁ Ṡ,S D₁ P M₁ G₃ R₃ G₃ Ṡ,False
kokilagandharva,KOkilagandharva,kOkilagandharva,31,Yaagapriyaa,S G3 M1 D1 S,S D1 P M1 R3 G3 S,S G₃ M₁ D₁ Ṡ,S D₁ P M₁ R₃ G₃ Ṡ,False
maruvakannada,MaruvakannaDa,maruvakannaDa,31,Yaagapriyaa,S R3 G3 M1 P D1 P N1 S,S N1 P M1 R3 S,S R₃ G₃ M₁ P D₁ P N₁ Ṡ,S N₁ P M₁ R₃ Ṡ,False
mrdani,MrDANi,mrDANi,31,Yaagapriyaa,S R3 G3 M1 N1 S,S N1 M1 G3 R3 S,S R₃ G₃ M₁ N₁ Ṡ,S N₁ M₁ G₃ R₃ Ṡ,False
mrdani,MrDANi,mrDANi,31,Yaagapriyaa,S R3 G3 M1 N1 S,S N1 M1 G3 S,S R₃ G₃ M₁ N₁ Ṡ,S N₁ M₁ G₃ Ṡ,False
nagagandharvam,NAgagandharvam,nAgagandharvam,31,Yaagapriyaa,S R3 M1 P D1 N1 S,S D1 N1 P M1 R3 S,S R₃ M₁ P D₁ N₁ Ṡ,S D₁ N₁ P M₁ R₃ Ṡ,False
namagandharva,NAmagandharva,nAmagandharva,31,Yaagapriyaa,S R3 M1 P D1 N1 S,S N1 D1 P M1 R3 S,S R₃ M₁ P D₁ N₁ Ṡ,S N₁ D₁ P M₁ R₃ Ṡ,False
nirjharini,NirjhariNi,nirjhariNi,31,Yaagapriyaa,S R3 M1 D1 N1 S,S N1 D1 M1 R3 S,S R₃ M₁ D₁ N₁ Ṡ,S N₁ D₁ M₁ R₃ Ṡ,False
panavanaraca,PaNavanArAca,paNavanArAca,31,Yaagapriyaa,S G3 M1 D1 N1 P D1 P S,S N1 D1 P M1 G3 R3 S,S G₃ M₁ D₁ N₁ P D₁ P Ṡ,S N₁ D₁ P M₁ G₃ R₃ Ṡ,False
pratapagamana,PratApagamana,pratApagamana,31,Yaagapriyaa,S G3 M1 P N1 D1 N1 S,S N1 D1 P M1 G3 R3 S,S G₃ M₁ P N₁ D₁ N₁ Ṡ,S N₁ D₁ P M₁ G₃ R₃ Ṡ,False
pratapahamsi,PratApahamsi,pratApahamsi,31,Yaagapriyaa,S G3 M1 P N1 D1 N1 S,S N1 D1 P M1 G3 M1 R3 S,S G₃ M₁ P N₁ D₁ N₁ Ṡ,S N₁ D₁ P M₁ G₃ M₁ R₃ Ṡ,False
pratapahamsi,PratApahamsi,pratApahamsi,31,Yaagapriyaa,S G3 M1 P N1 D1 N1 S,S N1 D1 P M1 G3 R3 S,S G₃ M₁ P N₁ D₁ N₁ Ṡ,S N₁ D₁ P M₁ G₃ R₃ Ṡ,False
ranjani,Ranjani,ranjani,31,Yaagapriyaa,S R3 G3 M1 D1 S,S N1 D1 M1 G3 S R3 S,S R₃ G₃ M₁ D₁ Ṡ,S N₁ D₁ M₁ G₃ Ṡ R₃ Ṡ,False
sahavasini,SahavAsini,sahavAsini,31,Yaagapriyaa,S R3 G3 P N1 S,S N1 P G3 R3 S,S R₃ G₃ P N₁ Ṡ,S N₁ P G₃ R₃ Ṡ,False
sarasavani,SarasavANi,sarasavANi,31,Yaagapriyaa,S R3 G3 M1 D1 S,S D1 M1 G3 R3 S,S R₃ G₃ M₁ D₁ Ṡ,S D₁ M₁ G₃ R₃ Ṡ,False
shikhirani,ShikhiraNi,shikhiraNi,31,Yaagapriyaa,S R3 M1 P N1 S,S N1 P M1 R3 S,S R₃ M₁ P N₁ Ṡ,S N₁ P M₁ R₃ Ṡ,False
somakriya,SOmakriyA,sOmakriyA,31,Yaagapriyaa,S P M1 R3 G3 M1 D1 N1 S,S D1 P M1 G3 M1 R3 S,S P M₁ R₃ G₃ M₁ D₁ N₁ Ṡ,S D₁ P M₁ G₃ M₁ R₃ Ṡ,False
sukhadayini,SukhadAyini,sukhadAyini,31,Yaagapriyaa,S R3 P D1 N1 S,S N1 D1 P R3 S,S R₃ P D₁ N₁ Ṡ,S N₁ D₁ P R₃ Ṡ,False
vimanasati,VimAnasati,vimAnasati,31,Yaagapriyaa,S R3 G3 M1 P D1 N1 D1 S,S P M1 G3 R3 S,S R₃ G₃ M₁ P D₁ N₁ D₁ Ṡ,S P M₁ G₃ R₃ Ṡ,False
vinayamrgi,Vinayamrgi,vinayamrgi,31,Yaagapriyaa,S R3 M1 P D1 N1 S,S N1 D1 M1 G3 R3 S,S R₃ M₁ P D₁ N₁ Ṡ,S N₁ D₁ M₁ G₃ R₃ Ṡ,False
yagapriya,YAgapriyA,yAgapriyA,31,Yaagapriyaa,S R3 G3 M1 P D1 N1 S,S N1 D1 P M1 G3 R3 S,S R₃ G₃ M₁ P D₁ N₁ Ṡ,S N₁ D₁ P M₁ G₃ R₃ Ṡ,False
yagjnapriya,YagjnapriyA,yagjnapriyA,31,Yaagapriyaa,S R3 G3 M1 D1 N1 S,S N1 D1 M1 G3 R3 S,S R₃ G₃ M₁ D₁ N₁ Ṡ,S N₁ D₁ M₁ G₃ R₃ Ṡ,False
yauvani,Yauvani,yauvani,31,Yaagapriyaa,S R3 G3 M1 P N1 D1 N1 S,S D1 P M1 R3 M1 G3 S,S R₃ G₃ M₁ P N₁ D₁ N₁ Ṡ,S D₁ P M₁ R₃ M₁ G₃ Ṡ,False
yogagandhari,YOgagAndhAri,yOgagAndhAri,31,Yaagapriyaa,S R3 G3 M1 D1 N1 S,S N1 D1 P M1 D1 M1 G3 R3 S,S R₃ G₃ M₁ D₁ N₁ Ṡ,S N₁ D₁ P M₁ D₁ M₁ G₃ R₃ Ṡ,False
yogapriya,YOgapriyA,yOgapriyA,31,Yaagapriyaa,S R3 G3 M1 P D1 S,S N1 D1 P M1 G3 R3 S,S R₃ G₃ M₁ P D₁ Ṡ,S N₁ D₁ P M₁ G₃ R₃ Ṡ,False
yogini,YOgiNi,yOgiNi,31,Yaagapriyaa,S R3 G3 M1 P D1 S,S N1 D1 P M1 G3 R3 S,S R₃ G₃ M₁ P D₁ Ṡ,S N₁ D₁ P M₁ G₃ R₃ Ṡ,False
raagacoodaamani,RaagacooDaamaNi,raagacooDaamaNi,32,Raagavardhani,S R3 G3 M1 P N2 S,S N2 D1 M1 R3 G3 S,S R₃ G₃ M₁ P N₂ Ṡ,S N₂ D₁ M₁ R₃ G₃ Ṡ,False
amudagandhari,AmudagAndhAri,amudagAndhAri,32,Raagavardhani,S G3 M1 P D1 N2 S,S N2 D1 M1 G3 R3 S,S G₃ M₁ P D₁ N₂ Ṡ,S N₂ D₁ M₁ G₃ R₃ Ṡ,False
citrapaditam,CitrapAditam,citrapAditam,32,Raagavardhani,S G3 R3 G3 M1 D1 M1 P D1 N2 S,S D1 P M1 R3 G3 R3 S,S G₃ R₃ G₃ M₁ D₁ M₁ P D₁ N₂ Ṡ,S D₁ P M₁ R₃ G₃ R₃ Ṡ,False
cudamani,CUDAmaNi,cUDAmaNi,32,Raagavardhani,S R3 G3 M1 P S,S N2 D1 M1 R3 G3 S,S R₃ G₃ M₁ P Ṡ,S N₂ D₁ M₁ R₃ G₃ Ṡ,False
daumya,Daumya,daumya,32,Raagavardhani,S R3 G3 M1 P D1 N2 P S,S N2 D1 P M1 G3 R3 S,S R₃ G₃ M₁ P D₁ N₂ P Ṡ,S N₂ D₁ P M₁ G₃ R₃ Ṡ,False
ghosakari,GhOSakari,ghOSakari,32,Raagavardhani,S R3 G3 M1 P D1 S,S D1 P M1 G3 R3 S,S R₃ G₃ M₁ P D₁ Ṡ,S D₁ P M₁ G₃ R₃ Ṡ,False
ghusakari,GhUSAkari,ghUSAkari,32,Raagavardhani,S R3 G3 M1 P D1 S,S D1 P M1 G3 R3 S,S R₃ G₃ M₁ P D₁ Ṡ,S D₁ P M₁ G₃ R₃ Ṡ,False
hamsanisari,HamsanisAri,hamsanisAri,32,Raagavardhani,S R3 M1 P D1 S,S N2 D1 P M1 G3 R3 S,S R₃ M₁ P D₁ Ṡ,S N₂ D₁ P M₁ G₃ R₃ Ṡ,False
hatakangi,HaTakAngi,haTakAngi,32,Raagavardhani,S R3 G3 P D1 S,S N2 P G3 R3 S,S R₃ G₃ P D₁ Ṡ,S N₂ P G₃ R₃ Ṡ,False
hindoladarbar,HindOLadarbAr,hindOLadarbAr,32,Raagavardhani,S G3 M1 P S,S N2 D1 P M1 R3 S,S G₃ M₁ P Ṡ,S N₂ D₁ P M₁ R₃ Ṡ,False
hindolakapi,HindOLakApi,hindOLakApi,32,Raagavardhani,S R3 G3 M1 P M1 P S,S N2 D1 P M1 G3 S,S R₃ G₃ M₁ P M₁ P Ṡ,S N₂ D₁ P M₁ G₃ Ṡ,False
hindolakapi,HindOLakApi,hindOLakApi,32,Raagavardhani,S R3 G3 M1 P S,S N2 D1 P M1 G3 S,S R₃ G₃ M₁ P Ṡ,S N₂ D₁ P M₁ G₃ Ṡ,False
hindolasaranga,HindOLasAranga,hindOLasAranga,32,Raagavardhani,S R3 G3 M1 P S N2 S,S N2 D1 P N2 D1 M1 G3 M1 R3 S,S R₃ G₃ M₁ P Ṡ N₂ Ṡ,S N₂ D₁ P N₂ D₁ M₁ G₃ M₁ R₃ Ṡ,False
jingalabhairavi,JingalAbhairavi,jingalAbhairavi,32,Raagavardhani,S G3 M1 P M1 D1 S,S N2 D1 P M1 G3 M1 R3 S,S G₃ M₁ P M₁ D₁ Ṡ,S N₂ D₁ P M₁ G₃ M₁ R₃ Ṡ,False
khadyotakanti,KhadyOtakAnti,khadyOtakAnti,32,Raagavardhani,S R3 G3 M1 P N2 S,S N2 P M1 G3 R3 S,S R₃ G₃ M₁ P N₂ Ṡ,S N₂ P M₁ G₃ R₃ Ṡ,False
kusumacandrika,KusumacandrikA,kusumacandrikA,32,Raagavardhani,S R3 M1 G3 M1 P D1 N2 S,S D1 P M1 R3 S,S R₃ M₁ G₃ M₁ P D₁ N₂ Ṡ,S D₁ P M₁ R₃ Ṡ,False
kusumakallolam,KusumakallOlam,kusumakallOlam,32,Raagavardhani,S P M1 R3 G3 M1 P S,S D1 P M1 G3 M1 R3 S,S P M₁ R₃ G₃ M₁ P Ṡ,S D₁ P M₁ G₃ M₁ R₃ Ṡ,False
kusumakallolam,KusumakallOlam,kusumakallOlam,32,Raagavardhani,S P M1 R3 G3 M1 P S,S N2 D1 P M1 G3 S,S P M₁ R₃ G₃ M₁ P Ṡ,S N₂ D₁ P M₁ G₃ Ṡ,False
madanabhyuti,Madanabhyuti,madanabhyuti,32,Raagavardhani,S M1 G3 R3 P D1 N2 S,S N2 D1 P M1 G3 R3 S,S M₁ G₃ R₃ P D₁ N₂ Ṡ,S N₂ D₁ P M₁ G₃ R₃ Ṡ,False
maghoni,MaghOni,maghOni,32,Raagavardhani,S R3 G3 D1 N2 S,S N2 D1 G3 R3 S,S R₃ G₃ D₁ N₂ Ṡ,S N₂ D₁ G₃ R₃ Ṡ,False
mayuramauli,MayUramauLi,mayUramauLi,32,Raagavardhani,S R3 G3 M1 P D1 N2 S,S N2 P M1 R3 S,S R₃ G₃ M₁ P D₁ N₂ Ṡ,S N₂ P M₁ R₃ Ṡ,False
mohanacandrika,MOhanacandrikA,mOhanacandrikA,32,Raagavardhani,S G3 R3 G3 M1 P D1 N2 S,S N2 D1 M1 G3 R3 S,S G₃ R₃ G₃ M₁ P D₁ N₂ Ṡ,S N₂ D₁ M₁ G₃ R₃ Ṡ,False
mrgendramadhyama,MrgEndramadhyama,mrgEndramadhyama,32,Raagavardhani,S R3 M1 D1 N2 S,S N2 D1 M1 R3 S,S R₃ M₁ D₁ N₂ Ṡ,S N₂ D₁ M₁ R₃ Ṡ,False
naraci,NAraci,nAraci,32,Raagavardhani,S R3 G3 M1 N2 S,S N2 M1 G3 R3 S,S R₃ G₃ M₁ N₂ Ṡ,S N₂ M₁ G₃ R₃ Ṡ,False
patolika,PaTOlika,paTOlika,32,Raagavardhani,S R3 M1 P D1 N2 S,S N2 D1 P M1 R3 S,S R₃ M₁ P D₁ N₂ Ṡ,S N₂ D₁ P M₁ R₃ Ṡ,False
praguni,PraguNi,praguNi,32,Raagavardhani,S R3 G3 M1 P M1 N2 D1 N2 S,S D1 P G3 R3 S,S R₃ G₃ M₁ P M₁ N₂ D₁ N₂ Ṡ,S D₁ P G₃ R₃ Ṡ,False
pratibimba,Pratibimba,pratibimba,32,Raagavardhani,S R3 M1 D1 P D1 N2 S,S D1 P G3 R3 S,S R₃ M₁ D₁ P D₁ N₂ Ṡ,S D₁ P G₃ R₃ Ṡ,False
ragacudamani,RAgacUDAmaNi,rAgacUDAmaNi,32,Raagavardhani,S M1 R3 G3 M1 P P N2 S,S N2 D1 P M1 R3 S,S M₁ R₃ G₃ M₁ P P N₂ Ṡ,S N₂ D₁ P M₁ R₃ Ṡ,False
ragacudamani,RAgacUDAmaNi,rAgacUDAmaNi,32,Raagavardhani,S R3 G3 M1 P S,S N2 D1 M1 G3 R3 S,S R₃ G₃ M₁ P Ṡ,S N₂ D₁ M₁ G₃ R₃ Ṡ,False
ragacudamani,RAgacUDAmaNi,rAgacUDAmaNi,32,Raagavardhani,S R3 G3 M1 P S,S N2 D1 M1 R3 G3 S,S R₃ G₃ M₁ P Ṡ,S N₂ D₁ M₁ R₃ G₃ Ṡ,False
ragacudamani,RAgacUDAmaNi,rAgacUDAmaNi,32,Raagavardhani,S R3 G3 M1 S,S N2 D1 M1 G3 R3 S,S R₃ G₃ M₁ Ṡ,S N₂ D₁ M₁ G₃ R₃ Ṡ,False
ragavardhini,RAgavardhini,rAgavardhini,32,Raagavardhani,S R3 G3 M1 P D1 N2 S,S N2 D1 P M1 G3 R3 S,S R₃ G₃ M₁ P D₁ N₂ Ṡ,S N₂ D₁ P M₁ G₃ R₃ Ṡ,False
ragavasantam,RAgavasantam,rAgavasantam,32,Raagavardhani,S R3 M1 P N2 D1 S,S N2 D1 M1 P M1 G3 R3 S,S R₃ M₁ P N₂ D₁ Ṡ,S N₂ D₁ M₁ P M₁ G₃ R₃ Ṡ,False
ramakriya,RAmakriyA,rAmakriyA,32,Raagavardhani,S R3 G3 M1 P D1 N2 S,S N2 D1 P M1 G3 R3 S,S R₃ G₃ M₁ P D₁ N₂ Ṡ,S N₂ D₁ P M₁ G₃ R₃ Ṡ,False
ramamanohari,RAmamanOhari,rAmamanOhari,32,Raagavardhani,S G3 M1 P N2 S,S N2 D1 P M1 G3 R3 S,S G₃ M₁ P N₂ Ṡ,S N₂ D₁ P M₁ G₃ R₃ Ṡ,False
ramya,Ramya,ramya,32,Raagavardhani,S G3 R3 G3 M1 P D1 N2 P S,S N2 P M1 G3 R3 S,S G₃ R₃ G₃ M₁ P D₁ N₂ P Ṡ,S N₂ P M₁ G₃ R₃ Ṡ,False
rinkari,RInkAri,rInkAri,32,Raagavardhani,S M1 G3 M1 P N2 S,S N2 P M1 R3 S,S M₁ G₃ M₁ P N₂ Ṡ,S N₂ P M₁ R₃ Ṡ,False
rinkari,RInkAri,rInkAri,32,Raagavardhani,S R3 M1 G3 M1 P N2 S,S N2 P M1 R3 S,S R₃ M₁ G₃ M₁ P N₂ Ṡ,S N₂ P M₁ R₃ Ṡ,False
samantajingala,SAmantajingaLa,sAmantajingaLa,32,Raagavardhani,S R3 G3 M1 P D1 N2 S,S N2 P D1 N2 P M1 G3 M1 R3 S,S R₃ G₃ M₁ P D₁ N₂ Ṡ,S N₂ P D₁ N₂ P M₁ G₃ M₁ R₃ Ṡ,False
samantajingala,SAmantajingaLa,sAmantajingaLa,32,Raagavardhani,S R3 G3 M1 P D1 N2 S,S N2 P D1 N2 P M1 R3 G3 R3 S,S R₃ G₃ M₁ P D₁ N₂ Ṡ,S N₂ P D₁ N₂ P M₁ R₃ G₃ R₃ Ṡ,False
svaravardhini,Svaravardhini,svaravardhini,32,Raagavardhani,S R3 G3 M1 D1 N2 S,S N2 D1 M1 G3 R3 S,S R₃ G₃ M₁ D₁ N₂ Ṡ,S N₂ D₁ M₁ G₃ R₃ Ṡ,False
tamomani,TAmOmaNi,tAmOmaNi,32,Raagavardhani,S R3 G3 P D1 N2 S,S N2 D1 P G3 R3 S,S R₃ G₃ P D₁ N₂ Ṡ,S N₂ D₁ P G₃ R₃ Ṡ,False
varini,VAriNi,vAriNi,32,Raagavardhani,S R3 P D1 N2 S,S N2 D1 P R3 S,S R₃ P D₁ N₂ Ṡ,S N₂ D₁ P R₃ Ṡ,False
vipula,Vipula,vipula,32,Raagavardhani,S R3 G3 P D1 S,S D1 P G3 R3 S,S R₃ G₃ P D₁ Ṡ,S D₁ P G₃ R₃ Ṡ,False
vishnupriya,VishNupriyA,vishNupriyA,32,Raagavardhani,S G3 M1 P D1 N2 S,S N2 D1 P M1 R3 S,S G₃ M₁ P D₁ N₂ Ṡ,S N₂ D₁ P M₁ R₃ Ṡ,False
gangaatarangini,Gangaatarangini,gangaatarangini,33,Gangayabhhooshani,S R3 G3 M1 P D1 N3 S,S N3 D1 P M1 M1 G3 M1 R3 S,S R₃ G₃ M₁ P D₁ N₃ Ṡ,S N₃ D₁ P M₁ M₁ G₃ M₁ R₃ Ṡ,False
anandalila,AnandalIlA,AnandalIlA,33,Gangayabhhooshani,S R3 G3 M1 P N3 S,S N3 D1 P M1 G3 R3 S,S R₃ G₃ M₁ P N₃ Ṡ,S N₃ D₁ P M₁ G₃ R₃ Ṡ,False
bhadrakara,Bhadrakara,bhadrakara,33,Gangayabhhooshani,S R3 G3 R3 M1 D1 N3 S,S N3 D1 N3 P M1 G3 R3 S,S R₃ G₃ R₃ M₁ D₁ N₃ Ṡ,S N₃ D₁ N₃ P M₁ G₃ R₃ Ṡ,False
bharmangi,BharmAngi,bharmAngi,33,Gangayabhhooshani,S R3 G3 D1 N3 S,S N3 D1 G3 R3 S,S R₃ G₃ D₁ N₃ Ṡ,S N₃ D₁ G₃ R₃ Ṡ,False
bhupalaranjani,BhUpALaranjani,bhUpALaranjani,33,Gangayabhhooshani,S R3 M1 P D1 N3 S,S N3 D1 P M1 R3 S,S R₃ M₁ P D₁ N₃ Ṡ,S N₃ D₁ P M₁ R₃ Ṡ,False
devamani,DEvamaNi,dEvamaNi,33,Gangayabhhooshani,S R3 G3 P D1 N3 S,S N3 D1 P G3 R3 S,S R₃ G₃ P D₁ N₃ Ṡ,S N₃ D₁ P G₃ R₃ Ṡ,False
dhautapancamam,Dhautapancamam,dhautapancamam,33,Gangayabhhooshani,S R3 G3 M1 P N3 P S,S N3 D1 P M1 R3 G3 M1 R3 S,S R₃ G₃ M₁ P N₃ P Ṡ,S N₃ D₁ P M₁ R₃ G₃ M₁ R₃ Ṡ,False
gambhiryanata,GambhIryanAta,gambhIryanAta,33,Gangayabhhooshani,S G3 M1 P N3 S,S N3 P M1 R3 S,S G₃ M₁ P N₃ Ṡ,S N₃ P M₁ R₃ Ṡ,False
ganavati,GAnavati,gAnavati,33,Gangayabhhooshani,S R3 G3 M1 P N3 S,S N3 D1 P M1 G3 S,S R₃ G₃ M₁ P N₃ Ṡ,S N₃ D₁ P M₁ G₃ Ṡ,False
gangatarangini,GangatarangiNi,gangatarangiNi,33,Gangayabhhooshani,S R3 G3 M1 P D1 N3 S,S N3 P D1 M1 G3 M1 R3 S,S R₃ G₃ M₁ P D₁ N₃ Ṡ,S N₃ P D₁ M₁ G₃ M₁ R₃ Ṡ,False
gangatarangini,GangatarangiNi,gangatarangiNi,33,Gangayabhhooshani,S R3 G3 M1 P N3 D1 N3 S,S N3 D1 P M1 D1 M1 G3 R3 S,S R₃ G₃ M₁ P N₃ D₁ N₃ Ṡ,S N₃ D₁ P M₁ D₁ M₁ G₃ R₃ Ṡ,False
gangatarangini,GangatarangiNi,gangatarangiNi,33,Gangayabhhooshani,S R3 G3 M1 P S,S N3 D1 M1 P M1 R3 S,S R₃ G₃ M₁ P Ṡ,S N₃ D₁ M₁ P M₁ R₃ Ṡ,False
gangatarangini,GangatarangiNi,gangatarangiNi,33,Gangayabhhooshani,S R3 G3 M1 P S,S N3 D1 N3 P M1 R3 S,S R₃ G₃ M₁ P Ṡ,S N₃ D₁ N₃ P M₁ R₃ Ṡ,False
gangatarangini,GangatarangiNi,gangatarangiNi,33,Gangayabhhooshani,S R3 G3 M1 P S,S N3 D1 P M1 G3 M1 R3 S,S R₃ G₃ M₁ P Ṡ,S N₃ D₁ P M₁ G₃ M₁ R₃ Ṡ,False
gangatarangini,GangatarangiNi,gangatarangiNi,33,Gangayabhhooshani,S R3 G3 M1 P S,S N3 D1 P M1 R3 S,S R₃ G₃ M₁ P Ṡ,S N₃ D₁ P M₁ R₃ Ṡ,False
gangeyabhusani,GAngEyabhUSaNi,gAngEyabhUSaNi,33,Gangayabhhooshani,S R3 G3 M1 P D1 N3 S,S N3 D1 P M1 G3 R3 S,S R₃ G₃ M₁ P D₁ N₃ Ṡ,S N₃ D₁ P M₁ G₃ R₃ Ṡ,False
gavavati,Gavavati,gavavati,33,Gangayabhhooshani,S R3 G3 M1 P N3 S,S N3 D1 P M1 G3 S,S R₃ G₃ M₁ P N₃ Ṡ,S N₃ D₁ P M₁ G₃ Ṡ,False
ghantaidarbar,GhaNTaidarbAr,ghaNTaidarbAr,33,Gangayabhhooshani,S R3 G3 M1 P D1 P S,S N3 D1 P M1 R3 S,S R₃ G₃ M₁ P D₁ P Ṡ,S N₃ D₁ P M₁ R₃ Ṡ,False
gitamurti,GItamUrti,gItamUrti,33,Gangayabhhooshani,S R3 G3 M1 P D1 N3 S,S N3 D1 P M1 G3 R3 S,S R₃ G₃ M₁ P D₁ N₃ Ṡ,S N₃ D₁ P M₁ G₃ R₃ Ṡ,False
gitamurti,GItamUrti,gItamUrti,33,Gangayabhhooshani,S R3 G3 M1 P D1 N3 S,S N3 D1 P M1 G3 S,S R₃ G₃ M₁ P D₁ N₃ Ṡ,S N₃ D₁ P M₁ G₃ Ṡ,False
halamukhi,Halamukhi,halamukhi,33,Gangayabhhooshani,S R3 M1 P D1 N3 S,S N3 D1 M1 G3 R3 S,S R₃ M₁ P D₁ N₃ Ṡ,S N₃ D₁ M₁ G₃ R₃ Ṡ,False
hemabhusani,HEmabhUSaNi,hEmabhUSaNi,33,Gangayabhhooshani,S R3 G3 M1 D1 N3 S,S N3 D1 M1 G3 R3 S,S R₃ G₃ M₁ D₁ N₃ Ṡ,S N₃ D₁ M₁ G₃ R₃ Ṡ,False
hindolamalavi,HindOLamALavi,hindOLamALavi,33,Gangayabhhooshani,S M1 P D1 N3 D1 S,S N3 D1 M1 G3 M1 R3 S,S M₁ P D₁ N₃ D₁ Ṡ,S N₃ D₁ M₁ G₃ M₁ R₃ Ṡ,False
hindolanayaki,HindOLanAyaki,hindOLanAyaki,33,Gangayabhhooshani,S M1 G3 M1 P S,S N3 D1 P M1 G3 M1 R3 S,S M₁ G₃ M₁ P Ṡ,S N₃ D₁ P M₁ G₃ M₁ R₃ Ṡ,False
hindolasaveri,HindOLasAvEri,hindOLasAvEri,33,Gangayabhhooshani,S G3 M1 M1 P D1 N3 S,S N3 P D1 M1 R3 S,S G₃ M₁ M₁ P D₁ N₃ Ṡ,S N₃ P D₁ M₁ R₃ Ṡ,False
hindolasaveri,HindOLasAvEri,hindOLasAvEri,33,Gangayabhhooshani,S G3 M1 P M1 D1 N3 S,S N3 P D1 M1 R3 S,S G₃ M₁ P M₁ D₁ N₃ Ṡ,S N₃ P D₁ M₁ R₃ Ṡ,False
kamodakhadgadharini,KamOdakhaDgadhAriNi,kamOdakhaDgadhAriNi,33,Gangayabhhooshani,S R3 G3 M1 P N3 S,S N3 P M1 G3 R3 S,S R₃ G₃ M₁ P N₃ Ṡ,S N₃ P M₁ G₃ R₃ Ṡ,False
kannadadarbar,KannaDadarbAr,kannaDadarbAr,33,Gangayabhhooshani,S R3 G3 M1 P D1 P S,S N3 D1 P M1 R3 S,S R₃ G₃ M₁ P D₁ P Ṡ,S N₃ D₁ P M₁ R₃ Ṡ,False
manohari,ManOhari,manOhari,33,Gangayabhhooshani,S G3 M1 P N3 S,S N3 D1 P M1 G3 S,S G₃ M₁ P N₃ Ṡ,S N₃ D₁ P M₁ G₃ Ṡ,False
mukundarajahamsi,MukundarAjahamsI,mukundarAjahamsI,33,Gangayabhhooshani,S G3 M1 D1 N3 S,S N3 D1 M1 P M1 G3 R3 S,S G₃ M₁ D₁ N₃ Ṡ,S N₃ D₁ M₁ P M₁ G₃ R₃ Ṡ,False
nadahindola,NAdahindOLa,nAdahindOLa,33,Gangayabhhooshani,S G3 M1 P S,S N3 D1 P M1 R3 S,S G₃ M₁ P Ṡ,S N₃ D₁ P M₁ R₃ Ṡ,False
nadahindola,NAdahindOLa,nAdahindOLa,33,Gangayabhhooshani,S G3 M1 P S,S N3 P R3 S,S G₃ M₁ P Ṡ,S N₃ P R₃ Ṡ,False
nagahindola,NAgahindOLa,nAgahindOLa,33,Gangayabhhooshani,S G3 M1 P S,S N3 D1 P M1 R3 S,S G₃ M₁ P Ṡ,S N₃ D₁ P M₁ R₃ Ṡ,False
nagahindola,NAgahindOLa,nAgahindOLa,33,Gangayabhhooshani,S G3 M1 P S,S N3 D1 P R3 S,S G₃ M₁ P Ṡ,S N₃ D₁ P R₃ Ṡ,False
natika,NaTika,naTika,33,Gangayabhhooshani,S R3 G3 M1 N3 S,S N3 M1 G3 R3 S,S R₃ G₃ M₁ N₃ Ṡ,S N₃ M₁ G₃ R₃ Ṡ,False
nirhari,Nirhari,nirhari,33,Gangayabhhooshani,S R3 M1 D1 N3 S,S N3 D1 M1 R3 S,S R₃ M₁ D₁ N₃ Ṡ,S N₃ D₁ M₁ R₃ Ṡ,False
nitimurti,NItimUrti,nItimUrti,33,Gangayabhhooshani,S R3 G3 M1 P D1 N3 S,S N3 D1 P M1 G3 S,S R₃ G₃ M₁ P D₁ N₃ Ṡ,S N₃ D₁ P M₁ G₃ Ṡ,False
patsukhasamana,PAtsukhasamAna,pAtsukhasamAna,33,Gangayabhhooshani,S M1 G3 R3 G3 M1 P N3 D1 N3 S,S N3 D1 P M1 G3 R3 S,S M₁ G₃ R₃ G₃ M₁ P N₃ D₁ N₃ Ṡ,S N₃ D₁ P M₁ G₃ R₃ Ṡ,False
shailadeshaksi,ShailadEshAkSi,shailadEshAkSi,33,Gangayabhhooshani,S R3 G3 M1 P M1 D1 N3 S,S N3 P M1 G3 M1 R3 S,S R₃ G₃ M₁ P M₁ D₁ N₃ Ṡ,S N₃ P M₁ G₃ M₁ R₃ Ṡ,False
shubhakari,Shubhakari,shubhakari,33,Gangayabhhooshani,S R3 M1 P D1 N3 S,S D1 P M1 R3 S,S R₃ M₁ P D₁ N₃ Ṡ,S D₁ P M₁ R₃ Ṡ,False
shuddhajingala,ShuddhajingaLa,shuddhajingaLa,33,Gangayabhhooshani,S G3 P M1 D1 N3 S,S N3 D1 P M1 G3 S,S G₃ P M₁ D₁ N₃ Ṡ,S N₃ D₁ P M₁ G₃ Ṡ,False
shuddhajingala,ShuddhajingaLa,shuddhajingaLa,33,Gangayabhhooshani,S G3 P M1 D1 N3 S,S N3 P M1 G3 S,S G₃ P M₁ D₁ N₃ Ṡ,S N₃ P M₁ G₃ Ṡ,False
vadityavinodini,VAdityavinOdini,vAdityavinOdini,33,Gangayabhhooshani,S R3 P D1 N3 S,S N3 D1 P R3 S,S R₃ P D₁ N₃ Ṡ,S N₃ D₁ P R₃ Ṡ,False
vitanashanki,VitAnashanki,vitAnashanki,33,Gangayabhhooshani,S R3 G3 M1 P D1 N3 S,S D1 P M1 P G3 R3 S,S R₃ G₃ M₁ P D₁ N₃ Ṡ,S D₁ P M₁ P G₃ R₃ Ṡ,False
mi,Mi,Mi,34,Vaagadeeshwari,P N2 N2 S,S N2 D2 N2 P S N2 P M1 M1 R3 S,P N₂ N₂ Ṡ,S N₂ D₂ N₂ P Ṡ N₂ P M₁ M₁ R₃ Ṡ,False
bhanudiparam,BhAnudIpAram,bhAnudIpAram,34,Vaagadeeshwari,S M1 R3 G3 M1 P S,S D2 P M1 G3 M1 R3 S,S M₁ R₃ G₃ M₁ P Ṡ,S D₂ P M₁ G₃ M₁ R₃ Ṡ,False
bhanumanjari,BhAnumanjari,bhAnumanjari,34,Vaagadeeshwari,S R3 G3 M1 P N2 S,S N2 P M1 R3 G3 R3 S,S R₃ G₃ M₁ P N₂ Ṡ,S N₂ P M₁ R₃ G₃ R₃ Ṡ,False
bhogachayanata,BhOgachAyAnaTa,bhOgachAyAnaTa,34,Vaagadeeshwari,S R3 G3 M1 P N2 N2 S,S N2 D2 N2 P M1 R3 S,S R₃ G₃ M₁ P N₂ N₂ Ṡ,S N₂ D₂ N₂ P M₁ R₃ Ṡ,False
bhogachayanata,BhOgachAyAnaTa,bhOgachAyAnaTa,34,Vaagadeeshwari,S R3 G3 R3 G3 M1 P N2 N2 S,S N2 D2 N2 P S N2 P M1 R3 S,S R₃ G₃ R₃ G₃ M₁ P N₂ N₂ Ṡ,S N₂ D₂ N₂ P Ṡ N₂ P M₁ R₃ Ṡ,False
chayanata,ChAyanaTa,chAyanaTa,34,Vaagadeeshwari,S R3 G3 M1 P M1 P S,S N2 D2 N2 P M1 R3 S,S R₃ G₃ M₁ P M₁ P Ṡ,S N₂ D₂ N₂ P M₁ R₃ Ṡ,False
chayanata,ChAyAnaTa,chAyAnaTa,34,Vaagadeeshwari,S R3 G3 M1 P S,S N2 D2 N2 P M1 R3 S,S R₃ G₃ M₁ P Ṡ,S N₂ D₂ N₂ P M₁ R₃ Ṡ,False
dhrtarupa,DhrtarUpa,dhrtarUpa,34,Vaagadeeshwari,S R3 G3 M1 P D2 S,S P M1 G3 M1 R3 G3 S,S R₃ G₃ M₁ P D₂ Ṡ,S P M₁ G₃ M₁ R₃ G₃ Ṡ,False
ganavaridhi,GAnavAridhi,gAnavAridhi,34,Vaagadeeshwari,S M1 R3 G3 M1 P D2 N2 S,S D2 N2 P M1 R3 S,S M₁ R₃ G₃ M₁ P D₂ N₂ Ṡ,S D₂ N₂ P M₁ R₃ Ṡ,False
ghosavinodini,GhOSavinOdini,ghOSavinOdini,34,Vaagadeeshwari,S R3 G3 M1 P D2 S,S D2 P M1 G3 R3 S,S R₃ G₃ M₁ P D₂ Ṡ,S D₂ P M₁ G₃ R₃ Ṡ,False
ghusavinodini,GhUSavinOdini,ghUSavinOdini,34,Vaagadeeshwari,S R3 G3 M1 P D2 S,S D2 P M1 G3 R3 S,S R₃ G₃ M₁ P D₂ Ṡ,S D₂ P M₁ G₃ R₃ Ṡ,False
jagadishvari,Jagadishvari,jagadishvari,34,Vaagadeeshwari,S R3 G3 M1 D2 N2 S,S N2 D2 M1 G3 R3 S,S R₃ G₃ M₁ D₂ N₂ Ṡ,S N₂ D₂ M₁ G₃ R₃ Ṡ,False
kusumabhramari,Kusumabhramari,kusumabhramari,34,Vaagadeeshwari,S R3 G3 M1 P M1 D2 N2 S,S D2 P M1 R3 S,S R₃ G₃ M₁ P M₁ D₂ N₂ Ṡ,S D₂ P M₁ R₃ Ṡ,False
magadhi,Magadhi,magadhi,34,Vaagadeeshwari,S R3 M1 P D2 N2 S,S N2 D2 P M1 R3 S,S R₃ M₁ P D₂ N₂ Ṡ,S N₂ D₂ P M₁ R₃ Ṡ,False
mauktikadarpanam,MauktikadarpaNam,mauktikadarpaNam,34,Vaagadeeshwari,S R3 G3 D2 M1 S D2 N2 D2 S,S N2 D2 P M1 G3 R3 S,S R₃ G₃ D₂ M₁ Ṡ D₂ N₂ D₂ Ṡ,S N₂ D₂ P M₁ G₃ R₃ Ṡ,False
mayavinodini,MAyAvinOdini,mAyAvinOdini,34,Vaagadeeshwari,S R3 G3 D2 N2 S,S N2 D2 G3 R3 S,S R₃ G₃ D₂ N₂ Ṡ,S N₂ D₂ G₃ R₃ Ṡ,False
mecagandhari,MEcagAndhAri,mEcagAndhAri,34,Vaagadeeshwari,S R3 G3 M1 P D2 N2 S,S N2 D2 N2 P M1 G3 M1 R3 S,S R₃ G₃ M₁ P D₂ N₂ Ṡ,S N₂ D₂ N₂ P M₁ G₃ M₁ R₃ Ṡ,False
mecanilambari,MEcanIlAmbari,mEcanIlAmbari,34,Vaagadeeshwari,S G3 M1 P D2 N2 S,S N2 P M1 R3 S,S G₃ M₁ P D₂ N₂ Ṡ,S N₂ P M₁ R₃ Ṡ,False
mohanangi,MOhanAngi,mOhanAngi,34,Vaagadeeshwari,S R3 G3 P D2 S,S D2 P G3 P D2 P G3 R3 S,S R₃ G₃ P D₂ Ṡ,S D₂ P G₃ P D₂ P G₃ R₃ Ṡ,False
nalinamukhi,Nalinamukhi,nalinamukhi,34,Vaagadeeshwari,S M1 G3 M1 P D2 N2 D2 S,S N2 D2 P M1 G3 M1 R3 S,S M₁ G₃ M₁ P D₂ N₂ D₂ Ṡ,S N₂ D₂ P M₁ G₃ M₁ R₃ Ṡ,False
nalinasukhi,Nalinasukhi,nalinasukhi,34,Vaagadeeshwari,S M1 G3 M1 P D2 N2 D2 S,S N2 D2 P M1 G3 M1 R3 S,S M₁ G₃ M₁ P D₂ N₂ D₂ Ṡ,S N₂ D₂ P M₁ G₃ M₁ R₃ Ṡ,False
nilakanthapriya,NIlakaNThapriyA,nIlakaNThapriyA,34,Vaagadeeshwari,S R3 G3 P D2 N2 S,S N2 D2 P G3 R3 S,S R₃ G₃ P D₂ N₂ Ṡ,S N₂ D₂ P G₃ R₃ Ṡ,False
pradhvyapadmaka,Pradhvyapadmaka,pradhvyapadmaka,34,Vaagadeeshwari,S R3 M1 P D2 N2 S,S N2 D2 P M1 G3 R3 S,S R₃ M₁ P D₂ N₂ Ṡ,S N₂ D₂ P M₁ G₃ R₃ Ṡ,False
pragjnavati,PragjnAvati,pragjnAvati,34,Vaagadeeshwari,S R3 M1 D2 N2 S,S N2 D2 M1 R3 S,S R₃ M₁ D₂ N₂ Ṡ,S N₂ D₂ M₁ R₃ Ṡ,False
saptashvakirani,SaptAshvakiraNi,saptAshvakiraNi,34,Vaagadeeshwari,S R3 P D2 N2 S,S N2 D2 P R3 S,S R₃ P D₂ N₂ Ṡ,S N₂ D₂ P R₃ Ṡ,False
sarasabhasani,SarasabhASaNi,sarasabhASaNi,34,Vaagadeeshwari,S R3 G3 M1 D2 S,S D2 M1 G3 R3 S,S R₃ G₃ M₁ D₂ Ṡ,S D₂ M₁ G₃ R₃ Ṡ,False
sarasiruhapriya,SarasIruhapriyA,sarasIruhapriyA,34,Vaagadeeshwari,S R3 M1 P D2 S,S N2 P M1 R3 S,S R₃ M₁ P D₂ Ṡ,S N₂ P M₁ R₃ Ṡ,False
sharadabharanam,ShAradAbharaNam,shAradAbharaNam,34,Vaagadeeshwari,S M1 G3 M1 P D2 N2 S,S N2 D2 M1 P M1 R3 S,S M₁ G₃ M₁ P D₂ N₂ Ṡ,S N₂ D₂ M₁ P M₁ R₃ Ṡ,False
sharadabharanam,SharadAbharaNam,sharadAbharaNam,34,Vaagadeeshwari,S M1 G3 M1 P D2 N2 S,S N2 P M1 P M1 R3 S,S M₁ G₃ M₁ P D₂ N₂ Ṡ,S N₂ P M₁ P M₁ R₃ Ṡ,False
sharadabharanam,ShAradAbharaNam,shAradAbharaNam,34,Vaagadeeshwari,S M1 G3 M1 P M1 D2 N2 S,S N2 D2 M1 P M1 M1 R3 S,S M₁ G₃ M₁ P M₁ D₂ N₂ Ṡ,S N₂ D₂ M₁ P M₁ M₁ R₃ Ṡ,False
sharadabharanam,SharadAbharaNam,sharadAbharaNam,34,Vaagadeeshwari,S M1 G3 M1 P M1 D2 N2 S,S N2 D2 M1 P M1 R3 S,S M₁ G₃ M₁ P M₁ D₂ N₂ Ṡ,S N₂ D₂ M₁ P M₁ R₃ Ṡ,False
sharadabharanam,ShAradAbharaNam,shAradAbharaNam,34,Vaagadeeshwari,S M1 G3 M1 P M1 D2 N2 S,S N2 P M1 P M1 M1 R3 S,S M₁ G₃ M₁ P M₁ D₂ N₂ Ṡ,S N₂ P M₁ P M₁ M₁ R₃ Ṡ,False
shrutinata,ShrutinAta,shrutinAta,34,Vaagadeeshwari,S R3 M1 P D2 N2 S,S N2 D2 P M1 R3 S,S R₃ M₁ P D₂ N₂ Ṡ,S N₂ D₂ P M₁ R₃ Ṡ,False
shuddhaghantanam,ShuddhaghaNTanam,shuddhaghaNTanam,34,Vaagadeeshwari,S G3 M1 P D2 S,S N2 D2 P M1 R3 S,S G₃ M₁ P D₂ Ṡ,S N₂ D₂ P M₁ R₃ Ṡ,False
shuddhagottamani,ShuddhagoTTamaNi,shuddhagoTTamaNi,34,Vaagadeeshwari,S G3 M1 P D2 S,S N2 D2 P M1 R3 S,S G₃ M₁ P D₂ Ṡ,S N₂ D₂ P M₁ R₃ Ṡ,False
shuddhakampitam,Shuddhakampitam,shuddhakampitam,34,Vaagadeeshwari,S G3 M1 P D2 S,S N2 D2 P M1 R3 S,S G₃ M₁ P D₂ Ṡ,S N₂ D₂ P M₁ R₃ Ṡ,False
shuddhapancali,ShuddhapAncAli,shuddhapAncAli,34,Vaagadeeshwari,S G3 M1 P D2 N2 D2 S,S N2 D2 P M1 G3 R3 S,S G₃ M₁ P D₂ N₂ D₂ Ṡ,S N₂ D₂ P M₁ G₃ R₃ Ṡ,False
shuddhapancalika,ShuddhapAncAlikA,shuddhapAncAlikA,34,Vaagadeeshwari,S G3 M1 P D2 N2 D2 S,S N2 D2 P M1 G3 S,S G₃ M₁ P D₂ N₂ D₂ Ṡ,S N₂ D₂ P M₁ G₃ Ṡ,False
sundarangi,SundarAngi,sundarAngi,34,Vaagadeeshwari,S R3 G3 P D2 N2 S,S N2 D2 P G3 R3 S,S R₃ G₃ P D₂ N₂ Ṡ,S N₂ D₂ P G₃ R₃ Ṡ,False
tirtharupa,TIrtharUpA,tIrtharUpA,34,Vaagadeeshwari,S R3 G3 M1 P D2 S,S P M1 G3 M1 R3 G3 S,S R₃ G₃ M₁ P D₂ Ṡ,S P M₁ G₃ M₁ R₃ G₃ Ṡ,False
vagadishvari,VAgadIshvari,vAgadIshvari,34,Vaagadeeshwari,S R3 G3 M1 P D2 N2 S,S N2 D2 P M1 G3 R3 S,S R₃ G₃ M₁ P D₂ N₂ Ṡ,S N₂ D₂ P M₁ G₃ R₃ Ṡ,False
vagimata,VAgImata,vAgImata,34,Vaagadeeshwari,S R3 G3 M1 P D2 S,S N2 D2 P M1 G3 R3 S,S R₃ G₃ M₁ P D₂ Ṡ,S N₂ D₂ P M₁ G₃ R₃ Ṡ,False
vagvimati,VAgvimati,vAgvimati,34,Vaagadeeshwari,S R3 G3 M1 P D2 S,S N2 D2 P M1 G3 R3 S,S R₃ G₃ M₁ P D₂ Ṡ,S N₂ D₂ P M₁ G₃ R₃ Ṡ,False
vanipancama,VANipancama,vANipancama,34,Vaagadeeshwari,S R3 G3 M1 R3 M1 P D2 N2 S,S N2 D2 M1 G3 P M1 R3 S,S R₃ G₃ M₁ R₃ M₁ P D₂ N₂ Ṡ,S N₂ D₂ M₁ G₃ P M₁ R₃ Ṡ,False
vihangika,VihAngika,vihAngika,34,Vaagadeeshwari,S R3 M1 P N2 S,S N2 P M1 R3 S,S R₃ M₁ P N₂ Ṡ,S N₂ P M₁ R₃ Ṡ,False
vikhavati,VikhAvati,vikhAvati,34,Vaagadeeshwari,S R3 G3 P D2 S,S D2 P G3 R3 S,S R₃ G₃ P D₂ Ṡ,S D₂ P G₃ R₃ Ṡ,False
vimali,Vimali,vimali,34,Vaagadeeshwari,S R3 G3 M1 P D2 N2 D2 S,S N2 D2 P M1 G3 S,S R₃ G₃ M₁ P D₂ N₂ D₂ Ṡ,S N₂ D₂ P M₁ G₃ Ṡ,False
vivadiva,VivAdiva,vivAdiva,34,Vaagadeeshwari,S R3 G3 P D2 S,S D2 P G3 R3 S,S R₃ G₃ P D₂ Ṡ,S D₂ P G₃ R₃ Ṡ,False
vrddhasumukhi,VrddhAsumukhi,vrddhAsumukhi,34,Vaagadeeshwari,S R3 M1 G3 M1 P D2 N2 S,S D2 N2 P M1 G3 R3 S,S R₃ M₁ G₃ M₁ P D₂ N₂ Ṡ,S D₂ N₂ P M₁ G₃ R₃ Ṡ,False
shailadeshaakshhi,ShailadEshaakshhi,shailadEshaakshhi,35,Shoolini,S M1 G3 P D2 S,S N3 D2 S N3 P M1 G3 S,S M₁ G₃ P D₂ Ṡ,S N₃ D₂ Ṡ N₃ P M₁ G₃ Ṡ,False
bhusanadharini,BhUSaNadhAriNi,bhUSaNadhAriNi,35,Shoolini,S R3 G3 M1 P D2 N3 S,S N3 D2 P M1 R3 S,S R₃ G₃ M₁ P D₂ N₃ Ṡ,S N₃ D₂ P M₁ R₃ Ṡ,False
bhusanadharini,BhUSaNadhAriNi,bhUSaNadhAriNi,35,Shoolini,S R3 M1 P D2 N3 S,S N3 D2 P M1 R3 S,S R₃ M₁ P D₂ N₃ Ṡ,S N₃ D₂ P M₁ R₃ Ṡ,False
calani,Calani,calani,35,Shoolini,S R3 G3 M1 P D2 D2 N3 D2 S,S N3 D2 M1 G3 R3 S,S R₃ G₃ M₁ P D₂ D₂ N₃ D₂ Ṡ,S N₃ D₂ M₁ G₃ R₃ Ṡ,False
calani,Calani,calani,35,Shoolini,S R3 G3 M1 P D2 N3 D2 S,S N3 D2 M1 G3 R3 S,S R₃ G₃ M₁ P D₂ N₃ D₂ Ṡ,S N₃ D₂ M₁ G₃ R₃ Ṡ,False
deshaksi,DEshAkSi,dEshAkSi,35,Shoolini,S R3 G3 P D2 S,S N3 D2 M1 G3 M1 R3 S,S R₃ G₃ P D₂ Ṡ,S N₃ D₂ M₁ G₃ M₁ R₃ Ṡ,False
deshaksi,DEshakSi,dEshakSi,35,Shoolini,S R3 G3 P D2 S,S N3 D2 P M1 G3 M1 R3 S,S R₃ G₃ P D₂ Ṡ,S N₃ D₂ P M₁ G₃ M₁ R₃ Ṡ,False
deshaksi,DEshAkSi,dEshAkSi,35,Shoolini,S R3 G3 P D2 S,S N3 D2 P M1 G3 R3 S,S R₃ G₃ P D₂ Ṡ,S N₃ D₂ P M₁ G₃ R₃ Ṡ,False
deshaksiri,DEshAkSiri,dEshAkSiri,35,Shoolini,S R3 G3 M1 D2 S,S N3 D2 P M1 G3 M1 R3 S,S R₃ G₃ M₁ D₂ Ṡ,S N₃ D₂ P M₁ G₃ M₁ R₃ Ṡ,False
dhirahindolam,DhIrahindOLam,dhIrahindOLam,35,Shoolini,S G3 M1 D2 N3 S,S N3 D2 P M1 G3 R3 S,S G₃ M₁ D₂ N₃ Ṡ,S N₃ D₂ P M₁ G₃ R₃ Ṡ,False
ganavaridhi,GAnavAridhi,gAnavAridhi,35,Shoolini,S M1 R3 G3 M1 P D2 N3 S,S D2 N3 D2 M1 R3 S,S M₁ R₃ G₃ M₁ P D₂ N₃ Ṡ,S D₂ N₃ D₂ M₁ R₃ Ṡ,False
ganavaridhi,GAnavAridhi,gAnavAridhi,35,Shoolini,S M1 R3 G3 M1 P D2 N3 S,S D2 N3 P M1 R3 S,S M₁ R₃ G₃ M₁ P D₂ N₃ Ṡ,S D₂ N₃ P M₁ R₃ Ṡ,False
hamsaghntanam,HamsaghNTanam,hamsaghNTanam,35,Shoolini,S R3 G3 M1 P D2 N3 S,S N3 P M1 G3 M1 R3 S,S R₃ G₃ M₁ P D₂ N₃ Ṡ,S N₃ P M₁ G₃ M₁ R₃ Ṡ,False
hamsagotmana,HamsagOtmana,hamsagOtmana,35,Shoolini,S R3 G3 M1 P D2 N3 S,S N3 P M1 G3 M1 R3 S,S R₃ G₃ M₁ P D₂ N₃ Ṡ,S N₃ P M₁ G₃ M₁ R₃ Ṡ,False
haranartana,Haranartana,haranartana,35,Shoolini,S R3 G3 R3 M1 P N3 D2 N3 S,S N3 D2 N3 M1 G3 R3 G3 S,S R₃ G₃ R₃ M₁ P N₃ D₂ N₃ Ṡ,S N₃ D₂ N₃ M₁ G₃ R₃ G₃ Ṡ,False
haravardhana,Haravardhana,haravardhana,35,Shoolini,S R3 G3 R3 M1 P N3 D2 N3 S,S N3 D2 N3 M1 G3 R3 G3 S,S R₃ G₃ R₃ M₁ P N₃ D₂ N₃ Ṡ,S N₃ D₂ N₃ M₁ G₃ R₃ G₃ Ṡ,False
kinnaravali,KinnarAvaLi,kinnarAvaLi,35,Shoolini,S R3 G3 M1 D2 N3 S,S N3 D2 M1 G3 R3 S,S R₃ G₃ M₁ D₂ N₃ Ṡ,S N₃ D₂ M₁ G₃ R₃ Ṡ,False
malavakannada,MALavakannaDa,mALavakannaDa,35,Shoolini,S R3 G3 M1 P D2 P N3 S,S N3 P M1 R3 S,S R₃ G₃ M₁ P D₂ P N₃ Ṡ,S N₃ P M₁ R₃ Ṡ,False
mandashranta,MandashrAnta,mandashrAnta,35,Shoolini,S G3 M1 P N3 S,S D2 N3 D2 M1 P M1 G3 R3 S,S G₃ M₁ P N₃ Ṡ,S D₂ N₃ D₂ M₁ P M₁ G₃ R₃ Ṡ,False
maruvakanada,MAruvakAnaDa,mAruvakAnaDa,35,Shoolini,S R3 G3 M1 P D2 N3 P S,S N3 P M1 R3 S,S R₃ G₃ M₁ P D₂ N₃ P Ṡ,S N₃ P M₁ R₃ Ṡ,False
maruvakannada,MaruvakannaDa,maruvakannaDa,35,Shoolini,S R3 G3 M1 P D2 P N3 S,S N3 P M1 R3 S,S R₃ G₃ M₁ P D₂ P N₃ Ṡ,S N₃ P M₁ R₃ Ṡ,False
mavinimakarandam,MAvinimakarandam,mAvinimakarandam,35,Shoolini,S R3 M1 P N3 S,S N3 P M1 R3 S,S R₃ M₁ P N₃ Ṡ,S N₃ P M₁ R₃ Ṡ,False
mecanarayani,MEcanArAyaNi,mEcanArAyaNi,35,Shoolini,S R3 G3 M1 P D2 S,S D2 N3 P M1 R3 S,S R₃ G₃ M₁ P D₂ Ṡ,S D₂ N₃ P M₁ R₃ Ṡ,False
mrdani,MrDANi,mrDANi,35,Shoolini,S R3 G3 M1 D2 N3 S,S N3 D2 M1 G3 R3 S,S R₃ G₃ M₁ D₂ N₃ Ṡ,S N₃ D₂ M₁ G₃ R₃ Ṡ,False
mrgendra,MrgEndra,mrgEndra,35,Shoolini,S R3 G3 D2 N3 S,S N3 D2 G3 R3 S,S R₃ G₃ D₂ N₃ Ṡ,S N₃ D₂ G₃ R₃ Ṡ,False
mrgendramadhyam,MrgEndramadhyam,mrgEndramadhyam,35,Shoolini,S R3 G3 D2 N3 S,S N3 D2 G3 R3 S,S R₃ G₃ D₂ N₃ Ṡ,S N₃ D₂ G₃ R₃ Ṡ,False
nagavaridhi,NAgavAridhi,nAgavAridhi,35,Shoolini,S R3 G3 P D2 S,S N3 D2 P M1 G3 M1 R3 S,S R₃ G₃ P D₂ Ṡ,S N₃ D₂ P M₁ G₃ M₁ R₃ Ṡ,False
nalinahamsi,Nalinahamsi,nalinahamsi,35,Shoolini,S R3 G3 M1 P N3 D2 S,S N3 D2 P M1 R3 S,S R₃ G₃ M₁ P N₃ D₂ Ṡ,S N₃ D₂ P M₁ R₃ Ṡ,False
nalinahamsi,Nalinahamsi,nalinahamsi,35,Shoolini,S R3 G3 M1 P N3 S,S N3 D2 P M1 R3 S,S R₃ G₃ M₁ P N₃ Ṡ,S N₃ D₂ P M₁ R₃ Ṡ,False
nalinapancamam,Nalinapancamam,nalinapancamam,35,Shoolini,S R3 G3 M1 P D2 N3 S,S N3 D2 M1 G3 R3 S,S R₃ G₃ M₁ P D₂ N₃ Ṡ,S N₃ D₂ M₁ G₃ R₃ Ṡ,False
palashadasha,PAlAshadasha,pAlAshadasha,35,Shoolini,S N3 S G3 M1 P D2 P N3 S,S D2 P M1 G3 R3 S,S N₃ Ṡ G₃ M₁ P D₂ P N₃ Ṡ,S D₂ P M₁ G₃ R₃ Ṡ,False
pratiti,PratIti,pratIti,35,Shoolini,S R3 M1 D2 N3 S,S N3 D2 M1 R3 S,S R₃ M₁ D₂ N₃ Ṡ,S N₃ D₂ M₁ R₃ Ṡ,False
sarojini,SarOjini,sarOjini,35,Shoolini,S R3 P D2 N3 S,S N3 D2 P R3 S,S R₃ P D₂ N₃ Ṡ,S N₃ D₂ P R₃ Ṡ,False
shailadeshaksi,ShailadEshAkSi,shailadEshAkSi,35,Shoolini,S M1 G3 P D2 S,S N3 D2 S N3 P M1 R3 S,S M₁ G₃ P D₂ Ṡ,S N₃ D₂ Ṡ N₃ P M₁ R₃ Ṡ,False
shekhari,ShEkhari,shEkhari,35,Shoolini,S R3 G3 M1 P D2 N3 S,S D2 N3 P M1 R3 G3 S,S R₃ G₃ M₁ P D₂ N₃ Ṡ,S D₂ N₃ P M₁ R₃ G₃ Ṡ,False
shesanadam,ShESanAdam,shESanAdam,35,Shoolini,S R3 G3 M1 P D2 S,S N3 D2 M1 G3 R3 S,S R₃ G₃ M₁ P D₂ Ṡ,S N₃ D₂ M₁ G₃ R₃ Ṡ,False
shokavarali,ShOkavarALi,shOkavarALi,35,Shoolini,S G3 M1 N3,D2 P M1 G3 R3 S,S G₃ M₁ N₃,D₂ P M₁ G₃ R₃ Ṡ,False
shramahara,ShramAhara,shramAhara,35,Shoolini,S R3 G3 M1 P D2 N3 S,S D2 M1 P D2 P G3 R3 S,S R₃ G₃ M₁ P D₂ N₃ Ṡ,S D₂ M₁ P D₂ P G₃ R₃ Ṡ,False
shriganavaridhi,ShrIgAnavAridhi,shrIgAnavAridhi,35,Shoolini,S M1 R3 G3 M1 P D2 N3 S,S D2 N3 P M1 G3 S,S M₁ R₃ G₃ M₁ P D₂ N₃ Ṡ,S D₂ N₃ P M₁ G₃ Ṡ,False
shrngarini,ShrngAriNi,shrngAriNi,35,Shoolini,S G3 R3 P M1 P S,S N3 D2 P M1 G3 R3 S,S G₃ R₃ P M₁ P Ṡ,S N₃ D₂ P M₁ G₃ R₃ Ṡ,False
shrutiranjani,Shrutiranjani,shrutiranjani,35,Shoolini,S R3 G3 P D2 N3 S,S P M1 G3 S,S R₃ G₃ P D₂ N₃ Ṡ,S P M₁ G₃ Ṡ,False
shuddhanilambari,ShuddhanIlAmbari,shuddhanIlAmbari,35,Shoolini,S M1 R3 G3 M1 M1 P S,S N3 D2 P M1 G3 S,S M₁ R₃ G₃ M₁ M₁ P Ṡ,S N₃ D₂ P M₁ G₃ Ṡ,False
shuddhanilambari,ShuddhanIlAmbari,shuddhanIlAmbari,35,Shoolini,S M1 R3 G3 M1 P S,S N3 D2 P M1 G3 S,S M₁ R₃ G₃ M₁ P Ṡ,S N₃ D₂ P M₁ G₃ Ṡ,False
shularekha,ShUlarEkhA,shUlarEkhA,35,Shoolini,S R3 G3 M1 D2 N3 S,S N3 D2 P M1 R3 G3 S,S R₃ G₃ M₁ D₂ N₃ Ṡ,S N₃ D₂ P M₁ R₃ G₃ Ṡ,False
shulini,ShUlini,shUlini,35,Shoolini,S R3 G3 M1 P D2 N3 S,S N3 D2 P M1 G3 R3 S,S R₃ G₃ M₁ P D₂ N₃ Ṡ,S N₃ D₂ P M₁ G₃ R₃ Ṡ,False
shyamala,ShyAmaLA,shyAmaLA,35,Shoolini,S G3 R3 G3 M1 P D2 N3 D2 P,S N3 D2 P M1 G3 R3 S,S G₃ R₃ G₃ M₁ P D₂ N₃ D₂ P,S N₃ D₂ P M₁ G₃ R₃ Ṡ,False
somadiparam,SOmadIparam,sOmadIparam,35,Shoolini,S G3 M1 P M1 D2 N3 S,S D2 P M1 G3 M1 R3 S,S G₃ M₁ P M₁ D₂ N₃ Ṡ,S D₂ P M₁ G₃ M₁ R₃ Ṡ,False
tandavollasini,TANDavOllAsini,tANDavOllAsini,35,Shoolini,S R3 G3 P D2 N3 S,S N3 D2 P G3 R3 S,S R₃ G₃ P D₂ N₃ Ṡ,S N₃ D₂ P G₃ R₃ Ṡ,False
trishulini,TrishUlini,trishUlini,35,Shoolini,S G3 M1 P N3 S,S N3 D2 P M1 R3 S,S G₃ M₁ P N₃ Ṡ,S N₃ D₂ P M₁ R₃ Ṡ,False
acalanata,AcalanATa,acalanATa,36,CalanaaTTai,S R3 G3 M1 D3 N3 S,S N3 D3 M1 G3 R3 S,S R₃ G₃ M₁ D₃ N₃ Ṡ,S N₃ D₃ M₁ G₃ R₃ Ṡ,False
arunacandrika,AruNacandrikA,aruNacandrikA,36,CalanaaTTai,S G3 M1 P N3 S,S N3 P M1 G3 S,S G₃ M₁ P N₃ Ṡ,S N₃ P M₁ G₃ Ṡ,False
astamurti,ASTamUrti,aSTamUrti,36,CalanaaTTai,S G3 R3 M1 P N3 D3 S,S N3 D3 M1 N3 M1 G3 R3 S,S G₃ R₃ M₁ P N₃ D₃ Ṡ,S N₃ D₃ M₁ N₃ M₁ G₃ R₃ Ṡ,False
bhaskarapriya,BhAskarapriyA,bhAskarapriyA,36,CalanaaTTai,S R3 M1 P D3 N3 S,S N3 D3 P M1 R3 S,S R₃ M₁ P D₃ N₃ Ṡ,S N₃ D₃ P M₁ R₃ Ṡ,False
calanata,CalanATa,calanATa,36,CalanaaTTai,S R3 G3 M1 P D3 N3 S,S N3 D3 P M1 G3 R3 S,S R₃ G₃ M₁ P D₃ N₃ Ṡ,S N₃ D₃ P M₁ G₃ R₃ Ṡ,False
capagantarva,CApagantarva,cApagantarva,36,CalanaaTTai,S G3 M1 P N3,D3 M1 G3 R3 S N3,S G₃ M₁ P N₃,D₃ M₁ G₃ R₃ Ṡ N₃,False
cidanandi,CidAnandi,cidAnandi,36,CalanaaTTai,S R3 G3 M1 P D3 N3 S,S N3 D3 N3 P M1 G3 M1 R3 S,S R₃ G₃ M₁ P D₃ N₃ Ṡ,S N₃ D₃ N₃ P M₁ G₃ M₁ R₃ Ṡ,False
devanata,DEvanATa,dEvanATa,36,CalanaaTTai,S G3 M1 P S,S N3 D3 P M1 G3 R3 S,S G₃ M₁ P Ṡ,S N₃ D₃ P M₁ G₃ R₃ Ṡ,False
gambhiranata,GambhIranATa,gambhIranATa,36,CalanaaTTai,S G3 M1 P N3 S,S N3 P M1 G3 S,S G₃ M₁ P N₃ Ṡ,S N₃ P M₁ G₃ Ṡ,False
gambhiranata,GambhIranATa,gambhIranATa,36,CalanaaTTai,S R3 G3 M1 P D3 N3 S,S N3 D3 P M1 G3 R3 G3 S,S R₃ G₃ M₁ P D₃ N₃ Ṡ,S N₃ D₃ P M₁ G₃ R₃ G₃ Ṡ,False
gambhiranata,GambhIranATa,gambhIranATa,36,CalanaaTTai,S R3 G3 M1 P D3 N3 S,S N3 D3 P M1 G3 R3 S,S R₃ G₃ M₁ P D₃ N₃ Ṡ,S N₃ D₃ P M₁ G₃ R₃ Ṡ,False
ganaranjani,GAnaranjani,gAnaranjani,36,CalanaaTTai,S R3 G3 M1 P M1 D3 N3 S,S N3 D3 N3 P M1 G3 M1 P M1 R3 S,S R₃ G₃ M₁ P M₁ D₃ N₃ Ṡ,S N₃ D₃ N₃ P M₁ G₃ M₁ P M₁ R₃ Ṡ,False
ghoradarshini,GhOradarshini,ghOradarshini,36,CalanaaTTai,S R3 G3 M1 P D3 S,S D3 P M1 G3 R3 S,S R₃ G₃ M₁ P D₃ Ṡ,S D₃ P M₁ G₃ R₃ Ṡ,False
godarshini,GOdarshini,gOdarshini,36,CalanaaTTai,S R3 G3 M1 P D3 S,S D3 P M1 G3 R3 S,S R₃ G₃ M₁ P D₃ Ṡ,S D₃ P M₁ G₃ R₃ Ṡ,False
hindolamohana,HindOLamOhana,hindOLamOhana,36,CalanaaTTai,S R3 M1 P D3 S,S N3 P M1 R3 S,S R₃ M₁ P D₃ Ṡ,S N₃ P M₁ R₃ Ṡ,False
kokilanata,KOkilanATa,kOkilanATa,36,CalanaaTTai,S R3 G3 M1 P D3 N3 S,S N3 P M1 G3 R3 S,S R₃ G₃ M₁ P D₃ N₃ Ṡ,S N₃ P M₁ G₃ R₃ Ṡ,False
licishalaka,LIcishaLaka,lIcishaLaka,36,CalanaaTTai,S R3 M1 G3 M1 D3 N3 P S,S N3 D3 P M1 G3 R3 S,S R₃ M₁ G₃ M₁ D₃ N₃ P Ṡ,S N₃ D₃ P M₁ G₃ R₃ Ṡ,False
lokaksi,LOkAkSi,lOkAkSi,36,CalanaaTTai,S R3 G3 P D3 S,S D3 P G3 R3 S,S R₃ G₃ P D₃ Ṡ,S D₃ P G₃ R₃ Ṡ,False
malini,MAlini,mAlini,36,CalanaaTTai,S R3 M1 P D3 N3 S,S N3 P M1 R3 S,S R₃ M₁ P D₃ N₃ Ṡ,S N₃ P M₁ R₃ Ṡ,False
mangaladhvani,MangaLadhvani,mangaLadhvani,36,CalanaaTTai,S R3 G3 M1 P N3 D3 N3 S,S N3 D3 P M1 G3 R3 S,S R₃ G₃ M₁ P N₃ D₃ N₃ Ṡ,S N₃ D₃ P M₁ G₃ R₃ Ṡ,False
manjula,ManjuLa,manjuLa,36,CalanaaTTai,S R3 G3 M1 P D3 N3 S,S N3 D3 P M1 G3 R3 S,S R₃ G₃ M₁ P D₃ N₃ Ṡ,S N₃ D₃ P M₁ G₃ R₃ Ṡ,False
maruvasimanta,MaruvasImanta,maruvasImanta,36,CalanaaTTai,S M1 G3 M1 P D3 P S,S N3 D3 P M1 G3 R3 S,S M₁ G₃ M₁ P D₃ P Ṡ,S N₃ D₃ P M₁ G₃ R₃ Ṡ,False
naganilambari,NAganIlAmbari,nAganIlAmbari,36,CalanaaTTai,S M1 G3 M1 P D3 N3 S,S N3 D3 P M1 G3 S,S M₁ G₃ M₁ P D₃ N₃ Ṡ,S N₃ D₃ P M₁ G₃ Ṡ,False
naganilambari,NAganIlAmbari,nAganIlAmbari,36,CalanaaTTai,S M1 G3 M1 P D3 N3 S,S N3 P M1 G3 S,S M₁ G₃ M₁ P D₃ N₃ Ṡ,S N₃ P M₁ G₃ Ṡ,False
naipali,NaipALi,naipALi,36,CalanaaTTai,S R3 G3 P D3 N3 S,S N3 D3 P G3 R3 S,S R₃ G₃ P D₃ N₃ Ṡ,S N₃ D₃ P G₃ R₃ Ṡ,False
nata,NATa,nATa,36,CalanaaTTai,S R3 G3 M1 D3 N3 S,S N3 P M1 R3 S,S R₃ G₃ M₁ D₃ N₃ Ṡ,S N₃ P M₁ R₃ Ṡ,False
nata,NATa,nATa,36,CalanaaTTai,S R3 G3 M1 P D3 N3 P N3 S,S N3 P D3 N3 P M1 R3 S,S R₃ G₃ M₁ P D₃ N₃ P N₃ Ṡ,S N₃ P D₃ N₃ P M₁ R₃ Ṡ,False
nata,NATa,nATa,36,CalanaaTTai,S R3 G3 M1 P D3 N3 P N3 S,S N3 P M1 R3 S,S R₃ G₃ M₁ P D₃ N₃ P N₃ Ṡ,S N₃ P M₁ R₃ Ṡ,False
nata,NATa,nATa,36,CalanaaTTai,S R3 G3 M1 P D3 N3 S,S N3 P M1 R3 S,S R₃ G₃ M₁ P D₃ N₃ Ṡ,S N₃ P M₁ R₃ Ṡ,False
nata,NATa,nATa,36,CalanaaTTai,S R3 G3 M1 P N3 D3 N3 S,S N3 P M1 R3 S,S R₃ G₃ M₁ P N₃ D₃ N₃ Ṡ,S N₃ P M₁ R₃ Ṡ,False
nata,NATa,nATa,36,CalanaaTTai,S R3 G3 M1 P N3 P D3 N3 S,S N3 P M1 R3 S,S R₃ G₃ M₁ P N₃ P D₃ N₃ Ṡ,S N₃ P M₁ R₃ Ṡ,False
nattapadai,NaTTapaDai,naTTapaDai,36,CalanaaTTai,S R3 G3 M1 P D3 N3 S,S N3 P M1 R3 S,S R₃ G₃ M₁ P D₃ N₃ Ṡ,S N₃ P M₁ R₃ Ṡ,False
purnanata,PUrNanATa,pUrNanATa,36,CalanaaTTai,S R3 G3 M1 P D3 N3,S N3 D3 P M1 G3 R3 S,S R₃ G₃ M₁ P D₃ N₃,S N₃ D₃ P M₁ G₃ R₃ Ṡ,False
reva,REvA,rEvA,36,CalanaaTTai,S R3 G3 D3 N3 S,S N3 D3 G3 R3 S,S R₃ G₃ D₃ N₃ Ṡ,S N₃ D₃ G₃ R₃ Ṡ,False
rucirangi,RucirAngi,rucirAngi,36,CalanaaTTai,S R3 M1 D3 N3 S,S N3 D3 M1 R3 S,S R₃ M₁ D₃ N₃ Ṡ,S N₃ D₃ M₁ R₃ Ṡ,False
sairandhri,SairAndhri,sairAndhri,36,CalanaaTTai,S R3 P D3 N3 S,S N3 D3 P R3 S,S R₃ P D₃ N₃ Ṡ,S N₃ D₃ P R₃ Ṡ,False
sayujyadayani,SayujyadAyani,sayujyadAyani,36,CalanaaTTai,S G3 M1 P D3 S,S D3 P M1 G3 S,S G₃ M₁ P D₃ Ṡ,S D₃ P M₁ G₃ Ṡ,False
shrimanjula,ShrImanjuLa,shrImanjuLa,36,CalanaaTTai,S R3 G3 M1 P D3 N3 S,S N3 D3 M1 G3 R3 S,S R₃ G₃ M₁ P D₃ N₃ Ṡ,S N₃ D₃ M₁ G₃ R₃ Ṡ,False
shrimanjula,ShrImanjuLa,shrImanjuLa,36,CalanaaTTai,S R3 G3 M1 P D3 N3 S,S N3 D3 N3 P M1 G3 R3 S,S R₃ G₃ M₁ P D₃ N₃ Ṡ,S N₃ D₃ N₃ P M₁ G₃ R₃ Ṡ,False
shrutiranjani,Shrutiranjani,shrutiranjani,36,CalanaaTTai,S R3 G3 P D3 N3 S,S N3 P M1 G3 S,S R₃ G₃ P D₃ N₃ Ṡ,S N₃ P M₁ G₃ Ṡ,False
shuddhamadhyamam,Shuddhamadhyamam,shuddhamadhyamam,36,CalanaaTTai,S R3 G3 M1 P D3 N3 S,S N3 D3 P M1 G3 R3 S,S R₃ G₃ M₁ P D₃ N₃ Ṡ,S N₃ D₃ P M₁ G₃ R₃ Ṡ,False
shuddhanata,ShuddhanATa,shuddhanATa,36,CalanaaTTai,S G3 M1 P N3 D3 N3 S,S N3 D3 P M1 G3 R3 S,S G₃ M₁ P N₃ D₃ N₃ Ṡ,S N₃ D₃ P M₁ G₃ R₃ Ṡ,False
shuddhanata,ShuddhanATa,shuddhanATa,36,CalanaaTTai,S G3 M1 P N3 D3 N3 S,S N3 D3 P M1 R3 S,S G₃ M₁ P N₃ D₃ N₃ Ṡ,S N₃ D₃ P M₁ R₃ Ṡ,False
sururanjani,Sururanjani,sururanjani,36,CalanaaTTai,S R3 G3 P N3 S,S N3 P G3 R3 S,S R₃ G₃ P N₃ Ṡ,S N₃ P G₃ R₃ Ṡ,False
uadayaravicandrika,UadayaravicandrikA,uadayaravicandrikA,36,CalanaaTTai,S R3 P M1 P N3 S,S N3 P M1 R3 S,S R₃ P M₁ P N₃ Ṡ,S N₃ P M₁ R₃ Ṡ,False
udayaravi,Udayaravi,udayaravi,36,CalanaaTTai,S R3 M1 P S N3 S,S N3 P M1 R3 S,S R₃ M₁ P Ṡ N₃ Ṡ,S N₃ P M₁ R₃ Ṡ,False
udayaravicandrika,UdayaravicandrikA,udayaravicandrikA,36,CalanaaTTai,S R3 G3 M1 D3 N3 S,S N3 D3 M1 G3 R3 S,S R₃ G₃ M₁ D₃ N₃ Ṡ,S N₃ D₃ M₁ G₃ R₃ Ṡ,False
udayaravicandrika,UdayaravicandrikA,udayaravicandrikA,36,CalanaaTTai,S R3 G3 M1 P N3 S,S N3 P M1 G3 R3 S,S R₃ G₃ M₁ P N₃ Ṡ,S N₃ P M₁ G₃ R₃ Ṡ,False
udayaravicandrika,UdayaravicandrikA,udayaravicandrikA,36,CalanaaTTai,S R3 S M1 R3 M1 P S N3 S,S N3 P M1 R3 S,S R₃ Ṡ M₁ R₃ M₁ P Ṡ N₃ Ṡ,S N₃ P M₁ R₃ Ṡ,False
varali,VarALi,varALi,36,CalanaaTTai,S R3 G3 M1 P D3 N3 S,S N3 D3 P M1 G3 R3 S,S R₃ G₃ M₁ P D₃ N₃ Ṡ,S N₃ D₃ P M₁ G₃ R₃ Ṡ,False
varnakarina,VarNakAriNa,varNakAriNa,36,CalanaaTTai,S R3 M1 P N3 S,S N3 P M1 R3 S,S R₃ M₁ P N₃ Ṡ,S N₃ P M₁ R₃ Ṡ,False
vijayaprada,Vijayaprada,vijayaprada,36,CalanaaTTai,S R3 G3 M1 D3 S,S D3 M1 G3 R3 S,S R₃ G₃ M₁ D₃ Ṡ,S D₃ M₁ G₃ R₃ Ṡ,False
sowgandini,Sowgandini,sowgandini,37,Saalagam,S R1 M2 P D1 S,S N1 D1 P M2 G1 R1 S,S R₁ M₂ P D₁ Ṡ,S N₁ D₁ P M₂ G₁ R₁ Ṡ,False
alapi,AlApi,alApi,37,Saalagam,S R1 G1 M2 P D1 N1 S,S N1 D1 N1 P M2 G1 R1 S,S R₁ G₁ M₂ P D₁ N₁ Ṡ,S N₁ D₁ N₁ P M₂ G₁ R₁ Ṡ,False
alapi,AlApi,alApi,37,Saalagam,S R1 G1 M2 P D1 N1 S,S N1 D1 P M2 G1 R1 S,S R₁ G₁ M₂ P D₁ N₁ Ṡ,S N₁ D₁ P M₂ G₁ R₁ Ṡ,False
alaru,Alaru,alaru,37,Saalagam,S G1 M2 D1 N1 S,S N1 D1 M2 G1 S,S G₁ M₂ D₁ N₁ Ṡ,S N₁ D₁ M₂ G₁ Ṡ,False
baulivasanta,BauLivasanta,bauLivasanta,37,Saalagam,S G1 R1 G1 M2 D1 P N1 D1 S,S N1 D1 P M2 G1 M2 S,S G₁ R₁ G₁ M₂ D₁ P N₁ D₁ Ṡ,S N₁ D₁ P M₂ G₁ M₂ Ṡ,False
bhargavi,BhArgavi,bhArgavi,37,Saalagam,S G1 M2 P D1 N1 S,S N1 D1 P M2 G1 S,S G₁ M₂ P D₁ N₁ Ṡ,S N₁ D₁ P M₂ G₁ Ṡ,False
bhogasaveri,BhOgasAvEri,bhOgasAvEri,37,Saalagam,S M2 P D1 N1 D1 P M2 G1 R1 S,D1 P M2 G1 R1 S,S M₂ P D₁ N₁ D₁ P M₂ G₁ R₁ Ṡ,D₁ P M₂ G₁ R₁ Ṡ,False
bhogasaveri,BhOgasAvEri,bhOgasAvEri,37,Saalagam,S R1 G1 M2 P D1 N1,D1 P M2 G1 R1 S,S R₁ G₁ M₂ P D₁ N₁,D₁ P M₂ G₁ R₁ Ṡ,False
bhogasaveri,BhOgasAvEri,bhOgasAvEri,37,Saalagam,S R1 M2 P D1 N1 S,S N1 D1 P M2 G1 R1 S,S R₁ M₂ P D₁ N₁ Ṡ,S N₁ D₁ P M₂ G₁ R₁ Ṡ,False
bhogasaveri,BhOgasAvEri,bhOgasAvEri,37,Saalagam,S R1 M2 P D1 N1,D1 P M2 G1 R1 S N1,S R₁ M₂ P D₁ N₁,D₁ P M₂ G₁ R₁ Ṡ N₁,False
bhogasaveri,BhOgasAvEri,bhOgasAvEri,37,Saalagam,S R1 M2 P D1 N1,D1 P M2 G1 R1 S,S R₁ M₂ P D₁ N₁,D₁ P M₂ G₁ R₁ Ṡ,False
bhogasaveri,BhOgasAvEri,bhOgasAvEri,37,Saalagam,S R1 P D1 N1,D1 P M2 G1 R1 S N1,S R₁ P D₁ N₁,D₁ P M₂ G₁ R₁ Ṡ N₁,False
bhogavarali,BhOgavarALi,bhOgavarALi,37,Saalagam,S R1 G1 M2 P N1 D1 N1 S,S N1 D1 M2 G1 R1 S,S R₁ G₁ M₂ P N₁ D₁ N₁ Ṡ,S N₁ D₁ M₂ G₁ R₁ Ṡ,False
bhogavarali,BhOgavarALi,bhOgavarALi,37,Saalagam,S R1 G1 M2 P N1 D1 N1 S,S N1 P D1 M2 G1 R1 S,S R₁ G₁ M₂ P N₁ D₁ N₁ Ṡ,S N₁ P D₁ M₂ G₁ R₁ Ṡ,False
bhogavardhani,BhOgavardhani,bhOgavardhani,37,Saalagam,S R1 G1 M2 D1 S,S D1 M2 G1 R1 S,S R₁ G₁ M₂ D₁ Ṡ,S D₁ M₂ G₁ R₁ Ṡ,False
enankamanohari,EnAnkamanOhari,enAnkamanOhari,37,Saalagam,S R1 G1 M2 P N1 S,S N1 P M2 G1 R1 S,S R₁ G₁ M₂ P N₁ Ṡ,S N₁ P M₂ G₁ R₁ Ṡ,False
godari,GOdAri,gOdAri,37,Saalagam,S G1 M2 P D1 N1 S,S N1 D1 P M2 G1 R1 S,S G₁ M₂ P D₁ N₁ Ṡ,S N₁ D₁ P M₂ G₁ R₁ Ṡ,False
gunabhusani,GuNabhUSaNi,guNabhUSaNi,37,Saalagam,S R1 G1 M2 P S,S P M2 G1 R1 S,S R₁ G₁ M₂ P Ṡ,S P M₂ G₁ R₁ Ṡ,False
haradharini,HaradhAriNi,haradhAriNi,37,Saalagam,S G1 M2 P D1 S,S D1 P M2 R1 S,S G₁ M₂ P D₁ Ṡ,S D₁ P M₂ R₁ Ṡ,False
hastini,Hastini,hastini,37,Saalagam,S R1 M2 P D1 S,S D1 P M2 R1 S,S R₁ M₂ P D₁ Ṡ,S D₁ P M₂ R₁ Ṡ,False
kamalavasanta,Kamalavasanta,kamalavasanta,37,Saalagam,S R1 G1 R1 G1 M2 P D1 N1 S,S N1 D1 P M2 G1 R1 S,S R₁ G₁ R₁ G₁ M₂ P D₁ N₁ Ṡ,S N₁ D₁ P M₂ G₁ R₁ Ṡ,False
kamalavasanta,Kamalavasanta,kamalavasanta,37,Saalagam,S R1 G1 R1 M2 P D1 N1 S,S N1 D1 M2 G1 R1 S,S R₁ G₁ R₁ M₂ P D₁ N₁ Ṡ,S N₁ D₁ M₂ G₁ R₁ Ṡ,False
kamalavasanta,Kamalavasanta,kamalavasanta,37,Saalagam,S R1 G1 R1 S M2 P D1 N1 S,S N1 D1 P M2 G1 R1 S,S R₁ G₁ R₁ Ṡ M₂ P D₁ N₁ Ṡ,S N₁ D₁ P M₂ G₁ R₁ Ṡ,False
kamalavasanta,Kamalavasanta,kamalavasanta,37,Saalagam,S R1 S M2 P D1 N1 S,S N1 D1 P M2 G1 R1 S,S R₁ Ṡ M₂ P D₁ N₁ Ṡ,S N₁ D₁ P M₂ G₁ R₁ Ṡ,False
kantamanjari,KAntamanjari,kAntamanjari,37,Saalagam,S R1 G1 M2 D1 N1 S,S N1 S D1 P N1 D1 M2 R1 G1 R1 M2 G1 S,S R₁ G₁ M₂ D₁ N₁ Ṡ,S N₁ Ṡ D₁ P N₁ D₁ M₂ R₁ G₁ R₁ M₂ G₁ Ṡ,False
karunapriya,KaruNapriyA,karuNapriyA,37,Saalagam,S R1 G1 M2 N1 D1 P N1 S,S N1 D1 P M2 G1 R1 S,S R₁ G₁ M₂ N₁ D₁ P N₁ Ṡ,S N₁ D₁ P M₂ G₁ R₁ Ṡ,False
kusumaranjani,Kusumaranjani,kusumaranjani,37,Saalagam,S R1 M2 P D1 N1 S,S N1 D1 N1 P M2 G1 R1 S,S R₁ M₂ P D₁ N₁ Ṡ,S N₁ D₁ N₁ P M₂ G₁ R₁ Ṡ,False
lalitamaruva,LalitamAruva,lalitamAruva,37,Saalagam,S R1 G1 M2 P D1 N1 S,S N1 D1 M2 G1 R1 S,S R₁ G₁ M₂ P D₁ N₁ Ṡ,S N₁ D₁ M₂ G₁ R₁ Ṡ,False
lalitamaruva,LalitamAruva,lalitamAruva,37,Saalagam,S R1 G1 P D1 N1 S,S N1 D1 M2 G1 R1 S,S R₁ G₁ P D₁ N₁ Ṡ,S N₁ D₁ M₂ G₁ R₁ Ṡ,False
melagam,MELagam,mELagam,37,Saalagam,S R1 G1 M2 D1 N1 S,S N1 D1 M2 G1 R1 S,S R₁ G₁ M₂ D₁ N₁ Ṡ,S N₁ D₁ M₂ G₁ R₁ Ṡ,False
mohanavarali,MOhanavarALi,mOhanavarALi,37,Saalagam,S R1 G1 M2 P N1 D1 N1 S,S N1 P D1 M2 G1 R1 S,S R₁ G₁ M₂ P N₁ D₁ N₁ Ṡ,S N₁ P D₁ M₂ G₁ R₁ Ṡ,False
nadabhramari,NAdabhramari,nAdabhramari,37,Saalagam,S G1 R1 G1 M2 P D1 N1,D1 P M2 G1 R1 S N1 S,S G₁ R₁ G₁ M₂ P D₁ N₁,D₁ P M₂ G₁ R₁ Ṡ N₁ Ṡ,False
nadagupti,NAdagupti,nAdagupti,37,Saalagam,S G1 R1 G1 M2 P D1 N1 S M2,P D1 M2 G1 R1 S N1 S S P M2 S,S G₁ R₁ G₁ M₂ P D₁ N₁ Ṡ M₂,P D₁ M₂ G₁ R₁ Ṡ N₁ Ṡ S P M₂ Ṡ,False
nadagupti,NAdagupti,nAdagupti,37,Saalagam,S G1 R1 G1 M2 P D1 N1,D1 P M2 G1 R1 S N1 S,S G₁ R₁ G₁ M₂ P D₁ N₁,D₁ P M₂ G₁ R₁ Ṡ N₁ Ṡ,False
nadagupti,NAdagupti,nAdagupti,37,Saalagam,S M2 G1 R1 G1 P D1 N1 S,S D1 N1 D1 P M2 G1 R1 S,S M₂ G₁ R₁ G₁ P D₁ N₁ Ṡ,S D₁ N₁ D₁ P M₂ G₁ R₁ Ṡ,False
omkari,OmkAri,omkAri,37,Saalagam,S M2 P S,S P M2 S,S M₂ P Ṡ,S P M₂ Ṡ,False
rangavalli,Rangavalli,rangavalli,37,Saalagam,S R1 G1 M2 N1 S,S N1 M2 G1 R1 S,S R₁ G₁ M₂ N₁ Ṡ,S N₁ M₂ G₁ R₁ Ṡ,False
salaga,SALaga,sALaga,37,Saalagam,S R1 G1 M2 P D1 N1 S,S N1 D1 P M2 G1 R1 S,S R₁ G₁ M₂ P D₁ N₁ Ṡ,S N₁ D₁ P M₂ G₁ R₁ Ṡ,False
salagabhairavi,SALagabhairavi,sALagabhairavi,37,Saalagam,S R1 M2 P D1 S,S N1 D1 P M2 G1 R1 S,S R₁ M₂ P D₁ Ṡ,S N₁ D₁ P M₂ G₁ R₁ Ṡ,False
salaka,SALaka,sALaka,37,Saalagam,S G1 R1 G1 M2 P D1 N1 D1 S,S N1 D1 P M2 G1 R1 G1 R1 S,S G₁ R₁ G₁ M₂ P D₁ N₁ D₁ Ṡ,S N₁ D₁ P M₂ G₁ R₁ G₁ R₁ Ṡ,False
salaka,SALaka,sALaka,37,Saalagam,S R1 G1 M2 P D1 N1 D1 S,S N1 D1 P M2 G1 R1 S,S R₁ G₁ M₂ P D₁ N₁ D₁ Ṡ,S N₁ D₁ P M₂ G₁ R₁ Ṡ,False
salanganata,SAlanganATa,sAlanganATa,37,Saalagam,S R1 S M2 P D1 S,S R1 P S N1 S D1 P M2 G1 R1 S,S R₁ Ṡ M₂ P D₁ Ṡ,S R₁ P Ṡ N₁ Ṡ D₁ P M₂ G₁ R₁ Ṡ,False
salavi,SALavi,sALavi,37,Saalagam,S G1 R1 G1 M2 P D1 N1 D1 S,S N1 D1 P M2 G1 R1 S,S G₁ R₁ G₁ M₂ P D₁ N₁ D₁ Ṡ,S N₁ D₁ P M₂ G₁ R₁ Ṡ,False
salavi,SALavi,sALavi,37,Saalagam,S G1 R1 M2 P D1 N1 D1 S,S N1 D1 P M2 G1 R1 S,S G₁ R₁ M₂ P D₁ N₁ D₁ Ṡ,S N₁ D₁ P M₂ G₁ R₁ Ṡ,False
samalapini,SamalApini,samalApini,37,Saalagam,S G1 M2 P N1 S,S N1 P M2 G1 S,S G₁ M₂ P N₁ Ṡ,S N₁ P M₂ G₁ Ṡ,False
sasa,SAsa,sAsa,37,Saalagam,S R1 G1 M2 P D1 N1 D1 N1,S N1 D1 P M2 G1 R1 S,S R₁ G₁ M₂ P D₁ N₁ D₁ N₁,S N₁ D₁ P M₂ G₁ R₁ Ṡ,False
sasha,SAshA,sAshA,37,Saalagam,S R1 G1 M2 P D1 N1 D1 S,S N1 D1 M2 G1 R1 G1 R1 S,S R₁ G₁ M₂ P D₁ N₁ D₁ Ṡ,S N₁ D₁ M₂ G₁ R₁ G₁ R₁ Ṡ,False
sashva,SAshva,sAshva,37,Saalagam,S G1 R1G1 M2 P D1 N1 S,S N1 D1 P M2 G1 R1 S,S G₁ R1G1 M₂ P D₁ N₁ Ṡ,S N₁ D₁ P M₂ G₁ R₁ Ṡ,False
saudhari,SaudhAri,saudhAri,37,Saalagam,S R1 G1 R1 M2 G1 M2 P D1 N1,S N1 D1 P M2 G1 R1 S,S R₁ G₁ R₁ M₂ G₁ M₂ P D₁ N₁,S N₁ D₁ P M₂ G₁ R₁ Ṡ,False
saugandhini,Saugandhini,saugandhini,37,Saalagam,S R1 M2 P D1 S,S N1 D1 P M2 G1 R1 S,S R₁ M₂ P D₁ Ṡ,S N₁ D₁ P M₂ G₁ R₁ Ṡ,False
saveri,SAvEri,sAvEri,37,Saalagam,S R1 M2 P D1 S,S N1 D1 P M2 G1 R1 S,S R₁ M₂ P D₁ Ṡ,S N₁ D₁ P M₂ G₁ R₁ Ṡ,False
shalvakam,ShAlvakam,shAlvakam,37,Saalagam,S G1 R1 G1 M2 P D1 N1 D1 S,S N1 D1 P G1 R1 G1 R1 S,S G₁ R₁ G₁ M₂ P D₁ N₁ D₁ Ṡ,S N₁ D₁ P G₁ R₁ G₁ R₁ Ṡ,False
shalvakam,ShAlvakam,shAlvakam,37,Saalagam,S G1 R1 G1 M2 P D1 N1 D1 S,S N1 D1 P M2 G1 R1 G1 R1 S,S G₁ R₁ G₁ M₂ P D₁ N₁ D₁ Ṡ,S N₁ D₁ P M₂ G₁ R₁ G₁ R₁ Ṡ,False
shalvakam,ShAlvakam,shAlvakam,37,Saalagam,S G1 R1 G1 M2 P D1 N1 D1 S,S N1 D1 P M2 G1 R1 G1 S,S G₁ R₁ G₁ M₂ P D₁ N₁ D₁ Ṡ,S N₁ D₁ P M₂ G₁ R₁ G₁ Ṡ,False
shalvakam,ShAlvakam,shAlvakam,37,Saalagam,S G1 R1 G1 M2 P D1 N1 D1 S,S N1 D1 P M2 G1 R1 S,S G₁ R₁ G₁ M₂ P D₁ N₁ D₁ Ṡ,S N₁ D₁ P M₂ G₁ R₁ Ṡ,False
shuddhabhogi,ShuddhabhOgi,shuddhabhOgi,37,Saalagam,S R1 G1 M2 P N1 D1 S,S D1 N1 P M2 G1 R1 S,S R₁ G₁ M₂ P N₁ D₁ Ṡ,S D₁ N₁ P M₂ G₁ R₁ Ṡ,False
shuddhamohini,ShuddhamOhini,shuddhamOhini,37,Saalagam,S R1 G1 M2 P M2 D1 N1 S,S D1 P M2 G1 R1 G1 S,S R₁ G₁ M₂ P M₂ D₁ N₁ Ṡ,S D₁ P M₂ G₁ R₁ G₁ Ṡ,False
shyamalapini,ShyAmaLApini,shyAmaLApini,37,Saalagam,S G1 M2 P N1 S,S N1 P M2 G1 S,S G₁ M₂ P N₁ Ṡ,S N₁ P M₂ G₁ Ṡ,False
simhala,SimhaLa,simhaLa,37,Saalagam,S R1 G1 M2 P D1 N1 S,S N1 D1 P M2 G1 S,S R₁ G₁ M₂ P D₁ N₁ Ṡ,S N₁ D₁ P M₂ G₁ Ṡ,False
simharava,SimhArava,simhArava,37,Saalagam,S R1 M2 P N1 S,S N1 P M2 N1 R1 G1 R1 S,S R₁ M₂ P N₁ Ṡ,S N₁ P M₂ N₁ R₁ G₁ R₁ Ṡ,False
sindhu,Sindhu,sindhu,37,Saalagam,S R1 G1 R1 M2 P S,S N1 D1 P N1 D1 M2 G1 R1 S,S R₁ G₁ R₁ M₂ P Ṡ,S N₁ D₁ P N₁ D₁ M₂ G₁ R₁ Ṡ,False
sindhughantanam,SindhughaNTanam,sindhughaNTanam,37,Saalagam,S G1 R1 G1 M2 P D1 S,S D1 M2 G1 R1 S,S G₁ R₁ G₁ M₂ P D₁ Ṡ,S D₁ M₂ G₁ R₁ Ṡ,False
sindhunata,SindhunATa,sindhunATa,37,Saalagam,S G1 R1 G1 M2 N1 D1 N1 S,S N1 D1 P M2 G1 R1 S,S G₁ R₁ G₁ M₂ N₁ D₁ N₁ Ṡ,S N₁ D₁ P M₂ G₁ R₁ Ṡ,False
sindhuramakriya,SindhurAmakriyA,sindhurAmakriyA,37,Saalagam,S G1 M2 P D1 N1 S,S N1 P D1 M2 G1 S,S G₁ M₂ P D₁ N₁ Ṡ,S N₁ P D₁ M₂ G₁ Ṡ,False
somaprabhavali,SOmaprabhAvaLi,sOmaprabhAvaLi,37,Saalagam,S R1 G1 M2 P D1 S,S D1 P M2 G1 R1 S,S R₁ G₁ M₂ P D₁ Ṡ,S D₁ P M₂ G₁ R₁ Ṡ,False
somaprabhavali,SOmaprabhAvaLi,sOmaprabhAvaLi,37,Saalagam,S R1 G1 P D1 S,S D1 P M2 G1 R1 S,S R₁ G₁ P D₁ Ṡ,S D₁ P M₂ G₁ R₁ Ṡ,False
vitapi,ViTapi,viTapi,37,Saalagam,S R1 M2 D1 N1 S,S N1 D1 M2 R1 S,S R₁ M₂ D₁ N₁ Ṡ,S N₁ D₁ M₂ R₁ Ṡ,False
yaksapriya,YakSapriyA,yakSapriyA,37,Saalagam,S R1 M2 P N1 S,S N1 P M2 R1 S,S R₁ M₂ P N₁ Ṡ,S N₁ P M₂ R₁ Ṡ,False
jaganmohinam,JaganmOhinam,jaganmOhinam,38,Jalaarnavam,S R1 G1 M2 P D1 N2 S,S N2 D1 P M2 G1 R1 S,S R₁ G₁ M₂ P D₁ N₂ Ṡ,S N₂ D₁ P M₂ G₁ R₁ Ṡ,False
arunambari,AruNAmbari,aruNAmbari,38,Jalaarnavam,S R1 G1 M2 P D1 N2 S,S D1 N2 P D1 M2 G1 R1 S,S R₁ G₁ M₂ P D₁ N₂ Ṡ,S D₁ N₂ P D₁ M₂ G₁ R₁ Ṡ,False
bhogarasali,BhOgarasALi,bhOgarasALi,38,Jalaarnavam,S R1 G1 M2 P D1 N2 S,S N2 D1 N2 P M2 G1 R1 S,S R₁ G₁ M₂ P D₁ N₂ Ṡ,S N₂ D₁ N₂ P M₂ G₁ R₁ Ṡ,False
candrasvarupi,CandrasvarUpi,candrasvarUpi,38,Jalaarnavam,S R1 G1 M2 P N2 S,S N2 D1 P M2 D1 M2 G1 R1 S,S R₁ G₁ M₂ P N₂ Ṡ,S N₂ D₁ P M₂ D₁ M₂ G₁ R₁ Ṡ,False
hamsabhogi,HamsabhOgi,hamsabhOgi,38,Jalaarnavam,S R1 G1 M2 D1 N2 S,S N2 D1 P M2 G1 R1 S,S R₁ G₁ M₂ D₁ N₂ Ṡ,S N₂ D₁ P M₂ G₁ R₁ Ṡ,False
hamsabhogi,HamsabhOgi,hamsabhOgi,38,Jalaarnavam,S R1 G1 M2 P D1 N2 S,S N2 D1 P M2 G1 R1 S,S R₁ G₁ M₂ P D₁ N₂ Ṡ,S N₂ D₁ P M₂ G₁ R₁ Ṡ,False
jaganmohanam,JaganmOhanam,jaganmOhanam,38,Jalaarnavam,S G1 M2 P D1 D1 N2 S,S N2 D1 P M2 G1 R1 S,S G₁ M₂ P D₁ D₁ N₂ Ṡ,S N₂ D₁ P M₂ G₁ R₁ Ṡ,False
jaganmohanam,JaganmOhanam,jaganmOhanam,38,Jalaarnavam,S R1 M2 P D1 S N2 S,S N2 D1 P M2 G1 R1 S,S R₁ M₂ P D₁ Ṡ N₂ Ṡ,S N₂ D₁ P M₂ G₁ R₁ Ṡ,False
jivaratnabhusani,JIvaratnabhUSaNi,jIvaratnabhUSaNi,38,Jalaarnavam,S R1 G1 M2 P D1 N2 D1 S,S N2 D1 P M2 G1 R1 S,S R₁ G₁ M₂ P D₁ N₂ D₁ Ṡ,S N₂ D₁ P M₂ G₁ R₁ Ṡ,False
jlarnava,JlarNava,jlarNava,38,Jalaarnavam,S R1 G1 M2 P D1 N2 S,S N2 D1 P M2 G1 R1 S,S R₁ G₁ M₂ P D₁ N₂ Ṡ,S N₂ D₁ P M₂ G₁ R₁ Ṡ,False
kamalasuna,KamalasUna,kamalasUna,38,Jalaarnavam,S R1 G1 M2 P D1 N2 S,S N2 P D1 P M2 G1 R1 S,S R₁ G₁ M₂ P D₁ N₂ Ṡ,S N₂ P D₁ P M₂ G₁ R₁ Ṡ,False
kanti,KAnti,kAnti,38,Jalaarnavam,S R1 G1 M2 P N2 S,S N2 P M2 G1 R1 S,S R₁ G₁ M₂ P N₂ Ṡ,S N₂ P M₂ G₁ R₁ Ṡ,False
kumudabharana,KumudabharaNa,kumudabharaNa,38,Jalaarnavam,S R1 G1 M2 P N2 D1 S,S D1 N2 P M2 G1 R1 S,S R₁ G₁ M₂ P N₂ D₁ Ṡ,S D₁ N₂ P M₂ G₁ R₁ Ṡ,False
kumudabharanam,KumudabharaNam,kumudabharaNam,38,Jalaarnavam,S R1 G1 M2 P D1 N2 D1 S,S D1 N2 P M2 G1 R1 S,S R₁ G₁ M₂ P D₁ N₂ D₁ Ṡ,S D₁ N₂ P M₂ G₁ R₁ Ṡ,False
kusumavali,KusumAvaLi,kusumAvaLi,38,Jalaarnavam,N2 S R1 G1 M2 P D1 N2,D1 P M2 G1 R1 S N2,N₂ Ṡ R₁ G₁ M₂ P D₁ N₂,D₁ P M₂ G₁ R₁ Ṡ N₂,False
kusumavali,KusumAvaLi,kusumAvaLi,38,Jalaarnavam,N2 S R1 G1 M2 P D1 N2,N2 D1 P M2 G1 R1 S N2,N₂ Ṡ R₁ G₁ M₂ P D₁ N₂,N₂ D₁ P M₂ G₁ R₁ Ṡ N₂,False
kusumavali,KusumAvaLi,kusumAvaLi,38,Jalaarnavam,S R1 G1 M2 P D1 P S,S N2 D1 P M2 G1 R1 S,S R₁ G₁ M₂ P D₁ P Ṡ,S N₂ D₁ P M₂ G₁ R₁ Ṡ,False
kusumavali,KusumAvaLi,kusumAvaLi,38,Jalaarnavam,S R1 M2 P D1 N2 S,S N2 D1 P M2 G1 M2 R1 S,S R₁ M₂ P D₁ N₂ Ṡ,S N₂ D₁ P M₂ G₁ M₂ R₁ Ṡ,False
marakatabhusani,MarakatabhUSaNi,marakatabhUSaNi,38,Jalaarnavam,S G1 M2 P D1 N2 S,S N2 D1 P M2 G1 S,S G₁ M₂ P D₁ N₂ Ṡ,S N₂ D₁ P M₂ G₁ Ṡ,False
maruvacandrika,MAruvacandrikA,mAruvacandrikA,38,Jalaarnavam,S N2 S R1 G1 M2 P D1 N2,D1 P M2 G1 R1 G1 S,S N₂ Ṡ R₁ G₁ M₂ P D₁ N₂,D₁ P M₂ G₁ R₁ G₁ Ṡ,False
maruvacandrika,MAruvacandrikA,mAruvacandrikA,38,Jalaarnavam,S N2 S R1 G1 M2 P D1 N2,N2 D1 P M2 G1 R1 G1 S,S N₂ Ṡ R₁ G₁ M₂ P D₁ N₂,N₂ D₁ P M₂ G₁ R₁ G₁ Ṡ,False
maruvacandrika,MAruvacandrikA,mAruvacandrikA,38,Jalaarnavam,S R1 G1 M2 P D1 N2,N2 D1 P M2 G1 R1 G1 S,S R₁ G₁ M₂ P D₁ N₂,N₂ D₁ P M₂ G₁ R₁ G₁ Ṡ,False
mukundabharanam,MukundabharaNam,mukundabharaNam,38,Jalaarnavam,S R1 G1 M2 P D1 N2 D1 S,S D1 N2 P M2 G1 R1 S,S R₁ G₁ M₂ P D₁ N₂ D₁ Ṡ,S D₁ N₂ P M₂ G₁ R₁ Ṡ,False
nagadiparam,NAgadIpAram,nAgadIpAram,38,Jalaarnavam,S R1 G1 M2 D1 N2 S,S N2 D1 N2 M2 G1 R1 G1 S,S R₁ G₁ M₂ D₁ N₂ Ṡ,S N₂ D₁ N₂ M₂ G₁ R₁ G₁ Ṡ,False
natiparam,Natiparam,natiparam,38,Jalaarnavam,S R1 G1 M2 D1 N2 S,S N2 D1 N2 M2 G1 R1 G1 S,S R₁ G₁ M₂ D₁ N₂ Ṡ,S N₂ D₁ N₂ M₂ G₁ R₁ G₁ Ṡ,False
nirudragiri,NIrudragiri,nIrudragiri,38,Jalaarnavam,S R1 M2 P D1 N2 S,S N2 D1 P M2 G1 R1 S,S R₁ M₂ P D₁ N₂ Ṡ,S N₂ D₁ P M₂ G₁ R₁ Ṡ,False
prastapana,PrastApana,prastApana,38,Jalaarnavam,S R1 G1 R1 M2 P D1 N2 S,S D1 P M2 G1 R1 S,S R₁ G₁ R₁ M₂ P D₁ N₂ Ṡ,S D₁ P M₂ G₁ R₁ Ṡ,False
raviprabhavali,RaviprabhAvaLi,raviprabhAvaLi,38,Jalaarnavam,S R1 G1 M2 D1 S,S D1 M2 G1 R1 G1 S,S R₁ G₁ M₂ D₁ Ṡ,S D₁ M₂ G₁ R₁ G₁ Ṡ,False
raviprabhavali,RaviprabhAvaLi,raviprabhAvaLi,38,Jalaarnavam,S R1 G1 M2 D1 S,S D1 P M2 G1 R1 G1 S,S R₁ G₁ M₂ D₁ Ṡ,S D₁ P M₂ G₁ R₁ G₁ Ṡ,False
shvetavarna,ShvEtavarNa,shvEtavarNa,38,Jalaarnavam,S R1 M2 G1 R1 P D1 N2 S,S N2 D1 P M2 G1 R1 S,S R₁ M₂ G₁ R₁ P D₁ N₂ Ṡ,S N₂ D₁ P M₂ G₁ R₁ Ṡ,False
simhanada,SimhanAda,simhanAda,38,Jalaarnavam,S R1 M2 P N2 S,S N2 P M2 R1 S,S R₁ M₂ P N₂ Ṡ,S N₂ P M₂ R₁ Ṡ,False
sindhudeshya,SindhudEshya,sindhudEshya,38,Jalaarnavam,S R1 G1 M2 P N2 S,S N2 D1 P M2 G1 R1 S,S R₁ G₁ M₂ P N₂ Ṡ,S N₂ D₁ P M₂ G₁ R₁ Ṡ,False
sindhudeshya,SindhudEshya,sindhudEshya,38,Jalaarnavam,S R1 G1 S M2 P N2,S N2 D1 P M2 G1 R1 S,S R₁ G₁ Ṡ M₂ P N₂,S N₂ D₁ P M₂ G₁ R₁ Ṡ,False
sindhudeshya,SindhudEshya,sindhudEshya,38,Jalaarnavam,S R1 S G1 M2 P N2 S,S N2 D1 P M2 G1 R1 S,S R₁ Ṡ G₁ M₂ P N₂ Ṡ,S N₂ D₁ P M₂ G₁ R₁ Ṡ,False
stotrapriya,StOtrapriyA,stOtrapriyA,38,Jalaarnavam,S G1 M2 P N2 S,S N2 D1 M2 G1 S,S G₁ M₂ P N₂ Ṡ,S N₂ D₁ M₂ G₁ Ṡ,False
sudhasagaram,SudhAsAgaram,sudhAsAgaram,38,Jalaarnavam,S R1 G1 M2 D1 N2 S,S N2 D1 M2 G1 R1 S,S R₁ G₁ M₂ D₁ N₂ Ṡ,S N₂ D₁ M₂ G₁ R₁ Ṡ,False
vanajamukhi,Vanajamukhi,vanajamukhi,38,Jalaarnavam,S R1 G1 M2 N2 S,S N2 M2 G1 R1 S,S R₁ G₁ M₂ N₂ Ṡ,S N₂ M₂ G₁ R₁ Ṡ,False
dhaalivaraali,DhaalivaraaLi,dhaalivaraaLi,39,JhaalavaraaLi,S R1 G1 M2 P D1 N3 S,S N3 D1 P M2 G1 R1 S,S R₁ G₁ M₂ P D₁ N₃ Ṡ,S N₃ D₁ P M₂ G₁ R₁ Ṡ,False
adideshya,AdidEshya,adidEshya,39,JhaalavaraaLi,S R1 G1 M2 P N3 S,S N3 D1 P M2 G1 R1 S,S R₁ G₁ M₂ P N₃ Ṡ,S N₃ D₁ P M₂ G₁ R₁ Ṡ,False
adipancama,Adipancama,adipancama,39,JhaalavaraaLi,S G1 R1 G1 M2 P D1 N3 D1 P S,S P M2 G1 R1 S,S G₁ R₁ G₁ M₂ P D₁ N₃ D₁ P Ṡ,S P M₂ G₁ R₁ Ṡ,False
amrtaraksani,AmrtarakSaNi,amrtarakSaNi,39,JhaalavaraaLi,S R1 G1 M2 P D1 N3 P S,S N3 D1 P M2 G1 R1 S,S R₁ G₁ M₂ P D₁ N₃ P Ṡ,S N₃ D₁ P M₂ G₁ R₁ Ṡ,False
amrtavarsani,AmrtavarSaNi,amrtavarSaNi,39,JhaalavaraaLi,S R1 G1 M2 P D1 N3 P S,S N3 D1 P M2 G1 R1 S,S R₁ G₁ M₂ P D₁ N₃ P Ṡ,S N₃ D₁ P M₂ G₁ R₁ Ṡ,False
anangadhari,AnangAdhari,anangAdhari,39,JhaalavaraaLi,S R1 G1 R1 M2 P N3 D1 N3 S,S N3 P D1 M2 G1 R1 M2 R1 S,S R₁ G₁ R₁ M₂ P N₃ D₁ N₃ Ṡ,S N₃ P D₁ M₂ G₁ R₁ M₂ R₁ Ṡ,False
asangadhari,AsangAdhari,asangAdhari,39,JhaalavaraaLi,S R1 G1 R1 M2 P N3 D1 N3 S,S N3 P D1 M2 G1 R1 M2 R1 S,S R₁ G₁ R₁ M₂ P N₃ D₁ N₃ Ṡ,S N₃ P D₁ M₂ G₁ R₁ M₂ R₁ Ṡ,False
bhogadhvaja,BhOgadhvaja,bhOgadhvaja,39,JhaalavaraaLi,S R1 G1 M2 P D1 N3 S,S D1 P M2 R1 S,S R₁ G₁ M₂ P D₁ N₃ Ṡ,S D₁ P M₂ R₁ Ṡ,False
bhogadhvaja,BhOgadhvaja,bhOgadhvaja,39,JhaalavaraaLi,S R1 G1 M2 P D1 N3 S,S D1 P M2 R1,S R₁ G₁ M₂ P D₁ N₃ Ṡ,S D₁ P M₂ R₁,False
bhupalapancama,BhUpALapancama,bhUpALapancama,39,JhaalavaraaLi,S G1 R1 G1 M2 P D1 S,S P D1 M2 G1 R1 S,S G₁ R₁ G₁ M₂ P D₁ Ṡ,S P D₁ M₂ G₁ R₁ Ṡ,False
bhupalapancama,BhUpALapancama,bhUpALapancama,39,JhaalavaraaLi,S G1 R1 G1 M2 P D1 S,S P D1 M2 S R1 S,S G₁ R₁ G₁ M₂ P D₁ Ṡ,S P D₁ M₂ Ṡ R₁ Ṡ,False
bhupalapancama,BhUpALapancama,bhUpALapancama,39,JhaalavaraaLi,S G1 R1 G1 P M2 D1 S,S D1 P M2 G1 R1 S,S G₁ R₁ G₁ P M₂ D₁ Ṡ,S D₁ P M₂ G₁ R₁ Ṡ,False
bhupalapancama,BhUpALapancama,bhUpALapancama,39,JhaalavaraaLi,S G1 R1 G1 P M2 D1 S,S P D1 M2 G1 R1 S,S G₁ R₁ G₁ P M₂ D₁ Ṡ,S P D₁ M₂ G₁ R₁ Ṡ,False
bhupalapancama,BhUpALapancama,bhUpALapancama,39,JhaalavaraaLi,S G1 R1 G1 P M2 D1 S,S P D1 M2 S R1 S S G1 R1 S,S G₁ R₁ G₁ P M₂ D₁ Ṡ,S P D₁ M₂ Ṡ R₁ Ṡ S G₁ R₁ Ṡ,False
bhupalapancama,BhUpALapancama,bhUpALapancama,39,JhaalavaraaLi,S G1 R1 G1 P M2 D1 S,S P D1 M2 S R1 S S G1 S,S G₁ R₁ G₁ P M₂ D₁ Ṡ,S P D₁ M₂ Ṡ R₁ Ṡ S G₁ Ṡ,False
bhupalapancama,BhUpALapancama,bhUpALapancama,39,JhaalavaraaLi,S G1 R1 G1 P M2 D1 S,S P D1 M2 S R1 S,S G₁ R₁ G₁ P M₂ D₁ Ṡ,S P D₁ M₂ Ṡ R₁ Ṡ,False
bhupalapancama,BhUpALapancama,bhUpALapancama,39,JhaalavaraaLi,S G1 R1 G1 P M2 D1 S,S P M2 D1 M2 S R1 S,S G₁ R₁ G₁ P M₂ D₁ Ṡ,S P M₂ D₁ M₂ Ṡ R₁ Ṡ,False
bhuteshapriya,BhUtEshapriyA,bhUtEshapriyA,39,JhaalavaraaLi,S G1 M2 P D1 N3 S,S N3 D1 P M2 G1 S,S G₁ M₂ P D₁ N₃ Ṡ,S N₃ D₁ P M₂ G₁ Ṡ,False
dakka,Dakka,Dakka,39,JhaalavaraaLi,S G1 M2 P M2 D1 N3 S,S N3 D1 P M2 G1 R1 S,S G₁ M₂ P M₂ D₁ N₃ Ṡ,S N₃ D₁ P M₂ G₁ R₁ Ṡ,False
dhalivarali,DhalivarALi,dhalivarALi,39,JhaalavaraaLi,S G1 R1 G1 M2 P D1 N3 S,S N3 D1 P M2 G1 G1 R1 S,S G₁ R₁ G₁ M₂ P D₁ N₃ Ṡ,S N₃ D₁ P M₂ G₁ G₁ R₁ Ṡ,False
ekashrngi,Ekashrngi,ekashrngi,39,JhaalavaraaLi,S R1 G1 M2 G1 R1 P N3 D1 N3,S N3 D1 P M2 G1 R1 S,S R₁ G₁ M₂ G₁ R₁ P N₃ D₁ N₃,S N₃ D₁ P M₂ G₁ R₁ Ṡ,False
ekasvarupi,EkasvarUpi,ekasvarUpi,39,JhaalavaraaLi,S R1 G1 M2 G1 R1 P N3 D1 N3,S N3 D1 P M2 G1 R1 S,S R₁ G₁ M₂ G₁ R₁ P N₃ D₁ N₃,S N₃ D₁ P M₂ G₁ R₁ Ṡ,False
girishapriya,GirIshapriyA,girIshapriyA,39,JhaalavaraaLi,S R1 G1 M2 P N3 S,S N3 P M2 G1 R1 S,S R₁ G₁ M₂ P N₃ Ṡ,S N₃ P M₂ G₁ R₁ Ṡ,False
godhari,GOdhari,gOdhari,39,JhaalavaraaLi,S G1 M2 P D1 N3 S,S N3 D1 P M2 G1 R1 S,S G₁ M₂ P D₁ N₃ Ṡ,S N₃ D₁ P M₂ G₁ R₁ Ṡ,False
godhari,GOdhAri,gOdhAri,39,JhaalavaraaLi,S R1 G1 R1 M2 G1 M2 P D1 N3 S,S N3 D1 P M2 G1 R1 S,S R₁ G₁ R₁ M₂ G₁ M₂ P D₁ N₃ Ṡ,S N₃ D₁ P M₂ G₁ R₁ Ṡ,False
hamsanilambari,HamsanIlAmbari,hamsanIlAmbari,39,JhaalavaraaLi,S R1 G1 M2 D1 N3 S,S N3 P D1 M2 G1 R1 S,S R₁ G₁ M₂ D₁ N₃ Ṡ,S N₃ P D₁ M₂ G₁ R₁ Ṡ,False
harabhusani,HarabhUSaNi,harabhUSaNi,39,JhaalavaraaLi,S G1 M2 P N3 S,S N3 D1 M2 G1 S,S G₁ M₂ P N₃ Ṡ,S N₃ D₁ M₂ G₁ Ṡ,False
ilaknthi,IlakNThi,ilakNThi,39,JhaalavaraaLi,S M2 G1 M2 P D1 N3 S,S N3 D1 P G1 R1 M2 G1 S,S M₂ G₁ M₂ P D₁ N₃ Ṡ,S N₃ D₁ P G₁ R₁ M₂ G₁ Ṡ,False
inavardhani,InavArdhani,inavArdhani,39,JhaalavaraaLi,S R1 G1 M2 P D1 S,S N3 D1 P M2 G1 S,S R₁ G₁ M₂ P D₁ Ṡ,S N₃ D₁ P M₂ G₁ Ṡ,False
jalasugandhi,Jalasugandhi,jalasugandhi,39,JhaalavaraaLi,S R1 G1 M2 P D1 S,S D1 P M2 G1 R1 S,S R₁ G₁ M₂ P D₁ Ṡ,S D₁ P M₂ G₁ R₁ Ṡ,False
jhalavarali,JhAlavarALi,jhAlavarALi,39,JhaalavaraaLi,S R1 G1 M2 P D1 N3 S,S N3 D1 P M2 G1 R1 S,S R₁ G₁ M₂ P D₁ N₃ Ṡ,S N₃ D₁ P M₂ G₁ R₁ Ṡ,False
jhinavali,JhInAvaLi,jhInAvaLi,39,JhaalavaraaLi,S G1 R1 G1 M2 P D1 N3 D1 S,S N3 D1 P M2 G1 R1 S,S G₁ R₁ G₁ M₂ P D₁ N₃ D₁ Ṡ,S N₃ D₁ P M₂ G₁ R₁ Ṡ,False
junavali,JunAvaLi,junAvaLi,39,JhaalavaraaLi,S G1 R1 G1 M2 P D1 N3 D1 S,S N3 D1 P M2 G1 R1 S,S G₁ R₁ G₁ M₂ P D₁ N₃ D₁ Ṡ,S N₃ D₁ P M₂ G₁ R₁ Ṡ,False
kalyanagauri,KalyANagauri,kalyANagauri,39,JhaalavaraaLi,S R1 G1 R1 M2 P D1 N3 S,S D1 P G1 R1 S,S R₁ G₁ R₁ M₂ P D₁ N₃ Ṡ,S D₁ P G₁ R₁ Ṡ,False
karnamrtavarsani,KarnAmrtavarSaNi,karnAmrtavarSaNi,39,JhaalavaraaLi,S R1 G1 M2 P D1 N3 P S,S N3 D1 P M2 G1 R1 S,S R₁ G₁ M₂ P D₁ N₃ P Ṡ,S N₃ D₁ P M₂ G₁ R₁ Ṡ,False
kokilapancamam,KOkilapancamam,kOkilapancamam,39,JhaalavaraaLi,P D1 N3 S R1 G1 R1,S N3 D1 P D1 N3 S,P D₁ N₃ Ṡ R₁ G₁ R₁,S N₃ D₁ P D₁ N₃ Ṡ,False
kokilapancamam,KOkilapancamam,kOkilapancamam,39,JhaalavaraaLi,P D1 N3 S R1 G1,R1 S N3 D1 P,P D₁ N₃ Ṡ R₁ G₁,R₁ Ṡ N₃ D₁ P,False
kokilapancamam,KOkilapancamam,kOkilapancamam,39,JhaalavaraaLi,S G1 R1 G1 P D1 N3 S,S N3 D1 P M2 G1 R1 S,S G₁ R₁ G₁ P D₁ N₃ Ṡ,S N₃ D₁ P M₂ G₁ R₁ Ṡ,False
kokilapancamam,KOkilapancamam,kOkilapancamam,39,JhaalavaraaLi,S G1 R1 S M2 P D1 N3 S,S N3 D1 P M2 G1 R1 S,S G₁ R₁ Ṡ M₂ P D₁ N₃ Ṡ,S N₃ D₁ P M₂ G₁ R₁ Ṡ,False
kokilapancamam,KOkilapancamam,kOkilapancamam,39,JhaalavaraaLi,S G1 R1 S P D1 N3 S,S N3 P D1 M2 G1 R1 S,S G₁ R₁ Ṡ P D₁ N₃ Ṡ,S N₃ P D₁ M₂ G₁ R₁ Ṡ,False
kokilapancamam,KOkilapancamam,kOkilapancamam,39,JhaalavaraaLi,S G1 R1 S S P D1 N3 S,S N3 D1 P P D1 N3 S,S G₁ R₁ Ṡ S P D₁ N₃ Ṡ,S N₃ D₁ P P D₁ N₃ Ṡ,False
kokilapancamam,KOkilapancamam,kOkilapancamam,39,JhaalavaraaLi,S R1 G1 P D1 N3 S,S N3 D1 P M2 G1 R1 S,S R₁ G₁ P D₁ N₃ Ṡ,S N₃ D₁ P M₂ G₁ R₁ Ṡ,False
kokilapancaman,KOkilapancaman,kOkilapancaman,39,JhaalavaraaLi,P D1 N3 S R1 G1 R1 S,N3 D1 P D1 N3 S,P D₁ N₃ Ṡ R₁ G₁ R₁ Ṡ,N₃ D₁ P D₁ N₃ Ṡ,False
kurijivijaya,Kurijivijaya,kurijivijaya,39,JhaalavaraaLi,S R1 M2 G1 R1 M2 P D1 S,S N3 D1 P R1 S,S R₁ M₂ G₁ R₁ M₂ P D₁ Ṡ,S N₃ D₁ P R₁ Ṡ,False
kusumaranjani,Kusumaranjani,kusumaranjani,39,JhaalavaraaLi,S R1 M2 P D1 N3 S,S N3 D1 N3 P M2 G1 R1 S,S R₁ M₂ P D₁ N₃ Ṡ,S N₃ D₁ N₃ P M₂ G₁ R₁ Ṡ,False
maruvabangala,MAruvabangALa,mAruvabangALa,39,JhaalavaraaLi,S P M2 P D1 N3 S,S N3 D1 N3 M2 G1 R1 S,S P M₂ P D₁ N₃ Ṡ,S N₃ D₁ N₃ M₂ G₁ R₁ Ṡ,False
maruvabangala,MAruvabangALa,mAruvabangALa,39,JhaalavaraaLi,S P M2 P D1 N3 S,S N3 D1 P M2 G1 R1 S,S P M₂ P D₁ N₃ Ṡ,S N₃ D₁ P M₂ G₁ R₁ Ṡ,False
nagabhogi,NAgabhOgi,nAgabhOgi,39,JhaalavaraaLi,S R1 G1 M2 P D1 N3,D1 P M2 G1 R1 S N3 S,S R₁ G₁ M₂ P D₁ N₃,D₁ P M₂ G₁ R₁ Ṡ N₃ Ṡ,False
nagabhogi,NAgabhOgi,nAgabhOgi,39,JhaalavaraaLi,S R1 G1 M2 P D1 N3,D1 P M2 G1 R1 S N3,S R₁ G₁ M₂ P D₁ N₃,D₁ P M₂ G₁ R₁ Ṡ N₃,False
nagabhogi,NAgabhOgi,nAgabhOgi,39,JhaalavaraaLi,S R1 G1 M2 P D1 N3,N3 D1 P M2 G1 R1 S N3,S R₁ G₁ M₂ P D₁ N₃,N₃ D₁ P M₂ G₁ R₁ Ṡ N₃,False
nagaghantanam,NAgaghaNTanam,nAgaghaNTanam,39,JhaalavaraaLi,S G1 R1 G1 M2 N3 D1 S,S N3 D1 M2 G1 R1 S,S G₁ R₁ G₁ M₂ N₃ D₁ Ṡ,S N₃ D₁ M₂ G₁ R₁ Ṡ,False
nagaghantanam,NAgaghaNTanam,nAgaghaNTanam,39,JhaalavaraaLi,S R1 M2 P D1 N3 S,S D1 N3 P M2 R1 S,S R₁ M₂ P D₁ N₃ Ṡ,S D₁ N₃ P M₂ R₁ Ṡ,False
nagakokila,NAgakOkila,nAgakOkila,39,JhaalavaraaLi,S R1 G1 R1 G1 M2 P N3 S,S N3 P D1 N3 D1 P M2 G1 R1 S,S R₁ G₁ R₁ G₁ M₂ P N₃ Ṡ,S N₃ P D₁ N₃ D₁ P M₂ G₁ R₁ Ṡ,False
natanavelavali,NaTanavELAvaLi,naTanavELAvaLi,39,JhaalavaraaLi,S R1 M2 P D1 N3 S,S N3 P M2 G1 R1 S,S R₁ M₂ P D₁ N₃ Ṡ,S N₃ P M₂ G₁ R₁ Ṡ,False
ragabhogi,RAgabhOgi,rAgabhOgi,39,JhaalavaraaLi,S R1 G1 M2 P D1 N3,D1 P M2 G1 R1 S N3 D1,S R₁ G₁ M₂ P D₁ N₃,D₁ P M₂ G₁ R₁ Ṡ N₃ D₁,False
sabhadyapi,SabhAdyapi,sabhAdyapi,39,JhaalavaraaLi,S R1 M2 G1 R1 P D1 N3 S,S N3 P D1 M2 R1 G1 R1 S,S R₁ M₂ G₁ R₁ P D₁ N₃ Ṡ,S N₃ P D₁ M₂ R₁ G₁ R₁ Ṡ,False
shaivalini,ShaivalinI,shaivalinI,39,JhaalavaraaLi,S R1 G1 M2 N3 S,S N3 M2 G1 R1 S,S R₁ G₁ M₂ N₃ Ṡ,S N₃ M₂ G₁ R₁ Ṡ,False
shokabimba,ShOkabimba,shOkabimba,39,JhaalavaraaLi,S G1 M2 P N3 D1 S,S N3 P M2 G1 R1 G1 S,S G₁ M₂ P N₃ D₁ Ṡ,S N₃ P M₂ G₁ R₁ G₁ Ṡ,False
shuddhashikhamani,ShuddhashikhAmaNi,shuddhashikhAmaNi,39,JhaalavaraaLi,S R1 G1 M2 P D1 N3 S,S D1 N3 P M2 R1 G1 R1 S,S R₁ G₁ M₂ P D₁ N₃ Ṡ,S D₁ N₃ P M₂ R₁ G₁ R₁ Ṡ,False
shukamandara,Shukamandara,shukamandara,39,JhaalavaraaLi,S R1 M2 P D1 S,S N3 D1 P M2 G1 R1 S,S R₁ M₂ P D₁ Ṡ,S N₃ D₁ P M₂ G₁ R₁ Ṡ,False
sumabauri,Sumabauri,sumabauri,39,JhaalavaraaLi,S R1 G1 M2 D1 N3 S,S N3 D1 M2 G1 R1 S,S R₁ G₁ M₂ D₁ N₃ Ṡ,S N₃ D₁ M₂ G₁ R₁ Ṡ,False
tanukirti,TanukIrti,tanukIrti,39,JhaalavaraaLi,S R1 M2 P N3 S,S N3 D1 P M2 G1 R1 S,S R₁ M₂ P N₃ Ṡ,S N₃ D₁ P M₂ G₁ R₁ Ṡ,False
tarangini,TarangiNi,tarangiNi,39,JhaalavaraaLi,S R1 M2 G1 R1 M2 P D1 N3 D1,S N3 D1 P M2 G1 R1 S,S R₁ M₂ G₁ R₁ M₂ P D₁ N₃ D₁,S N₃ D₁ P M₂ G₁ R₁ Ṡ,False
varali,VarALi,varALi,39,JhaalavaraaLi,S G1 R1 G1 M2 P D1 N3 S,S N3 D1 P M2 G1 R1 S,S G₁ R₁ G₁ M₂ P D₁ N₃ Ṡ,S N₃ D₁ P M₂ G₁ R₁ Ṡ,False
varalitilakam,VarALItilakam,varALItilakam,39,JhaalavaraaLi,S R1 G1 M2 D1 N3 S,S N3 D1 M2 G1 R1 S,S R₁ G₁ M₂ D₁ N₃ Ṡ,S N₃ D₁ M₂ G₁ R₁ Ṡ,False
varati,VarATI,varATI,39,JhaalavaraaLi,S G1 R1 G1 M2 P D1 N3 S,S N3 D1 P M2 G1 R1 S,S G₁ R₁ G₁ M₂ P D₁ N₃ Ṡ,S N₃ D₁ P M₂ G₁ R₁ Ṡ,False
varunatmaja,VaruNAtmaja,varuNAtmaja,39,JhaalavaraaLi,S G1 M2 D1 N3 S,S N3 D1 M2 G1 S,S G₁ M₂ D₁ N₃ Ṡ,S N₃ D₁ M₂ G₁ Ṡ,False
vasukari,Vasukari,vasukari,39,JhaalavaraaLi,S R1 G1 M2 P D1 N3 S,S N3 D1 M2 G1 S,S R₁ G₁ M₂ P D₁ N₃ Ṡ,S N₃ D₁ M₂ G₁ Ṡ,False
vighnaranjita,Vighnaranjita,vighnaranjita,39,JhaalavaraaLi,S R1 M2 G1 M2 P D1 S,S D1 M2 G1 R1 S,S R₁ M₂ G₁ M₂ P D₁ Ṡ,S D₁ M₂ G₁ R₁ Ṡ,False
vijayakokila,VijayakOkila,vijayakOkila,39,JhaalavaraaLi,S R1 G1 M2 P D1 S,S N3 D1 P M2 G1 R1 S,S R₁ G₁ M₂ P D₁ Ṡ,S N₃ D₁ P M₂ G₁ R₁ Ṡ,False
yami,YAmi,yAmi,39,JhaalavaraaLi,S R1 M2 P N3 S,S N3 P M2 R1 S,S R₁ M₂ P N₃ Ṡ,S N₃ P M₂ R₁ Ṡ,False
yamini,YAminI,yAminI,39,JhaalavaraaLi,S R1 M2 P N3 S,S N3 P M2 R1 S,S R₁ M₂ P N₃ Ṡ,S N₃ P M₂ R₁ Ṡ,False
nabhomani,NabhOmaNi,nabhOmaNi,40,Navaneetam,S G1 R1 G1 M2 P S,S N2 D2 P M2 G1 R1 S,S G₁ R₁ G₁ M₂ P Ṡ,S N₂ D₂ P M₂ G₁ R₁ Ṡ,False
bahali,BahalI,bahalI,40,Navaneetam,S R1 G1 R1 G1 P N2 D2 S,S N2 D2 M2 G1 R1 S,S R₁ G₁ R₁ G₁ P N₂ D₂ Ṡ,S N₂ D₂ M₂ G₁ R₁ Ṡ,False
dirghanandini,DIrghanandini,dIrghanandini,40,Navaneetam,P D2 N2 S G1 M2 R1 M2 P N2,D2 P M2 G1 R1 S N2 D2 P,P D₂ N₂ Ṡ G₁ M₂ R₁ M₂ P N₂,D₂ P M₂ G₁ R₁ Ṡ N₂ D₂ P,False
divyakuntala,DivyakuntaLa,divyakuntaLa,40,Navaneetam,S R1 G1 M2 P D2 P N2 S,S N2 D2 P M2 G1 R1 S,S R₁ G₁ M₂ P D₂ P N₂ Ṡ,S N₂ D₂ P M₂ G₁ R₁ Ṡ,False
divyamati,Divyamati,divyamati,40,Navaneetam,S R1 G1 M2 P D2 P N2 S,S N2 D2 P M2 G1 R1 S,S R₁ G₁ M₂ P D₂ P N₂ Ṡ,S N₂ D₂ P M₂ G₁ R₁ Ṡ,False
divyambari,DivyAmbari,divyAmbari,40,Navaneetam,S G1 R1 G1 M2 P D2 P N2 S,S N2 D2 P M2 G1 R1 S,S G₁ R₁ G₁ M₂ P D₂ P N₂ Ṡ,S N₂ D₂ P M₂ G₁ R₁ Ṡ,False
divyambari,DivyAmbari,divyAmbari,40,Navaneetam,S G1 R1 G1 M2 P N2 S,S N2 D2 P M2 G1 R1 S,S G₁ R₁ G₁ M₂ P N₂ Ṡ,S N₂ D₂ P M₂ G₁ R₁ Ṡ,False
gaganagandhari,GaganagAndhAri,gaganagAndhAri,40,Navaneetam,S R1 G1 R1 M2 P N2 D2 N2 S,S N2 D2 P M2 G1 R1 S,S R₁ G₁ R₁ M₂ P N₂ D₂ N₂ Ṡ,S N₂ D₂ P M₂ G₁ R₁ Ṡ,False
gaganambari,GaganAmbari,gaganAmbari,40,Navaneetam,S R1 G1 R1 M2 P N2 D2 N2 S,S N2 D2 P M2 G1 R1 S,S R₁ G₁ R₁ M₂ P N₂ D₂ N₂ Ṡ,S N₂ D₂ P M₂ G₁ R₁ Ṡ,False
haiyyangavina,HaiyyangavInA,haiyyangavInA,40,Navaneetam,S R1 G1 M2 D2 N2 S,S N2 D2 M2 G1 R1 S,S R₁ G₁ M₂ D₂ N₂ Ṡ,S N₂ D₂ M₂ G₁ R₁ Ṡ,False
jananandi,JanAnandi,janAnandi,40,Navaneetam,S R1 G1 M2 D2 S,S D2 M2 G1 R1 S,S R₁ G₁ M₂ D₂ Ṡ,S D₂ M₂ G₁ R₁ Ṡ,False
mallikaumodi,MallikaumOdi,mallikaumOdi,40,Navaneetam,S G1 M2 P D2 N2 S,S N2 D2 P M2 G1 S,S G₁ M₂ P D₂ N₂ Ṡ,S N₂ D₂ P M₂ G₁ Ṡ,False
nabhomani,NabhOmaNi,nabhOmaNi,40,Navaneetam,S G1 R1 G1 M2 P D2 P N2 S,S N2 D2 P M2 G1 R1 S,S G₁ R₁ G₁ M₂ P D₂ P N₂ Ṡ,S N₂ D₂ P M₂ G₁ R₁ Ṡ,False
nabhomani,NabhOmaNi,nabhOmaNi,40,Navaneetam,S G1 R1 M2 P D2 P N2 S,S N2 D2 P M2 G1 R1 S,S G₁ R₁ M₂ P D₂ P N₂ Ṡ,S N₂ D₂ P M₂ G₁ R₁ Ṡ,False
nabhomani,NabhOmaNi,nabhOmaNi,40,Navaneetam,S R1 G1 R1 M2 P S,S N2 D2 P M2 G1 R1 S,S R₁ G₁ R₁ M₂ P Ṡ,S N₂ D₂ P M₂ G₁ R₁ Ṡ,False
nagavelavali,NAgavELAvaLi,nAgavELAvaLi,40,Navaneetam,S R1 G1 M2 D2 S,S N2 D2 M2 G1 R1 S,S R₁ G₁ M₂ D₂ Ṡ,S N₂ D₂ M₂ G₁ R₁ Ṡ,False
nagonjini,NAgOnjini,nAgOnjini,40,Navaneetam,S R1 G1 M2 P M2 D2 N2 S,S N2 D2 P M2 G1 M2 R1 S,S R₁ G₁ M₂ P M₂ D₂ N₂ Ṡ,S N₂ D₂ P M₂ G₁ M₂ R₁ Ṡ,False
navanitam,NavanItam,navanItam,40,Navaneetam,S R1 G1 M2 P D2 N2 S,S N2 D2 P M2 G1 R1 S,S R₁ G₁ M₂ P D₂ N₂ Ṡ,S N₂ D₂ P M₂ G₁ R₁ Ṡ,False
navarasa,Navarasa,navarasa,40,Navaneetam,S R1 M2 G1 M2 P D2 N2 S,S N2 D2 P M2 G1 P M2 R1 G1 R1 S,S R₁ M₂ G₁ M₂ P D₂ N₂ Ṡ,S N₂ D₂ P M₂ G₁ P M₂ R₁ G₁ R₁ Ṡ,False
navarasakuntali,Navarasakuntali,navarasakuntali,40,Navaneetam,S M2 P D2 N2 S,S D2 N2 D2 P D2 P M2 G1 R1 S,S M₂ P D₂ N₂ Ṡ,S D₂ N₂ D₂ P D₂ P M₂ G₁ R₁ Ṡ,False
navarasakuntali,Navarasakuntali,navarasakuntali,40,Navaneetam,S M2 P D2 N2 S,S N2 D2 P D2 M2 G1 R1 S,S M₂ P D₂ N₂ Ṡ,S N₂ D₂ P D₂ M₂ G₁ R₁ Ṡ,False
nisadapriya,NiSAdapriyA,niSAdapriyA,40,Navaneetam,S R1 G1 M2 P D2 N2 S,S N2 P M2 G1 R1 S,S R₁ G₁ M₂ P D₂ N₂ Ṡ,S N₂ P M₂ G₁ R₁ Ṡ,False
nisadapriya,NiSAdapriyA,niSAdapriyA,40,Navaneetam,S R1 G1 M2 P N2 D2 S,S N2 P M2 G1 R1 S,S R₁ G₁ M₂ P N₂ D₂ Ṡ,S N₂ P M₂ G₁ R₁ Ṡ,False
pakali,PAkali,pAkali,40,Navaneetam,S R1 G1 R1 G1 P N2 D2 S,S N2 D2 M2 G1 R1 S,S R₁ G₁ R₁ G₁ P N₂ D₂ Ṡ,S N₂ D₂ M₂ G₁ R₁ Ṡ,False
savitri,SAvitri,sAvitri,40,Navaneetam,S G1 M2 P D2 S,S D2 P M2 G1 S,S G₁ M₂ P D₂ Ṡ,S D₂ P M₂ G₁ Ṡ,False
shubhapriya,ShubhapriyA,shubhapriyA,40,Navaneetam,S G1 R1 G1 M2 N2 S,S N2 D2 M2 R1 S,S G₁ R₁ G₁ M₂ N₂ Ṡ,S N₂ D₂ M₂ R₁ Ṡ,False
sindhunatakuranji,SindhunATakuranji,sindhunATakuranji,40,Navaneetam,S R1 G1 M2 D2 N2 D2 S,S N2 D2 P M2 G1 R1 S,S R₁ G₁ M₂ D₂ N₂ D₂ Ṡ,S N₂ D₂ P M₂ G₁ R₁ Ṡ,False
sindhunatakuranji,SindhunATakuranji,sindhunATakuranji,40,Navaneetam,S R1 G1 M2 P D2 N2 S,S N2 D2 P M2 G1 R1 S,S R₁ G₁ M₂ P D₂ N₂ Ṡ,S N₂ D₂ P M₂ G₁ R₁ Ṡ,False
somaghantanam,SOmaghaNTanam,sOmaghaNTanam,40,Navaneetam,S R1 G1 M2 N2 D2 N2 S,S N2 P D2 M2 G1 R1 S,S R₁ G₁ M₂ N₂ D₂ N₂ Ṡ,S N₂ P D₂ M₂ G₁ R₁ Ṡ,False
subhusani,SubhUSaNi,subhUSaNi,40,Navaneetam,S R1 S M2 P D2 N2 D2 S,S D2 N2 P M2 R1 S,S R₁ Ṡ M₂ P D₂ N₂ D₂ Ṡ,S D₂ N₂ P M₂ R₁ Ṡ,False
sugosini,SugOSiNi,sugOSiNi,40,Navaneetam,S M2 P D2 N2 D2 S,S N2 D2 P M2 R1 M2 S,S M₂ P D₂ N₂ D₂ Ṡ,S N₂ D₂ P M₂ R₁ M₂ Ṡ,False
sugosini,SugOSiNi,sugOSiNi,40,Navaneetam,S R1 P D2 N2 D2 S,S D2 N2 P M2 G1 M2 S,S R₁ P D₂ N₂ D₂ Ṡ,S D₂ N₂ P M₂ G₁ M₂ Ṡ,False
sugosini,SugOSiNi,sugOSiNi,40,Navaneetam,S R1 S M2 P D2 N2 D2 S,S D2 N2 P M2 G1 M2 S,S R₁ Ṡ M₂ P D₂ N₂ D₂ Ṡ,S D₂ N₂ P M₂ G₁ M₂ Ṡ,False
sukhanilambari,SukhanIlAmbari,sukhanIlAmbari,40,Navaneetam,S R1 G1 M2 P D2 S,S N2 D2 P M2 G1 R1 S,S R₁ G₁ M₂ P D₂ Ṡ,S N₂ D₂ P M₂ G₁ R₁ Ṡ,False
sukhapriya,SukhapriyA,sukhapriyA,40,Navaneetam,S G1 R1 G1 M2 N2 S,S N2 D2 M2 G1 R1 S,S G₁ R₁ G₁ M₂ N₂ Ṡ,S N₂ D₂ M₂ G₁ R₁ Ṡ,False
tantrilila,TAntrilIlA,tAntrilIlA,40,Navaneetam,S R1 G1 M2 P D2 N2 S,S N2 D2 P G1 R1 S,S R₁ G₁ M₂ P D₂ N₂ Ṡ,S N₂ D₂ P G₁ R₁ Ṡ,False
tantrilila,TAntrilIlA,tAntrilIlA,40,Navaneetam,S R1 G1 P M2 D2 N2 S,S N2 D2 P G1 R1 S,S R₁ G₁ P M₂ D₂ N₂ Ṡ,S N₂ D₂ P G₁ R₁ Ṡ,False
vakulashri,VakuLashrI,vakuLashrI,40,Navaneetam,S R1 G1 M2 D2 N2 M2 P N2 S,S D2 P M2 G1 R1 S,S R₁ G₁ M₂ D₂ N₂ M₂ P N₂ Ṡ,S D₂ P M₂ G₁ R₁ Ṡ,False
vallishakila,VallishAkila,vallishAkila,40,Navaneetam,S R1 G1 M2 P D2 N2 S,S N2 D2 P M2 D2 M2 G1 R1 S,S R₁ G₁ M₂ P D₂ N₂ Ṡ,S N₂ D₂ P M₂ D₂ M₂ G₁ R₁ Ṡ,False
visiambari,Visiambari,visiambari,40,Navaneetam,S R1 M2 P M2 G1 M2 P D2 N2 S,S N2 D2 P M2 G1 M2 R1 S,S R₁ M₂ P M₂ G₁ M₂ P D₂ N₂ Ṡ,S N₂ D₂ P M₂ G₁ M₂ R₁ Ṡ,False
kumbhini,Kumbhini,kumbhini,41,Paavani,S G1 R1 G1 M2 P N3 D2 N3 S,S N3 D2 P M2 G1 R1 S,S G₁ R₁ G₁ M₂ P N₃ D₂ N₃ Ṡ,S N₃ D₂ P M₂ G₁ R₁ Ṡ,False
adivasu,Adivasu,adivasu,41,Paavani,S R1 G1 M2 P M2 D2 N3 S,N3 D2 M2 G1 S,S R₁ G₁ M₂ P M₂ D₂ N₃ Ṡ,N₃ D₂ M₂ G₁ Ṡ,False
barbara,Barbara,barbara,41,Paavani,S G1 M2 R1 G1 M2 D2 N3 S,S N3 D2 M2 G1 S,S G₁ M₂ R₁ G₁ M₂ D₂ N₃ Ṡ,S N₃ D₂ M₂ G₁ Ṡ,False
bhogini,BhOgini,bhOgini,41,Paavani,S G1 M2 P D2 N3 S,S N3 D2 P M2 G1 S,S G₁ M₂ P D₂ N₃ Ṡ,S N₃ D₂ P M₂ G₁ Ṡ,False
candrajyoti,CandrajyOti,candrajyOti,41,Paavani,S R1 G1 M2 P D2 P N3 S,S N3 P D2 M2 G1 R1 S,S R₁ G₁ M₂ P D₂ P N₃ Ṡ,S N₃ P D₂ M₂ G₁ R₁ Ṡ,False
candrajyoti,CandrajyOti,candrajyOti,41,Paavani,S R1 G1 M2 P D2 S,S D2 P M2 G1 R1 S,S R₁ G₁ M₂ P D₂ Ṡ,S D₂ P M₂ G₁ R₁ Ṡ,False
dhaulikai,Dhaulikai,dhaulikai,41,Paavani,S M2 G1 M2 P N3 S,S N3 P M2 G1 R1 S,S M₂ G₁ M₂ P N₃ Ṡ,S N₃ P M₂ G₁ R₁ Ṡ,False
hamsarasali,HamsarasALi,hamsarasALi,41,Paavani,S R1 G1 M2 D2 P D2 N3 S,S N3 D2 P M2 G1 S,S R₁ G₁ M₂ D₂ P D₂ N₃ Ṡ,S N₃ D₂ P M₂ G₁ Ṡ,False
hemapingala,HEmapingaLa,hEmapingaLa,41,Paavani,S N3 S R1 G1 M2 N3 D2 N3 P,S P M2 G1 R1 S,S N₃ Ṡ R₁ G₁ M₂ N₃ D₂ N₃ P,S P M₂ G₁ R₁ Ṡ,False
kokilasarasvati,KOkilasarasvati,kOkilasarasvati,41,Paavani,S R1 G1 M2 D2 N3 S,S D2 M2 G1 R1 S,S R₁ G₁ M₂ D₂ N₃ Ṡ,S D₂ M₂ G₁ R₁ Ṡ,False
kokilasvaravali,KOkilasvarAvaLi,kOkilasvarAvaLi,41,Paavani,S R1 G1 M2 D2 N3 S,S D2 M2 G1 R1 S,S R₁ G₁ M₂ D₂ N₃ Ṡ,S D₂ M₂ G₁ R₁ Ṡ,False
kumbhini,Kumbhini,kumbhini,41,Paavani,S G1 R1 G1 M2 P N3 D2 N3 S,S N3 P M2 G1 R1 S,S G₁ R₁ G₁ M₂ P N₃ D₂ N₃ Ṡ,S N₃ P M₂ G₁ R₁ Ṡ,False
kuntalabhogi,KuntalabhOgi,kuntalabhOgi,41,Paavani,S R1 G1 M2 D2 P N3 S,S N3 D2 N3 M2 G1 R1 S,S R₁ G₁ M₂ D₂ P N₃ Ṡ,S N₃ D₂ N₃ M₂ G₁ R₁ Ṡ,False
muktavali,MuktAvaLi,muktAvaLi,41,Paavani,S G1 R1 G1 M2 P D2 N3 S,S N3 P D2 P M2 P G1 R1 S,S G₁ R₁ G₁ M₂ P D₂ N₃ Ṡ,S N₃ P D₂ P M₂ P G₁ R₁ Ṡ,False
natanadipakam,NaTanadIpakam,naTanadIpakam,41,Paavani,S R1 M2 G1 D2 N3 S,S N3 M2 G1 R1 G1 S,S R₁ M₂ G₁ D₂ N₃ Ṡ,S N₃ M₂ G₁ R₁ G₁ Ṡ,False
natanadiparam,NaTanadIpAram,naTanadIpAram,41,Paavani,S R1 G1 M2 D2 N3 S,S N3 D2 M2 G1 R1 G1 S,S R₁ G₁ M₂ D₂ N₃ Ṡ,S N₃ D₂ M₂ G₁ R₁ G₁ Ṡ,False
natanadiparam,NaTanadIpAram,naTanadIpAram,41,Paavani,S R1 G1 M2 D2 N3 S,S N3 D2 M2 G1 R1 S,S R₁ G₁ M₂ D₂ N₃ Ṡ,S N₃ D₂ M₂ G₁ R₁ Ṡ,False
natanadiparam,NaTanadIpAram,naTanadIpAram,41,Paavani,S R1 G1 M2 D2 N3 S,S N3 M2 G1 R1 S,S R₁ G₁ M₂ D₂ N₃ Ṡ,S N₃ M₂ G₁ R₁ Ṡ,False
nivaram,NivAram,nivAram,41,Paavani,S G1 M2 D2 N3 S,S N3 D2 M2 G1 S,S G₁ M₂ D₂ N₃ Ṡ,S N₃ D₂ M₂ G₁ Ṡ,False
pavanakari,PAvanakari,pAvanakari,41,Paavani,S R1 G1 M2 D2 N3 S,S N3 D2 M2 G1 R1 S,S R₁ G₁ M₂ D₂ N₃ Ṡ,S N₃ D₂ M₂ G₁ R₁ Ṡ,False
pavani,PAvani,pAvani,41,Paavani,S R1 G1 M2 P D2 N3 S,S N3 D2 P M2 G1 R1 S,S R₁ G₁ M₂ P D₂ N₃ Ṡ,S N₃ D₂ P M₂ G₁ R₁ Ṡ,False
pitambari,PItAmbari,pItAmbari,41,Paavani,S R1 G1 R1 M2 P D2 N3 S,S N3 D2 M2 G1 R1 S,S R₁ G₁ R₁ M₂ P D₂ N₃ Ṡ,S N₃ D₂ M₂ G₁ R₁ Ṡ,False
prabhavali,PrabhAvaLi,prabhAvaLi,41,Paavani,S R1 M2 P D2 N3 S,S N3 D2 M2 P M2 R1 G1 R1 S,S R₁ M₂ P D₂ N₃ Ṡ,S N₃ D₂ M₂ P M₂ R₁ G₁ R₁ Ṡ,False
prabhavali,PrabhAvaLi,prabhAvaLi,41,Paavani,S R1 M2 P D2 N3 S,S N3 D2 P M2 G1 R1 S,S R₁ M₂ P D₂ N₃ Ṡ,S N₃ D₂ P M₂ G₁ R₁ Ṡ,False
prabhavati,PrabhAvati,prabhAvati,41,Paavani,S R1 M2 P D2 N3 S,S N3 D2 M2 P M2 R1 G1 R1 S,S R₁ M₂ P D₂ N₃ Ṡ,S N₃ D₂ M₂ P M₂ R₁ G₁ R₁ Ṡ,False
pratapam,PratApam,pratApam,41,Paavani,S G1 M2 P D2 N3 S,S N3 D2 P M2 G1 R1 S,S G₁ M₂ P D₂ N₃ Ṡ,S N₃ D₂ P M₂ G₁ R₁ Ṡ,False
pratapavarali,PratApavarALi,pratApavarALi,41,Paavani,S R1 M2 P S,S D2 P M2 G1 R1 S,S R₁ M₂ P Ṡ,S D₂ P M₂ G₁ R₁ Ṡ,False
pratimadhyamam,Pratimadhyamam,pratimadhyamam,41,Paavani,S R1 M2 P N3 S,S N3 P M2 G1 R1 S,S R₁ M₂ P N₃ Ṡ,S N₃ P M₂ G₁ R₁ Ṡ,False
punnagavrali,PunnAgavrALi,punnAgavrALi,41,Paavani,S R1 G1 M2 P D2 N3,N3 D2 P M2 G1 R1 S N3,S R₁ G₁ M₂ P D₂ N₃,N₃ D₂ P M₂ G₁ R₁ Ṡ N₃,False
purnacandrika,PUrNacandrikA,pUrNacandrikA,41,Paavani,S R1 G1 M2 P D2 P S,S N3 P D2 P M2 G1 M2 R1 S,S R₁ G₁ M₂ P D₂ P Ṡ,S N₃ P D₂ P M₂ G₁ M₂ R₁ Ṡ,False
purnagaula,PUrNagauLa,pUrNagauLa,41,Paavani,S R1 M2 G1 R1 M2 P N3 D2 N3,S N3 D2 P M2 G1 R1 S,S R₁ M₂ G₁ R₁ M₂ P N₃ D₂ N₃,S N₃ D₂ P M₂ G₁ R₁ Ṡ,False
purnalalita,PUrNalalitA,pUrNalalitA,41,Paavani,S R1 G1 R1 M2 P S,S N3 D2 P M2 G1 R1 S,S R₁ G₁ R₁ M₂ P Ṡ,S N₃ D₂ P M₂ G₁ R₁ Ṡ,False
purnapancamam,PUrNapancamam,pUrNapancamam,41,Paavani,S R1 G1 M2 P D2,D2 P M2 G1 R1 S,S R₁ G₁ M₂ P D₂,D₂ P M₂ G₁ R₁ Ṡ,False
purvakalyani,PUrvakalyANi,pUrvakalyANi,41,Paavani,S R1 G1 M2 P D2 N3 D2 S,S N3 D2 P M2 R1 S,S R₁ G₁ M₂ P D₂ N₃ D₂ Ṡ,S N₃ D₂ P M₂ R₁ Ṡ,False
purvi,PUrvi,pUrvi,41,Paavani,S R1 G1 P D2 N3 D2 S,S N3 D2 P M2 D2 M2 G1 R1 S,S R₁ G₁ P D₂ N₃ D₂ Ṡ,S N₃ D₂ P M₂ D₂ M₂ G₁ R₁ Ṡ,False
puttari,Puttari,Puttari,41,Paavani,S G1 M2 P D2 N3 S,S N3 D2 M2 G1 S,S G₁ M₂ P D₂ N₃ Ṡ,S N₃ D₂ M₂ G₁ Ṡ,False
raktimati,Raktimati,raktimati,41,Paavani,S G1 M2 P M2 D2 N3 S,S D2 P M2 P G1 R1 S,S G₁ M₂ P M₂ D₂ N₃ Ṡ,S D₂ P M₂ P G₁ R₁ Ṡ,False
rudrakesari,RudrakEsari,rudrakEsari,41,Paavani,S R1 G1 P N3 D2 S,S N3 D2 P M2 G1 R1 S,S R₁ G₁ P N₃ D₂ Ṡ,S N₃ D₂ P M₂ G₁ R₁ Ṡ,False
sarpandri,SarpAndri,sarpAndri,41,Paavani,S R1 M2 G1 M2 D2 N3 S,S N3 D2 P M2 G1 R1 S,S R₁ M₂ G₁ M₂ D₂ N₃ Ṡ,S N₃ D₂ P M₂ G₁ R₁ Ṡ,False
shrimurti,ShrImUrti,shrImUrti,41,Paavani,S R1 G1 M2 P D2 S,S N3 D2 P M2 G1 R1 S,S R₁ G₁ M₂ P D₂ Ṡ,S N₃ D₂ P M₂ G₁ R₁ Ṡ,False
shuddhagirvani,ShuddhagIrvANi,shuddhagIrvANi,41,Paavani,S R1 G1 M2 P D2 N3 S,S D2 P M2 G1 R1 S,S R₁ G₁ M₂ P D₂ N₃ Ṡ,S D₂ P M₂ G₁ R₁ Ṡ,False
shyamanilambari,ShyAmanIlAmbari,shyAmanIlAmbari,41,Paavani,S R1 G1 M2 P D2 N3 S,S D2 N3 D2 M2 G1 R1 S,S R₁ G₁ M₂ P D₂ N₃ Ṡ,S D₂ N₃ D₂ M₂ G₁ R₁ Ṡ,False
somakirani,SOmakiraNi,sOmakiraNi,41,Paavani,S R1 M2 P D2 S,S D2 P M2 R1 S,S R₁ M₂ P D₂ Ṡ,S D₂ P M₂ R₁ Ṡ,False
sukhapavani,SukhapAvani,sukhapAvani,41,Paavani,S R1 S P M2 D2 P S,S N3 S D2 P M2 G1 R1 S,S R₁ Ṡ P M₂ D₂ P Ṡ,S N₃ Ṡ D₂ P M₂ G₁ R₁ Ṡ,False
vasukari,Vasukari,vasukari,41,Paavani,S R1 M2 P D2 N3 P M2 P N3,S N3 D2 P M2 R1 S,S R₁ M₂ P D₂ N₃ P M₂ P N₃,S N₃ D₂ P M₂ R₁ Ṡ,False
vijayashri,VijayashrI,vijayashrI,41,Paavani,S G1 R1 G1 M2 P N3 S,S N3 P M2 G1 R1 S,S G₁ R₁ G₁ M₂ P N₃ Ṡ,S N₃ P M₂ G₁ R₁ Ṡ,False
vijayashri,VijayashrI,vijayashrI,41,Paavani,S R1 G1 M2 P D2 N3 S,S N3 P M2 G1 R1 S,S R₁ G₁ M₂ P D₂ N₃ Ṡ,S N₃ P M₂ G₁ R₁ Ṡ,False
vijayashri,VijayashrI,vijayashrI,41,Paavani,S R1 G1 M2 P N3 S,S N3 P M2 G1 R1 S,S R₁ G₁ M₂ P N₃ Ṡ,S N₃ P M₂ G₁ R₁ Ṡ,False
viravahini,VIravAhini,vIravAhini,41,Paavani,S R1 M2 P D2 N3 S,S N3 D2 P M2 G1 R1 S,S R₁ M₂ P D₂ N₃ Ṡ,S N₃ D₂ P M₂ G₁ R₁ Ṡ,False
yaddevika,YAddEvika,yAddEvika,41,Paavani,S R1 S G1 M2 P D2 N3 S,S D2 P M2 R1 G1 R1 S,S R₁ Ṡ G₁ M₂ P D₂ N₃ Ṡ,S D₂ P M₂ R₁ G₁ R₁ Ṡ,False
kriyaa,Kriyaa,kriyaa,42,Raghupriyaa,S G1 R1 G1 M2 P D3 N3 S,S N3 P M2 G1 R1 S,S G₁ R₁ G₁ M₂ P D₃ N₃ Ṡ,S N₃ P M₂ G₁ R₁ Ṡ,False
alava,AlAva,alAva,42,Raghupriyaa,S G1 M2 D3 N3 S,S N3 D3 M2 G1 S,S G₁ M₂ D₃ N₃ Ṡ,S N₃ D₃ M₂ G₁ Ṡ,False
anandabhogi,AnandabhOgi,AnandabhOgi,42,Raghupriyaa,S R1 G1 M2 P N3 D3 N3,D3 P M2 G1 R1 S N3 S,S R₁ G₁ M₂ P N₃ D₃ N₃,D₃ P M₂ G₁ R₁ Ṡ N₃ Ṡ,False
anandabhogi,AnandabhOgi,AnandabhOgi,42,Raghupriyaa,S R1 G1 M2 P N3 D3 N3,D3 P M2 G1 R1 S N3,S R₁ G₁ M₂ P N₃ D₃ N₃,D₃ P M₂ G₁ R₁ Ṡ N₃,False
candraprabha,CandraprabhA,candraprabhA,42,Raghupriyaa,S R1 G1 M2 P D3 S,S N3 D3 P M2 G1 R1 S,S R₁ G₁ M₂ P D₃ Ṡ,S N₃ D₃ P M₂ G₁ R₁ Ṡ,False
dhumala,DhUmAla,dhUmAla,42,Raghupriyaa,S R1 G1 M2 D3 S,P M2 R1 G1 R1 S,S R₁ G₁ M₂ D₃ Ṡ,P M₂ R₁ G₁ R₁ Ṡ,False
gandharvam,Gandharvam,gandharvam,42,Raghupriyaa,M2 P D3 N3 S R1 G1 R1 S,N3 P M2 P D3 N3 S,M₂ P D₃ N₃ Ṡ R₁ G₁ R₁ Ṡ,N₃ P M₂ P D₃ N₃ Ṡ,False
gandharvam,Gandharvam,gandharvam,42,Raghupriyaa,M2 P D3 N3 S R1 G1,G1 R1 S N3 P M2,M₂ P D₃ N₃ Ṡ R₁ G₁,G₁ R₁ Ṡ N₃ P M₂,False
gandharvam,Gandharvam,gandharvam,42,Raghupriyaa,M2 P D3 N3 S R1 G1,R1 S N3 P M2 P D3 N3 S,M₂ P D₃ N₃ Ṡ R₁ G₁,R₁ Ṡ N₃ P M₂ P D₃ N₃ Ṡ,False
gandharvam,Gandharvam,gandharvam,42,Raghupriyaa,M2 P D3 N3 S R1 G1,R1 S N3 P M2 P,M₂ P D₃ N₃ Ṡ R₁ G₁,R₁ Ṡ N₃ P M₂ P,False
gandharvam,Gandharvam,gandharvam,42,Raghupriyaa,M2 P D3 N3 S R1,D3 S N3 P M2 P D3 N3 S,M₂ P D₃ N₃ Ṡ R₁,D₃ Ṡ N₃ P M₂ P D₃ N₃ Ṡ,False
gandharvam,Gandharvam,gandharvam,42,Raghupriyaa,M2 P D3 N3 S R1,G1 R1 S N3 P,M₂ P D₃ N₃ Ṡ R₁,G₁ R₁ Ṡ N₃ P,False
gandharvam,Gandharvam,gandharvam,42,Raghupriyaa,P D3 N3 P R1 G1 R1 S N3 P,M2 P D3 N3 S N3 P,P D₃ N₃ P R₁ G₁ R₁ Ṡ N₃ P,M₂ P D₃ N₃ Ṡ N₃ P,False
gandharvam,Gandharvam,gandharvam,42,Raghupriyaa,P D3 N3 S R1 G1 R1 S N3,P M2 P P D3 N3 S N3 P,P D₃ N₃ Ṡ R₁ G₁ R₁ Ṡ N₃,P M₂ P P D₃ N₃ Ṡ N₃ P,False
gandharvam,Gandharvam,gandharvam,42,Raghupriyaa,P D3 N3 S R1 G1 R1 S N3,P M2 P P D3 N3 S N3 S,P D₃ N₃ Ṡ R₁ G₁ R₁ Ṡ N₃,P M₂ P P D₃ N₃ Ṡ N₃ Ṡ,False
gandharvam,Gandharvam,gandharvam,42,Raghupriyaa,P D3 N3 S R1 G1 R1 S,N3 P M2 P D3 N3 S N3 S,P D₃ N₃ Ṡ R₁ G₁ R₁ Ṡ,N₃ P M₂ P D₃ N₃ Ṡ N₃ Ṡ,False
ghantaravam,GhaNTAravam,ghaNTAravam,42,Raghupriyaa,M2 P D3 N3 S R1 G1 M2 P G1,N3 P M2 P D3 N3 S N3 P,M₂ P D₃ N₃ Ṡ R₁ G₁ M₂ P G₁,N₃ P M₂ P D₃ N₃ Ṡ N₃ P,False
gomati,GOmati,gOmati,42,Raghupriyaa,N3 S R1 M2 P D3 N3,P M2 G1 R1 S N3 S N3 S,N₃ Ṡ R₁ M₂ P D₃ N₃,P M₂ G₁ R₁ Ṡ N₃ Ṡ N₃ Ṡ,False
gomati,GOmati,gOmati,42,Raghupriyaa,S R1 G1 M2 P D3 N3 S R1,P M2 R1 G1 G1 R1 S,S R₁ G₁ M₂ P D₃ N₃ Ṡ R₁,P M₂ R₁ G₁ G₁ R₁ Ṡ,False
gomati,GOmati,gOmati,42,Raghupriyaa,S R1 G1 M2 P D3 N3,N3 P M2 R1 G1 R1 S,S R₁ G₁ M₂ P D₃ N₃,N₃ P M₂ R₁ G₁ R₁ Ṡ,False
gomati,GOmati,gOmati,42,Raghupriyaa,S R1 G1 M2 P D3 N3,P M2 G1 R1 S N3,S R₁ G₁ M₂ P D₃ N₃,P M₂ G₁ R₁ Ṡ N₃,False
gomati,GOmati,gOmati,42,Raghupriyaa,S R1 G1 M2 P D3 N3,P M2 R1 G1 R1 S N3 S,S R₁ G₁ M₂ P D₃ N₃,P M₂ R₁ G₁ R₁ Ṡ N₃ Ṡ,False
gomati,GOmati,gOmati,42,Raghupriyaa,S R1 G1 M2 P D3 N3,P M2 R1 G1 R1 S,S R₁ G₁ M₂ P D₃ N₃,P M₂ R₁ G₁ R₁ Ṡ,False
gomati,GOmati,gOmati,42,Raghupriyaa,S R1 M2 P D3 N3,P M2 R1 G1 R1 S,S R₁ M₂ P D₃ N₃,P M₂ R₁ G₁ R₁ Ṡ,False
gopati,GOpati,gOpati,42,Raghupriyaa,N3 S R1 M2 P D3 N3,P M2 G1 R1 S N3 S N3 S,N₃ Ṡ R₁ M₂ P D₃ N₃,P M₂ G₁ R₁ Ṡ N₃ Ṡ N₃ Ṡ,False
gopati,GOpati,gOpati,42,Raghupriyaa,S R1 G1 M2 P D3 N3 S R1,P M2 R1 G1 G1 R1 S,S R₁ G₁ M₂ P D₃ N₃ Ṡ R₁,P M₂ R₁ G₁ G₁ R₁ Ṡ,False
gopati,GOpati,gOpati,42,Raghupriyaa,S R1 G1 M2 P D3 N3,N3 P M2 R1 G1 R1 S,S R₁ G₁ M₂ P D₃ N₃,N₃ P M₂ R₁ G₁ R₁ Ṡ,False
gopati,GOpati,gOpati,42,Raghupriyaa,S R1 G1 M2 P D3 N3,P M2 G1 R1 S N3,S R₁ G₁ M₂ P D₃ N₃,P M₂ G₁ R₁ Ṡ N₃,False
gopati,GOpati,gOpati,42,Raghupriyaa,S R1 G1 M2 P D3 N3,P M2 R1 G1 R1 S N3 S,S R₁ G₁ M₂ P D₃ N₃,P M₂ R₁ G₁ R₁ Ṡ N₃ Ṡ,False
gopati,GOpati,gOpati,42,Raghupriyaa,S R1 G1 M2 P D3 N3,P M2 R1 G1 R1 S,S R₁ G₁ M₂ P D₃ N₃,P M₂ R₁ G₁ R₁ Ṡ,False
gopati,GOpati,gOpati,42,Raghupriyaa,S R1 M2 P D3 N3,P M2 R1 G1 R1 S,S R₁ M₂ P D₃ N₃,P M₂ R₁ G₁ R₁ Ṡ,False
hamsadiparam,HamsadIpAram,hamsadIpAram,42,Raghupriyaa,S R1 G1 M2 P N3 P S,S N3 P D3 N3 P M2 G1 R1 S,S R₁ G₁ M₂ P N₃ P Ṡ,S N₃ P D₃ N₃ P M₂ G₁ R₁ Ṡ,False
hamsavelavali,HamsavELAvaLi,hamsavELAvaLi,42,Raghupriyaa,S R1 G1 M2 P D3 P N3 S,S N3 P M2 G1 R1 S,S R₁ G₁ M₂ P D₃ P N₃ Ṡ,S N₃ P M₂ G₁ R₁ Ṡ,False
harenapi,HarENApi,harENApi,42,Raghupriyaa,S G1 M2 P D3 S,S D3 P M2 G1 S,S G₁ M₂ P D₃ Ṡ,S D₃ P M₂ G₁ Ṡ,False
indugirvani,IndugIrvANi,indugIrvANi,42,Raghupriyaa,S R1 G1 M2 P S,S N3 P D3 N3 P M2 G1 R1 S,S R₁ G₁ M₂ P Ṡ,S N₃ P D₃ N₃ P M₂ G₁ R₁ Ṡ,False
jagangana,JagAngana,jagAngana,42,Raghupriyaa,S R1 G1 M2 P N3 D3 N3 S,S N3 P M2 R1 G1 M2 R1 S,S R₁ G₁ M₂ P N₃ D₃ N₃ Ṡ,S N₃ P M₂ R₁ G₁ M₂ R₁ Ṡ,False
jvalika,Jvalika,jvalika,42,Raghupriyaa,S R1 G1 M2 P N3 S,S N3 D3 P M2 G1 R1 S,S R₁ G₁ M₂ P N₃ Ṡ,S N₃ D₃ P M₂ G₁ R₁ Ṡ,False
lalitadiparam,LalitadIpAram,lalitadIpAram,42,Raghupriyaa,S R1 G1 M2 P D3 N3 S,S N3 D3 N3 P M2 G1 R1 S,S R₁ G₁ M₂ P D₃ N₃ Ṡ,S N₃ D₃ N₃ P M₂ G₁ R₁ Ṡ,False
martandapriya,MartANDapriyA,martANDapriyA,42,Raghupriyaa,S G1 M2 P D3 N3 S,S N3 D3 P M2 G1 S,S G₁ M₂ P D₃ N₃ Ṡ,S N₃ D₃ P M₂ G₁ Ṡ,False
maruvagaula,MAruvagauLa,mAruvagauLa,42,Raghupriyaa,S R1 G1 P M2 D3 N3 S,S N3 D3 P M2 G1 R1 S,S R₁ G₁ P M₂ D₃ N₃ Ṡ,S N₃ D₃ P M₂ G₁ R₁ Ṡ,False
maruvalalita,MAruvalalita,mAruvalalita,42,Raghupriyaa,P D3 N3 S R1 G1 M2 P,P M2 G1 R1 S N3 P,P D₃ N₃ Ṡ R₁ G₁ M₂ P,P M₂ G₁ R₁ Ṡ N₃ P,False
mecasaveri,MEcasAvEri,mEcasAvEri,42,Raghupriyaa,S R1 M2 P D3 S,S N3 P D3 P M2 G1 R1 S,S R₁ M₂ P D₃ Ṡ,S N₃ P D₃ P M₂ G₁ R₁ Ṡ,False
mecasaveri,MEcasAvEri,mEcasAvEri,42,Raghupriyaa,S R1 M2 P N3 S,S N3 P D3 P M2 G1 R1 S,S R₁ M₂ P N₃ Ṡ,S N₃ P D₃ P M₂ G₁ R₁ Ṡ,False
mecasaveri,MEcasAvEri,mEcasAvEri,42,Raghupriyaa,S R1 M2 P N3 S,S N3 P M2 G1 R1 S,S R₁ M₂ P N₃ Ṡ,S N₃ P M₂ G₁ R₁ Ṡ,False
nilamani,NIlamaNi,nIlamaNi,42,Raghupriyaa,S R1 G1 P D3 S,S N3 D3 P M2 G1 R1 S,S R₁ G₁ P D₃ Ṡ,S N₃ D₃ P M₂ G₁ R₁ Ṡ,False
nilamari,NIlamAri,nIlamAri,42,Raghupriyaa,S R1 G1 P D3 S,S N3 D3 P M2 G1 R1 S,S R₁ G₁ P D₃ Ṡ,S N₃ D₃ P M₂ G₁ R₁ Ṡ,False
nilasuri,NIlAsuri,nIlAsuri,42,Raghupriyaa,S R1 G1 P D3 S,S N3 D3 P M2 G1 R1 S,S R₁ G₁ P D₃ Ṡ,S N₃ D₃ P M₂ G₁ R₁ Ṡ,False
prapancashraya,Prapancashraya,prapancashraya,42,Raghupriyaa,S R1 G1 M2 D3 S,S D3 M2 G1 R1 S,S R₁ G₁ M₂ D₃ Ṡ,S D₃ M₂ G₁ R₁ Ṡ,False
raghulila,RaghulIlA,raghulIlA,42,Raghupriyaa,S M2 M2 R1 P M2 G1 M2 P M2 R1 M2 P N3 S,S N3 D3 N3 P M2 G1 M2 R1 M2 G1 R1 S,S M₂ M₂ R₁ P M₂ G₁ M₂ P M₂ R₁ M₂ P N₃ Ṡ,S N₃ D₃ N₃ P M₂ G₁ M₂ R₁ M₂ G₁ R₁ Ṡ,False
raghulila,RaghulIlA,raghulIlA,42,Raghupriyaa,S M2 R1 P G1 M2 P N3 S,S N3 D3 N3 P M2 G1 M2 R1 M2 G1 R1 S,S M₂ R₁ P G₁ M₂ P N₃ Ṡ,S N₃ D₃ N₃ P M₂ G₁ M₂ R₁ M₂ G₁ R₁ Ṡ,False
raghulila,RaghulIlA,raghulIlA,42,Raghupriyaa,S M2 R1 P M2 G1 M2 P M2 R1 M2 P N3 S,S N3 D3 N3 P M2 G1 M2 R1 M2 G1 R1 S,S M₂ R₁ P M₂ G₁ M₂ P M₂ R₁ M₂ P N₃ Ṡ,S N₃ D₃ N₃ P M₂ G₁ M₂ R₁ M₂ G₁ R₁ Ṡ,False
raghulila,RaghulIlA,raghulIlA,42,Raghupriyaa,S M2 R1 P M2 G1 M2 P R1 M2 P N3 S,S N3 D3 N3 D3 M2 G1 R1 P M2 R1 S,S M₂ R₁ P M₂ G₁ M₂ P R₁ M₂ P N₃ Ṡ,S N₃ D₃ N₃ D₃ M₂ G₁ R₁ P M₂ R₁ Ṡ,False
raghulila,RaghulIlA,raghulIlA,42,Raghupriyaa,S R1 P G1 M2 P N3 S,S N3 D3 N3 P M2 G1 M2 R1 M2 G1 S,S R₁ P G₁ M₂ P N₃ Ṡ,S N₃ D₃ N₃ P M₂ G₁ M₂ R₁ M₂ G₁ Ṡ,False
raghupriya,RaghupriyA,raghupriyA,42,Raghupriyaa,S R1 G1 M2 D3 N3 S,S N3 D3 M2 G1 R1 S,S R₁ G₁ M₂ D₃ N₃ Ṡ,S N₃ D₃ M₂ G₁ R₁ Ṡ,False
raghupriya,RaghupriyA,raghupriyA,42,Raghupriyaa,S R1 G1 M2 P D3 N3 S,S N3 D3 P M2 G1 R1 S,S R₁ G₁ M₂ P D₃ N₃ Ṡ,S N₃ D₃ P M₂ G₁ R₁ Ṡ,False
ravikriya,RavikriyA,ravikriyA,42,Raghupriyaa,S G1 R1 G1 M2 P N3 D3 N3 S,S N3 P M2 G1 R1 S,S G₁ R₁ G₁ M₂ P N₃ D₃ N₃ Ṡ,S N₃ P M₂ G₁ R₁ Ṡ,False
ravikriya,RavikriyA,ravikriyA,42,Raghupriyaa,S R1 S G1 R1 G1 M2 P D3 N3,S N3 P M2 G1 R1 S,S R₁ Ṡ G₁ R₁ G₁ M₂ P D₃ N₃,S N₃ P M₂ G₁ R₁ Ṡ,False
ravipriya,RavipriyA,ravipriyA,42,Raghupriyaa,S R1 G1 M2 D3 N3 S,S N3 D3 M2 G1 R1 S,S R₁ G₁ M₂ D₃ N₃ Ṡ,S N₃ D₃ M₂ G₁ R₁ Ṡ,False
risabhavahini,RiSabhavAhini,riSabhavAhini,42,Raghupriyaa,S R1 G1 M2 P D3 N3 S,S N3 P D3 M2 G1 R1 S,S R₁ G₁ M₂ P D₃ N₃ Ṡ,S N₃ P D₃ M₂ G₁ R₁ Ṡ,False
sarasvatiranjani,SarasvatIranjani,sarasvatIranjani,42,Raghupriyaa,S R1 M2 P D3 S,S D3 P M2 R1 S,S R₁ M₂ P D₃ Ṡ,S D₃ P M₂ R₁ Ṡ,False
geervaani,GeervaaNi,geervaaNi,43,Ghavaambhodi,S R1 G2 M2 P D1 N1 S,S N1 D1 P M2 G2 R1 S,S R₁ G₂ M₂ P D₁ N₁ Ṡ,S N₁ D₁ P M₂ G₂ R₁ Ṡ,False
anjanavati,AnjanAvati,anjanAvati,43,Ghavaambhodi,S R1 G2 M2 P D1 S,S D1 P M2 G2 R1 S,S R₁ G₂ M₂ P D₁ Ṡ,S D₁ P M₂ G₂ R₁ Ṡ,False
devakirnava,DEvakIrNava,dEvakIrNava,43,Ghavaambhodi,S R1 M2 P N1 D1 N1 S,S N1 D1 P M2 G2 R1 G2 S,S R₁ M₂ P N₁ D₁ N₁ Ṡ,S N₁ D₁ P M₂ G₂ R₁ G₂ Ṡ,False
devamalaka,DEvamAlAka,dEvamAlAka,43,Ghavaambhodi,S G2 M2 P N1 S,S N1 P D1 P M2 G2 R1 S,S G₂ M₂ P N₁ Ṡ,S N₁ P D₁ P M₂ G₂ R₁ Ṡ,False
dhruvakirnavam,DhruvakIrNavam,dhruvakIrNavam,43,Ghavaambhodi,S R1 M2 P N1 D1 N1 S,S N1 D1 P M2 G2 R1 G2 S,S R₁ M₂ P N₁ D₁ N₁ Ṡ,S N₁ D₁ P M₂ G₂ R₁ G₂ Ṡ,False
ganavarsini,GAnavarSiNi,gAnavarSiNi,43,Ghavaambhodi,S R1 M2 G2 R1 D1 N1 S,S N1 D1 P M2 G2 R1 S,S R₁ M₂ G₂ R₁ D₁ N₁ Ṡ,S N₁ D₁ P M₂ G₂ R₁ Ṡ,False
gavambhodi,GavAmbhOdi,gavAmbhOdi,43,Ghavaambhodi,S R1 G2 M2 P D1 N1 S,S N1 D1 P M2 G2 R1 S,S R₁ G₂ M₂ P D₁ N₁ Ṡ,S N₁ D₁ P M₂ G₂ R₁ Ṡ,False
girvani,GIrvANi,gIrvANi,43,Ghavaambhodi,S R1 G2 M2 P D1 N1 D1 P D1 S,S N1 D1 P M2 G2 R1 S,S R₁ G₂ M₂ P D₁ N₁ D₁ P D₁ Ṡ,S N₁ D₁ P M₂ G₂ R₁ Ṡ,False
girvani,GIrvANi,gIrvANi,43,Ghavaambhodi,S R1 G2 R1 G2 M2 G2 D1 N1 P D1 N1 S,S N1 D1 P M2 G2 R1 S,S R₁ G₂ R₁ G₂ M₂ G₂ D₁ N₁ P D₁ N₁ Ṡ,S N₁ D₁ P M₂ G₂ R₁ Ṡ,False
girvani,GIrvANi,gIrvANi,43,Ghavaambhodi,S R1 G2 R1 M2 G2 M2 D1 N1 P N1 D1 S,S N1 D1 P M2 G2 R1 S,S R₁ G₂ R₁ M₂ G₂ M₂ D₁ N₁ P N₁ D₁ Ṡ,S N₁ D₁ P M₂ G₂ R₁ Ṡ,False
girvani,GIrvANi,gIrvANi,43,Ghavaambhodi,S R1 G2 R1 M2 G2 M2 P N1 P D1 N1 S,S N1 D1 P M2 G2 R1 S,S R₁ G₂ R₁ M₂ G₂ M₂ P N₁ P D₁ N₁ Ṡ,S N₁ D₁ P M₂ G₂ R₁ Ṡ,False
girvani,GIrvANi,gIrvANi,43,Ghavaambhodi,S R1 M2 R1 M2 G2 M2 D1 N1 S N1 D1 S,S N1 D1 P M2 G2 R1 S,S R₁ M₂ R₁ M₂ G₂ M₂ D₁ N₁ Ṡ N₁ D₁ Ṡ,S N₁ D₁ P M₂ G₂ R₁ Ṡ,False
godavari,GOdAvarI,gOdAvarI,43,Ghavaambhodi,S R1 M2 P D1 S,S N1 D1 P M2 G2 R1 S,S R₁ M₂ P D₁ Ṡ,S N₁ D₁ P M₂ G₂ R₁ Ṡ,False
gopikabharanam,GOpikAbharaNam,gOpikAbharaNam,43,Ghavaambhodi,S R1 G2 M2 P N1 S,S N1 P M2 G2 R1 S,S R₁ G₂ M₂ P N₁ Ṡ,S N₁ P M₂ G₂ R₁ Ṡ,False
gotnari,GOtnAri,gOtnAri,43,Ghavaambhodi,S R1 M2 P D1 S,S N1 D1 P M2 G2 R1 S,S R₁ M₂ P D₁ Ṡ,S N₁ D₁ P M₂ G₂ R₁ Ṡ,False
jayavelavali,JayavELAvaLi,jayavELAvaLi,43,Ghavaambhodi,S R1 G2 M2 D1 P D1 N1 S,S N1 D1 M2 G2 R1 S,S R₁ G₂ M₂ D₁ P D₁ N₁ Ṡ,S N₁ D₁ M₂ G₂ R₁ Ṡ,False
kalavasantam,Kalavasantam,kalavasantam,43,Ghavaambhodi,S G2 M2 P D1 N1 S,S N1 P M2 G2 S,S G₂ M₂ P D₁ N₁ Ṡ,S N₁ P M₂ G₂ Ṡ,False
kalikavasantam,Kalikavasantam,kalikavasantam,43,Ghavaambhodi,S G2 M2 P D1 N1 S,S N1 P M2 G2 S,S G₂ M₂ P D₁ N₁ Ṡ,S N₁ P M₂ G₂ Ṡ,False
kalivasantam,Kalivasantam,kalivasantam,43,Ghavaambhodi,S G2 M2 N1 D1 S,S N1 D1 M2 G2 S,S G₂ M₂ N₁ D₁ Ṡ,S N₁ D₁ M₂ G₂ Ṡ,False
kalivasantam,Kalivasantam,kalivasantam,43,Ghavaambhodi,S G2 M2 P D1 N1 S,S N1 P M2 G2 S,S G₂ M₂ P D₁ N₁ Ṡ,S N₁ P M₂ G₂ Ṡ,False
kalivasantam,Kalivasantam,Kalivasantam,43,Ghavaambhodi,S R1 G2 M2 P D1 S,S N1 P M2 G2 R1 S,S R₁ G₂ M₂ P D₁ Ṡ,S N₁ P M₂ G₂ R₁ Ṡ,False
kalyanavasanta,KalyANavasanta,kalyANavasanta,43,Ghavaambhodi,S G2 M2 P D1 N1 S,S N1 P M2 R1 S,S G₂ M₂ P D₁ N₁ Ṡ,S N₁ P M₂ R₁ Ṡ,False
kalyanavasanta,KalyANavasanta,kalyANavasanta,43,Ghavaambhodi,S G2 M2 P N1 D1 S,S N1 P M2 G2 S,S G₂ M₂ P N₁ D₁ Ṡ,S N₁ P M₂ G₂ Ṡ,False
kanakalila,KanakalIlA,kanakalIlA,43,Ghavaambhodi,S G2 M2 M2 N1 D1 S,S N1 D1 M2 G2 S,S G₂ M₂ M₂ N₁ D₁ Ṡ,S N₁ D₁ M₂ G₂ Ṡ,False
kanakavarsani,KanakavarSaNi,kanakavarSaNi,43,Ghavaambhodi,S R1 M2 G2 R1 D1 N1 S,S N1 D1 P M2 G2 R1 S,S R₁ M₂ G₂ R₁ D₁ N₁ Ṡ,S N₁ D₁ P M₂ G₂ R₁ Ṡ,False
kanakavasantam,Kanakavasantam,kanakavasantam,43,Ghavaambhodi,S G2 M2 P N1 D1 S,S N1 D1 M2 G2 S,S G₂ M₂ P N₁ D₁ Ṡ,S N₁ D₁ M₂ G₂ Ṡ,False
kanakavasantika,KanakavasantikA,kanakavasantikA,43,Ghavaambhodi,S G2 M2 P D1 N1 D1 S,S N1 D1 M2 G2 S,S G₂ M₂ P D₁ N₁ D₁ Ṡ,S N₁ D₁ M₂ G₂ Ṡ,False
kanaravaksani,KAnaravakSaNi,kAnaravakSaNi,43,Ghavaambhodi,S R1 M2 G2 R1 D1 N1 S,S N1 D1 P M2 G2 R1 S,S R₁ M₂ G₂ R₁ D₁ N₁ Ṡ,S N₁ D₁ P M₂ G₂ R₁ Ṡ,False
kancanabauli,KAncanabauLi,kAncanabauLi,43,Ghavaambhodi,S G2 M2 P D1 S,S N1 D1 P M2 G2 R1 S,S G₂ M₂ P D₁ Ṡ,S N₁ D₁ P M₂ G₂ R₁ Ṡ,False
kavartham,Kavartham,kavartham,43,Ghavaambhodi,S G2 M2 D1 N1 S,S N1 D1 M2 G2 S,S G₂ M₂ D₁ N₁ Ṡ,S N₁ D₁ M₂ G₂ Ṡ,False
kokiladiparam,KOkiladIpAram,kOkiladIpAram,43,Ghavaambhodi,S R1 G2 M2 N1 D1 S,S N1 D1 M2 G2 R1 S,S R₁ G₂ M₂ N₁ D₁ Ṡ,S N₁ D₁ M₂ G₂ R₁ Ṡ,False
kokiladiptam,KOkiladIptam,kOkiladIptam,43,Ghavaambhodi,S R1 G2 M2 P D1 S,S N1 D1 M2 G2 R1 S,S R₁ G₂ M₂ P D₁ Ṡ,S N₁ D₁ M₂ G₂ R₁ Ṡ,False
kokilagirvani,KOkilagIrvANi,kOkilagIrvANi,43,Ghavaambhodi,S R1 G2 M2 P D1 S,S N1 M2 G2 R1 S,S R₁ G₂ M₂ P D₁ Ṡ,S N₁ M₂ G₂ R₁ Ṡ,False
kokilagirvani,KOkilagIrvANi,kOkilagIrvANi,43,Ghavaambhodi,S R1 G2 M2 P D1 S,S N1 P M2 G2 R1,S R₁ G₂ M₂ P D₁ Ṡ,S N₁ P M₂ G₂ R₁,False
kotmari,Kotmari,kotmari,43,Ghavaambhodi,S R1 M2 P D1 S,S N1 D1 P M2 G2 R1 S,S R₁ M₂ P D₁ Ṡ,S N₁ D₁ P M₂ G₂ R₁ Ṡ,False
lasyapriya,LAsyapriyA,lAsyapriyA,43,Ghavaambhodi,S R1 G2 M2 P S,S P M2 G2 R1 S,S R₁ G₂ M₂ P Ṡ,S P M₂ G₂ R₁ Ṡ,False
mahati,Mahati,mahati,43,Ghavaambhodi,S G2 M2 P D1 N1 S,S N1 D1 P M2 G2 S,S G₂ M₂ P D₁ N₁ Ṡ,S N₁ D₁ P M₂ G₂ Ṡ,False
maruvagaula,MAruvagauLa,mAruvagauLa,43,Ghavaambhodi,S R1 G2 P M2 D1 N1 S,S N1 D1 P M2 G2 R1 S,S R₁ G₂ P M₂ D₁ N₁ Ṡ,S N₁ D₁ P M₂ G₂ R₁ Ṡ,False
mecakambhoji,MEcakAmbhOji,mEcakAmbhOji,43,Ghavaambhodi,S R1 G2 M2 D1 N1 S,S N1 D1 M2 G2 R1 S,S R₁ G₂ M₂ D₁ N₁ Ṡ,S N₁ D₁ M₂ G₂ R₁ Ṡ,False
mecakambhoji,MEcakambhOji,mEcakambhOji,43,Ghavaambhodi,S R1 G2 M2 D1 N1 S,S N1 P D1 M2 G2 R1 S,S R₁ G₂ M₂ D₁ N₁ Ṡ,S N₁ P D₁ M₂ G₂ R₁ Ṡ,False
mecakambhoji,MEcakAmbhOji,mEcakAmbhOji,43,Ghavaambhodi,S R1 G2 M2 D1 N1 S,S N1 P M2 G2 R1 S,S R₁ G₂ M₂ D₁ N₁ Ṡ,S N₁ P M₂ G₂ R₁ Ṡ,False
nandimukha,Nandimukha,nandimukha,43,Ghavaambhodi,S R1 M2 P D1 N1 S,S N1 D1 N1 P D1 M2 G2 R1 M2,S R₁ M₂ P D₁ N₁ Ṡ,S N₁ D₁ N₁ P D₁ M₂ G₂ R₁ M₂,False
navarasa,Navarasa,navarasa,43,Ghavaambhodi,S G2 M2 P D1 N1 D1 S,S N1 D1 M2 G2 S,S G₂ M₂ P D₁ N₁ D₁ Ṡ,S N₁ D₁ M₂ G₂ Ṡ,False
paramesthi,ParamESThi,paramESThi,43,Ghavaambhodi,S R1 G2 M2 D1 S,S D1 M2 G2 R1 S,S R₁ G₂ M₂ D₁ Ṡ,S D₁ M₂ G₂ R₁ Ṡ,False
parishuddham,Parishuddham,parishuddham,43,Ghavaambhodi,S R1 G2 M2 N1 D1 N1 S,S N1 D1 P M2 G2 R1 S,S R₁ G₂ M₂ N₁ D₁ N₁ Ṡ,S N₁ D₁ P M₂ G₂ R₁ Ṡ,False
pitambari,PItAmbari,pItAmbari,43,Ghavaambhodi,S R1 M2 P D1 N1 S,S N1 D1 P M2 G2 S,S R₁ M₂ P D₁ N₁ Ṡ,S N₁ D₁ P M₂ G₂ Ṡ,False
samasvaravali,SAmasvarAvaLi,sAmasvarAvaLi,43,Ghavaambhodi,S R1 G2 M2 P N1 D1 S,S D1 P D1 M2 G2 R1 S,S R₁ G₂ M₂ P N₁ D₁ Ṡ,S D₁ P D₁ M₂ G₂ R₁ Ṡ,False
shinjini,Shinjini,shinjini,43,Ghavaambhodi,S G2 M2 P N1 S,S N1 P M2 G2 S,S G₂ M₂ P N₁ Ṡ,S N₁ P M₂ G₂ Ṡ,False
shrikirvani,ShrIkIrvANi,shrIkIrvANi,43,Ghavaambhodi,S R1 G2 R1 M2 G2 M2 D1 N1 S,S N1 D1 P M2 G2 R1 S,S R₁ G₂ R₁ M₂ G₂ M₂ D₁ N₁ Ṡ,S N₁ D₁ P M₂ G₂ R₁ Ṡ,False
shuddhakambhoji,ShuddhakAmbhOji,shuddhakAmbhOji,43,Ghavaambhodi,S R1 G2 M2 D1 N1 S,S N1 D1 M2 G2 R1 S,S R₁ G₂ M₂ D₁ N₁ Ṡ,S N₁ D₁ M₂ G₂ R₁ Ṡ,False
simhamadhyama,Simhamadhyama,simhamadhyama,43,Ghavaambhodi,S R1 G2 M2 N1 S,S N1 M2 G2 R1 S,S R₁ G₂ M₂ N₁ Ṡ,S N₁ M₂ G₂ R₁ Ṡ,False
sudhambhodi,SudhAmbhOdi,sudhAmbhOdi,43,Ghavaambhodi,S R1 G2 M2 D1 N1 S,S N1 D1 M2 G2 R1 S,S R₁ G₂ M₂ D₁ N₁ Ṡ,S N₁ D₁ M₂ G₂ R₁ Ṡ,False
svarnadipakam,SvarNadIpakam,svarNadIpakam,43,Ghavaambhodi,S R1 G2 M2 P D1 S,S D1 P M2 G2 R1 S,S R₁ G₂ M₂ P D₁ Ṡ,S D₁ P M₂ G₂ R₁ Ṡ,False
tarajyoti,TArajyOti,tArajyOti,43,Ghavaambhodi,S R1 G2 M2 P D1 N1 S,S D1 P M2 R1 S,S R₁ G₂ M₂ P D₁ N₁ Ṡ,S D₁ P M₂ R₁ Ṡ,False
vasyapriya,VasyapriyA,vasyapriyA,43,Ghavaambhodi,S R1 G2 M2 P S,S P M2 G2 R1 S,S R₁ G₂ M₂ P Ṡ,S P M₂ G₂ R₁ Ṡ,False
vijayabhusavali,VijayabhUSAvaLi,vijayabhUSAvaLi,43,Ghavaambhodi,S R1 G2 M2 P M2 P S,S N1 D1 P M2 G2 R1 S,S R₁ G₂ M₂ P M₂ P Ṡ,S N₁ D₁ P M₂ G₂ R₁ Ṡ,False
vijayabhusavali,VijayabhUSAvaLi,vijayabhUSAvaLi,43,Ghavaambhodi,S R1 G2 M2 P S,S N1 D1 P M2 G2 R1 S,S R₁ G₂ M₂ P Ṡ,S N₁ D₁ P M₂ G₂ R₁ Ṡ,False
vijayabhusavali,VijayabhUSAvaLi,vijayabhUSAvaLi,43,Ghavaambhodi,S R1 G2 R1 M2 P M2 P S,S N1 D1 P M2 R1 S,S R₁ G₂ R₁ M₂ P M₂ P Ṡ,S N₁ D₁ P M₂ R₁ Ṡ,False
bhavaani,Bhavaani,bhavaani,44,Bhaavapriya,S R1 G2 M2 P D1 P N2 S,S N2 D1 P M2 G2 R1 S,S R₁ G₂ M₂ P D₁ P N₂ Ṡ,S N₂ D₁ P M₂ G₂ R₁ Ṡ,False
amboruham,AmbOruham,ambOruham,44,Bhaavapriya,S R1 G2 P D1 N2 S,S N2 P D1 P G2 R1 S,S R₁ G₂ P D₁ N₂ Ṡ,S N₂ P D₁ P G₂ R₁ Ṡ,False
annavaridhi,AnnavAridhi,annavAridhi,44,Bhaavapriya,S R1 M2 P N2 S,S N2 P M2 R1 S,S R₁ M₂ P N₂ Ṡ,S N₂ P M₂ R₁ Ṡ,False
annavurdi,AnnavUrdi,annavUrdi,44,Bhaavapriya,S R1 M2 P N2 S,S N2 P M2 R1 S,S R₁ M₂ P N₂ Ṡ,S N₂ P M₂ R₁ Ṡ,False
bhandi,BhaNDi,bhaNDi,44,Bhaavapriya,S R1 G2 M2 P D1 P N2 S,S N2 D1 P M2 G2 R1 S,S R₁ G₂ M₂ P D₁ P N₂ Ṡ,S N₂ D₁ P M₂ G₂ R₁ Ṡ,False
bhandi,BhaNDi,bhaNDi,44,Bhaavapriya,S R1 P D1 S,S N2 D1 P D1 M2 G2 R1 S,S R₁ P D₁ Ṡ,S N₂ D₁ P D₁ M₂ G₂ R₁ Ṡ,False
bharati,BhArati,bhArati,44,Bhaavapriya,S R1 M2 P D1 N2 S,S N2 D1 P M2 R1 S,S R₁ M₂ P D₁ N₂ Ṡ,S N₂ D₁ P M₂ R₁ Ṡ,False
bhavani,BhavAni,bhavAni,44,Bhaavapriya,S R1 G2 M2 D1 N2 S,S N2 D1 M2 G2 R1 S,S R₁ G₂ M₂ D₁ N₂ Ṡ,S N₂ D₁ M₂ G₂ R₁ Ṡ,False
bhavani,BhavAni,bhavAni,44,Bhaavapriya,S R1 G2 M2 D1 N2 S,S N2 D1 P D1 M2 G2 R1 S,S R₁ G₂ M₂ D₁ N₂ Ṡ,S N₂ D₁ P D₁ M₂ G₂ R₁ Ṡ,False
bhavani,BhavAni,bhavAni,44,Bhaavapriya,S R1 G2 M2 P D1 P N2 S,S N2 D1 P M2 G2 R1 S,S R₁ G₂ M₂ P D₁ P N₂ Ṡ,S N₂ D₁ P M₂ G₂ R₁ Ṡ,False
bhavapriya,BhavapriyA,bhavapriyA,44,Bhaavapriya,S R1 G2 M2 P D1 N2 S,S N2 D1 P M2 G2 R1 S,S R₁ G₂ M₂ P D₁ N₂ Ṡ,S N₂ D₁ P M₂ G₂ R₁ Ṡ,False
bhavukadayini,BhAvukadAyini,bhAvukadAyini,44,Bhaavapriya,S G2 M2 P D1 N2 S,S N2 D1 P M2 G2 S,S G₂ M₂ P D₁ N₂ Ṡ,S N₂ D₁ P M₂ G₂ Ṡ,False
bhikaraghosani,BhIkaraghOSaNi,bhIkaraghOSaNi,44,Bhaavapriya,S R1 G2 M2 P D1 N2 S,S N2 D1 M2 P M2 G2 R1 S,S R₁ G₂ M₂ P D₁ N₂ Ṡ,S N₂ D₁ M₂ P M₂ G₂ R₁ Ṡ,False
bhinnaherali,BhinnahEraLi,bhinnahEraLi,44,Bhaavapriya,S M2 P D1 N2 D1 S,S N2 D1 P M2 G2 R1 S,S M₂ P D₁ N₂ D₁ Ṡ,S N₂ D₁ P M₂ G₂ R₁ Ṡ,False
bhogasaveri,BhOgasAvEri,bhOgasAvEri,44,Bhaavapriya,S R1 M2 P D1 N2,D1 P M2 G2 R1 S,S R₁ M₂ P D₁ N₂,D₁ P M₂ G₂ R₁ Ṡ,False
bhramarabhogi,BhramarabhOgi,bhramarabhOgi,44,Bhaavapriya,M2 P D1 N2 S R1 G2,M2 G2 R1 S N2 D1 P,M₂ P D₁ N₂ Ṡ R₁ G₂,M₂ G₂ R₁ Ṡ N₂ D₁ P,False
bhramarabhogi,BhramarabhOgi,bhramarabhOgi,44,Bhaavapriya,M2 P D1 N2 S R1 S,M2 G2 R1 S N2 D1 P,M₂ P D₁ N₂ Ṡ R₁ Ṡ,M₂ G₂ R₁ Ṡ N₂ D₁ P,False
dandilam,DaNDilam,daNDilam,44,Bhaavapriya,S R1 G2 M2 P D1 N2 S,S N2 P G2 S,S R₁ G₂ M₂ P D₁ N₂ Ṡ,S N₂ P G₂ Ṡ,False
dandiyal,DaNDiyal,daNDiyal,44,Bhaavapriya,S R1 G2 M2 P D1 N2 S,S D1 M2 R1 S,S R₁ G₂ M₂ P D₁ N₂ Ṡ,S D₁ M₂ R₁ Ṡ,False
dandulam,DaNDulam,daNDulam,44,Bhaavapriya,S G2 P N2 S,S N2 D1 P M2 G2 R1 S,S G₂ P N₂ Ṡ,S N₂ D₁ P M₂ G₂ R₁ Ṡ,False
dantivizhuriyon,DantivIzhuriyOn,dantivIzhuriyOn,44,Bhaavapriya,S R1 G2 M2 P N2 S,S N2 P G2 S,S R₁ G₂ M₂ P N₂ Ṡ,S N₂ P G₂ Ṡ,False
dashanan,DashAnan,dashAnan,44,Bhaavapriya,S R1 G2 P D1 N2 S,S N2 P M2 G2 S,S R₁ G₂ P D₁ N₂ Ṡ,S N₂ P M₂ G₂ Ṡ,False
dashumbu,Dashumbu,dashumbu,44,Bhaavapriya,S R1 G2 P D1 N2 S,S D1 P M2 G2 S,S R₁ G₂ P D₁ N₂ Ṡ,S D₁ P M₂ G₂ Ṡ,False
dhavalasarasiruha,DhavaLasarasIruha,dhavaLasarasIruha,44,Bhaavapriya,S R1 G2 M2 D1 P N2 S,S N2 D1 M2 G2 R1 S,S R₁ G₂ M₂ D₁ P N₂ Ṡ,S N₂ D₁ M₂ G₂ R₁ Ṡ,False
ghantaidiparam,GhaNTaidIparam,ghaNTaidIparam,44,Bhaavapriya,S R1 G2 M2 D1 N2 S,S N2 D1 P D1 M2 G2 R1 S,S R₁ G₂ M₂ D₁ N₂ Ṡ,S N₂ D₁ P D₁ M₂ G₂ R₁ Ṡ,False
halayudhapriya,HAlAyudhapriyA,hAlAyudhapriyA,44,Bhaavapriya,S G2 M2 P D1 S,S D1 P M2 G2 S,S G₂ M₂ P D₁ Ṡ,S D₁ P M₂ G₂ Ṡ,False
jayabhavani,JayabhavAni,jayabhavAni,44,Bhaavapriya,S R1 G2 M2 D1 N2 S,S N2 D1 P D1 M2 G2 R1 S,S R₁ G₂ M₂ D₁ N₂ Ṡ,S N₂ D₁ P D₁ M₂ G₂ R₁ Ṡ,False
jnalitam,JnALitam,jnALitam,44,Bhaavapriya,S R1 G2 M2 P D1 S,S N2 D1 P M2 G2 R1 S,S R₁ G₂ M₂ P D₁ Ṡ,S N₂ D₁ P M₂ G₂ R₁ Ṡ,False
jnanatandikar,JnAnatANDikar,jnAnatANDikar,44,Bhaavapriya,S R1 G2 M2 P D1 N2 S,S N2 P M2 G2 S,S R₁ G₂ M₂ P D₁ N₂ Ṡ,S N₂ P M₂ G₂ Ṡ,False
jnegizhi,Jnegizhi,jnegizhi,44,Bhaavapriya,S R1 G2 M2 P D1 N2 S,S D1 P M2 G2 S,S R₁ G₂ M₂ P D₁ N₂ Ṡ,S D₁ P M₂ G₂ Ṡ,False
jneya,JnEyA,jnEyA,44,Bhaavapriya,S R1 G2 M2 P N2 S,S N2 D1 P M2 G2 R1 S,S R₁ G₂ M₂ P N₂ Ṡ,S N₂ D₁ P M₂ G₂ R₁ Ṡ,False
kalamurti,KaLAmUrti,kaLAmUrti,44,Bhaavapriya,N2 S G2 R1 G2 M2 P S,S N2 D1 P M2 G2 R1 S,N₂ Ṡ G₂ R₁ G₂ M₂ P Ṡ,S N₂ D₁ P M₂ G₂ R₁ Ṡ,False
kalamurti,KaLAmUrti,kaLAmUrti,44,Bhaavapriya,S G2 R1 G2 M2 P S,S N2 D1 P M2 G2 R1 S,S G₂ R₁ G₂ M₂ P Ṡ,S N₂ D₁ P M₂ G₂ R₁ Ṡ,False
kalamurti,KaLAmUrti,kaLAmUrti,44,Bhaavapriya,S R1 G2 M2 P D1 N2 S,S N2 P D1 P M2 G2 R1 S,S R₁ G₂ M₂ P D₁ N₂ Ṡ,S N₂ P D₁ P M₂ G₂ R₁ Ṡ,False
kalamurti,KaLAmUrti,kaLAmUrti,44,Bhaavapriya,S R1 G2 R1 M2 P S,S N2 D1 P M2 G2 R1 S,S R₁ G₂ R₁ M₂ P Ṡ,S N₂ D₁ P M₂ G₂ R₁ Ṡ,False
kancanavati,KAncanAvatI,kAncanAvatI,44,Bhaavapriya,S R1 G2 M2 P N2 S,S N2 P M2 G2 R1 S,S R₁ G₂ M₂ P N₂ Ṡ,S N₂ P M₂ G₂ R₁ Ṡ,False
kannadadiparam,KannaDadIpAram,kannaDadIpAram,44,Bhaavapriya,S R1 G2 M2 D1 N2 S,S N2 D1 M2 G2 R1 S,S R₁ G₂ M₂ D₁ N₂ Ṡ,S N₂ D₁ M₂ G₂ R₁ Ṡ,False
kannadadiparam,KannaDadIpAram,kannaDadIpAram,44,Bhaavapriya,S R1 G2 M2 D1 N2 S,S N2 D1 P D1 M2 G2 R1 S,S R₁ G₂ M₂ D₁ N₂ Ṡ,S N₂ D₁ P D₁ M₂ G₂ R₁ Ṡ,False
karmavu,Karmavu,karmavu,44,Bhaavapriya,S G2 M2 D1 N2 S,S N2 D1 M2 G2 S,S G₂ M₂ D₁ N₂ Ṡ,S N₂ D₁ M₂ G₂ Ṡ,False
karmini,KarmiNi,karmiNi,44,Bhaavapriya,S G2 M2 D1 N2 S,S N2 D1 M2 G2 S,S G₂ M₂ D₁ N₂ Ṡ,S N₂ D₁ M₂ G₂ Ṡ,False
malatipriya,MAlatipriyA,mAlatipriyA,44,Bhaavapriya,S R1 G2 M2 P D1 N2 D1 S,S N2 D1 P M2 G2 R1 S,S R₁ G₂ M₂ P D₁ N₂ D₁ Ṡ,S N₂ D₁ P M₂ G₂ R₁ Ṡ,False
mallaru,MallAru,mallAru,44,Bhaavapriya,S R1 G2 M2 P N2 S,S N2 P M2 G2 R1 S,S R₁ G₂ M₂ P N₂ Ṡ,S N₂ P M₂ G₂ R₁ Ṡ,False
mallaru,MallAru,mallAru,44,Bhaavapriya,S R1 M2 G2 M2 P D1 P S,S D1 P M2 R1 S,S R₁ M₂ G₂ M₂ P D₁ P Ṡ,S D₁ P M₂ R₁ Ṡ,False
marakataprabha,MarakataprabhA,marakataprabhA,44,Bhaavapriya,S R1 M2 P D1 N2 S,S N2 D1 P M2 G2 R1 S,S R₁ M₂ P D₁ N₂ Ṡ,S N₂ D₁ P M₂ G₂ R₁ Ṡ,False
mayuradhvani,MayUradhvani,mayUradhvani,44,Bhaavapriya,S R1 G2 M2 P D1 N2 S,S D1 N2 D1 P M2 P G2 R1 S,S R₁ G₂ M₂ P D₁ N₂ Ṡ,S D₁ N₂ D₁ P M₂ P G₂ R₁ Ṡ,False
mecabangala,MEcabangALa,mEcabangALa,44,Bhaavapriya,S R1 G2 M2 P N2 S,S D1 P M2 G2 R1 S,S R₁ G₂ M₂ P N₂ Ṡ,S D₁ P M₂ G₂ R₁ Ṡ,False
mecabangala,MEcabangAla,mEcabangAla,44,Bhaavapriya,S R1 G2 M2 P N2 S,S N2 D1 P M2 G2 R1 S,S R₁ G₂ M₂ P N₂ Ṡ,S N₂ D₁ P M₂ G₂ R₁ Ṡ,False
nadarupini,NAdarUpiNi,nAdarUpiNi,44,Bhaavapriya,S G2 R1 G2 M2 P D1 N2 S,S N2 D1 P M2 G2 R1 S,S G₂ R₁ G₂ M₂ P D₁ N₂ Ṡ,S N₂ D₁ P M₂ G₂ R₁ Ṡ,False
panamdaman,PanamdAman,panamdAman,44,Bhaavapriya,S R1 M2 P D1 S,S D1 P M2 R1 S,S R₁ M₂ P D₁ Ṡ,S D₁ P M₂ R₁ Ṡ,False
pandi,PANDi,PANDi,44,Bhaavapriya,S R1 G2 M2 P D1 P N2 S,S N2 D1 P M2 G2 R1 S,S R₁ G₂ M₂ P D₁ P N₂ Ṡ,S N₂ D₁ P M₂ G₂ R₁ Ṡ,False
pandi,PANDi,pANDi,44,Bhaavapriya,S R1 P D1 S,S N2 D1 P D1 M2 G2 R1 S,S R₁ P D₁ Ṡ,S N₂ D₁ P D₁ M₂ G₂ R₁ Ṡ,False
parandaman,ParandAman,parandAman,44,Bhaavapriya,S R1 M2 P D1 S,S D1 P M2 R1 S,S R₁ M₂ P D₁ Ṡ,S D₁ P M₂ R₁ Ṡ,False
pratici,PratIci,pratIci,44,Bhaavapriya,S R1 M2 D1 N2 S,S N2 D1 M2 R1 S,S R₁ M₂ D₁ N₂ Ṡ,S N₂ D₁ M₂ R₁ Ṡ,False
ragavahini,RAgavAhini,rAgavAhini,44,Bhaavapriya,S P M2 G2 R1 D1 N2 S,S N2 P D1 N2 P M2 G2 R1 S,S P M₂ G₂ R₁ D₁ N₂ Ṡ,S N₂ P D₁ N₂ P M₂ G₂ R₁ Ṡ,False
ragavahini,RAgavAhini,rAgavAhini,44,Bhaavapriya,S P M2 G2 R1 S D1 N2 S,S P N2 D1 N2 P M2 G2 R1 S,S P M₂ G₂ R₁ Ṡ D₁ N₂ Ṡ,S P N₂ D₁ N₂ P M₂ G₂ R₁ Ṡ,False
ragavahini,RAgavAhini,rAgavAhini,44,Bhaavapriya,S P M2 G2 R1 S D1 N2 S,S P N2 D1 P M2 G2 R1 S,S P M₂ G₂ R₁ Ṡ D₁ N₂ Ṡ,S P N₂ D₁ P M₂ G₂ R₁ Ṡ,False
rajasaranga,RAjasAranga,rAjasAranga,44,Bhaavapriya,S R1 G2 M2 P D1 N2 S,S N2 D1 P M2 R1 G2 M2 R1 S,S R₁ G₂ M₂ P D₁ N₂ Ṡ,S N₂ D₁ P M₂ R₁ G₂ M₂ R₁ Ṡ,False
rohanakalyani,ROhaNakalyANi,rOhaNakalyANi,44,Bhaavapriya,S G2 M2 D1 N2 S,S N2 D1 P M2 G2 R1 S,S G₂ M₂ D₁ N₂ Ṡ,S N₂ D₁ P M₂ G₂ R₁ Ṡ,False
samantamaruva,SAmantamAruva,sAmantamAruva,44,Bhaavapriya,S R1 G2 M2 D1 N2 S,S N2 D1 P M2 G2 R1 S,S R₁ G₂ M₂ D₁ N₂ Ṡ,S N₂ D₁ P M₂ G₂ R₁ Ṡ,False
samantavelavali,SAmantavELAvaLi,sAmantavELAvaLi,44,Bhaavapriya,S R1 G2 M2 D1 N2 D1 S,S N2 D1 P M2 G2 R1 S,S R₁ G₂ M₂ D₁ N₂ D₁ Ṡ,S N₂ D₁ P M₂ G₂ R₁ Ṡ,False
samantavelavali,SAmantavELAvaLi,sAmantavELAvaLi,44,Bhaavapriya,S R1 G2 M2 P D1 S,S N2 D1 P M2 G2 R1 S,S R₁ G₂ M₂ P D₁ Ṡ,S N₂ D₁ P M₂ G₂ R₁ Ṡ,False
sarangamaruva,SArangamAruva,sArangamAruva,44,Bhaavapriya,S R1 G2 M2 D1 N2 S,S N2 D1 M2 P G2 R1 S,S R₁ G₂ M₂ D₁ N₂ Ṡ,S N₂ D₁ M₂ P G₂ R₁ Ṡ,False
sarangamaruva,SArangamAruva,sArangamAruva,44,Bhaavapriya,S R1 G2 M2 D1 N2 S,S N2 D1 P M2 G2 R1 S,S R₁ G₂ M₂ D₁ N₂ Ṡ,S N₂ D₁ P M₂ G₂ R₁ Ṡ,False
sarasiruham,SarasIruham,sarasIruham,44,Bhaavapriya,S R1 G2 M2 D1 N2 D1 S,S D1 P M2 P G2 M2 R1 S,S R₁ G₂ M₂ D₁ N₂ D₁ Ṡ,S D₁ P M₂ P G₂ M₂ R₁ Ṡ,False
sarasiruham,SarasIruham,sarasIruham,44,Bhaavapriya,S R1 G2 M2 D1 N2 D1 S,S N2 D1 M2 G2 R1 S,S R₁ G₂ M₂ D₁ N₂ D₁ Ṡ,S N₂ D₁ M₂ G₂ R₁ Ṡ,False
sarasiruham,SarasIruham,sarasIruham,44,Bhaavapriya,S R1 G2 M2 D1 N2 S,S N2 D1 P M2 D1 P M2 G2 R1 S,S R₁ G₂ M₂ D₁ N₂ Ṡ,S N₂ D₁ P M₂ D₁ P M₂ G₂ R₁ Ṡ,False
sarasiruham,SarasIruham,sarasIruham,44,Bhaavapriya,S R1 G2 M2 D1 N2 S,S N2 D1 P M2 G2 R1 S,S R₁ G₂ M₂ D₁ N₂ Ṡ,S N₂ D₁ P M₂ G₂ R₁ Ṡ,False
sarasiruham,SarasIruham,sarasIruham,44,Bhaavapriya,S R1 G2 M2 P D1 N2 S,S N2 D1 M2 G2 R1 S,S R₁ G₂ M₂ P D₁ N₂ Ṡ,S N₂ D₁ M₂ G₂ R₁ Ṡ,False
saravardhini,SAravardhini,sAravardhini,44,Bhaavapriya,S R1 G2 M2 D1 P D1 N2 S,S N2 P D1 P M2 G2 R1 S,S R₁ G₂ M₂ D₁ P D₁ N₂ Ṡ,S N₂ P D₁ P M₂ G₂ R₁ Ṡ,False
saravardhini,SAravardhini,sAravardhini,44,Bhaavapriya,S R1 G2 M2 D1 P D1 N2 S,S N2 P M2 R1 M2 R1 S,S R₁ G₂ M₂ D₁ P D₁ N₂ Ṡ,S N₂ P M₂ R₁ M₂ R₁ Ṡ,False
saunakiyam,SaunakIyam,saunakIyam,44,Bhaavapriya,S R1 G2 M2 P D1 N2 S,S N2 D1 P M2 G2 S,S R₁ G₂ M₂ P D₁ N₂ Ṡ,S N₂ D₁ P M₂ G₂ Ṡ,False
sauviram,SauvIram,sauvIram,44,Bhaavapriya,S R1 G2 M2 P D1 N2 S,S D1 P M2 G2 R1 S,S R₁ G₂ M₂ P D₁ N₂ Ṡ,S D₁ P M₂ G₂ R₁ Ṡ,False
shauram,Shauram,shauram,44,Bhaavapriya,S R1 G2 M2 P D1 N2 S,S N2 P M2 G2 R1 S,S R₁ G₂ M₂ P D₁ N₂ Ṡ,S N₂ P M₂ G₂ R₁ Ṡ,False
shivapriya,ShivapriyA,shivapriyA,44,Bhaavapriya,S R1 G2 M2 D1 N2 S,S N2 D1 M2 G2 R1 S,S R₁ G₂ M₂ D₁ N₂ Ṡ,S N₂ D₁ M₂ G₂ R₁ Ṡ,False
tadishi,TadIshi,tadIshi,44,Bhaavapriya,S G2 M2 P S,S N2 D1 P M2 G2 R1 S,S G₂ M₂ P Ṡ,S N₂ D₁ P M₂ G₂ R₁ Ṡ,False
tagasu,Tagasu,tagasu,44,Bhaavapriya,S G2 P D1 N2 S,S N2 D1 P M2 G2 R1 S,S G₂ P D₁ N₂ Ṡ,S N₂ D₁ P M₂ G₂ R₁ Ṡ,False
tagattaridaram,TagaTTaridAram,tagaTTaridAram,44,Bhaavapriya,S R1 G2 P N2 S,S N2 D1 P M2 G2 R1 S,S R₁ G₂ P N₂ Ṡ,S N₂ D₁ P M₂ G₂ R₁ Ṡ,False
takkanakkini,TakkaNAkkini,takkaNAkkini,44,Bhaavapriya,S R1 G2 M2 P N2 S,S D1 P M2 G2 S,S R₁ G₂ M₂ P N₂ Ṡ,S D₁ P M₂ G₂ Ṡ,False
tamam,Tamam,tamam,44,Bhaavapriya,S G2 M2 D1 S,S N2 P G2 R1 S,S G₂ M₂ D₁ Ṡ,S N₂ P G₂ R₁ Ṡ,False
tamani,Tamani,tamani,44,Bhaavapriya,S R1 M2 D1 S,S N2 P G2 S,S R₁ M₂ D₁ Ṡ,S N₂ P G₂ Ṡ,False
tamaniyam,TamanIyam,tamanIyam,44,Bhaavapriya,S G2 P N2 S,S D1 M2 R1 S,S G₂ P N₂ Ṡ,S D₁ M₂ R₁ Ṡ,False
tamarattai,Tamarattai,tamarattai,44,Bhaavapriya,S M2 P D1 S,S N2 P G2 R1 S,S M₂ P D₁ Ṡ,S N₂ P G₂ R₁ Ṡ,False
tamashai,Tamashai,tamashai,44,Bhaavapriya,S G2 P N2 S,S D1 M2 G2 R1 S,S G₂ P N₂ Ṡ,S D₁ M₂ G₂ R₁ Ṡ,False
tanavam,TaNavam,taNavam,44,Bhaavapriya,S R1 G2 P N2 S,S D1 P M2 G2 R1 S,S R₁ G₂ P N₂ Ṡ,S D₁ P M₂ G₂ R₁ Ṡ,False
tandurai,Tandurai,tandurai,44,Bhaavapriya,S G2 P D1 S,S N2 P M2 G2 R1 S,S G₂ P D₁ Ṡ,S N₂ P M₂ G₂ R₁ Ṡ,False
tapalai,Tapalai,tapalai,44,Bhaavapriya,S G2 P N2 S,S D1 P M2 G2 R1 S,S G₂ P N₂ Ṡ,S D₁ P M₂ G₂ R₁ Ṡ,False
tapaniyam,TapanIyam,tapanIyam,44,Bhaavapriya,S R1 M2 P D1 S,S P G2 S,S R₁ M₂ P D₁ Ṡ,S P G₂ Ṡ,False
tappili,Tappili,tappili,44,Bhaavapriya,S R1 M2 P N2 S,S D1 P G2 S,S R₁ M₂ P N₂ Ṡ,S D₁ P G₂ Ṡ,False
tatakatanmalai,TATAkatanmAlai,tATAkatanmAlai,44,Bhaavapriya,S G2 P D1 S,S N2 D1 P M2 G2 R1 S,S G₂ P D₁ Ṡ,S N₂ D₁ P M₂ G₂ R₁ Ṡ,False
tattangi,TattAngi,tattAngi,44,Bhaavapriya,S R1 G2 M2 P D1 S,S D1 M2 G2 S,S R₁ G₂ M₂ P D₁ Ṡ,S D₁ M₂ G₂ Ṡ,False
tattanuppi,TaTTAnuppi,taTTAnuppi,44,Bhaavapriya,S R1 G2 P D1 S,S N2 P M2 G2 R1 S,S R₁ G₂ P D₁ Ṡ,S N₂ P M₂ G₂ R₁ Ṡ,False
tavasarasiruha,TavasarasIruha,tavasarasIruha,44,Bhaavapriya,S R1 G2 M2 D1 P N2 S,S N2 D1 M2 G2 R1 S,S R₁ G₂ M₂ D₁ P N₂ Ṡ,S N₂ D₁ M₂ G₂ R₁ Ṡ,False
ugran,Ugran,ugran,44,Bhaavapriya,S R1 G2 M2 D1 S,S D1 M2 G2 R1 S,S R₁ G₂ M₂ D₁ Ṡ,S D₁ M₂ G₂ R₁ Ṡ,False
valavan,Valavan,valavan,44,Bhaavapriya,S R1 G2 M2 P D1 S,S D1 P M2 G2 R1 S,S R₁ G₂ M₂ P D₁ Ṡ,S D₁ P M₂ G₂ R₁ Ṡ,False
vallavan,Vallavan,vallavan,44,Bhaavapriya,S R1 G2 M2 P D1 S,S N2 D1 N2 P M2 G2 M2 R1 S,S R₁ G₂ M₂ P D₁ Ṡ,S N₂ D₁ N₂ P M₂ G₂ M₂ R₁ Ṡ,False
vedika,VEdika,vEdika,44,Bhaavapriya,S R1 G2 M2 N2 S,S N2 M2 G2 R1 S,S R₁ G₂ M₂ N₂ Ṡ,S N₂ M₂ G₂ R₁ Ṡ,False
shivapantuvaraali,ShivapantuvaraaLi,shivapantuvaraaLi,45,ShubhapantuvaraaLi,S R1 G2 M2 P D1 N3 S,S N3 D1 P M2 G2 R1 S,S R₁ G₂ M₂ P D₁ N₃ Ṡ,S N₃ D₁ P M₂ G₂ R₁ Ṡ,False
agamapriya,AgamapriyA,agamapriyA,45,ShubhapantuvaraaLi,S R1 G2 M2 P M2 D1 N3 S,S N3 P D1 N3 P M2 G2 R1 G2 S,S R₁ G₂ M₂ P M₂ D₁ N₃ Ṡ,S N₃ P D₁ N₃ P M₂ G₂ R₁ G₂ Ṡ,False
airavati,AirAvati,airAvati,45,ShubhapantuvaraaLi,S R1 G2 M2 P N3 S,S N3 P M2 G2 R1 S,S R₁ G₂ M₂ P N₃ Ṡ,S N₃ P M₂ G₂ R₁ Ṡ,False
arunangi,AruNAngi,aruNAngi,45,ShubhapantuvaraaLi,S R1 M2 P N3 D1 S,S N3 D1 M2 R1 G2 S,S R₁ M₂ P N₃ D₁ Ṡ,S N₃ D₁ M₂ R₁ G₂ Ṡ,False
bhanudhanyasi,BhAnudhanyAsi,bhAnudhanyAsi,45,ShubhapantuvaraaLi,S R1 G2 M2 N3 D1 N3,D1 P M2 G2 R1 S R1 S,S R₁ G₂ M₂ N₃ D₁ N₃,D₁ P M₂ G₂ R₁ Ṡ R₁ Ṡ,False
bhanudhanyasi,BhAnudhanyAsi,bhAnudhanyAsi,45,ShubhapantuvaraaLi,S R1 G2 N3 D1 N3,D1 P M2 G2 R1 S N3 S,S R₁ G₂ N₃ D₁ N₃,D₁ P M₂ G₂ R₁ Ṡ N₃ Ṡ,False
bhanugirvani,BhAnugIrvANi,bhAnugIrvANi,45,ShubhapantuvaraaLi,S R1 G2 M2 P D1 N3 S,S N3 D1 M2 G2 R1 S,S R₁ G₂ M₂ P D₁ N₃ Ṡ,S N₃ D₁ M₂ G₂ R₁ Ṡ,False
bhanumukhi,BhAnumukhi,bhAnumukhi,45,ShubhapantuvaraaLi,S R1 G2 M2 P N3 S,S N3 D1 P M2 G2 R1 S,S R₁ G₂ M₂ P N₃ Ṡ,S N₃ D₁ P M₂ G₂ R₁ Ṡ,False
bharati,BhArati,bhArati,45,ShubhapantuvaraaLi,S R1 G2 M2 P D1 N3 S,S N3 S D1 P M2 G2 R1 S,S R₁ G₂ M₂ P D₁ N₃ Ṡ,S N₃ Ṡ D₁ P M₂ G₂ R₁ Ṡ,False
bhaumukhi,Bhaumukhi,bhaumukhi,45,ShubhapantuvaraaLi,S R1 G2 M2 P N3 S,S N3 D1 P M2 G2 R1 S,S R₁ G₂ M₂ P N₃ Ṡ,S N₃ D₁ P M₂ G₂ R₁ Ṡ,False
calakesari,CalakEsari,calakEsari,45,ShubhapantuvaraaLi,S R1 M2 P D1 N3 S,S D1 P M2 R1 S,S R₁ M₂ P D₁ N₃ Ṡ,S D₁ P M₂ R₁ Ṡ,False
caukabhiru,CaukabhIru,caukabhIru,45,ShubhapantuvaraaLi,S R1 G2 M2 P D1 N3 S,S D1 M2 G2 R1 S,S R₁ G₂ M₂ P D₁ N₃ Ṡ,S D₁ M₂ G₂ R₁ Ṡ,False
chayaranjani,ChAyAranjani,chAyAranjani,45,ShubhapantuvaraaLi,S G2 M2 P N3 S,S N3 D1 P M2 G2 S,S G₂ M₂ P N₃ Ṡ,S N₃ D₁ P M₂ G₂ Ṡ,False
dasanandini,DAsanandini,dAsanandini,45,ShubhapantuvaraaLi,S R1 G2 P N3 S,S D1 P M2 G2 R1 S,S R₁ G₂ P N₃ Ṡ,S D₁ P M₂ G₂ R₁ Ṡ,False
daureyani,DaurEyani,daurEyani,45,ShubhapantuvaraaLi,S R1 G2 M2 D1 N3 S,S N3 D1 P M2 G2 R1 S,S R₁ G₂ M₂ D₁ N₃ Ṡ,S N₃ D₁ P M₂ G₂ R₁ Ṡ,False
daureyani,DaurEyani,daurEyani,45,ShubhapantuvaraaLi,S R1 G2 M2 N3 S,S N3 D1 P M2 G2 R1 S,S R₁ G₂ M₂ N₃ Ṡ,S N₃ D₁ P M₂ G₂ R₁ Ṡ,False
divyakuntala,DivyakuntaLa,divyakuntaLa,45,ShubhapantuvaraaLi,S R1 G2 M2 P D1 S,S N3 D1 P M2 G2 R1 S,S R₁ G₂ M₂ P D₁ Ṡ,S N₃ D₁ P M₂ G₂ R₁ Ṡ,False
gamakasamantam,GamakasAmantam,gamakasAmantam,45,ShubhapantuvaraaLi,S G2 M2 P N3 S,S N3 D1 P M2 G2 R1 S,S G₂ M₂ P N₃ Ṡ,S N₃ D₁ P M₂ G₂ R₁ Ṡ,False
garudapriya,GaruDapriyA,garuDapriyA,45,ShubhapantuvaraaLi,S M2 P D1 N3 S,S R1 S D1 P M2 R1 G2 R1 S,S M₂ P D₁ N₃ Ṡ,S R₁ Ṡ D₁ P M₂ R₁ G₂ R₁ Ṡ,False
garudavardhini,GaruDavardhini,garuDavardhini,45,ShubhapantuvaraaLi,S R1 G2 M2 N3 D1 M2 P D1 N3,S N3 P M2 R1 S,S R₁ G₂ M₂ N₃ D₁ M₂ P D₁ N₃,S N₃ P M₂ R₁ Ṡ,False
govardini,GOvardini,gOvardini,45,ShubhapantuvaraaLi,S R1 G2 P D1 S,S N3 D1 P M2 G2 R1 S,S R₁ G₂ P D₁ Ṡ,S N₃ D₁ P M₂ G₂ R₁ Ṡ,False
himaja,Himaja,himaja,45,ShubhapantuvaraaLi,S R1 G2 M2 D1 M2 P D1 N3 S,S N3 D1 P M2 R1 M2 G2 R1 S,S R₁ G₂ M₂ D₁ M₂ P D₁ N₃ Ṡ,S N₃ D₁ P M₂ R₁ M₂ G₂ R₁ Ṡ,False
jalakesari,JAlakEsari,jAlakEsari,45,ShubhapantuvaraaLi,S R1 M2 P D1 N3 S,S D1 P M2 R1 S,S R₁ M₂ P D₁ N₃ Ṡ,S D₁ P M₂ R₁ Ṡ,False
kamalabharanam,KamalAbharaNam,kamalAbharaNam,45,ShubhapantuvaraaLi,S R1 G2 M2 P N3 D1 S,S N3 D1 P N3 D1 M2 G2 R1 S,S R₁ G₂ M₂ P N₃ D₁ Ṡ,S N₃ D₁ P N₃ D₁ M₂ G₂ R₁ Ṡ,False
kamaprabha,KAmaprabhA,kAmaprabhA,45,ShubhapantuvaraaLi,S R1 G2 M2 D1 N3 S,S N3 D1 M2 G2 R1 S,S R₁ G₂ M₂ D₁ N₃ Ṡ,S N₃ D₁ M₂ G₂ R₁ Ṡ,False
kamaranjani,KAmaranjani,kAmaranjani,45,ShubhapantuvaraaLi,S R1 G2 R1 M2 P D1 N3 S,S N3 D1 M2 G2 R1 G2 S,S R₁ G₂ R₁ M₂ P D₁ N₃ Ṡ,S N₃ D₁ M₂ G₂ R₁ G₂ Ṡ,False
kamaranjani,KAmaranjani,kAmaranjani,45,ShubhapantuvaraaLi,S R1 G2 R1 M2 P D1 N3 S,S N3 D1 P M2 G2 R1 G2 S,S R₁ G₂ R₁ M₂ P D₁ N₃ Ṡ,S N₃ D₁ P M₂ G₂ R₁ G₂ Ṡ,False
kanakadiparam,KanakadIpAram,kanakadIpAram,45,ShubhapantuvaraaLi,S G2 M2 P D1 P N3,D1 P M2 G2 R1 S N3 S,S G₂ M₂ P D₁ P N₃,D₁ P M₂ G₂ R₁ Ṡ N₃ Ṡ,False
kanakadiparam,KanakadIpAram,kanakadIpAram,45,ShubhapantuvaraaLi,S G2 M2 P D1 P N3,D1 P M2 G2 R1 S N3,S G₂ M₂ P D₁ P N₃,D₁ P M₂ G₂ R₁ Ṡ N₃,False
kanjapunji,Kanjapunji,kanjapunji,45,ShubhapantuvaraaLi,S R1 G2 M2 P M2 N2 D2 S,S N2 D2 P M2 G2 R1 S,S R₁ G₂ M₂ P M₂ N₂ D₂ Ṡ,S N₂ D₂ P M₂ G₂ R₁ Ṡ,False
kantaraksasa,KAntarakSasa,kAntarakSasa,45,ShubhapantuvaraaLi,S R1 G2 R1 M2 P D1 N3 S,S D1 P M2 G2 R1 S,S R₁ G₂ R₁ M₂ P D₁ N₃ Ṡ,S D₁ P M₂ G₂ R₁ Ṡ,False
kridamati,KrIDamati,krIDamati,45,ShubhapantuvaraaLi,S R1 G2 M2 P D1 N3 S,S D1 P G2 R1 S,S R₁ G₂ M₂ P D₁ N₃ Ṡ,S D₁ P G₂ R₁ Ṡ,False
kumudacandrika,KumudacandrikA,kumudacandrikA,45,ShubhapantuvaraaLi,S G2 M2 D1 S,S N3 D1 M2 G2 R1 S,S G₂ M₂ D₁ Ṡ,S N₃ D₁ M₂ G₂ R₁ Ṡ,False
latamani,LatAmaNi,latAmaNi,45,ShubhapantuvaraaLi,S R1 G2 P M2 P D1 P S,S N3 D1 P M2 D1 M2 G2 R1 S,S R₁ G₂ P M₂ P D₁ P Ṡ,S N₃ D₁ P M₂ D₁ M₂ G₂ R₁ Ṡ,False
latamati,LatAmati,latAmati,45,ShubhapantuvaraaLi,S R1 G2 P M2 P D1 P S,S N3 D1 P M2 D1 M2 G2 R1 S,S R₁ G₂ P M₂ P D₁ P Ṡ,S N₃ D₁ P M₂ D₁ M₂ G₂ R₁ Ṡ,False
madaranjani,MAdaranjani,mAdaranjani,45,ShubhapantuvaraaLi,S R1 G2 M2 P D1 N3 S,S N3 P M2 G2 R1 S,S R₁ G₂ M₂ P D₁ N₃ Ṡ,S N₃ P M₂ G₂ R₁ Ṡ,False
mahanandini,MahAnandini,mahAnandini,45,ShubhapantuvaraaLi,S M2 G2 M2 P D1 N3 S,S D1 N3 D1 M2 G2 R1 S,S M₂ G₂ M₂ P D₁ N₃ Ṡ,S D₁ N₃ D₁ M₂ G₂ R₁ Ṡ,False
maladharini,MAlAdhAriNi,mAlAdhAriNi,45,ShubhapantuvaraaLi,S G2 M2 P D1 N3 S,S N3 D1 P M2 G2 S,S G₂ M₂ P D₁ N₃ Ṡ,S N₃ D₁ P M₂ G₂ Ṡ,False
maruvavasantam,MAruvavasantam,mAruvavasantam,45,ShubhapantuvaraaLi,S M2 G2 M2 P D1 N3 S,S N3 P D1 M2 G2 R1 S,S M₂ G₂ M₂ P D₁ N₃ Ṡ,S N₃ P D₁ M₂ G₂ R₁ Ṡ,False
matannini,MAtannini,mAtannini,45,ShubhapantuvaraaLi,S R1 G2 P D1 S,S N3 P M2 G2 R1 S,S R₁ G₂ P D₁ Ṡ,S N₃ P M₂ G₂ R₁ Ṡ,False
mayadharini,MAyAdhAriNi,mAyAdhAriNi,45,ShubhapantuvaraaLi,S G2 M2 P D1 N3 S,S N3 D1 P M2 G2 S,S G₂ M₂ P D₁ N₃ Ṡ,S N₃ D₁ P M₂ G₂ Ṡ,False
mayuradhvani,MayUradhvani,mayUradhvani,45,ShubhapantuvaraaLi,S R1 M2 P D1 N3 S,S N3 D1 P M2 R1 S,S R₁ M₂ P D₁ N₃ Ṡ,S N₃ D₁ P M₂ R₁ Ṡ,False
mecamanohari,MEcamanOhari,mEcamanOhari,45,ShubhapantuvaraaLi,S G2 M2 P D1 P N3 S,S N3 D1 M2 G2 R1 S,S G₂ M₂ P D₁ P N₃ Ṡ,S N₃ D₁ M₂ G₂ R₁ Ṡ,False
mecamanohari,MEcamanOhari,mEcamanOhari,45,ShubhapantuvaraaLi,S R1 S G2 M2 P D1 P N3 S,S N3 D1 M2 G2 R1 S,S R₁ Ṡ G₂ M₂ P D₁ P N₃ Ṡ,S N₃ D₁ M₂ G₂ R₁ Ṡ,False
multani,MultAni,multAni,45,ShubhapantuvaraaLi,S G2 M2 P N3 S,S N3 D1 P M2 G2 R1 S,S G₂ M₂ P N₃ Ṡ,S N₃ D₁ P M₂ G₂ R₁ Ṡ,False
nagapancamam,NAgapancamam,nAgapancamam,45,ShubhapantuvaraaLi,S G2 M2 P N3 S,S N3 D1 P M2 G2 R1 S,S G₂ M₂ P N₃ Ṡ,S N₃ D₁ P M₂ G₂ R₁ Ṡ,False
namagan,NAmagan,nAmagan,45,ShubhapantuvaraaLi,S G2 M2 P N3 S,S D1 P G2 R1 S,S G₂ M₂ P N₃ Ṡ,S D₁ P G₂ R₁ Ṡ,False
namaprabha,NAmaprabhA,nAmaprabhA,45,ShubhapantuvaraaLi,S R1 G2 M2 D1 N3 S,S N3 D1 M2 G2 R1 S,S R₁ G₂ M₂ D₁ N₃ Ṡ,S N₃ D₁ M₂ G₂ R₁ Ṡ,False
nattaragam,NATTarAgam,nATTarAgam,45,ShubhapantuvaraaLi,S R1 G2 M2 P D1 N3 S,S N3 D1 P M2 G2 R1 S,S R₁ G₂ M₂ P D₁ N₃ Ṡ,S N₃ D₁ P M₂ G₂ R₁ Ṡ,False
pancamanata,PancamanATa,pancamanATa,45,ShubhapantuvaraaLi,S R1 G2 M2 N3 S,S N3 D1 P M2 G2 R1 S,S R₁ G₂ M₂ N₃ Ṡ,S N₃ D₁ P M₂ G₂ R₁ Ṡ,False
pantuvarali,PantuvarALi,pantuvarALi,45,ShubhapantuvaraaLi,S R1 G2 M2 P D1 N3 S,S N3 D1 P M2 D1 M2 G2 R1 S,S R₁ G₂ M₂ P D₁ N₃ Ṡ,S N₃ D₁ P M₂ D₁ M₂ G₂ R₁ Ṡ,False
parai,Parai,parai,45,ShubhapantuvaraaLi,S R1 M2 P N3 S,S M2 P M2 R1 S,S R₁ M₂ P N₃ Ṡ,S M₂ P M₂ R₁ Ṡ,False
parpati,PArpati,pArpati,45,ShubhapantuvaraaLi,S G2 M2 P N3 S,S N3 P M2 G2 S,S G₂ M₂ P N₃ Ṡ,S N₃ P M₂ G₂ Ṡ,False
parvati,PArvati,pArvati,45,ShubhapantuvaraaLi,S G2 M2 P N3 S,S N3 D1 P M2 G2 S,S G₂ M₂ P N₃ Ṡ,S N₃ D₁ P M₂ G₂ Ṡ,False
prabhasa,PrabhAsa,prabhAsa,45,ShubhapantuvaraaLi,S R1 G2 M2 P D1 S,S N3 D1 P M2 G2 R1 G2 M2 G2 S,S R₁ G₂ M₂ P D₁ Ṡ,S N₃ D₁ P M₂ G₂ R₁ G₂ M₂ G₂ Ṡ,False
ramkali,RAmkali,rAmkali,45,ShubhapantuvaraaLi,S R1 G2 P D1 S,S N3 D1 P M2 G2 R1 S,S R₁ G₂ P D₁ Ṡ,S N₃ D₁ P M₂ G₂ R₁ Ṡ,False
ratnagarbha,Ratnagarbha,ratnagarbha,45,ShubhapantuvaraaLi,S R1 G2 M2 N3 S,S N3 M2 G2 R1 S,S R₁ G₂ M₂ N₃ Ṡ,S N₃ M₂ G₂ R₁ Ṡ,False
rudramanjari,Rudramanjari,rudramanjari,45,ShubhapantuvaraaLi,S R1 G2 P N3 D1 S,S N3 D1 P M2 G2 R1 S,S R₁ G₂ P N₃ D₁ Ṡ,S N₃ D₁ P M₂ G₂ R₁ Ṡ,False
sadaksari,SaDAkSari,saDAkSari,45,ShubhapantuvaraaLi,S G2 R1 G2 M2 P D1 N3 S,S N3 D1 M2 G2 R1 S,S G₂ R₁ G₂ M₂ P D₁ N₃ Ṡ,S N₃ D₁ M₂ G₂ R₁ Ṡ,False
sanatanapantuvarali,SanAtanapantuvarALi,sanAtanapantuvarALi,45,ShubhapantuvaraaLi,S R1 G2 M2 P D1 N3 S,S N3 D1 P M2 D1 M2 G2 R1 S,S R₁ G₂ M₂ P D₁ N₃ Ṡ,S N₃ D₁ P M₂ D₁ M₂ G₂ R₁ Ṡ,False
shekharacandrika,ShEkharacandrikA,shEkharacandrikA,45,ShubhapantuvaraaLi,S R1 G2 M2 N3 D1 N3 S,S N3 D1 M2 G2 R1 S,S R₁ G₂ M₂ N₃ D₁ N₃ Ṡ,S N₃ D₁ M₂ G₂ R₁ Ṡ,False
shivapantuvarali,ShivapantuvarALi,shivapantuvarALi,45,ShubhapantuvaraaLi,S R1 G2 M2 P D1 N3 S,S N3 D1 P M2 G2 R1 S,S R₁ G₂ M₂ P D₁ N₃ Ṡ,S N₃ D₁ P M₂ G₂ R₁ Ṡ,False
shritaru,ShrItaru,shrItaru,45,ShubhapantuvaraaLi,S R1 G2 M2 P D1 N3 S,S D1 P M2 G2 S,S R₁ G₂ M₂ P D₁ N₃ Ṡ,S D₁ P M₂ G₂ Ṡ,False
shrngamola,ShrngamOla,shrngamOla,45,ShubhapantuvaraaLi,S G2 R1 G2 M2 D1 P D1 N3 S,S N3 D1 P M2 G2 R1 S,S G₂ R₁ G₂ M₂ D₁ P D₁ N₃ Ṡ,S N₃ D₁ P M₂ G₂ R₁ Ṡ,False
shubhali,ShubhALi,shubhALi,45,ShubhapantuvaraaLi,S R1 G2 M2 D1 N3 S,S N3 D1 M2 G2 R1 S,S R₁ G₂ M₂ D₁ N₃ Ṡ,S N₃ D₁ M₂ G₂ R₁ Ṡ,False
shubhamayuradhvani,ShubhamayUradhvani,shubhamayUradhvani,45,ShubhapantuvaraaLi,S R1 M2 P D1 N3 S,S N3 D1 P M2 R1 S,S R₁ M₂ P D₁ N₃ Ṡ,S N₃ D₁ P M₂ R₁ Ṡ,False
shubhapantuvarali,ShubhapantuvarALi,shubhapantuvarALi,45,ShubhapantuvaraaLi,S R1 G2 M2 P D1 N3 S,S N3 D1 P M2 G2 R1 S,S R₁ G₂ M₂ P D₁ N₃ Ṡ,S N₃ D₁ P M₂ G₂ R₁ Ṡ,False
shubhavali,ShubhAvaLi,shubhAvaLi,45,ShubhapantuvaraaLi,S R1 G2 M2 P D1 N3 S,S N3 P M2 G2 R1 S,S R₁ G₂ M₂ P D₁ N₃ Ṡ,S N₃ P M₂ G₂ R₁ Ṡ,False
shubhavarali,ShubhavarALi,shubhavarALi,45,ShubhapantuvaraaLi,S M2 R1 G2 M2 P D1 N3,D1 P M2 G2 R1 S N3 S,S M₂ R₁ G₂ M₂ P D₁ N₃,D₁ P M₂ G₂ R₁ Ṡ N₃ Ṡ,False
shubhavati,ShubhAvati,shubhAvati,45,ShubhapantuvaraaLi,S R1 G2 M2 P D1 N3 S,S N3 P M2 R1 S,S R₁ G₂ M₂ P D₁ N₃ Ṡ,S N₃ P M₂ R₁ Ṡ,False
shubravarali,ShubravarALi,shubravarALi,45,ShubhapantuvaraaLi,S G2 M2 P D1 N3 S,S N3 P D1 P M2 G2 R1 M2 G2 S,S G₂ M₂ P D₁ N₃ Ṡ,S N₃ P D₁ P M₂ G₂ R₁ M₂ G₂ Ṡ,False
shuddhabillari,ShuddhabillAri,shuddhabillAri,45,ShubhapantuvaraaLi,S R1 M2 P M2 D1 N3 S,S N3 P M2 G2 R1 S,S R₁ M₂ P M₂ D₁ N₃ Ṡ,S N₃ P M₂ G₂ R₁ Ṡ,False
shuddhasvaravali,ShuddhasvarAvaLi,shuddhasvarAvaLi,45,ShubhapantuvaraaLi,S G2 M2 P M2 D1 N3 S,S N3 D1 M2 G2 S,S G₂ M₂ P M₂ D₁ N₃ Ṡ,S N₃ D₁ M₂ G₂ Ṡ,False
shuddhasvaravali,ShuddhasvarAvaLi,shuddhasvarAvaLi,45,ShubhapantuvaraaLi,S R1 G2 M2 P M2 D1 N3 S,S N3 D1 M2 G2 S,S R₁ G₂ M₂ P M₂ D₁ N₃ Ṡ,S N₃ D₁ M₂ G₂ Ṡ,False
sindhuramakriya,SindhurAmakriyA,sindhurAmakriyA,45,ShubhapantuvaraaLi,S R1 G2 M2 P D1 N3 S,S N3 D1 P M2 G2 R1 G2 S,S R₁ G₂ M₂ P D₁ N₃ Ṡ,S N₃ D₁ P M₂ G₂ R₁ G₂ Ṡ,False
suravarali,SuravarALi,suravarALi,45,ShubhapantuvaraaLi,S R1 M2 P D1 S,S N3 D1 P M2 G2 R1 S,S R₁ M₂ P D₁ Ṡ,S N₃ D₁ P M₂ G₂ R₁ Ṡ,False
svaratnadipika,SvaratnadIpika,svaratnadIpika,45,ShubhapantuvaraaLi,S R1 M2 G2 M2 P D1 N3 S,S D1 P M2 G2 R1 S,S R₁ M₂ G₂ M₂ P D₁ N₃ Ṡ,S D₁ P M₂ G₂ R₁ Ṡ,False
svarnadipika,SvarNadIpikA,svarNadIpikA,45,ShubhapantuvaraaLi,S R1 M2 G2 M2 P D1 N3 S,S D1 P M2 G2 R1 S,S R₁ M₂ G₂ M₂ P D₁ N₃ Ṡ,S D₁ P M₂ G₂ R₁ Ṡ,False
taksam,TakSam,takSam,45,ShubhapantuvaraaLi,S R1 G2 P D1 S,S N3 P M2 G2 S,S R₁ G₂ P D₁ Ṡ,S N₃ P M₂ G₂ Ṡ,False
taladhipan,TalAdhipan,talAdhipan,45,ShubhapantuvaraaLi,S R1 G2 M2 P D1 N3 S,S N3 P G2 R1 S,S R₁ G₂ M₂ P D₁ N₃ Ṡ,S N₃ P G₂ R₁ Ṡ,False
talappam,TaLappam,taLappam,45,ShubhapantuvaraaLi,S G2 M2 P D1 N3 S,S N3 P M2 G2 R1 S,S G₂ M₂ P D₁ N₃ Ṡ,S N₃ P M₂ G₂ R₁ Ṡ,False
talavyam,TAlavyam,tAlavyam,45,ShubhapantuvaraaLi,S R1 G2 M2 P N3 S,S D1 P G2 S,S R₁ G₂ M₂ P N₃ Ṡ,S D₁ P G₂ Ṡ,False
talicam,TALicam,tALicam,45,ShubhapantuvaraaLi,S G2 P D1 S,S N3 P M2 G2 R1 S,S G₂ P D₁ Ṡ,S N₃ P M₂ G₂ R₁ Ṡ,False
talu,TAlu,tAlu,45,ShubhapantuvaraaLi,S R1 G2 M2 D1 N3 S,S D1 M2 G2 S,S R₁ G₂ M₂ D₁ N₃ Ṡ,S D₁ M₂ G₂ Ṡ,False
tamalam,TAmAlam,tAmAlam,45,ShubhapantuvaraaLi,S R1 G2 M2 P D1 N3 S,S D1 P M2 G2 R1 S,S R₁ G₂ M₂ P D₁ N₃ Ṡ,S D₁ P M₂ G₂ R₁ Ṡ,False
tamanidhimalai,TAmanidhimAlai,tAmanidhimAlai,45,ShubhapantuvaraaLi,S G2 P D1 S,S N3 D1 P M2 G2 R1 S,S G₂ P D₁ Ṡ,S N₃ D₁ P M₂ G₂ R₁ Ṡ,False
tanavana,TanavanA,tanavanA,45,ShubhapantuvaraaLi,S R1 G2 M2 P N3 S,S D1 P M2 G2 S,S R₁ G₂ M₂ P N₃ Ṡ,S D₁ P M₂ G₂ Ṡ,False
tanittai,TaniTTai,taniTTai,45,ShubhapantuvaraaLi,S R1 G2 M2 D1 N3 S,S N3 P G2 R1 S,S R₁ G₂ M₂ D₁ N₃ Ṡ,S N₃ P G₂ R₁ Ṡ,False
tapaniyam,TApanIyam,tApanIyam,45,ShubhapantuvaraaLi,S R1 G2 M2 P D1 N3 S,S D1 P G2 S,S R₁ G₂ M₂ P D₁ N₃ Ṡ,S D₁ P G₂ Ṡ,False
tapincam,TApincam,tApincam,45,ShubhapantuvaraaLi,S G2 P N3 S,S N3 D1 P M2 G2 R1 S,S G₂ P N₃ Ṡ,S N₃ D₁ P M₂ G₂ R₁ Ṡ,False
tara,TArA,tArA,45,ShubhapantuvaraaLi,S R1 G2 M2 P D1 N3 S,S N3 D1 P M2 G2 S,S R₁ G₂ M₂ P D₁ N₃ Ṡ,S N₃ D₁ P M₂ G₂ Ṡ,False
tarakapatipriya,TArakapatipriyA,tArakapatipriyA,45,ShubhapantuvaraaLi,S R1 G2 M2 P D1 S,S N3 P G2 S,S R₁ G₂ M₂ P D₁ Ṡ,S N₃ P G₂ Ṡ,False
tarangu,Tarangu,tarangu,45,ShubhapantuvaraaLi,S R1 G2 M2 P D1 S,S N3 P M2 G2 R1 S,S R₁ G₂ M₂ P D₁ Ṡ,S N₃ P M₂ G₂ R₁ Ṡ,False
tarapati,TarApati,tarApati,45,ShubhapantuvaraaLi,S R1 G2 M2 P N3 S,S N3 D1 P M2 G2 R1 S,S R₁ G₂ M₂ P N₃ Ṡ,S N₃ D₁ P M₂ G₂ R₁ Ṡ,False
taratalam,TarAtalam,tarAtalam,45,ShubhapantuvaraaLi,S R1 G2 M2 P D1 S,S N3 D1 P M2 G2 R1 S,S R₁ G₂ M₂ P D₁ Ṡ,S N₃ D₁ P M₂ G₂ R₁ Ṡ,False
tarinjakam,Tarinjakam,tarinjakam,45,ShubhapantuvaraaLi,S R1 G2 M2 P D1 P S,S N3 D1 P M2 G2 R1 S,S R₁ G₂ M₂ P D₁ P Ṡ,S N₃ D₁ P M₂ G₂ R₁ Ṡ,False
tarinjakam,Tarinjakam,tarinjakam,45,ShubhapantuvaraaLi,S R1 G2 P D1 N3 S,S N3 D1 P M2 G2 R1 S,S R₁ G₂ P D₁ N₃ Ṡ,S N₃ D₁ P M₂ G₂ R₁ Ṡ,False
tarpakan,Tarpakan,tarpakan,45,ShubhapantuvaraaLi,S R1 G2 M2 P D1 N3 S,S N3 P M2 G2 S,S R₁ G₂ M₂ P D₁ N₃ Ṡ,S N₃ P M₂ G₂ Ṡ,False
taru,TAru,tAru,45,ShubhapantuvaraaLi,S R1 M2 P N3 S,S D1 M2 G2 S,S R₁ M₂ P N₃ Ṡ,S D₁ M₂ G₂ Ṡ,False
tarukanalan,TarukaNALan,tarukaNALan,45,ShubhapantuvaraaLi,S R1 G2 M2 P D1 S,S N3 P M2 G2 S,S R₁ G₂ M₂ P D₁ Ṡ,S N₃ P M₂ G₂ Ṡ,False
tarukanni,TArukanni,tArukanni,45,ShubhapantuvaraaLi,S R1 G2 M2 P S,S N3 D1 M2 G2 S,S R₁ G₂ M₂ P Ṡ,S N₃ D₁ M₂ G₂ Ṡ,False
tatimam,TATimam,tATimam,45,ShubhapantuvaraaLi,S G2 M2 P D1 S,S N3 P M2 G2 R1 S,S G₂ M₂ P D₁ Ṡ,S N₃ P M₂ G₂ R₁ Ṡ,False
tatturu,TAtturu,tAtturu,45,ShubhapantuvaraaLi,S R1 G2 M2 P D1 N3 S,S N3 P G2 S,S R₁ G₂ M₂ P D₁ N₃ Ṡ,S N₃ P G₂ Ṡ,False
tavan,Tavan,tavan,45,ShubhapantuvaraaLi,S R1 M2 P D1 N3 S,S N3 D1 P M2 G2 S,S R₁ M₂ P D₁ N₃ Ṡ,S N₃ D₁ P M₂ G₂ Ṡ,False
tavashelam,Tavashelam,tavashelam,45,ShubhapantuvaraaLi,S R1 G2 P D1 N3 S,S N3 D1 P M2 G2 S,S R₁ G₂ P D₁ N₃ Ṡ,S N₃ D₁ P M₂ G₂ Ṡ,False
tikana,TikanA,tikanA,45,ShubhapantuvaraaLi,S G2 P N3 S,S D1 P M2 G2 R1 S,S G₂ P N₃ Ṡ,S D₁ P M₂ G₂ R₁ Ṡ,False
tikasham,Tikasham,tikasham,45,ShubhapantuvaraaLi,S R1 M2 P N3 S,S D1 P G2 S,S R₁ M₂ P N₃ Ṡ,S D₁ P G₂ Ṡ,False
tikkuru,Tikkuru,tikkuru,45,ShubhapantuvaraaLi,S G2 M2 D1 S,S N3 P M2 G2 R1 S,S G₂ M₂ D₁ Ṡ,S N₃ P M₂ G₂ R₁ Ṡ,False
tindakam,TiNDakam,tiNDakam,45,ShubhapantuvaraaLi,S G2 M2 D1 S,S N3 P M2 R1 S,S G₂ M₂ D₁ Ṡ,S N₃ P M₂ R₁ Ṡ,False
tinkal,TiNkal,tiNkal,45,ShubhapantuvaraaLi,S R1 M2 D1 S,S N3 P G2 S,S R₁ M₂ D₁ Ṡ,S N₃ P G₂ Ṡ,False
tishayam,TishAyam,tishAyam,45,ShubhapantuvaraaLi,S G2 P N3 S,S D1 P M2 R1 S,S G₂ P N₃ Ṡ,S D₁ P M₂ R₁ Ṡ,False
tittanam,TiTTanam,tiTTanam,45,ShubhapantuvaraaLi,S G2 P D1 S,S N3 P M2 R1 S,S G₂ P D₁ Ṡ,S N₃ P M₂ R₁ Ṡ,False
varali,VarALi,varALi,45,ShubhapantuvaraaLi,S G2 R1 G2 M2 P D1 N3 S,S N3 D1 P M2 P D1 M2 G2 R1 S,S G₂ R₁ G₂ M₂ P D₁ N₃ Ṡ,S N₃ D₁ P M₂ P D₁ M₂ G₂ R₁ Ṡ,False
vasodhari,VasOdhari,vasOdhari,45,ShubhapantuvaraaLi,S R1 G2 M2 N3 D1 N3 S,S N3 D1 P M2 R1 G2 M2 R1 S,S R₁ G₂ M₂ N₃ D₁ N₃ Ṡ,S N₃ D₁ P M₂ R₁ G₂ M₂ R₁ Ṡ,False
viralila,VIralIlA,vIralIlA,45,ShubhapantuvaraaLi,S G2 M2 P D1 N3 S,S M2 G2 R1 G2 S,S G₂ M₂ P D₁ N₃ Ṡ,S M₂ G₂ R₁ G₂ Ṡ,False
stavaraajam,Stavaraajam,stavaraajam,46,Shhadvidamaargini,S R1 M2 P D2 S,S N2 D2 M2 G2 S,S R₁ M₂ P D₂ Ṡ,S N₂ D₂ M₂ G₂ Ṡ,False
amrtalahari,Amrtalahari,amrtalahari,46,Shhadvidamaargini,S R1 G2 M2 P D2 S,S D2 P M2 G2 R1 S,S R₁ G₂ M₂ P D₂ Ṡ,S D₂ P M₂ G₂ R₁ Ṡ,False
bahumanini,BahumAninI,bahumAninI,46,Shhadvidamaargini,S R1 G2 M2 D2 N2 S,S N2 D2 M2 G2 R1 S,S R₁ G₂ M₂ D₂ N₂ Ṡ,S N₂ D₂ M₂ G₂ R₁ Ṡ,False
bahumarini,BahUmAriNi,bahUmAriNi,46,Shhadvidamaargini,S R1 G2 M2 D2 N2 S,S N2 D2 M2 G2 R1 S,S R₁ G₂ M₂ D₂ N₂ Ṡ,S N₂ D₂ M₂ G₂ R₁ Ṡ,False
bhavali,BhavALi,bhavALi,46,Shhadvidamaargini,S R1 M2 P D2 S,S N2 D2 N2 P M2 G2 R1 S,S R₁ M₂ P D₂ Ṡ,S N₂ D₂ N₂ P M₂ G₂ R₁ Ṡ,False
bhinnakaishiki,Bhinnakaishiki,bhinnakaishiki,46,Shhadvidamaargini,S R1 G2 M2 D2 N2 S,S N2 D2 M2 G2 R1 S,S R₁ G₂ M₂ D₂ N₂ Ṡ,S N₂ D₂ M₂ G₂ R₁ Ṡ,False
brahmi,Brahmi,brahmi,46,Shhadvidamaargini,S R1 G2 M2 D2 S,S D2 M2 G2 R1 S,S R₁ G₂ M₂ D₂ Ṡ,S D₂ M₂ G₂ R₁ Ṡ,False
devasena,DEvasEnA,dEvasEnA,46,Shhadvidamaargini,S R1 G2 P D2 S,S N2 D2 P M2 G2 R1 S,S R₁ G₂ P D₂ Ṡ,S N₂ D₂ P M₂ G₂ R₁ Ṡ,False
dhanamanjari,Dhanamanjari,dhanamanjari,46,Shhadvidamaargini,S G2 M2 D2 N2 P D2 N2 S,S N2 D2 M2 G2 R1 S,S G₂ M₂ D₂ N₂ P D₂ N₂ Ṡ,S N₂ D₂ M₂ G₂ R₁ Ṡ,False
diksangi,DIkSAngi,dIkSAngi,46,Shhadvidamaargini,S R1 S M2 P D2 N2 S,S N2 D2 P M2 G2 S R1 S,S R₁ Ṡ M₂ P D₂ N₂ Ṡ,S N₂ D₂ P M₂ G₂ Ṡ R₁ Ṡ,False
dipakanti,DIpakAnti,dIpakAnti,46,Shhadvidamaargini,S G2 P D2 S,S N2 P M2 R1 S,S G₂ P D₂ Ṡ,S N₂ P M₂ R₁ Ṡ,False
ekagrani,EkAgraNi,EkAgraNi,46,Shhadvidamaargini,S R1 M2 P D2 N2 S,S N2 D2 N2 P M2 G2 M2 R1 S,S R₁ M₂ P D₂ N₂ Ṡ,S N₂ D₂ N₂ P M₂ G₂ M₂ R₁ Ṡ,False
ekagrauni,EkAgrauNi,EkAgrauNi,46,Shhadvidamaargini,S R1 M2 P D2 N2 S,S N2 D2 N2 P M2 G2 M2 R1 S,S R₁ M₂ P D₂ N₂ Ṡ,S N₂ D₂ N₂ P M₂ G₂ M₂ R₁ Ṡ,False
ekandoli,EkAndOLi,EkAndOLi,46,Shhadvidamaargini,S R1 M2 P N2 S,S N2 D2 P M2 G2 M2 R1 S,S R₁ M₂ P N₂ Ṡ,S N₂ D₂ P M₂ G₂ M₂ R₁ Ṡ,False
ekandoli,EkAndOLi,EkAndOLi,46,Shhadvidamaargini,S R1 M2 P N2 S,S N2 P M2 R1 G2 M2 R1 S,S R₁ M₂ P N₂ Ṡ,S N₂ P M₂ R₁ G₂ M₂ R₁ Ṡ,False
esandoli,EsAndOLi,EsAndOLi,46,Shhadvidamaargini,S R1 M2 P N2 S,S N2 D2 P M2 G2 M2 R1 S,S R₁ M₂ P N₂ Ṡ,S N₂ D₂ P M₂ G₂ M₂ R₁ Ṡ,False
ganahemavati,GAnahEmavati,gAnahEmavati,46,Shhadvidamaargini,S G2 M2 P N2 S,S N2 D2 P M2 G2 S,S G₂ M₂ P N₂ Ṡ,S N₂ D₂ P M₂ G₂ Ṡ,False
garbhalila,GarbhalIlA,garbhalIlA,46,Shhadvidamaargini,S M2 G2 M2 P N2 D2 N2 S,S N2 D2 P M2 G2 M2 R1 S,S M₂ G₂ M₂ P N₂ D₂ N₂ Ṡ,S N₂ D₂ P M₂ G₂ M₂ R₁ Ṡ,False
indubhogi,IndubhOgi,indubhOgi,46,Shhadvidamaargini,S G2 R1 G2 M2 P D2 S,S N2 P M2 G2 R1 S,S G₂ R₁ G₂ M₂ P D₂ Ṡ,S N₂ P M₂ G₂ R₁ Ṡ,False
indubhogi,IndubhOgi,indubhOgi,46,Shhadvidamaargini,S R1 G2 M2 P D2 S,S N2 D2 N2 P M2 G2 R1 S,S R₁ G₂ M₂ P D₂ Ṡ,S N₂ D₂ N₂ P M₂ G₂ R₁ Ṡ,False
indudhanyasi,IndudhanyAsi,indudhanyAsi,46,Shhadvidamaargini,S G2 M2 D2 N2 S,S N2 D2 P D2 M2 G2 R1 S,S G₂ M₂ D₂ N₂ Ṡ,S N₂ D₂ P D₂ M₂ G₂ R₁ Ṡ,False
jagadamba,Jagadamba,jagadamba,46,Shhadvidamaargini,S G2 P D2 S,S N2 P M2 G2 R1 S,S G₂ P D₂ Ṡ,S N₂ P M₂ G₂ R₁ Ṡ,False
jaya,Jaya,jaya,46,Shhadvidamaargini,S G2 M2 P D2 N2 S,S N2 D2 P M2 G2 S,S G₂ M₂ P D₂ N₂ Ṡ,S N₂ D₂ P M₂ G₂ Ṡ,False
jayashrikanti,JayashrIkAnti,jayashrIkAnti,46,Shhadvidamaargini,S G2 M2 P D2 N2 S,S N2 D2 P M2 G2 S,S G₂ M₂ P D₂ N₂ Ṡ,S N₂ D₂ P M₂ G₂ Ṡ,False
karaladhari,KaraLadhari,karaLadhari,46,Shhadvidamaargini,S R1 G2 M2 D2 N2 S,S N2 D2 M2 G2 R1 S,S R₁ G₂ M₂ D₂ N₂ Ṡ,S N₂ D₂ M₂ G₂ R₁ Ṡ,False
ksadraksi,KSadrAkSi,kSadrAkSi,46,Shhadvidamaargini,S R1 M2 G2 R1 M2 P D2 N2 S,S N2 P D2 P M2 G2 R1 S,S R₁ M₂ G₂ R₁ M₂ P D₂ N₂ Ṡ,S N₂ P D₂ P M₂ G₂ R₁ Ṡ,False
ksidraksi,KSIdrAkSi,kSIdrAkSi,46,Shhadvidamaargini,S R1 M2 G2 R1 M2 P D2 N2 S,S N2 P D2 P M2 G2 R1 S,S R₁ M₂ G₂ R₁ M₂ P D₂ N₂ Ṡ,S N₂ P D₂ P M₂ G₂ R₁ Ṡ,False
kuntalasvaravali,KuntaLasvarAvaLi,kuntaLasvarAvaLi,46,Shhadvidamaargini,S G2 M2 P D2 N2 S,S N2 D2 N2 P M2 G2 R1 S,S G₂ M₂ P D₂ N₂ Ṡ,S N₂ D₂ N₂ P M₂ G₂ R₁ Ṡ,False
lokadiparam,LOkadIparam,lOkadIparam,46,Shhadvidamaargini,S R1 G2 M2 P N2 D2 N2 S,S N2 D2 M2 P M2 G2 R1 S,S R₁ G₂ M₂ P N₂ D₂ N₂ Ṡ,S N₂ D₂ M₂ P M₂ G₂ R₁ Ṡ,False
maruvagauri,MAruvagauri,mAruvagauri,46,Shhadvidamaargini,S G2 R1 G2 M2 P D2 N2,D2 M2 P M2 G2 R1 S N2,S G₂ R₁ G₂ M₂ P D₂ N₂,D₂ M₂ P M₂ G₂ R₁ Ṡ N₂,False
maruvagauri,MAruvagauri,mAruvagauri,46,Shhadvidamaargini,S G2 R1 G2 M2 P D2 N2,D2 M2 P M2 G2 R1 S,S G₂ R₁ G₂ M₂ P D₂ N₂,D₂ M₂ P M₂ G₂ R₁ Ṡ,False
maruvagauri,MAruvagauri,mAruvagauri,46,Shhadvidamaargini,S G2 R1 G2 M2 P D2 N2,D2 P M2 G2 R1 S N2,S G₂ R₁ G₂ M₂ P D₂ N₂,D₂ P M₂ G₂ R₁ Ṡ N₂,False
nadamanjari,NAdamanjari,nAdamanjari,46,Shhadvidamaargini,S G2 M2 D2 N2 P D2 N2 S,S N2 D2 M2 G2 R1 S,S G₂ M₂ D₂ N₂ P D₂ N₂ Ṡ,S N₂ D₂ M₂ G₂ R₁ Ṡ,False
pancamukhi,Pancamukhi,pancamukhi,46,Shhadvidamaargini,S G2 R1 G2 M2 P D2 N2 S,S N2 P M2 G2 R1 S,S G₂ R₁ G₂ M₂ P D₂ N₂ Ṡ,S N₂ P M₂ G₂ R₁ Ṡ,False
penandoli,PenandOLi,penandOLi,46,Shhadvidamaargini,S R1 M2 P N2 S,S N2 D2 P M2 G2 M2 R1 S,S R₁ M₂ P N₂ Ṡ,S N₂ D₂ P M₂ G₂ M₂ R₁ Ṡ,False
prabhavati,PrabhAvati,prabhAvati,46,Shhadvidamaargini,S R1 G2 M2 P D2 S,S N2 D2 P M2 G2 S,S R₁ G₂ M₂ P D₂ Ṡ,S N₂ D₂ P M₂ G₂ Ṡ,False
pratihari,PratihAri,pratihAri,46,Shhadvidamaargini,S R1 M2 P D2 N2 S,S N2 D2 P M2 R1 S,S R₁ M₂ P D₂ N₂ Ṡ,S N₂ D₂ P M₂ R₁ Ṡ,False
purasuya,PurasUya,purasUya,46,Shhadvidamaargini,S R1 M2 G2 R1 M2 P N2 D2 N2 S,S N2 D2 P M2 G2 R1 S,S R₁ M₂ G₂ R₁ M₂ P N₂ D₂ N₂ Ṡ,S N₂ D₂ P M₂ G₂ R₁ Ṡ,False
purnashyamala,PUrNashyAmaLa,pUrNashyAmaLa,46,Shhadvidamaargini,S R1 G2 M2 P D2 N2 S,S D2 M2 R1 G2 R1 S,S R₁ G₂ M₂ P D₂ N₂ Ṡ,S D₂ M₂ R₁ G₂ R₁ Ṡ,False
sabhavigraha,SabhAvigraha,sabhAvigraha,46,Shhadvidamaargini,S R1 M2 P D2 N2 S,S N2 D2 P M2 G2 R1 S,S R₁ M₂ P D₂ N₂ Ṡ,S N₂ D₂ P M₂ G₂ R₁ Ṡ,False
sadaksari,SaDAkSari,saDAkSari,46,Shhadvidamaargini,S G2 R1 G2 M2 P D2 N2 S,S N2 D2 M2 G2 R1 S,S G₂ R₁ G₂ M₂ P D₂ N₂ Ṡ,S N₂ D₂ M₂ G₂ R₁ Ṡ,False
sadvidhamargini,SaDvidhamArgiNi,saDvidhamArgiNi,46,Shhadvidamaargini,S R1 G2 M2 P D2 N2 S,S N2 D2 P M2 G2 R1 S,S R₁ G₂ M₂ P D₂ N₂ Ṡ,S N₂ D₂ P M₂ G₂ R₁ Ṡ,False
shriindubhogi,ShrIindubhOgi,shrIindubhOgi,46,Shhadvidamaargini,S G2 R1 G2 M2 P D2 S,S N2 D2 N2 P M2 G2 R1 S,S G₂ R₁ G₂ M₂ P D₂ Ṡ,S N₂ D₂ N₂ P M₂ G₂ R₁ Ṡ,False
shrikanthi,ShrIkaNThi,shrIkaNThi,46,Shhadvidamaargini,S G2 M2 P D2 N2 S,S N2 D2 P M2 G2 S,S G₂ M₂ P D₂ N₂ Ṡ,S N₂ D₂ P M₂ G₂ Ṡ,False
shrikanti,ShrIkAnti,shrIkAnti,46,Shhadvidamaargini,S G2 M2 P D2 N2 S,S N2 D2 P M2 G2 S,S G₂ M₂ P D₂ N₂ Ṡ,S N₂ D₂ P M₂ G₂ Ṡ,False
shritivravahini,ShrItIvravAhini,shrItIvravAhini,46,Shhadvidamaargini,S R1 G2 M2 P D2 P N2 S,S N2 D2 P M2 G2 R1 S,S R₁ G₂ M₂ P D₂ P N₂ Ṡ,S N₂ D₂ P M₂ G₂ R₁ Ṡ,False
shuktijapriya,ShuktijapriyA,shuktijapriyA,46,Shhadvidamaargini,S G2 M2 P D2 S,S D2 P M2 G2 S,S G₂ M₂ P D₂ Ṡ,S D₂ P M₂ G₂ Ṡ,False
sidraksi,SidrAkSi,sidrAkSi,46,Shhadvidamaargini,S R1 M2 G2 R1 M2 P D2 N2 S,S N2 P D2 P M2 G2 R1 S,S R₁ M₂ G₂ R₁ M₂ P D₂ N₂ Ṡ,S N₂ P D₂ P M₂ G₂ R₁ Ṡ,False
stavaraja,StavarAja,stavarAja,46,Shhadvidamaargini,S R1 M2 P D2 S,S N2 D2 M2 G2 S,S R₁ M₂ P D₂ Ṡ,S N₂ D₂ M₂ G₂ Ṡ,False
tilavakam,Tilavakam,tilavakam,46,Shhadvidamaargini,S R1 G2 M2 P N2 S,S N2 P G2 S,S R₁ G₂ M₂ P N₂ Ṡ,S N₂ P G₂ Ṡ,False
timirari,TimirAri,timirAri,46,Shhadvidamaargini,S R1 G2 P N2 S,S N2 D2 P M2 G2 R1 S,S R₁ G₂ P N₂ Ṡ,S N₂ D₂ P M₂ G₂ R₁ Ṡ,False
tindi,TiNDi,tiNDi,46,Shhadvidamaargini,S R1 G2 M2 P D2 N2 S,S N2 P M2 G2 R1 S,S R₁ G₂ M₂ P D₂ N₂ Ṡ,S N₂ P M₂ G₂ R₁ Ṡ,False
tindiral,TiNDiral,tiNDiral,46,Shhadvidamaargini,S R1 G2 M2 P D2 N2 S,S D2 P M2 G2 R1 S,S R₁ G₂ M₂ P D₂ N₂ Ṡ,S D₂ P M₂ G₂ R₁ Ṡ,False
tindiyam,TINDiyam,tINDiyam,46,Shhadvidamaargini,S R1 M2 P D2 S,S N2 P G2 S,S R₁ M₂ P D₂ Ṡ,S N₂ P G₂ Ṡ,False
tinduruni,TinduruNi,tinduruNi,46,Shhadvidamaargini,S R1 G2 M2 P D2 N2 S,S D2 P M2 G2 S,S R₁ G₂ M₂ P D₂ N₂ Ṡ,S D₂ P M₂ G₂ Ṡ,False
tirakkam,Tirakkam,tirakkam,46,Shhadvidamaargini,S R1 G2 M2 P N2 S,S N2 P G2 R1 S,S R₁ G₂ M₂ P N₂ Ṡ,S N₂ P G₂ R₁ Ṡ,False
tirali,TiraLi,tiraLi,46,Shhadvidamaargini,S G2 M2 P D2 S,S N2 P M2 G2 R1 S,S G₂ M₂ P D₂ Ṡ,S N₂ P M₂ G₂ R₁ Ṡ,False
tiramam,Tiramam,tiramam,46,Shhadvidamaargini,S R1 G2 P D2 S,S N2 P M2 G2 R1 S,S R₁ G₂ P D₂ Ṡ,S N₂ P M₂ G₂ R₁ Ṡ,False
tiranam,TiraNam,tiraNam,46,Shhadvidamaargini,S R1 G2 M2 D2 N2 S,S D2 P M2 G2 S,S R₁ G₂ M₂ D₂ N₂ Ṡ,S D₂ P M₂ G₂ Ṡ,False
tiravadi,TiravAdi,tiravAdi,46,Shhadvidamaargini,S R1 G2 P N2 S,S D2 P M2 G2 R1 S,S R₁ G₂ P N₂ Ṡ,S D₂ P M₂ G₂ R₁ Ṡ,False
tirikai,Tirikai,tirikai,46,Shhadvidamaargini,S R1 G2 M2 P D2 N2 S,S N2 P G2 S,S R₁ G₂ M₂ P D₂ N₂ Ṡ,S N₂ P G₂ Ṡ,False
tiritiyam,Tiritiyam,tiritiyam,46,Shhadvidamaargini,S R1 G2 M2 P D2 N2 S,S D2 P G2 S,S R₁ G₂ M₂ P D₂ N₂ Ṡ,S D₂ P G₂ Ṡ,False
tirodam,TirOdam,tirOdam,46,Shhadvidamaargini,S R1 G2 M2 P D2 S,S N2 P G2 S,S R₁ G₂ M₂ P D₂ Ṡ,S N₂ P G₂ Ṡ,False
tirumurti,TirumUrti,tirumUrti,46,Shhadvidamaargini,S R1 M2 G2 M2 D2 N2 D2 N2 S,S N2 D2 P N2 D2 M2 G2 S,S R₁ M₂ G₂ M₂ D₂ N₂ D₂ N₂ Ṡ,S N₂ D₂ P N₂ D₂ M₂ G₂ Ṡ,False
titalam,TItaLam,tItaLam,46,Shhadvidamaargini,S R1 G2 M2 P D2 S,S N2 D2 P M2 G2 R1 S,S R₁ G₂ M₂ P D₂ Ṡ,S N₂ D₂ P M₂ G₂ R₁ Ṡ,False
tittakam,Tittakam,tittakam,46,Shhadvidamaargini,S R1 G2 M2 P N2 S,S N2 D2 P M2 G2 R1 S,S R₁ G₂ M₂ P N₂ Ṡ,S N₂ D₂ P M₂ G₂ R₁ Ṡ,False
tittam,TIttam,tIttam,46,Shhadvidamaargini,S R1 M2 P N2 S,S D2 P G2 S,S R₁ M₂ P N₂ Ṡ,S D₂ P G₂ Ṡ,False
tittiri,Tittiri,tittiri,46,Shhadvidamaargini,S R1 G2 M2 P D2 N2 S,S N2 P M2 G2 S,S R₁ G₂ M₂ P D₂ N₂ Ṡ,S N₂ P M₂ G₂ Ṡ,False
tivaram,Tivaram,tivaram,46,Shhadvidamaargini,S R1 M2 P D2 N2 S,S P M2 G2 S,S R₁ M₂ P D₂ N₂ Ṡ,S P M₂ G₂ Ṡ,False
tivravahini,TIvravAhini,tIvravAhini,46,Shhadvidamaargini,S R1 G2 M2 P D2 N2 S,S N2 D2 P M2 G2 R1 S,S R₁ G₂ M₂ P D₂ N₂ Ṡ,S N₂ D₂ P M₂ G₂ R₁ Ṡ,False
tivravahini,TIvravAhini,tIvravAhini,46,Shhadvidamaargini,S R1 G2 M2 P D2 P N2 S,S N2 D2 P M2 G2 R1 G2 M2 R1 S,S R₁ G₂ M₂ P D₂ P N₂ Ṡ,S N₂ D₂ P M₂ G₂ R₁ G₂ M₂ R₁ Ṡ,False
tivravahini,TIvravAhini,tIvravAhini,46,Shhadvidamaargini,S R1 G2 M2 P D2 P N2 S,S N2 D2 P M2 G2 R1 S,S R₁ G₂ M₂ P D₂ P N₂ Ṡ,S N₂ D₂ P M₂ G₂ R₁ Ṡ,False
tivravahini,TIvravAhini,tIvravAhini,46,Shhadvidamaargini,S R1 G2 M2 P D2 P N2 S,S N2 P D2 P M2 G2 R1 S,S R₁ G₂ M₂ P D₂ P N₂ Ṡ,S N₂ P D₂ P M₂ G₂ R₁ Ṡ,False
tivravahini,TIvravAhini,tIvravAhini,46,Shhadvidamaargini,S R1 G2 M2 P N2 S,S N2 D2 P M2 R1 S,S R₁ G₂ M₂ P N₂ Ṡ,S N₂ D₂ P M₂ R₁ Ṡ,False
tiyotam,TiyOtam,tiyOtam,46,Shhadvidamaargini,S R1 G2 M2 P D2 S,S N2 P G2 R1 S,S R₁ G₂ M₂ P D₂ Ṡ,S N₂ P G₂ R₁ Ṡ,False
trikantham,TrikaNTham,trikaNTham,46,Shhadvidamaargini,S R1 G2 P N2 S,S D2 P M2 G2 S,S R₁ G₂ P N₂ Ṡ,S D₂ P M₂ G₂ Ṡ,False
trimurti,TrimUrti,trimUrti,46,Shhadvidamaargini,S R1 M2 G2 M2 D2 N2 D2 N2 S,S N2 D2 P N2 D2 M2 G2 S,S R₁ M₂ G₂ M₂ D₂ N₂ D₂ N₂ Ṡ,S N₂ D₂ P N₂ D₂ M₂ G₂ Ṡ,False
tripuradahanan,Tripuradahanan,tripuradahanan,46,Shhadvidamaargini,S G2 P N2 S,S N2 D2 P M2 G2 R1 S,S G₂ P N₂ Ṡ,S N₂ D₂ P M₂ G₂ R₁ Ṡ,False
tripuraiaparna,TripuraiAparNa,tripuraiAparNa,46,Shhadvidamaargini,S G2 P N2 S,S N2 D2 P M2 G2 R1 S,S G₂ P N₂ Ṡ,S N₂ D₂ P M₂ G₂ R₁ Ṡ,False
tucakam,Tucakam,tucakam,46,Shhadvidamaargini,S R1 M2 D2 S,S N2 P G2 S,S R₁ M₂ D₂ Ṡ,S N₂ P G₂ Ṡ,False
tucam,Tucam,tucam,46,Shhadvidamaargini,S G2 M2 D2 S,S N2 P R1 S,S G₂ M₂ D₂ Ṡ,S N₂ P R₁ Ṡ,False
tugir,TugIr,tugIr,46,Shhadvidamaargini,S G2 P N2 S,S D2 P M2 R1 S,S G₂ P N₂ Ṡ,S D₂ P M₂ R₁ Ṡ,False
vidraksi,VidrAkSi,vidrAkSi,46,Shhadvidamaargini,S R1 M2 G2 R1 PM2 P D2 N2 S,S N2 P D2 P M2 G2 R1 S,S R₁ M₂ G₂ R₁ PM2 P D₂ N₂ Ṡ,S N₂ P D₂ P M₂ G₂ R₁ Ṡ,False
vijayabhiru,VijayAbhIru,vijayAbhIru,46,Shhadvidamaargini,S G2 R1 G2 M2 P D2 N2 S,S D2 P M2 P G2 R1 S,S G₂ R₁ G₂ M₂ P D₂ N₂ Ṡ,S D₂ P M₂ P G₂ R₁ Ṡ,False
sowveeram,Sowveeram,sowveeram,47,Suvarnaangi,S R1 G2 M2 P D2 N3 S,S N3 D2 P M2 G2 R1 S,S R₁ G₂ M₂ P D₂ N₃ Ṡ,S N₃ D₂ P M₂ G₂ R₁ Ṡ,False
abhiru,AbhIru,AbhIru,47,Suvarnaangi,P D2 N3 S M2 G2 M2 P,M2 G2 S N3 D2 P,P D₂ N₃ Ṡ M₂ G₂ M₂ P,M₂ G₂ Ṡ N₃ D₂ P,False
abhiru,AbhIru,AbhIru,47,Suvarnaangi,P D2 N3 S M2 G2 M2 P,P M2 D2 S N3 D2 S,P D₂ N₃ Ṡ M₂ G₂ M₂ P,P M₂ D₂ Ṡ N₃ D₂ Ṡ,False
abhiru,AbhIru,AbhIru,47,Suvarnaangi,P D2 N3 S M2 G2 M2,P M2 G2 S N3 D2 N3 S,P D₂ N₃ Ṡ M₂ G₂ M₂,P M₂ G₂ Ṡ N₃ D₂ N₃ Ṡ,False
abhiru,AbhIru,AbhIru,47,Suvarnaangi,P D2 N3 S M2 G2 M2,P M2 G2 S N3 D2,P D₂ N₃ Ṡ M₂ G₂ M₂,P M₂ G₂ Ṡ N₃ D₂,False
abhiru,AbhIru,AbhIru,47,Suvarnaangi,S G2 R1 G2 M2 P N3 S,D2 P M2 G2 S,S G₂ R₁ G₂ M₂ P N₃ Ṡ,D₂ P M₂ G₂ Ṡ,False
abhiru,AbhIru,AbhIru,47,Suvarnaangi,S G2 R1 N3 N3 S G2 G2 R1 N3 S,D2 P M2 P G2 S S D2 P G2 S,S G₂ R₁ N₃ N₃ Ṡ G₂ G₂ R₁ N₃ Ṡ,D₂ P M₂ P G₂ Ṡ S D₂ P G₂ Ṡ,False
abhiru,AbhIru,AbhIru,47,Suvarnaangi,S G2 R1 N3 N3 S G2 R1 N3 S,D2 P M2 G2 S S D2 P G2 S,S G₂ R₁ N₃ N₃ Ṡ G₂ R₁ N₃ Ṡ,D₂ P M₂ G₂ Ṡ S D₂ P G₂ Ṡ,False
abhiru,AbhIru,AbhIru,47,Suvarnaangi,S N3 D2 N3 P N3 D2,S M2 G2 M2 P M2 G2 S,S N₃ D₂ N₃ P N₃ D₂,S M₂ G₂ M₂ P M₂ G₂ Ṡ,False
abhiru,AbhIru,AbhIru,47,Suvarnaangi,S R1 G2 M2 P D2 N3 S,S N3 D2 M2 G2 R1 S,S R₁ G₂ M₂ P D₂ N₃ Ṡ,S N₃ D₂ M₂ G₂ R₁ Ṡ,False
abhiru,AbhIru,AbhIru,47,Suvarnaangi,S R1 G2 N3 S,S D2 P M2 P G2 R1 S,S R₁ G₂ N₃ Ṡ,S D₂ P M₂ P G₂ R₁ Ṡ,False
abhiru,AbhIru,AbhIru,47,Suvarnaangi,S R1 G2 R1 M2 P N3 S,D2 P M2 G2 R1 S,S R₁ G₂ R₁ M₂ P N₃ Ṡ,D₂ P M₂ G₂ R₁ Ṡ,False
abhiru,AbhIru,AbhIru,47,Suvarnaangi,S R1 G2 R1 M2 P N3 S,S D2 P M2 G2 S,S R₁ G₂ R₁ M₂ P N₃ Ṡ,S D₂ P M₂ G₂ Ṡ,False
amrtagauri,Amrtagauri,amrtagauri,47,Suvarnaangi,S G2 M2 P D2 N3 S,S N3 D2 P M2 G2 S,S G₂ M₂ P D₂ N₃ Ṡ,S N₃ D₂ P M₂ G₂ Ṡ,False
amrtagauri,Amrtagauri,amrtagauri,47,Suvarnaangi,S R1 M2 G2 R1 D2 N3 S,S N3 D2 P M2 G2 R1 S,S R₁ M₂ G₂ R₁ D₂ N₃ Ṡ,S N₃ D₂ P M₂ G₂ R₁ Ṡ,False
amrtakalari,Amrtakalari,amrtakalari,47,Suvarnaangi,S G2 M2 P D2 N3 S,S N3 D2 P M2 G2 S,S G₂ M₂ P D₂ N₃ Ṡ,S N₃ D₂ P M₂ G₂ Ṡ,False
anughanta,AnughANTa,anughANTa,47,Suvarnaangi,S R1 M2 G2 R1 D2 N3 S,S N3 D2 P M2 G2 R1 S,S R₁ M₂ G₂ R₁ D₂ N₃ Ṡ,S N₃ D₂ P M₂ G₂ R₁ Ṡ,False
bakamanjari,Bakamanjari,bakamanjari,47,Suvarnaangi,S G2 M2 N3 P D2 N3 S,S N3 P M2 G2 R1 S,S G₂ M₂ N₃ P D₂ N₃ Ṡ,S N₃ P M₂ G₂ R₁ Ṡ,False
balavam,Balavam,balavam,47,Suvarnaangi,S R1 G2 R1 M2 P D2 N3 S,S N3 P D2 P M2 G2 R1 S,S R₁ G₂ R₁ M₂ P D₂ N₃ Ṡ,S N₃ P D₂ P M₂ G₂ R₁ Ṡ,False
bhogadhvaji,BhOgadhvaji,bhOgadhvaji,47,Suvarnaangi,S R1 G2 M2 P D2 N3 S,S D2 P M2 R1 S,S R₁ G₂ M₂ P D₂ N₃ Ṡ,S D₂ P M₂ R₁ Ṡ,False
bhogadhvani,BhOgadhvani,bhOgadhvani,47,Suvarnaangi,S R1 G2 M2 P D2 N3 S,S D2 P M2 R1 S,S R₁ G₂ M₂ P D₂ N₃ Ṡ,S D₂ P M₂ R₁ Ṡ,False
bhrngamohi,BhrngamOhi,bhrngamOhi,47,Suvarnaangi,S R1 M2 P D2 N3 S,S N3 D2 P M2 R1 S,S R₁ M₂ P D₂ N₃ Ṡ,S N₃ D₂ P M₂ R₁ Ṡ,False
bhrngamohini,BhrngamOhini,bhrngamOhini,47,Suvarnaangi,S R1 M2 P D2 N3 S,S N3 D2 P M2 R1 S,S R₁ M₂ P D₂ N₃ Ṡ,S N₃ D₂ P M₂ R₁ Ṡ,False
candrajyoti,CandrajyOti,candrajyOti,47,Suvarnaangi,S R1 G2 M2 P D2 S,S D2 P M2 G2 R1 S,S R₁ G₂ M₂ P D₂ Ṡ,S D₂ P M₂ G₂ R₁ Ṡ,False
candrajyoti,CandrajyOti,candrajyOti,47,Suvarnaangi,S R1 G2 M2 P N3 S,S P M2 G2 R1 S,S R₁ G₂ M₂ P N₃ Ṡ,S P M₂ G₂ R₁ Ṡ,False
deshavaram,DEshAvaram,dEshAvaram,47,Suvarnaangi,S R1 G2 M2 P D2 S,S N3 P G2 S,S R₁ G₂ M₂ P D₂ Ṡ,S N₃ P G₂ Ṡ,False
deshobindu,DEshObindu,dEshObindu,47,Suvarnaangi,S R1 G2 M2 P N3 S,S D2 P G2 S,S R₁ G₂ M₂ P N₃ Ṡ,S D₂ P G₂ Ṡ,False
devailai,DEvaiLai,dEvaiLai,47,Suvarnaangi,S R1 M2 P N3 S,S D2 P G2 S,S R₁ M₂ P N₃ Ṡ,S D₂ P G₂ Ṡ,False
devasevai,DEvasEvai,dEvasEvai,47,Suvarnaangi,S G2 M2 P N3 S,S M2 R1 S,S G₂ M₂ P N₃ Ṡ,S M₂ R₁ Ṡ,False
devataccan,DEvataccan,dEvataccan,47,Suvarnaangi,S R1 M2 P D2 S,S N3 P G2 S,S R₁ M₂ P D₂ Ṡ,S N₃ P G₂ Ṡ,False
dhurjatipriya,DhUrjaTipriyA,dhUrjaTipriyA,47,Suvarnaangi,S R1 G2 M2 P D2 N3 S,S N3 P G2 S,S R₁ G₂ M₂ P D₂ N₃ Ṡ,S N₃ P G₂ Ṡ,False
diksamangali,DIkSamangali,dIkSamangali,47,Suvarnaangi,S R1 M2 P D2 S,S D2 P M2 G2 R1 S,S R₁ M₂ P D₂ Ṡ,S D₂ P M₂ G₂ R₁ Ṡ,False
dirghamangali,DIrghamangali,dIrghamangali,47,Suvarnaangi,S R1 M2 P D2 S,S D2 P M2 G2 R1 S,S R₁ M₂ P D₂ Ṡ,S D₂ P M₂ G₂ R₁ Ṡ,False
duccavanan,Duccavanan,duccavanan,47,Suvarnaangi,S R1 G2 M2 P D2 N3 S,S D2 P M2 G2 R1 S,S R₁ G₂ M₂ P D₂ N₃ Ṡ,S D₂ P M₂ G₂ R₁ Ṡ,False
dumanam,DumAnam,dumAnam,47,Suvarnaangi,S R1 G2 P N3 S,S N3 D2 P M2 G2 R1 S,S R₁ G₂ P N₃ Ṡ,S N₃ D₂ P M₂ G₂ R₁ Ṡ,False
dundumi,Dundumi,dundumi,47,Suvarnaangi,S R1 G2 P D2 S,S N3 D2 P M2 G2 R1 S,S R₁ G₂ P D₂ Ṡ,S N₃ D₂ P M₂ G₂ R₁ Ṡ,False
durudduram,DuruddUram,duruddUram,47,Suvarnaangi,S R1 G2 M2 P D2 S,S N3 P M2 G2 R1 S,S R₁ G₂ M₂ P D₂ Ṡ,S N₃ P M₂ G₂ R₁ Ṡ,False
dvipam,DvIpam,dvIpam,47,Suvarnaangi,S R1 G2 P N3 S,S D2 P M2 G2 R1 S,S R₁ G₂ P N₃ Ṡ,S D₂ P M₂ G₂ R₁ Ṡ,False
hatakangi,HATakAngi,hATakAngi,47,Suvarnaangi,S R1 G2 M2 D2 N3 S,S N3 D2 M2 G2 R1 S,S R₁ G₂ M₂ D₂ N₃ Ṡ,S N₃ D₂ M₂ G₂ R₁ Ṡ,False
kuntaladhanyasi,KuntaladhanyAsi,kuntaladhanyAsi,47,Suvarnaangi,S G2 M2 P M2 D2 N3 S,S N3 D2 N3 P M2 G2 R1 S,S G₂ M₂ P M₂ D₂ N₃ Ṡ,S N₃ D₂ N₃ P M₂ G₂ R₁ Ṡ,False
manaherali,MAnaherALi,mAnaherALi,47,Suvarnaangi,S R1 M2 P D2 M2 N3 D2 N3 S,S N3 D2 P M2 G2 R1 S,S R₁ M₂ P D₂ M₂ N₃ D₂ N₃ Ṡ,S N₃ D₂ P M₂ G₂ R₁ Ṡ,False
manini,MAninI,mAninI,47,Suvarnaangi,S G2 M2 P D2 N3 S,S N3 D2 P M2 G2 S,S G₂ M₂ P D₂ N₃ Ṡ,S N₃ D₂ P M₂ G₂ Ṡ,False
marmakesari,MarmakEsari,marmakEsari,47,Suvarnaangi,S R1 G2 M2 P N3 S,S N3 D2 P M2 G2 M2 R1 S,S R₁ G₂ M₂ P N₃ Ṡ,S N₃ D₂ P M₂ G₂ M₂ R₁ Ṡ,False
marmaksari,MarmAkSari,marmAkSari,47,Suvarnaangi,S R1 G2 M2 P N3 S,S N3 D2 P M2 G2 M2 R1 S,S R₁ G₂ M₂ P N₃ Ṡ,S N₃ D₂ P M₂ G₂ M₂ R₁ Ṡ,False
maruvanarayani,MAruvanArayani,mAruvanArayani,47,Suvarnaangi,S R1 G2 M2 P D2 S,S D2 N3 P M2 G2 R1 G2 S,S R₁ G₂ M₂ P D₂ Ṡ,S D₂ N₃ P M₂ G₂ R₁ G₂ Ṡ,False
maruvasaranga,MAruvasAranga,mAruvasAranga,47,Suvarnaangi,S N3 S R1 G2 M2 P M2 D2 N3,D2 P M2 G2 R1 G2 S,S N₃ Ṡ R₁ G₂ M₂ P M₂ D₂ N₃,D₂ P M₂ G₂ R₁ G₂ Ṡ,False
maruvasaranga,MAruvasAranga,mAruvasAranga,47,Suvarnaangi,S N3 S R1 G2 P M2 D2 N3,D2 P M2 G2 R1 S,S N₃ Ṡ R₁ G₂ P M₂ D₂ N₃,D₂ P M₂ G₂ R₁ Ṡ,False
maruvasaranga,MAruvasAranga,mAruvasAranga,47,Suvarnaangi,S R1 G2 M2 P M2 D2 N3,D2 P M2 G2 R1 G2 S,S R₁ G₂ M₂ P M₂ D₂ N₃,D₂ P M₂ G₂ R₁ G₂ Ṡ,False
maruvasaranga,MAruvasAranga,mAruvasAranga,47,Suvarnaangi,S R1 S R1 G2 M2 P M2 D2 N3,D2 P M2 G2 R1 G2 S,S R₁ Ṡ R₁ G₂ M₂ P M₂ D₂ N₃,D₂ P M₂ G₂ R₁ G₂ Ṡ,False
matelli,MAteLLi,mAteLLi,47,Suvarnaangi,S G2 M2 P S,S N3 D2 P M2 G2 R1 S,S G₂ M₂ P Ṡ,S N₃ D₂ P M₂ G₂ R₁ Ṡ,False
navarasabangala,NavarasabangALa,navarasabangALa,47,Suvarnaangi,S R1 G2 M2 D2 P D2 N3 S,S N3 D2 M2 G2 S,S R₁ G₂ M₂ D₂ P D₂ N₃ Ṡ,S N₃ D₂ M₂ G₂ Ṡ,False
pancasyanandana,Pancasyanandana,pancasyanandana,47,Suvarnaangi,S R1 G2 M2 P D2 N3 S,S N3 D2 P M2 G2 R1 S,S R₁ G₂ M₂ P D₂ N₃ Ṡ,S N₃ D₂ P M₂ G₂ R₁ Ṡ,False
rajagandhi,RAjagandhi,rAjagandhi,47,Suvarnaangi,S R1 G2 P D2 N3 S,S N3 D2 M2 G2 R1 S,S R₁ G₂ P D₂ N₃ Ṡ,S N₃ D₂ M₂ G₂ R₁ Ṡ,False
rajavasyani,RAjavasyani,rAjavasyani,47,Suvarnaangi,S R1 G2 M2 P D2 N3 S,S D2 P M2 G2 S,S R₁ G₂ M₂ P D₂ N₃ Ṡ,S D₂ P M₂ G₂ Ṡ,False
raktamadhavi,RaktamAdhavi,raktamAdhavi,47,Suvarnaangi,S R1 G2 M2 P D2 M2 D2 N3 S,S D2 P M2 G2 S,S R₁ G₂ M₂ P D₂ M₂ D₂ N₃ Ṡ,S D₂ P M₂ G₂ Ṡ,False
raktamati,Raktamati,raktamati,47,Suvarnaangi,S G2 M2 P M2 D2 N3 S,S D2 P M2 P G2 R1 S,S G₂ M₂ P M₂ D₂ N₃ Ṡ,S D₂ P M₂ P G₂ R₁ Ṡ,False
rati,Rati,rati,47,Suvarnaangi,S R1 G2 R1 M2 P D2 N3 S,S N3 D2 P M2 G2 R1 S,S R₁ G₂ R₁ M₂ P D₂ N₃ Ṡ,S N₃ D₂ P M₂ G₂ R₁ Ṡ,False
ratika,Ratika,ratika,47,Suvarnaangi,S G2 R1 G2 M2 P D2 N3 S,S N3 D2 P M2 G2 M2 R1 S,S G₂ R₁ G₂ M₂ P D₂ N₃ Ṡ,S N₃ D₂ P M₂ G₂ M₂ R₁ Ṡ,False
ratika,Ratika,ratika,47,Suvarnaangi,S G2 R1 G2 M2 P D2 N3 S,S N3 D2 P M2 G2 R1 S,S G₂ R₁ G₂ M₂ P D₂ N₃ Ṡ,S N₃ D₂ P M₂ G₂ R₁ Ṡ,False
ratika,Ratika,ratika,47,Suvarnaangi,S R1 G2 R1 G2 M2 P D2 N3 S,S N3 D2 P M2 G2 R1 S,S R₁ G₂ R₁ G₂ M₂ P D₂ N₃ Ṡ,S N₃ D₂ P M₂ G₂ R₁ Ṡ,False
salagavelavali,SALagavELAvaLi,sALagavELAvaLi,47,Suvarnaangi,S R1 G2 M2 P N3 D2 N3 S,S N3 D2 P M2 G2 S,S R₁ G₂ M₂ P N₃ D₂ N₃ Ṡ,S N₃ D₂ P M₂ G₂ Ṡ,False
sauvira,SauvIra,sauvIra,47,Suvarnaangi,S R1 G2 M2 P D2 N3 S,S N3 D2 M2 G2 R1 S,S R₁ G₂ M₂ P D₂ N₃ Ṡ,S N₃ D₂ M₂ G₂ R₁ Ṡ,False
sauvira,SauvIra,sauvIra,47,Suvarnaangi,S R1 G2 R1 M2 P D2 N3 S,S N3 P D2 P M2 G2 R1 S,S R₁ G₂ R₁ M₂ P D₂ N₃ Ṡ,S N₃ P D₂ P M₂ G₂ R₁ Ṡ,False
sauvira,SauvIra,sauvIra,47,Suvarnaangi,S R1 M2 P D2 N3 S,S N3 P D2 P M2 G2 R1 S,S R₁ M₂ P D₂ N₃ Ṡ,S N₃ P D₂ P M₂ G₂ R₁ Ṡ,False
senamanohari,SEnAmanOhari,sEnAmanOhari,47,Suvarnaangi,S G2 M2 P D2 N3 S S,S N3 D2 P M2 G2 R1 G2 S,S G₂ M₂ P D₂ N₃ Ṡ S,S N₃ D₂ P M₂ G₂ R₁ G₂ Ṡ,False
senamanohari,SEnAmanOhari,sEnAmanOhari,47,Suvarnaangi,S R1 G2 M2 P D2 N3 D2 S,S N3 D2 P M2 G2 R1 G2 S,S R₁ G₂ M₂ P D₂ N₃ D₂ Ṡ,S N₃ D₂ P M₂ G₂ R₁ G₂ Ṡ,False
senamanohari,SEnAmanOhari,sEnAmanOhari,47,Suvarnaangi,S R1 G2 M2 P D2 N3 S,S N3 D2 P M2 G2 R1 G2 S,S R₁ G₂ M₂ P D₂ N₃ Ṡ,S N₃ D₂ P M₂ G₂ R₁ G₂ Ṡ,False
sevamanohari,SEvAmanOhari,sEvAmanOhari,47,Suvarnaangi,S R1 G2 M2 P D2 N3 D2 S,S N3 D2 P M2 G2 R1 G2 S,S R₁ G₂ M₂ P D₂ N₃ D₂ Ṡ,S N₃ D₂ P M₂ G₂ R₁ G₂ Ṡ,False
shaktakalavardhini,ShaktakalAvardhini,shaktakalAvardhini,47,Suvarnaangi,S R1 G2 R1 M2 P D2 P N3 D2 N3 P D2 N3 S,S N3 P D2 P M2 G2 R1 S,S R₁ G₂ R₁ M₂ P D₂ P N₃ D₂ N₃ P D₂ N₃ Ṡ,S N₃ P D₂ P M₂ G₂ R₁ Ṡ,False
shakti,Shakti,shakti,47,Suvarnaangi,S R1 M2 P N3 S,S D2 P M2 G2 S,S R₁ M₂ P N₃ Ṡ,S D₂ P M₂ G₂ Ṡ,False
shrinavarasabangala,ShrInavarasabangALa,shrInavarasabangALa,47,Suvarnaangi,S R1 G2 M2 D2 P D2 N3 S,S N3 D2 M2 G2 S,S R₁ G₂ M₂ D₂ P D₂ N₃ Ṡ,S N₃ D₂ M₂ G₂ Ṡ,False
shriturotti,ShrIturOTTi,shrIturOTTi,47,Suvarnaangi,S R1 G2 P N3 S,S D2 P M2 G2 S,S R₁ G₂ P N₃ Ṡ,S D₂ P M₂ G₂ Ṡ,False
suryajyoti,SUryajyOti,sUryajyOti,47,Suvarnaangi,S R1 G2 M2 P D2 S,S N3 D2 P M2 G2 R1 S,S R₁ G₂ M₂ P D₂ Ṡ,S N₃ D₂ P M₂ G₂ R₁ Ṡ,False
suvarnangi,SuvarNAngi,suvarNAngi,47,Suvarnaangi,S R1 G2 M2 P D2 N3 S,S N3 D2 P M2 G2 R1 S,S R₁ G₂ M₂ P D₂ N₃ Ṡ,S N₃ D₂ P M₂ G₂ R₁ Ṡ,False
tegil,TegiL,tegiL,47,Suvarnaangi,S G2 P N3 S,S N3 D2 P M2 G2 R1 S,S G₂ P N₃ Ṡ,S N₃ D₂ P M₂ G₂ R₁ Ṡ,False
teivai,TEivai,tEivai,47,Suvarnaangi,S G2 P D2 S,S N3 P M2 G2 R1 S,S G₂ P D₂ Ṡ,S N₃ P M₂ G₂ R₁ Ṡ,False
terakan,TErakan,tErakan,47,Suvarnaangi,S G2 P N3 S,S D2 P M2 G2 R1 S,S G₂ P N₃ Ṡ,S D₂ P M₂ G₂ R₁ Ṡ,False
teriyal,Teriyal,teriyal,47,Suvarnaangi,S G2 P D2 S,S N3 D2 P M2 G2 R1 S,S G₂ P D₂ Ṡ,S N₃ D₂ P M₂ G₂ R₁ Ṡ,False
todari,ToDari,toDari,47,Suvarnaangi,S G2 M2 P S,S N3 D2 M2 R1 S,S G₂ M₂ P Ṡ,S N₃ D₂ M₂ R₁ Ṡ,False
todu,ToDu,toDu,47,Suvarnaangi,S R1 M2 D2 S,S N3 P M2 G2 S,S R₁ M₂ D₂ Ṡ,S N₃ P M₂ G₂ Ṡ,False
todukkam,ToDukkam,toDukkam,47,Suvarnaangi,S G2 M2 D2 S,S N3 P M2 R1 S,S G₂ M₂ D₂ Ṡ,S N₃ P M₂ R₁ Ṡ,False
toduvai,ToDuvai,toDuvai,47,Suvarnaangi,S R1 M2 D2 S,S N3 P M2 G2 S,S R₁ M₂ D₂ Ṡ,S N₃ P M₂ G₂ Ṡ,False
tottiyam,TOTTiyam,tOTTiyam,47,Suvarnaangi,S G2 M2 D2 S,S N3 P R1 S,S G₂ M₂ D₂ Ṡ,S N₃ P R₁ Ṡ,False
tudiyanji,TuDiyAnji,tuDiyAnji,47,Suvarnaangi,S R1 G2 M2 P D2 N3 S,S N3 P M2 G2 R1 S,S R₁ G₂ M₂ P D₂ N₃ Ṡ,S N₃ P M₂ G₂ R₁ Ṡ,False
tulandu,TulAndu,tulAndu,47,Suvarnaangi,S R1 G2 M2 P D2 S,S N3 P M2 G2 S,S R₁ G₂ M₂ P D₂ Ṡ,S N₃ P M₂ G₂ Ṡ,False
tulava,TuLava,tuLava,47,Suvarnaangi,S G2 M2 P D2 S,S N3 P M2 G2 R1 S,S G₂ M₂ P D₂ Ṡ,S N₃ P M₂ G₂ R₁ Ṡ,False
tulavupriya,TuLavupriyA,tuLavupriyA,47,Suvarnaangi,S R1 G2 P D2 S,S N3 P M2 G2 S,S R₁ G₂ P D₂ Ṡ,S N₃ P M₂ G₂ Ṡ,False
tullam,Tullam,tullam,47,Suvarnaangi,S R1 G2 M2 P N3 S,S D2 P M2 G2 S,S R₁ G₂ M₂ P N₃ Ṡ,S D₂ P M₂ G₂ Ṡ,False
tundayam,TuNDAyam,tuNDAyam,47,Suvarnaangi,S R1 G2 M2 P D2 N3 S,S N3 P G2 R1 S,S R₁ G₂ M₂ P D₂ N₃ Ṡ,S N₃ P G₂ R₁ Ṡ,False
tundiran,TuNDIran,tuNDIran,47,Suvarnaangi,S R1 G2 M2 P D2 N3 S,S D2 P G2 R1 S,S R₁ G₂ M₂ P D₂ N₃ Ṡ,S D₂ P G₂ R₁ Ṡ,False
turiyam,TUriyam,tUriyam,47,Suvarnaangi,S G2 M2 P N3 S,S D2 P M2 R1 S,S G₂ M₂ P N₃ Ṡ,S D₂ P M₂ R₁ Ṡ,False
tuttavi,TuTTavi,tuTTavi,47,Suvarnaangi,S R1 G2 M2 P N3 S,S N3 D2 P M2 G2 R1 S,S R₁ G₂ M₂ P N₃ Ṡ,S N₃ D₂ P M₂ G₂ R₁ Ṡ,False
tuvanam,TUvAnam,tUvAnam,47,Suvarnaangi,S R1 G2 M2 P D2 N3 S,S D2 P G2 S,S R₁ G₂ M₂ P D₂ N₃ Ṡ,S D₂ P G₂ Ṡ,False
tuvatsikai,TuvaTSikai,tuvaTSikai,47,Suvarnaangi,S G2 M2 P D2 N3 S,S D2 P G2 R1 S,S G₂ M₂ P D₂ N₃ Ṡ,S D₂ P G₂ R₁ Ṡ,False
tuvishan,Tuvishan,tuvishan,47,Suvarnaangi,S R1 G2 P D2 S,S N3 P M2 G2 R1 S,S R₁ G₂ P D₂ Ṡ,S N₃ P M₂ G₂ R₁ Ṡ,False
vijayashri,VijayashrI,vijayashrI,47,Suvarnaangi,S G2 R1 G2 M2 P N3 S,S N3 P M2 G2 R1 S,S G₂ R₁ G₂ M₂ P N₃ Ṡ,S N₃ P M₂ G₂ R₁ Ṡ,False
vijayashri,VijayashrI,vijayashrI,47,Suvarnaangi,S R1 G2 M2 P N3 S,S N3 P M2 G2 R1 S,S R₁ G₂ M₂ P N₃ Ṡ,S N₃ P M₂ G₂ R₁ Ṡ,False
vikramavarali,VikramavarALi,vikramavarALi,47,Suvarnaangi,S G2 M2 P N3 S,S N3 D2 P M2 G2 R1 S,S G₂ M₂ P N₃ Ṡ,S N₃ D₂ P M₂ G₂ R₁ Ṡ,False
visavir,VisavIr,visavIr,47,Suvarnaangi,S R1 G2 R1 M2 P D2 S,S N3 P D2 P M2 G2 R1 S,S R₁ G₂ R₁ M₂ P D₂ Ṡ,S N₃ P D₂ P M₂ G₂ R₁ Ṡ,False
vrsabhavahini,VrSabhavAhini,vrSabhavAhini,47,Suvarnaangi,S R1 M2 P D2 N3 S,S N3 D2 M2 G2 R1 S,S R₁ M₂ P D₂ N₃ Ṡ,S N₃ D₂ M₂ G₂ R₁ Ṡ,False
vyaghramanjari,VyAghramanjari,vyAghramanjari,47,Suvarnaangi,S R1 M2 P N3 S,S N3 D2 P M2 G2 R1 S,S R₁ M₂ P N₃ Ṡ,S N₃ D₂ P M₂ G₂ R₁ Ṡ,False
jeevantikaa,Jeevantikaa,jeevantikaa,48,DivyamaNi,S M2 P D3 N3 S,S N3 P M2 G2 S,S M₂ P D₃ N₃ Ṡ,S N₃ P M₂ G₂ Ṡ,False
adipancamam,Adipancamam,adipancamam,48,DivyamaNi,S G2 R1 N3 N3 S G2 R1 N3 S,S D3 P M2 P M2 G2 S,S G₂ R₁ N₃ N₃ Ṡ G₂ R₁ N₃ Ṡ,S D₃ P M₂ P M₂ G₂ Ṡ,False
adipancamam,Adipancamam,adipancamam,48,DivyamaNi,S R1 P D3 N3 S,S N3 D3 N3 P M2 G2 R1 S,S R₁ P D₃ N₃ Ṡ,S N₃ D₃ N₃ P M₂ G₂ R₁ Ṡ,False
amapancamam,Amapancamam,amapancamam,48,DivyamaNi,S R1 G2 M2 P D3 N3 S,S N3 D3 M2 G2 S,S R₁ G₂ M₂ P D₃ N₃ Ṡ,S N₃ D₃ M₂ G₂ Ṡ,False
amrapancamam,Amrapancamam,amrapancamam,48,DivyamaNi,S G2 R1 G2 M2 P D3 N3 S,S N3 D3 R1 M2 G2 M2 R1 S,S G₂ R₁ G₂ M₂ P D₃ N₃ Ṡ,S N₃ D₃ R₁ M₂ G₂ M₂ R₁ Ṡ,False
amrapancamam,Amrapancamam,amrapancamam,48,DivyamaNi,S R1 G2 M2 D3 N3 S,S N3 D3 M2 G2 R1 S,S R₁ G₂ M₂ D₃ N₃ Ṡ,S N₃ D₃ M₂ G₂ R₁ Ṡ,False
amrapancamam,Amrapancamam,amrapancamam,48,DivyamaNi,S R1 G2 M2 D3 N3 S,S N3 D3 M2 G2 S R1 S,S R₁ G₂ M₂ D₃ N₃ Ṡ,S N₃ D₃ M₂ G₂ Ṡ R₁ Ṡ,False
amrapancamam,Amrapancamam,amrapancamam,48,DivyamaNi,S R1 G2 M2 D3 N3 S,S N3 D3 M2 G2 S,S R₁ G₂ M₂ D₃ N₃ Ṡ,S N₃ D₃ M₂ G₂ Ṡ,False
amrapancamam,Amrapancamam,amrapancamam,48,DivyamaNi,S R1 G2 M2 P D3 N3 S,S N3 D3 M2 G2 S,S R₁ G₂ M₂ P D₃ N₃ Ṡ,S N₃ D₃ M₂ G₂ Ṡ,False
amrtapancamam,Amrtapancamam,amrtapancamam,48,DivyamaNi,S R1 G2 M2 D3 N3 S,S N3 D3 M2 G2 S R1 S,S R₁ G₂ M₂ D₃ N₃ Ṡ,S N₃ D₃ M₂ G₂ Ṡ R₁ Ṡ,False
amrtapancamam,Amrtapancamam,amrtapancamam,48,DivyamaNi,S R1 G2 M2 P D3 N3 S,S N3 D3 M2 G2 S,S R₁ G₂ M₂ P D₃ N₃ Ṡ,S N₃ D₃ M₂ G₂ Ṡ,False
annapancamam,Annapancamam,annapancamam,48,DivyamaNi,S R1 G2 M2 P D3 N3 S,S N3 D3 M2 G2 S,S R₁ G₂ M₂ P D₃ N₃ Ṡ,S N₃ D₃ M₂ G₂ Ṡ,False
bhogadhanyasi,BhOgadhanyAsi,bhOgadhanyAsi,48,DivyamaNi,S G2 M2 P N3 S,S N3 P D3 N3 P M2 G2 R1 S,S G₂ M₂ P N₃ Ṡ,S N₃ P D₃ N₃ P M₂ G₂ R₁ Ṡ,False
bhogasindhu,BhOgasindhu,bhOgasindhu,48,DivyamaNi,S P M2 D3 N3 S,S N3 D3 N3 P M2 S,S P M₂ D₃ N₃ Ṡ,S N₃ D₃ N₃ P M₂ Ṡ,False
bhogasindhu,BhOgasindhu,bhOgasindhu,48,DivyamaNi,S P M2 P D3 N3 S,S N3 D3 N3 P M2 S,S P M₂ P D₃ N₃ Ṡ,S N₃ D₃ N₃ P M₂ Ṡ,False
bhramarauttari,Bhramarauttari,bhramarauttari,48,DivyamaNi,S R1 G2 M2 P D3 N3 S,S D3 P M2 R1 S,S R₁ G₂ M₂ P D₃ N₃ Ṡ,S D₃ P M₂ R₁ Ṡ,False
deshagaula,DEshagauLa,dEshagauLa,48,DivyamaNi,S R1 S P D3 N3 S,S N3 D3 P S R1 S,S R₁ Ṡ P D₃ N₃ Ṡ,S N₃ D₃ P Ṡ R₁ Ṡ,False
deshaksi,DEshAkSi,dEshAkSi,48,DivyamaNi,S R1 G2 P D3 S,S N3 D3 P M2 G2 M2 R1 S,S R₁ G₂ P D₃ Ṡ,S N₃ D₃ P M₂ G₂ M₂ R₁ Ṡ,False
deshamukhari,DEshamukhAri,dEshamukhAri,48,DivyamaNi,S R1 G2 M2 P D3 N3 D3 S,S N3 D3 N3 P M2 G2 R1 S,S R₁ G₂ M₂ P D₃ N₃ D₃ Ṡ,S N₃ D₃ N₃ P M₂ G₂ R₁ Ṡ,False
deshavali,DEshAvaLi,dEshAvaLi,48,DivyamaNi,S R1 G2 M2 D3 N3 D3 S,S N3 D3 M2 G2 R1 S,S R₁ G₂ M₂ D₃ N₃ D₃ Ṡ,S N₃ D₃ M₂ G₂ R₁ Ṡ,False
devahamsika,DEvahamsika,dEvahamsika,48,DivyamaNi,S R1 G2 M2 P M2 D3 S,S N3 D3 P M2 G2 R1 S,S R₁ G₂ M₂ P M₂ D₃ Ṡ,S N₃ D₃ P M₂ G₂ R₁ Ṡ,False
dhautapancamam,Dhautapancamam,dhautapancamam,48,DivyamaNi,S R1 G2 M2 P N3 P S,S N3 D3 P M2 R1 G2 M2 R1 S,S R₁ G₂ M₂ P N₃ P Ṡ,S N₃ D₃ P M₂ R₁ G₂ M₂ R₁ Ṡ,False
dipika,DIpikA,dIpikA,48,DivyamaNi,S G2 M2 P D3 P S,S N3 D3 N3 P M2 G2 R1 S,S G₂ M₂ P D₃ P Ṡ,S N₃ D₃ N₃ P M₂ G₂ R₁ Ṡ,False
divyakuntala,DivyakuntaLa,divyakuntaLa,48,DivyamaNi,S R1 G2 M2 P D3 S,S N3 D3 P M2 G2 R1 S,S R₁ G₂ M₂ P D₃ Ṡ,S N₃ D₃ P M₂ G₂ R₁ Ṡ,False
divyamani,DivyamaNi,divyamaNi,48,DivyamaNi,S R1 G2 M2 P D3 N3 S,S N3 D3 P M2 G2 R1 S,S R₁ G₂ M₂ P D₃ N₃ Ṡ,S N₃ D₃ P M₂ G₂ R₁ Ṡ,False
dundubhipriya,DundubhipriyA,dundubhipriyA,48,DivyamaNi,S R1 G2 M2 P D3 N3 S,S N3 P M2 G2 R1 S,S R₁ G₂ M₂ P D₃ N₃ Ṡ,S N₃ P M₂ G₂ R₁ Ṡ,False
dundubhipriya,DundubhipriyA,dundubhipriyA,48,DivyamaNi,S R1 G2 M2 P D3 S,S N3 P M2 G2 R1 S,S R₁ G₂ M₂ P D₃ Ṡ,S N₃ P M₂ G₂ R₁ Ṡ,False
ghantaivelavali,GhaNTaivELAvaLi,ghaNTaivELAvaLi,48,DivyamaNi,P N3 S R1 G2 M2 P,P M2 G2 R1 S N3 D3 N3 P,P N₃ Ṡ R₁ G₂ M₂ P,P M₂ G₂ R₁ Ṡ N₃ D₃ N₃ P,False
jivantika,JIvantikA,jIvantikA,48,DivyamaNi,S R1 G2 M2 P D3 N3 S,S N3 P M2 G2 R1 S,S R₁ G₂ M₂ P D₃ N₃ Ṡ,S N₃ P M₂ G₂ R₁ Ṡ,False
jivantini,JIvantini,jIvantini,48,DivyamaNi,S M2 P D3 N3 S,S N3 P M2 G2 S,S M₂ P D₃ N₃ Ṡ,S N₃ P M₂ G₂ Ṡ,False
jivantini,JIvantini,jIvantini,48,DivyamaNi,S R1 G2 M2 D3 N3 S,S N3 D3 M2 G2 R1 S,S R₁ G₂ M₂ D₃ N₃ Ṡ,S N₃ D₃ M₂ G₂ R₁ Ṡ,False
kannadavelavali,KannaDavELAvaLi,kannaDavELAvaLi,48,DivyamaNi,P N3 S R1 G2 M2 P,M2 G2 R1 S N3 D3 N3 P,P N₃ Ṡ R₁ G₂ M₂ P,M₂ G₂ R₁ Ṡ N₃ D₃ N₃ P,False
kannadavelavali,KannaDavELAvaLi,kannaDavELAvaLi,48,DivyamaNi,P N3 S R1 G2 M2 P,P M2 G2 R1 S N3 D3 N3 P,P N₃ Ṡ R₁ G₂ M₂ P,P M₂ G₂ R₁ Ṡ N₃ D₃ N₃ P,False
kuntaladiparam,KuntaladIpAram,kuntaladIpAram,48,DivyamaNi,S M2 P D3 N3 S,S N3 D3 N3 P M2 G2 S,S M₂ P D₃ N₃ Ṡ,S N₃ D₃ N₃ P M₂ G₂ Ṡ,False
mangalaprada,MangaLaprada,mangaLaprada,48,DivyamaNi,S G2 M2 P D3 N3 S,S N3 D3 P M2 G2 S,S G₂ M₂ P D₃ N₃ Ṡ,S N₃ D₃ P M₂ G₂ Ṡ,False
maruvadesi,MAruvadEsi,mAruvadEsi,48,DivyamaNi,S G2 R1 G2 M2 P S,S P D3 N3 P M2 G2 R1 S,S G₂ R₁ G₂ M₂ P Ṡ,S P D₃ N₃ P M₂ G₂ R₁ Ṡ,False
maruvadesi,MAruvadEsi,mAruvadEsi,48,DivyamaNi,S G2 R1 G2 M2 P S,S P D3 N3 P M2 R1 S,S G₂ R₁ G₂ M₂ P Ṡ,S P D₃ N₃ P M₂ R₁ Ṡ,False
maruvadesi,MAruvadEsi,mAruvadEsi,48,DivyamaNi,S G2 R1 G2 M2 P S,S P D3 N3 S N3 M2 G2 R1 S,S G₂ R₁ G₂ M₂ P Ṡ,S P D₃ N₃ Ṡ N₃ M₂ G₂ R₁ Ṡ,False
nigamanasa,NigamAnasa,nigamAnasa,48,DivyamaNi,S R1 G2 M2 P D3 N3 S,S D3 N3 P M2 R1 G2 M2 R1 S,S R₁ G₂ M₂ P D₃ N₃ Ṡ,S D₃ N₃ P M₂ R₁ G₂ M₂ R₁ Ṡ,False
omkari,OmkAri,omkAri,48,DivyamaNi,S R1 G2 M2 P D3 S,S D3 P M2 G2 R1 S,S R₁ G₂ M₂ P D₃ Ṡ,S D₃ P M₂ G₂ R₁ Ṡ,False
pataka,PatAka,patAka,48,DivyamaNi,S R1 M2 P D3 N3 S,S N3 D3 P M2 R1 S,S R₁ M₂ P D₃ N₃ Ṡ,S N₃ D₃ P M₂ R₁ Ṡ,False
pataladhari,PaTalAdhari,paTalAdhari,48,DivyamaNi,S R1 G2 M2 D3 S,S D3 M2 G2 R1 S,S R₁ G₂ M₂ D₃ Ṡ,S D₃ M₂ G₂ R₁ Ṡ,False
prabhasa,PrabhAsa,prabhAsa,48,DivyamaNi,S R1 G2 M2 P D3 S,S N3 D3 P M2 G2 R1 G2 S,S R₁ G₂ M₂ P D₃ Ṡ,S N₃ D₃ P M₂ G₂ R₁ G₂ Ṡ,False
rudragandhari,RudragAndhAri,rudragAndhAri,48,DivyamaNi,S R1 G2 M2 N3 S,S N3 D3 N3 P M2 G2 S,S R₁ G₂ M₂ N₃ Ṡ,S N₃ D₃ N₃ P M₂ G₂ Ṡ,False
rudragandhari,RudragAndhAri,rudragAndhAri,48,DivyamaNi,S R1 G2 M2 N3 S,S N3 D3 N3 S N3 P M2 R1 S,S R₁ G₂ M₂ N₃ Ṡ,S N₃ D₃ N₃ Ṡ N₃ P M₂ R₁ Ṡ,False
samabarbari,SAmabarbari,sAmabarbari,48,DivyamaNi,S R1 G2 N3 D3 N3 S,S N3 D3 M2 G2 R1 S,S R₁ G₂ N₃ D₃ N₃ Ṡ,S N₃ D₃ M₂ G₂ R₁ Ṡ,False
sauvira,SauvIra,sauvIra,48,DivyamaNi,S G2 R1 G2 M2 P D3 N3 S,S N3 P D3 P M2 R1 S,S G₂ R₁ G₂ M₂ P D₃ N₃ Ṡ,S N₃ P D₃ P M₂ R₁ Ṡ,False
shuddhagandhari,ShuddhagAndhAri,shuddhagAndhAri,48,DivyamaNi,S R1 G2 M2 N3 S,S N3 D3 N3 P M2 R1 S,S R₁ G₂ M₂ N₃ Ṡ,S N₃ D₃ N₃ P M₂ R₁ Ṡ,False
shuddhagandhari,ShuddhagAndhAri,shuddhagAndhAri,48,DivyamaNi,S R1 G2 M2 N3 S,S N3 D3 N3 S N3 P M2 R1 S,S R₁ G₂ M₂ N₃ Ṡ,S N₃ D₃ N₃ Ṡ N₃ P M₂ R₁ Ṡ,False
shuddhagandhari,ShuddhagAndhAri,shuddhagAndhAri,48,DivyamaNi,S R1 G2 M2 N3 S,S N3 D3 S N3 P M2 R1 S,S R₁ G₂ M₂ N₃ Ṡ,S N₃ D₃ Ṡ N₃ P M₂ R₁ Ṡ,False
sukhasvaravali,SukhasvarAvaLi,sukhasvarAvaLi,48,DivyamaNi,S N3 S R1 G2 M2 P D3 N3,P M2 G2 R1 S N3 S,S N₃ Ṡ R₁ G₂ M₂ P D₃ N₃,P M₂ G₂ R₁ Ṡ N₃ Ṡ,False
sukhasvaravali,SukhasvarAvaLi,sukhasvarAvaLi,48,DivyamaNi,S R1 G2 M2 P D3 N3,P M2 G2 R1 S N3,S R₁ G₂ M₂ P D₃ N₃,P M₂ G₂ R₁ Ṡ N₃,False
sukhyadayini,SukhyadAyini,sukhyadAyini,48,DivyamaNi,S G2 M2 P D3 S,S D3 P M2 G2 S,S G₂ M₂ P D₃ Ṡ,S D₃ P M₂ G₂ Ṡ,False
suramani,SuramaNi,suramaNi,48,DivyamaNi,S R1 G2 M2 D3 N3 S,S N3 D3 M2 G2 R1 S,S R₁ G₂ M₂ D₃ N₃ Ṡ,S N₃ D₃ M₂ G₂ R₁ Ṡ,False
vedadayi,VEdadAyi,vEdadAyi,48,DivyamaNi,S R1 G2 M2 D3 N3 P N3 S,S N3 D3 P M2 G2 R1 S,S R₁ G₂ M₂ D₃ N₃ P N₃ Ṡ,S N₃ D₃ P M₂ G₂ R₁ Ṡ,False
dhavalaangam,Dhavalaangam,dhavalaangam,49,Dhavalaambari,S R1 G3 M2 P D1 S,S N1 D1 P M2 G3 R1 S,S R₁ G₃ M₂ P D₁ Ṡ,S N₁ D₁ P M₂ G₃ R₁ Ṡ,False
abhiramam,AbhirAmam,abhirAmam,49,Dhavalaambari,S R1 M2 P D1 N1 S,S N1 D1 P M2 G3 R1 S,S R₁ M₂ P D₁ N₁ Ṡ,S N₁ D₁ P M₂ G₃ R₁ Ṡ,False
bammani,Bammani,bammani,49,Dhavalaambari,R1 S G3 M2 D1 N1 S,S N1 D1 M2 G3 R1 S,R₁ Ṡ G₃ M₂ D₁ N₁ Ṡ,S N₁ D₁ M₂ G₃ R₁ Ṡ,False
bhinnahorali,BhinnahOrALi,bhinnahOrALi,49,Dhavalaambari,S G3 M2 P D1 N1 D1 S,S N1 D1 P M2 G3 S,S G₃ M₂ P D₁ N₁ D₁ Ṡ,S N₁ D₁ P M₂ G₃ Ṡ,False
bhinnahorali,BhinnahOrALi,bhinnahOrALi,49,Dhavalaambari,S M2 P D1 N1 D1 S,S N1 D1 P M2 G3 S,S M₂ P D₁ N₁ D₁ Ṡ,S N₁ D₁ P M₂ G₃ Ṡ,False
bhinnahorali,BhinnahOrALi,bhinnahOrALi,49,Dhavalaambari,S M2 P D1 N1 D1 S,S N1 D1 P M2 S,S M₂ P D₁ N₁ D₁ Ṡ,S N₁ D₁ P M₂ Ṡ,False
bhinnapaurali,BhinnapaurALi,bhinnapaurALi,49,Dhavalaambari,S G3 M2 P D1 N1 D1 S,S N1 D1 P M2 G3 S,S G₃ M₂ P D₁ N₁ D₁ Ṡ,S N₁ D₁ P M₂ G₃ Ṡ,False
bhinnapaurali,BhinnapaurALi,bhinnapaurALi,49,Dhavalaambari,S M2 P D1 N1 D1 S,S N1 D1 P M2 G3 S,S M₂ P D₁ N₁ D₁ Ṡ,S N₁ D₁ P M₂ G₃ Ṡ,False
bhinnapaurali,BhinnapaurALi,bhinnapaurALi,49,Dhavalaambari,S M2 P D1 N1 D1 S,S N1 D1 P M2 S,S M₂ P D₁ N₁ D₁ Ṡ,S N₁ D₁ P M₂ Ṡ,False
bhinnavarali,BhinnavarALi,bhinnavarALi,49,Dhavalaambari,S M2 P D1 N1 D1 S,S N1 D1 P M2 S,S M₂ P D₁ N₁ D₁ Ṡ,S N₁ D₁ P M₂ Ṡ,False
chayamaruva,ChAyAmAruva,chAyAmAruva,49,Dhavalaambari,S G3 R1 G3 M2 D1 N1 D1 S,S N1 D1 M2 G3 R1 S,S G₃ R₁ G₃ M₂ D₁ N₁ D₁ Ṡ,S N₁ D₁ M₂ G₃ R₁ Ṡ,False
devabharanam,DEvabharaNam,dEvabharaNam,49,Dhavalaambari,S G3 R1 G3 M2 D1 N1 S,S N1 D1 N1 P M2 G3 R1 S,S G₃ R₁ G₃ M₂ D₁ N₁ Ṡ,S N₁ D₁ N₁ P M₂ G₃ R₁ Ṡ,False
devagiri,DEvagiri,dEvagiri,49,Dhavalaambari,S R1 M2 P D1 S,S N1 D1 P M2 G3 R1 G3 S,S R₁ M₂ P D₁ Ṡ,S N₁ D₁ P M₂ G₃ R₁ G₃ Ṡ,False
devagiri,DEvagiri,dEvagiri,49,Dhavalaambari,S R1 M2 P D1 S,S N1 D1 P M2 G3 R1 S,S R₁ M₂ P D₁ Ṡ,S N₁ D₁ P M₂ G₃ R₁ Ṡ,False
devakriya,DEvakriyA,dEvakriyA,49,Dhavalaambari,S R1 M2 P D1 S,S N1 D1 P M2 G3 R1 S,S R₁ M₂ P D₁ Ṡ,S N₁ D₁ P M₂ G₃ R₁ Ṡ,False
dharmani,DharmANi,dharmANi,49,Dhavalaambari,S R1 G3 M2 D1 N1 S,S N1 D1 M2 G3 R1 S,S R₁ G₃ M₂ D₁ N₁ Ṡ,S N₁ D₁ M₂ G₃ R₁ Ṡ,False
dharmini,DharmiNi,dharmiNi,49,Dhavalaambari,S R1 G3 M2 D1 N1 S,S N1 D1 M2 G3 R1 S,S R₁ G₃ M₂ D₁ N₁ Ṡ,S N₁ D₁ M₂ G₃ R₁ Ṡ,False
dhavalambari,DhavaLAmbari,dhavaLAmbari,49,Dhavalaambari,S R1 G3 M2 P D1 N1 S,S N1 D1 P M2 G3 R1 S,S R₁ G₃ M₂ P D₁ N₁ Ṡ,S N₁ D₁ P M₂ G₃ R₁ Ṡ,False
dhavalangam,DhavaLAngam,dhavaLAngam,49,Dhavalaambari,S R1 G3 M2 P D1 S,S N1 D1 P M2 G3 R1 S,S R₁ G₃ M₂ P D₁ Ṡ,S N₁ D₁ P M₂ G₃ R₁ Ṡ,False
dhavalangi,DhavaLAngi,dhavaLAngi,49,Dhavalaambari,S M2 G3 M2 P D1 N1 D1 S,S N1 D1 P M2 G3 R1 S,S M₂ G₃ M₂ P D₁ N₁ D₁ Ṡ,S N₁ D₁ P M₂ G₃ R₁ Ṡ,False
dhavalavarali,DhavaLavarALi,dhavaLavarALi,49,Dhavalaambari,S R1 G3 M2 P D1 S,S N1 D1 P M2 G3 R1 S,S R₁ G₃ M₂ P D₁ Ṡ,S N₁ D₁ P M₂ G₃ R₁ Ṡ,False
dhirasvarupini,DhIrasvarUpiNi,dhIrasvarUpiNi,49,Dhavalaambari,S R1 G3 M2 P D1 N1 S,S D1 N1 D1 P M2 G3 S,S R₁ G₃ M₂ P D₁ N₁ Ṡ,S D₁ N₁ D₁ P M₂ G₃ Ṡ,False
dhirasvarupini,DhIrasvarUpiNi,dhIrasvarUpiNi,49,Dhavalaambari,S R1 G3 M2 P D1 N1 S,S N1 D1 P M2 G3 R1 S,S R₁ G₃ M₂ P D₁ N₁ Ṡ,S N₁ D₁ P M₂ G₃ R₁ Ṡ,False
dhivakriya,DhIvakriyA,dhIvakriyA,49,Dhavalaambari,S R1 M2 P D1 S,S N1 D1 P M2 G3 R1 S,S R₁ M₂ P D₁ Ṡ,S N₁ D₁ P M₂ G₃ R₁ Ṡ,False
dipakriya,DIpakriyA,dIpakriyA,49,Dhavalaambari,S R1 M2 P D1 S,S N1 D1 P M2 G3 R1 S,S R₁ M₂ P D₁ Ṡ,S N₁ D₁ P M₂ G₃ R₁ Ṡ,False
kancanamala,KAncanamAlA,kAncanamAlA,49,Dhavalaambari,S R1 G3 M2 P N1 S,S N1 P M2 G3 R1 S,S R₁ G₃ M₂ P N₁ Ṡ,S N₁ P M₂ G₃ R₁ Ṡ,False
kanchamala,KanchamAlA,kanchamAlA,49,Dhavalaambari,S R1 G3 M2 P N1 S,S N1 P M2 G3 R1 S,S R₁ G₃ M₂ P N₁ Ṡ,S N₁ P M₂ G₃ R₁ Ṡ,False
kannadakurinji,KannaDakurinji,kannaDakurinji,49,Dhavalaambari,S G3 R1 G3 M2 P D1 N1 S,S D1 P M2 R1 S,S G₃ R₁ G₃ M₂ P D₁ N₁ Ṡ,S D₁ P M₂ R₁ Ṡ,False
kusumabhogi,KusumabhOgi,kusumabhOgi,49,Dhavalaambari,S R1 G3 M2 D1 N1 S,S D1 N1 D1 M2 G3 R1 G3 S,S R₁ G₃ M₂ D₁ N₁ Ṡ,S D₁ N₁ D₁ M₂ G₃ R₁ G₃ Ṡ,False
namanarayani,NAmanArAyaNi,nAmanArAyaNi,49,Dhavalaambari,S R1 G3 M2 P D1 N1 S,S N1 D1 P M2 G3 R1 S,S R₁ G₃ M₂ P D₁ N₁ Ṡ,S N₁ D₁ P M₂ G₃ R₁ Ṡ,False
navamanicandrika,NavamanicandrikA,navamanicandrikA,49,Dhavalaambari,S R1 G3 M2 D1 N1 S,S D1 P G3 R1 S,S R₁ G₃ M₂ D₁ N₁ Ṡ,S D₁ P G₃ R₁ Ṡ,False
navarasaandali,NavarasaAndALi,navarasaAndALi,49,Dhavalaambari,S G3 R1 G3 M2 P D1 S,S D1 P M2 G3 R1 G3 S,S G₃ R₁ G₃ M₂ P D₁ Ṡ,S D₁ P M₂ G₃ R₁ G₃ Ṡ,False
navarasacandrika,NavarasacandrikA,navarasacandrikA,49,Dhavalaambari,S R1 G3 M2 D1 N1 S,S D1 P G3 R1 S,S R₁ G₃ M₂ D₁ N₁ Ṡ,S D₁ P G₃ R₁ Ṡ,False
navarasacandrika,NavarasacandrikA,navarasacandrikA,49,Dhavalaambari,S R1 G3 M2 D1 N1 S,S P D1 G3 R1 S,S R₁ G₃ M₂ D₁ N₁ Ṡ,S P D₁ G₃ R₁ Ṡ,False
omkari,OmkAri,omkAri,49,Dhavalaambari,S R1 G2 M2 P D1 S,S D1 P M2 G2 R1 S,S R₁ G₂ M₂ P D₁ Ṡ,S D₁ P M₂ G₂ R₁ Ṡ,False
shankarapriya,ShankarapriyA,shankarapriyA,49,Dhavalaambari,S R1 G3 M2 N1 S,S N1 M2 G3 R1 S,S R₁ G₃ M₂ N₁ Ṡ,S N₁ M₂ G₃ R₁ Ṡ,False
shantamurti,ShAntamUrti,shAntamUrti,49,Dhavalaambari,S R1 G3 M2 D1 S,S D1 M2 G3 R1 S,S R₁ G₃ M₂ D₁ Ṡ,S D₁ M₂ G₃ R₁ Ṡ,False
shrinavamanicandrika,ShrInavamaNicandrikA,shrInavamaNicandrikA,49,Dhavalaambari,S R1 G3 M2 D1 S,S D1 P G3 R1 S,S R₁ G₃ M₂ D₁ Ṡ,S D₁ P G₃ R₁ Ṡ,False
shuddhagandhari,ShuddhagAndhAri,shuddhagAndhAri,49,Dhavalaambari,S R1 P D1 N1 S,S N1 D1 P G2 R1 S,S R₁ P D₁ N₁ Ṡ,S N₁ D₁ P G₂ R₁ Ṡ,False
sudharmini,SudharmiNi,sudharmiNi,49,Dhavalaambari,S R1 M2 P D1 S,S N1 D1 M2 G3 R1 S,S R₁ M₂ P D₁ Ṡ,S N₁ D₁ M₂ G₃ R₁ Ṡ,False
svarabharnam,SvarAbharNam,svarAbharNam,49,Dhavalaambari,S G3 M2 P D1 N1 S,S N1 D1 P M2 S,S G₃ M₂ P D₁ N₁ Ṡ,S N₁ D₁ P M₂ Ṡ,False
talpam,TAlpam,tAlpam,49,Dhavalaambari,S G3 M2 D1 N1 S,S N1 D1 M2 G3 S,S G₃ M₂ D₁ N₁ Ṡ,S N₁ D₁ M₂ G₃ Ṡ,False
tamari,TAmari,tAmari,49,Dhavalaambari,S R1 G3 M2 D1 N1 S,S N1 D1 M2 G3 R1 S,S R₁ G₃ M₂ D₁ N₁ Ṡ,S N₁ D₁ M₂ G₃ R₁ Ṡ,False
tandavapriya,TANDavapriyA,tANDavapriyA,49,Dhavalaambari,S R1 G3 M2 P S,S N1 D1 M2 G3 S,S R₁ G₃ M₂ P Ṡ,S N₁ D₁ M₂ G₃ Ṡ,False
tandavapriya,TANDavapriyA,tANDavapriyA,49,Dhavalaambari,S R1 G3 M2 P S,S P M2 G3 R1 S,S R₁ G₃ M₂ P Ṡ,S P M₂ G₃ R₁ Ṡ,False
taparanjani,Taparanjani,taparanjani,49,Dhavalaambari,S R1 G3 R1 M2 P D1 N1 S,S N1 D1 M2 G3 R1 S,S R₁ G₃ R₁ M₂ P D₁ N₁ Ṡ,S N₁ D₁ M₂ G₃ R₁ Ṡ,False
vamshikam,Vamshikam,vamshikam,49,Dhavalaambari,S M2 P D1 N1 S,S N1 D1 P M2 S,S M₂ P D₁ N₁ Ṡ,S N₁ D₁ P M₂ Ṡ,False
vantika,Vantika,vantika,49,Dhavalaambari,S M2 P D1 N1 S,S N1 D1 P M2 S,S M₂ P D₁ N₁ Ṡ,S N₁ D₁ P M₂ Ṡ,False
naamadeshi,NaamadEshi,naamadEshi,50,NaamanaaraayaNi,S R1 G3 M2 P D1 N2 S,S N2 D1 P M2 G3 R1 S,S R₁ G₃ M₂ P D₁ N₂ Ṡ,S N₂ D₁ P M₂ G₃ R₁ Ṡ,False
balagambhirya,BAlagambhIrya,bAlagambhIrya,50,NaamanaaraayaNi,S G3 R1 G3 M2 D1 P N2 D1 S,S N2 D1 P M2 G3 R1 S,S G₃ R₁ G₃ M₂ D₁ P N₂ D₁ Ṡ,S N₂ D₁ P M₂ G₃ R₁ Ṡ,False
dandayana,DandayAna,dandayAna,50,NaamanaaraayaNi,S R1 G3 P N2 D1 N2 S,S N2 D1 P M2 G3 R1 G3 S,S R₁ G₃ P N₂ D₁ N₂ Ṡ,S N₂ D₁ P M₂ G₃ R₁ G₃ Ṡ,False
devakoti,DEvakOTi,dEvakOTi,50,NaamanaaraayaNi,S R1 M2 G3 M2 P N2 S,S D1 P M2 R1 G3 S,S R₁ M₂ G₃ M₂ P N₂ Ṡ,S D₁ P M₂ R₁ G₃ Ṡ,False
gaurimaruva,GaurImAruva,gaurImAruva,50,NaamanaaraayaNi,S R1 M2 P D1 S,S N2 D1 P M2 G3 R1 G3 S,S R₁ M₂ P D₁ Ṡ,S N₂ D₁ P M₂ G₃ R₁ G₃ Ṡ,False
ghantaibhogi,GhaNTaibhOgi,ghaNTaibhOgi,50,NaamanaaraayaNi,S R1 G3 M2 P N2 D1 N2 S,S N2 D1 M2 G3 R1 G3 S,S R₁ G₃ M₂ P N₂ D₁ N₂ Ṡ,S N₂ D₁ M₂ G₃ R₁ G₃ Ṡ,False
hrdatantini,HrdatAntini,hrdatAntini,50,NaamanaaraayaNi,S R1 G3 M2 P N2 D1 S,S N2 D1 P M2 G3 S,S R₁ G₃ M₂ P N₂ D₁ Ṡ,S N₂ D₁ P M₂ G₃ Ṡ,False
indrani,IndrANi,indrANi,50,NaamanaaraayaNi,S G3 M2 P D1 S,S N2 P M2 G3 R1 S,S G₃ M₂ P D₁ Ṡ,S N₂ P M₂ G₃ R₁ Ṡ,False
kannadabhogi,KannaDabhOgi,kannaDabhOgi,50,NaamanaaraayaNi,S R1 G3 M2 P M2 N2 D1 S,S N2 D1 M2 G3 R1 G3 S,S R₁ G₃ M₂ P M₂ N₂ D₁ Ṡ,S N₂ D₁ M₂ G₃ R₁ G₃ Ṡ,False
kannadabhogi,KannaDabhOgi,kannaDabhOgi,50,NaamanaaraayaNi,S R1 G3 M2 P N2 D1 N2 S,S N2 D1 M2 G3 R1 G3 S,S R₁ G₃ M₂ P N₂ D₁ N₂ Ṡ,S N₂ D₁ M₂ G₃ R₁ G₃ Ṡ,False
madhukari,Madhukari,madhukari,50,NaamanaaraayaNi,S R1 G3 M2 P D1 N2 S,S N2 D1 P M2 G3 R1 S,S R₁ G₃ M₂ P D₁ N₂ Ṡ,S N₂ D₁ P M₂ G₃ R₁ Ṡ,False
madhukari,Madhukari,madhukari,50,NaamanaaraayaNi,S R1 G3 M2 P D1 S,S N2 D1 M2 G3 R1 S,S R₁ G₃ M₂ P D₁ Ṡ,S N₂ D₁ M₂ G₃ R₁ Ṡ,False
mahadevan,MahAdEvan,mahAdEvan,50,NaamanaaraayaNi,S R1 M2 P N2 S,S D1 M2 G3 S,S R₁ M₂ P N₂ Ṡ,S D₁ M₂ G₃ Ṡ,False
mandari,MandAri,mandAri,50,NaamanaaraayaNi,S R1 G3 M2 P N2 S,S N2 P M2 G3 R1 S,S R₁ G₃ M₂ P N₂ Ṡ,S N₂ P M₂ G₃ R₁ Ṡ,False
mandari,MandAri,mandAri,50,NaamanaaraayaNi,S R1 G3 M2 P N2 S,S N2 P M2 R1 G3 R1 S,S R₁ G₃ M₂ P N₂ Ṡ,S N₂ P M₂ R₁ G₃ R₁ Ṡ,False
maran,MAran,mAran,50,NaamanaaraayaNi,S G3 M2 P N2 S,S N2 P M2 G3 S,S G₃ M₂ P N₂ Ṡ,S N₂ P M₂ G₃ Ṡ,False
maranarayani,MAranArAyaNi,mAranArAyaNi,50,NaamanaaraayaNi,S G3 R1 G3 M2 P D1 S,S D1 P M2 G3 R1 G3 S,S G₃ R₁ G₃ M₂ P D₁ Ṡ,S D₁ P M₂ G₃ R₁ G₃ Ṡ,False
maranarayani,MAranArAyaNi,mAranArAyaNi,50,NaamanaaraayaNi,S G3 R1 G3 M2 P D1 S,S N2 D1 P M2 G3 R1 S,S G₃ R₁ G₃ M₂ P D₁ Ṡ,S N₂ D₁ P M₂ G₃ R₁ Ṡ,False
mecakannada,MEcakannaDa,mEcakannaDa,50,NaamanaaraayaNi,S M2 P D1 N2 S,S N2 D1 M2 G3 S,S M₂ P D₁ N₂ Ṡ,S N₂ D₁ M₂ G₃ Ṡ,False
mecakannada,MEcakannaDa,mEcakannaDa,50,NaamanaaraayaNi,S M2 P D1 N2 S,S N2 D1 P M2 G3 S,S M₂ P D₁ N₂ Ṡ,S N₂ D₁ P M₂ G₃ Ṡ,False
naccellaiyar,NacceLLaiyAr,nacceLLaiyAr,50,NaamanaaraayaNi,S R1 G3 P D1 S,S N2 P M2 G3 R1 S,S R₁ G₃ P D₁ Ṡ,S N₂ P M₂ G₃ R₁ Ṡ,False
naccini,Naccini,naccini,50,NaamanaaraayaNi,S R1 G3 P D1 N2 S,S N2 P M2 G3 S,S R₁ G₃ P D₁ N₂ Ṡ,S N₂ P M₂ G₃ Ṡ,False
nadeyam,NAdEyam,nAdEyam,50,NaamanaaraayaNi,S R1 M2 D1 S,S N2 P G3 S,S R₁ M₂ D₁ Ṡ,S N₂ P G₃ Ṡ,False
nagara,NagarA,nagarA,50,NaamanaaraayaNi,S R1 G3 P N2 S,S N2 D1 P M2 G3 R1 S,S R₁ G₃ P N₂ Ṡ,S N₂ D₁ P M₂ G₃ R₁ Ṡ,False
nagarai,Nagarai,nagarai,50,NaamanaaraayaNi,S R1 G3 P D1 S,S N2 D1 P M2 G3 R1 S,S R₁ G₃ P D₁ Ṡ,S N₂ D₁ P M₂ G₃ R₁ Ṡ,False
nagayutam,NagAyutam,nagAyutam,50,NaamanaaraayaNi,S G3 M2 P N2 S,S N2 D1 P M2 G3 R1 S,S G₃ M₂ P N₂ Ṡ,S N₂ D₁ P M₂ G₃ R₁ Ṡ,False
nakanam,NAkaNam,nAkaNam,50,NaamanaaraayaNi,S G3 M2 P S,S N2 D1 M2 R1 S,S G₃ M₂ P Ṡ,S N₂ D₁ M₂ R₁ Ṡ,False
nakulam,Nakulam,nakulam,50,NaamanaaraayaNi,S R1 G3 M2 P N2 S,S D1 P M2 G3 R1 S,S R₁ G₃ M₂ P N₂ Ṡ,S D₁ P M₂ G₃ R₁ Ṡ,False
nakutan,NakuTan,nakuTan,50,NaamanaaraayaNi,S G3 M2 P D1 S,S N2 D1 P M2 G3 R1 S,S G₃ M₂ P D₁ Ṡ,S N₂ D₁ P M₂ G₃ R₁ Ṡ,False
nalakuparan,NaLakUparan,naLakUparan,50,NaamanaaraayaNi,S G3 P N2 S,S D1 P M2 G3 R1 S,S G₃ P N₂ Ṡ,S D₁ P M₂ G₃ R₁ Ṡ,False
nalattam,NaLattam,naLattam,50,NaamanaaraayaNi,S R1 G3 M2 D1 S,S N2 P G3 S,S R₁ G₃ M₂ D₁ Ṡ,S N₂ P G₃ Ṡ,False
namadesi,NAmadEsi,nAmadEsi,50,NaamanaaraayaNi,S R1 G3 M2 P D1 N2 S,S N2 D1 P M2 G3 R1 S,S R₁ G₃ M₂ P D₁ N₂ Ṡ,S N₂ D₁ P M₂ G₃ R₁ Ṡ,False
namai,Namai,namai,50,NaamanaaraayaNi,S G3 P D1 S,S N2 D1 P M2 G3 R1 S,S G₃ P D₁ Ṡ,S N₂ D₁ P M₂ G₃ R₁ Ṡ,False
namakkari,NamakkAri,namakkAri,50,NaamanaaraayaNi,S R1 G3 M2 P D1 N2 S,S D1 P G3 S,S R₁ G₃ M₂ P D₁ N₂ Ṡ,S D₁ P G₃ Ṡ,False
nanganavaicci,NangaNavAicci,nangaNavAicci,50,NaamanaaraayaNi,S R1 G3 M2 P D1 S,S N2 P G3 R1 S,S R₁ G₃ M₂ P D₁ Ṡ,S N₂ P G₃ R₁ Ṡ,False
nanganduru,NAnganduru,nAnganduru,50,NaamanaaraayaNi,S G3 M2 D1 S,S N2 P R1 S,S G₃ M₂ D₁ Ṡ,S N₂ P R₁ Ṡ,False
nanguram,NangUram,nangUram,50,NaamanaaraayaNi,S G3 M2 P D1 N2 S,S N2 P G3 R1 S,S G₃ M₂ P D₁ N₂ Ṡ,S N₂ P G₃ R₁ Ṡ,False
nanni,Nanni,nanni,50,NaamanaaraayaNi,S R1 M2 D1 S,S N2 P G3 R1 S,S R₁ M₂ D₁ Ṡ,S N₂ P G₃ R₁ Ṡ,False
nappinaipriya,NappinaipriyA,nappinaipriyA,50,NaamanaaraayaNi,S R1 G3 M2 P D1 N2 S,S N2 P G3 S,S R₁ G₃ M₂ P D₁ N₂ Ṡ,S N₂ P G₃ Ṡ,False
narantam,NarAntam,narAntam,50,NaamanaaraayaNi,S G3 P N2 S,S N2 D1 P M2 G3 R1 S,S G₃ P N₂ Ṡ,S N₂ D₁ P M₂ G₃ R₁ Ṡ,False
narmada,NarmadA,narmadA,50,NaamanaaraayaNi,S R1 G3 M2 D1 N2 S,S N2 D1 M2 G3 R1 S,S R₁ G₃ M₂ D₁ N₂ Ṡ,S N₂ D₁ M₂ G₃ R₁ Ṡ,False
narmada,NarmadA,narmadA,50,NaamanaaraayaNi,S R1 G3 M2 D1 N2 S,S N2 D1 M2 P M2 G3 R1 S,S R₁ G₃ M₂ D₁ N₂ Ṡ,S N₂ D₁ M₂ P M₂ G₃ R₁ Ṡ,False
narmada,NarmadA,narmadA,50,NaamanaaraayaNi,S R1 G3 M2 D1 N2 S,S N2 D1 P M2 G3 R1 S,S R₁ G₃ M₂ D₁ N₂ Ṡ,S N₂ D₁ P M₂ G₃ R₁ Ṡ,False
narmada,NarmadA,narmadA,50,NaamanaaraayaNi,S R1 G3 M2 D1 N2 S,S N2 D1 P M2 P G3 R1 S,S R₁ G₃ M₂ D₁ N₂ Ṡ,S N₂ D₁ P M₂ P G₃ R₁ Ṡ,False
narmada,NarmadA,narmadA,50,NaamanaaraayaNi,S R1 G3 M2 D1 N2 S,S N2 M2 G3 R1 S,S R₁ G₃ M₂ D₁ N₂ Ṡ,S N₂ M₂ G₃ R₁ Ṡ,False
narmada,NarmadA,narmadA,50,NaamanaaraayaNi,S R1 G3 M2 D1 N2 S,S S N2 D1 M2 P M2 G3 R1 S,S R₁ G₃ M₂ D₁ N₂ Ṡ,S Ṡ N₂ D₁ M₂ P M₂ G₃ R₁ Ṡ,False
naruntoghai,Naruntoghai,naruntoghai,50,NaamanaaraayaNi,S G3 P D1 S,S N2 P M2 R1 S,S G₃ P D₁ Ṡ,S N₂ P M₂ R₁ Ṡ,False
nasamani,NAsAmaNi,nAsAmaNi,50,NaamanaaraayaNi,S R1 G3 M2 P M2 P S,S N2 D1 N2 P M2 R1 S,S R₁ G₃ M₂ P M₂ P Ṡ,S N₂ D₁ N₂ P M₂ R₁ Ṡ,False
navam,Navam,navam,50,NaamanaaraayaNi,S R1 G3 M2 P D1 S,S N2 P G3 S,S R₁ G₃ M₂ P D₁ Ṡ,S N₂ P G₃ Ṡ,False
navarasagandhari,NavarasagAndhAri,navarasagAndhAri,50,NaamanaaraayaNi,S R1 G3 M2 P M2 D1 N2 S,S N2 D1 M2 G3 R1 S,S R₁ G₃ M₂ P M₂ D₁ N₂ Ṡ,S N₂ D₁ M₂ G₃ R₁ Ṡ,False
navatalam,NavataLam,navataLam,50,NaamanaaraayaNi,S R1 G3 M2 P N2 S,S D1 P G3 S,S R₁ G₃ M₂ P N₂ Ṡ,S D₁ P G₃ Ṡ,False
navvi,Navvi,navvi,50,NaamanaaraayaNi,S G3 P D1 S,S N2 P M2 G3 R1 S,S G₃ P D₁ Ṡ,S N₂ P M₂ G₃ R₁ Ṡ,False
nirmada,Nirmada,nirmada,50,NaamanaaraayaNi,S R1 G3 M2 D1 N2 S,S N2 D1 P P M2 P G3 R1 S,S R₁ G₃ M₂ D₁ N₂ Ṡ,S N₂ D₁ P P M₂ P G₃ R₁ Ṡ,False
nirmati,Nirmati,nirmati,50,NaamanaaraayaNi,S R1 G3 M2 D1 N2 S,S N2 D1 M2 P M2 G3 R1 S,S R₁ G₃ M₂ D₁ N₂ Ṡ,S N₂ D₁ M₂ P M₂ G₃ R₁ Ṡ,False
omkaraghosini,OmkAraghOSiNi,omkAraghOSiNi,50,NaamanaaraayaNi,S R1 M2 P N2 S,S N2 P M2 G3 R1 S,S R₁ M₂ P N₂ Ṡ,S N₂ P M₂ G₃ R₁ Ṡ,False
prabhava,Prabhava,prabhava,50,NaamanaaraayaNi,S R1 G3 P M2 D1 N2 S,S N2 D1 P G3 R1 S,S R₁ G₃ P M₂ D₁ N₂ Ṡ,S N₂ D₁ P G₃ R₁ Ṡ,False
pratapam,PratApam,pratApam,50,NaamanaaraayaNi,S G3 M2 D1 N2 S,S N2 D1 P M2 S R1 S,S G₃ M₂ D₁ N₂ Ṡ,S N₂ D₁ P M₂ Ṡ R₁ Ṡ,False
pratapam,PratApam,pratApam,50,NaamanaaraayaNi,S G3 M2 P D1 N2 S,S N2 D1 M2 G3 R1 S,S G₃ M₂ P D₁ N₂ Ṡ,S N₂ D₁ M₂ G₃ R₁ Ṡ,False
pratapam,PratApam,pratApam,50,NaamanaaraayaNi,S G3 M2 P D1 N2 S,S N2 D1 P M2 S R1 S,S G₃ M₂ P D₁ N₂ Ṡ,S N₂ D₁ P M₂ Ṡ R₁ Ṡ,False
sadhvi,SAdhvi,sAdhvi,50,NaamanaaraayaNi,S G3 M2 D1 N2 S,S N2 D1 M2 G3 S,S G₃ M₂ D₁ N₂ Ṡ,S N₂ D₁ M₂ G₃ Ṡ,False
selvanayaki,SelvanAyaki,selvanAyaki,50,NaamanaaraayaNi,S R1 G3 P N2 S,S D1 P M2 G3 R1 S,S R₁ G₃ P N₂ Ṡ,S D₁ P M₂ G₃ R₁ Ṡ,False
shrimadhukari,ShrImadhukari,shrImadhukari,50,NaamanaaraayaNi,S R1 G3 M2 P D1 N2 S,S N2 D1 M2 G3 R1 S,S R₁ G₃ M₂ P D₁ N₂ Ṡ,S N₂ D₁ M₂ G₃ R₁ Ṡ,False
shriomkarabhusani,ShrIOmkArabhUSaNi,shrIOmkArabhUSaNi,50,NaamanaaraayaNi,S R1 G3 M2 P N2 S,S N2 P M2 G3 R1 S,S R₁ G₃ M₂ P N₂ Ṡ,S N₂ P M₂ G₃ R₁ Ṡ,False
shriomkaraghosini,ShrIOmkAraghOSiNi,shrIOmkAraghOSiNi,50,NaamanaaraayaNi,S R1 G3 M2 P N2 S,S N2 P M2 G3 R1 S,S R₁ G₃ M₂ P N₂ Ṡ,S N₂ P M₂ G₃ R₁ Ṡ,False
soman,SOman,sOman,50,NaamanaaraayaNi,S R1 G3 M2 D1 S,S D1 M2 G3 R1 S,S R₁ G₃ M₂ D₁ Ṡ,S D₁ M₂ G₃ R₁ Ṡ,False
suramanjari,Suramanjari,suramanjari,50,NaamanaaraayaNi,S G3 M2 P D1 S,S N2 D1 P M2 G3 S,S G₃ M₂ P D₁ Ṡ,S N₂ D₁ P M₂ G₃ Ṡ,False
suranadi,Suranadi,suranadi,50,NaamanaaraayaNi,S R1 M2 D1 N2 S,S N2 D1 M2 R1 S,S R₁ M₂ D₁ N₂ Ṡ,S N₂ D₁ M₂ R₁ Ṡ,False
svarnambari,SvarNAmbari,svarNAmbari,50,NaamanaaraayaNi,S R1 G3 M2 N2 S,S N2 M2 G3 R1 S,S R₁ G₃ M₂ N₂ Ṡ,S N₂ M₂ G₃ R₁ Ṡ,False
tolaya,TOlAyA,tOlAyA,50,NaamanaaraayaNi,S R1 G3 M2 P D1 N2 S,S N2 P G3 R1 S,S R₁ G₃ M₂ P D₁ N₂ Ṡ,S N₂ P G₃ R₁ Ṡ,False
tomparai,Tomparai,tomparai,50,NaamanaaraayaNi,S R1 G3 M2 P D1 N2 S,S D1 P M2 G3 R1 S,S R₁ G₃ M₂ P D₁ N₂ Ṡ,S D₁ P M₂ G₃ R₁ Ṡ,False
torai,TOrai,tOrai,50,NaamanaaraayaNi,S R1 G3 P D1 N2 S,S N2 D1 P M2 G3 R1 S,S R₁ G₃ P D₁ N₂ Ṡ,S N₂ D₁ P M₂ G₃ R₁ Ṡ,False
torparam,TOrparam,tOrparam,50,NaamanaaraayaNi,S R1 G3 M2 P D1 N2 S,S D1 P G3 R1 S,S R₁ G₃ M₂ P D₁ N₂ Ṡ,S D₁ P G₃ R₁ Ṡ,False
toti,Toti,toti,50,NaamanaaraayaNi,S R1 G3 M2 P D1 N2 S,S N2 P M2 G3 R1 S,S R₁ G₃ M₂ P D₁ N₂ Ṡ,S N₂ P M₂ G₃ R₁ Ṡ,False
totraravu,TOTraravu,tOTraravu,50,NaamanaaraayaNi,S R1 G3 M2 P D1 N2 S,S N2 P M2 G3 S,S R₁ G₃ M₂ P D₁ N₂ Ṡ,S N₂ P M₂ G₃ Ṡ,False
toyamapuram,TOyamApuram,tOyamApuram,50,NaamanaaraayaNi,S G3 M2 P D1 N2 S,S N2 D1 P M2 G3 R1 S,S G₃ M₂ P D₁ N₂ Ṡ,S N₂ D₁ P M₂ G₃ R₁ Ṡ,False
toyataravarsani,TOyAtaravarSaNi,tOyAtaravarSaNi,50,NaamanaaraayaNi,S R1 G3 M2 P N2 S,S N2 D1 P M2 G3 R1 S,S R₁ G₃ M₂ P N₂ Ṡ,S N₂ D₁ P M₂ G₃ R₁ Ṡ,False
vaisnavi,VaiSNavi,vaiSNavi,50,NaamanaaraayaNi,S R1 G3 M2 D1 N2 S,S N2 M2 G3 R1 S,S R₁ G₃ M₂ D₁ N₂ Ṡ,S N₂ M₂ G₃ R₁ Ṡ,False
vilambini,ViLambini,viLambini,50,NaamanaaraayaNi,S M2 G3 M2 P N2 D1 N2 S,S N2 D1 N2 P M2 G3 R1 S,S M₂ G₃ M₂ P N₂ D₁ N₂ Ṡ,S N₂ D₁ N₂ P M₂ G₃ R₁ Ṡ,False
kaashiraamakriyaa,Kaashiraamakriyaa,kaashiraamakriyaa,51,PantuvaraaLi,S G3 R1 G3 M2 P D1 N3 S,S N3 D1 P M1 G3 R1 S,S G₃ R₁ G₃ M₂ P D₁ N₃ Ṡ,S N₃ D₁ P M₁ G₃ R₁ Ṡ,False
adipancamam,Adipancamam,adipancamam,51,PantuvaraaLi,S R1 P D1 N3 S,S N3 D1 N3 P M2 G3 R1 S,S R₁ P D₁ N₃ Ṡ,S N₃ D₁ N₃ P M₂ G₃ R₁ Ṡ,False
avilaksana,AvilakSaNa,avilakSaNa,51,PantuvaraaLi,S R1 M2 D1 N3 S,S N3 D1 M2 R1 S,S R₁ M₂ D₁ N₃ Ṡ,S N₃ D₁ M₂ R₁ Ṡ,False
badarika,Badarika,badarika,51,PantuvaraaLi,S R1 G3 M2 P M2 N3 D1 N3 S,S N3 D1 G3 R1 S,S R₁ G₃ M₂ P M₂ N₃ D₁ N₃ Ṡ,S N₃ D₁ G₃ R₁ Ṡ,False
bahudamani,BahudAmaNi,bahudAmaNi,51,PantuvaraaLi,S G3 R1 G3 M2 P D1 N3 S,S N3 D1 M2 G3 R1 S,S G₃ R₁ G₃ M₂ P D₁ N₃ Ṡ,S N₃ D₁ M₂ G₃ R₁ Ṡ,False
bhogasamantam,BhOgasAmantam,bhOgasAmantam,51,PantuvaraaLi,S G3 M2 P D1 P S,S D1 N3 P M2 G3 R1 S,S G₃ M₂ P D₁ P Ṡ,S D₁ N₃ P M₂ G₃ R₁ Ṡ,False
bhogavasantam,BhOgavasantam,bhOgavasantam,51,PantuvaraaLi,S R1 G3 M2 D1 N3 S,S N3 D1 M2 G3 R1 S,S R₁ G₃ M₂ D₁ N₃ Ṡ,S N₃ D₁ M₂ G₃ R₁ Ṡ,False
bhramaratarangini,BhramaratarangiNi,bhramaratarangiNi,51,PantuvaraaLi,S R1 G3 M2 P D1 N3 S,S P D1 N3 P M2 R1 G3 M2 R1 S,S R₁ G₃ M₂ P D₁ N₃ Ṡ,S P D₁ N₃ P M₂ R₁ G₃ M₂ R₁ Ṡ,False
caracandini,CaracaNDini,caracaNDini,51,PantuvaraaLi,S R1 M2 D1 P D1 S,S D1 P G3 M2 R1 S,S R₁ M₂ D₁ P D₁ Ṡ,S D₁ P G₃ M₂ R₁ Ṡ,False
cintamani,CintAmaNi,cintAmaNi,51,PantuvaraaLi,S G3 M2 D1 N3 S,S N3 D1 M2 G3 R1 S,S G₃ M₂ D₁ N₃ Ṡ,S N₃ D₁ M₂ G₃ R₁ Ṡ,False
codaranjani,COdaranjani,cOdaranjani,51,PantuvaraaLi,S R1 G3 M2 P D1 N3 S,S N3 P M2 R1 G3 R1 S,S R₁ G₃ M₂ P D₁ N₃ Ṡ,S N₃ P M₂ R₁ G₃ R₁ Ṡ,False
daksinamurti,DakSiNAmUrti,dakSiNAmUrti,51,PantuvaraaLi,S R1 G3 P N3 S,S N3 D1 P M2 G3 S,S R₁ G₃ P N₃ Ṡ,S N₃ D₁ P M₂ G₃ Ṡ,False
damboli,DambOli,dambOli,51,PantuvaraaLi,S R1 G3 P D1 N3 S,S N3 M2 G3 R1 S,S R₁ G₃ P D₁ N₃ Ṡ,S N₃ M₂ G₃ R₁ Ṡ,False
dantavasanta,Dantavasanta,dantavasanta,51,PantuvaraaLi,S R1 M2 D1 N3 S,S D1 N3 D1 P M2 S M2 R1 S,S R₁ M₂ D₁ N₃ Ṡ,S D₁ N₃ D₁ P M₂ Ṡ M₂ R₁ Ṡ,False
datikapancamam,DaTikapancamam,daTikapancamam,51,PantuvaraaLi,S G3 R1 G3 M2 P M2 D1 N3 P,S N3 D1 P M2 G3 R1 S,S G₃ R₁ G₃ M₂ P M₂ D₁ N₃ P,S N₃ D₁ P M₂ G₃ R₁ Ṡ,False
datikapancamam,DaTikapancamam,daTikapancamam,51,PantuvaraaLi,S G3 R1 G3 M2 P M2 D1 N3 P S,S N3 D1 P D1 N3 S,S G₃ R₁ G₃ M₂ P M₂ D₁ N₃ P Ṡ,S N₃ D₁ P D₁ N₃ Ṡ,False
devagiri,DEvagiri,dEvagiri,51,PantuvaraaLi,S R1 M2 P D1 S,S N3 D1 P M2 S R1 S,S R₁ M₂ P D₁ Ṡ,S N₃ D₁ P M₂ Ṡ R₁ Ṡ,False
devasabhai,DEvasabhai,dEvasabhai,51,PantuvaraaLi,S R1 G3 P S,S N3 D1 M2 G3 R1 S,S R₁ G₃ P Ṡ,S N₃ D₁ M₂ G₃ R₁ Ṡ,False
dharmini,DharmiNi,dharmiNi,51,PantuvaraaLi,S R1 G3 M2 D1 N3 S,S N3 P D1 M2 G3 R1 S,S R₁ G₃ M₂ D₁ N₃ Ṡ,S N₃ P D₁ M₂ G₃ R₁ Ṡ,False
dharmini,DharmiNi,dharmiNi,51,PantuvaraaLi,S R1 G3 M2 D1 N3 S,S N3 P M2 D1 M2 G3 R1 S,S R₁ G₃ M₂ D₁ N₃ Ṡ,S N₃ P M₂ D₁ M₂ G₃ R₁ Ṡ,False
dipakam,DIpakam,dIpakam,51,PantuvaraaLi,S G3 M2 P D1 P S,S N3 D1 N3 P G3 P M2 G3 R1,S G₃ M₂ P D₁ P Ṡ,S N₃ D₁ N₃ P G₃ P M₂ G₃ R₁,False
dipakam,DIpakam,dIpakam,51,PantuvaraaLi,S G3 M2 P D1 P S,S N3 D1 N3 P M2 G3 R1 S,S G₃ M₂ P D₁ P Ṡ,S N₃ D₁ N₃ P M₂ G₃ R₁ Ṡ,False
dipakam,DIpakam,dIpakam,51,PantuvaraaLi,S G3 M2 P D1 P S,S N3 D1 P M2 G3 R1 S,S G₃ M₂ P D₁ P Ṡ,S N₃ D₁ P M₂ G₃ R₁ Ṡ,False
dipakam,DIpakam,dIpakam,51,PantuvaraaLi,S R1 G3 P D1 S,S N3 D1 P M2 G3 R1 S,S R₁ G₃ P D₁ Ṡ,S N₃ D₁ P M₂ G₃ R₁ Ṡ,False
gaganamayuri,GaganamayUri,gaganamayUri,51,PantuvaraaLi,S M2 G3 D1 N3 S,S N3 D1 M2 P M2 G3 R1 S,S M₂ G₃ D₁ N₃ Ṡ,S N₃ D₁ M₂ P M₂ G₃ R₁ Ṡ,False
gamakapriya,GamakapriyA,gamakapriyA,51,PantuvaraaLi,S R1 G3 M2 P D1 N3 S,S D1 P M2 G3 R1 S,S R₁ G₃ M₂ P D₁ N₃ Ṡ,S D₁ P M₂ G₃ R₁ Ṡ,False
ganamayuri,GAnamayUri,gAnamayUri,51,PantuvaraaLi,S M2 G3 D1 N3 S,S N3 D1 M2 P M2 G3 R1 S,S M₂ G₃ D₁ N₃ Ṡ,S N₃ D₁ M₂ P M₂ G₃ R₁ Ṡ,False
garbhasardula,Garbhasardula,garbhasardula,51,PantuvaraaLi,S R1 G3 M2 N3 S,S P M2 G3 R1 S,S R₁ G₃ M₂ N₃ Ṡ,S P M₂ G₃ R₁ Ṡ,False
gauripantu,GaurIpantu,gaurIpantu,51,PantuvaraaLi,S R1 M2 P N3 S,S N3 D1 P M2 D1 M2 G3 R1 S,S R₁ M₂ P N₃ Ṡ,S N₃ D₁ P M₂ D₁ M₂ G₃ R₁ Ṡ,False
ghanamayuri,GhanamayUri,ghanamayUri,51,PantuvaraaLi,S M2 G3 D1 N3 S,S N3 D1 M2 P M2 G3 R1 S,S M₂ G₃ D₁ N₃ Ṡ,S N₃ D₁ M₂ P M₂ G₃ R₁ Ṡ,False
hamsanarayani,HamsanArAyaNi,hamsanArAyaNi,51,PantuvaraaLi,S R1 G3 M2 P S,S N3 P M2 G3 R1 S,S R₁ G₃ M₂ P Ṡ,S N₃ P M₂ G₃ R₁ Ṡ,False
hemarnavam,HEmArNavam,hEmArNavam,51,PantuvaraaLi,S R1 G3 M2 P D1 N3 S,S N3 D1 M2 G3 R1 S,S R₁ G₃ M₂ P D₁ N₃ Ṡ,S N₃ D₁ M₂ G₃ R₁ Ṡ,False
himaja,Himaja,himaja,51,PantuvaraaLi,S R1 G3 M2 D1 M2 P P N3 D1,S N3 D1 P M2 G3 M2 R1 S,S R₁ G₃ M₂ D₁ M₂ P P N₃ D₁,S N₃ D₁ P M₂ G₃ M₂ R₁ Ṡ,False
indumati,Indumati,indumati,51,PantuvaraaLi,S G3 M2 D1 N3 S,S N3 D1 P M2 G3 S,S G₃ M₂ D₁ N₃ Ṡ,S N₃ D₁ P M₂ G₃ Ṡ,False
kaltavapriya,KaltavapriyA,kaltavapriyA,51,PantuvaraaLi,S G3 M2 P D1 S,S D1 P M2 G3 S,S G₃ M₂ P D₁ Ṡ,S D₁ P M₂ G₃ Ṡ,False
kamadhvajita,KAmadhvajIta,kAmadhvajIta,51,PantuvaraaLi,S R1 M2 P N3 D1 S,S N3 D1 P M2 G3 R1 S,S R₁ M₂ P N₃ D₁ Ṡ,S N₃ D₁ P M₂ G₃ R₁ Ṡ,False
kamalaptapriya,KamalAptapriyA,kamalAptapriyA,51,PantuvaraaLi,S R1 G3 M2 P D1 S,S D1 P M2 G3 R1 S,S R₁ G₃ M₂ P D₁ Ṡ,S D₁ P M₂ G₃ R₁ Ṡ,False
kamalaptapriya,KamalAptapriyA,kamalAptapriyA,51,PantuvaraaLi,S R1 S M2 P D1 S,S D1 P M2 G3 R1 S,S R₁ Ṡ M₂ P D₁ Ṡ,S D₁ P M₂ G₃ R₁ Ṡ,False
kamalavasanta,Kamalavasanta,kamalavasanta,51,PantuvaraaLi,S R1 M2 G3 R1 M2 P D1 S,S N3 D1 P M2 G3 R1 S,S R₁ M₂ G₃ R₁ M₂ P D₁ Ṡ,S N₃ D₁ P M₂ G₃ R₁ Ṡ,False
kamavardhini,KAmavardhini,kAmavardhini,51,PantuvaraaLi,S R1 G3 M2 P D1 N3 S,S N3 D1 P M2 G3 R1 S,S R₁ G₃ M₂ P D₁ N₃ Ṡ,S N₃ D₁ P M₂ G₃ R₁ Ṡ,False
kamukhapriya,KamukhapriyA,kamukhapriyA,51,PantuvaraaLi,S R1 G3 M2 P D1 N3 S,S D1 P M2 G3 R1 S,S R₁ G₃ M₂ P D₁ N₃ Ṡ,S D₁ P M₂ G₃ R₁ Ṡ,False
kanakarasali,KanakarasALi,kanakarasALi,51,PantuvaraaLi,S R1 G3 M2 D1 N3 S,S D1 M2 G3 R1 S,S R₁ G₃ M₂ D₁ N₃ Ṡ,S D₁ M₂ G₃ R₁ Ṡ,False
kanakasabhai,Kanakasabhai,kanakasabhai,51,PantuvaraaLi,S G3 P D1 S,S N3 D1 M2 G3 R1 S,S G₃ P D₁ Ṡ,S N₃ D₁ M₂ G₃ R₁ Ṡ,False
kandajvalana,Kandajvalana,kandajvalana,51,PantuvaraaLi,S R1 M2 P N3 S,S N3 D1 M2 G3 R1 S,S R₁ M₂ P N₃ Ṡ,S N₃ D₁ M₂ G₃ R₁ Ṡ,False
kashiramakriya,KAshirAmakriyA,kAshirAmakriyA,51,PantuvaraaLi,S G3 R1 G3 M2 P D1 N3 S,S N3 D1 P M2 G3 R1 S,S G₃ R₁ G₃ M₂ P D₁ N₃ Ṡ,S N₃ D₁ P M₂ G₃ R₁ Ṡ,False
kashiramakriya,KAshirAmakriyA,kAshirAmakriyA,51,PantuvaraaLi,S R1 G3 M2 P D1 N3 S,S N3 D1 P M2 G3 R1 S,S R₁ G₃ M₂ P D₁ N₃ Ṡ,S N₃ D₁ P M₂ G₃ R₁ Ṡ,False
kesarikriya,KEsarikriyA,kEsarikriyA,51,PantuvaraaLi,S R1 G3 M2 D1 M2 P N3 S,S N3 P M2 R1 M2 G3 S,S R₁ G₃ M₂ D₁ M₂ P N₃ Ṡ,S N₃ P M₂ R₁ M₂ G₃ Ṡ,False
khandajvalana,KhaNDajvalana,khaNDajvalana,51,PantuvaraaLi,S R1 M2 P N3 S,S N3 D1 P M2 G3 R1 S,S R₁ M₂ P N₃ Ṡ,S N₃ D₁ P M₂ G₃ R₁ Ṡ,False
kirani,KIraNi,kIraNi,51,PantuvaraaLi,S R1 G3 M2 P N3 D1 N3 S,S D1 P M2 G3 R1 S,S R₁ G₃ M₂ P N₃ D₁ N₃ Ṡ,S D₁ P M₂ G₃ R₁ Ṡ,False
kirani,KiraNi,kiraNi,51,PantuvaraaLi,S R1 G3 M2 P N3 D1 N3 S,S N3 D1 M2 G3 R1 S,S R₁ G₃ M₂ P N₃ D₁ N₃ Ṡ,S N₃ D₁ M₂ G₃ R₁ Ṡ,False
kukutashri,KukuTashrI,kukuTashrI,51,PantuvaraaLi,S R1 G3 M2 P D1 N3 S,S N3 P M2 G3 R1 M2 G3 S,S R₁ G₃ M₂ P D₁ N₃ Ṡ,S N₃ P M₂ G₃ R₁ M₂ G₃ Ṡ,False
kumudakriya,KumudakriyA,kumudakriyA,51,PantuvaraaLi,S R1 G3 M2 D1 S,S N3 D1 M2 G3 R1 S,S R₁ G₃ M₂ D₁ Ṡ,S N₃ D₁ M₂ G₃ R₁ Ṡ,False
kumudaprabha,KumudaprabhA,kumudaprabhA,51,PantuvaraaLi,S R1 G3 D1 N3 S,S P M2 G3 R1 G3 S,S R₁ G₃ D₁ N₃ Ṡ,S P M₂ G₃ R₁ G₃ Ṡ,False
kumudapriya,KumudapriyA,kumudapriyA,51,PantuvaraaLi,S R1 G3 M2 D1 S,S N3 D1 M2 G3 R1 S,S R₁ G₃ M₂ D₁ Ṡ,S N₃ D₁ M₂ G₃ R₁ Ṡ,False
makutashri,MakuTashrI,makuTashrI,51,PantuvaraaLi,S R1 G3 M2 P D1 N3 S,S N3 P M2 G3 R1 M2 G3 S,S R₁ G₃ M₂ P D₁ N₃ Ṡ,S N₃ P M₂ G₃ R₁ M₂ G₃ Ṡ,False
mandari,MandAri,mandAri,51,PantuvaraaLi,S R1 G3 M2 P N3 S,S N3 D1 P M2 G3 R1 S,S R₁ G₃ M₂ P N₃ Ṡ,S N₃ D₁ P M₂ G₃ R₁ Ṡ,False
manmatalata,ManmatalatA,manmatalatA,51,PantuvaraaLi,S N3 S R1 G3 M2 P D1 P S,S D1 P M2 G3 R1 S N3 S,S N₃ Ṡ R₁ G₃ M₂ P D₁ P Ṡ,S D₁ P M₂ G₃ R₁ Ṡ N₃ Ṡ,False
manorama,ManOramA,manOramA,51,PantuvaraaLi,S R1 G3 M2 M2 P D1 N3 S,S N3 D1 P M2 G3 M2 G3 R1 S,S R₁ G₃ M₂ M₂ P D₁ N₃ Ṡ,S N₃ D₁ P M₂ G₃ M₂ G₃ R₁ Ṡ,False
marutti,MArutti,mArutti,51,PantuvaraaLi,S R1 M2 P N3 S,S N3 D1 M2 G3 R1 S,S R₁ M₂ P N₃ Ṡ,S N₃ D₁ M₂ G₃ R₁ Ṡ,False
marutti,MArutti,mArutti,51,PantuvaraaLi,S R1 M2 P N3 S,S N3 D1 P M2 G3 R1 S,S R₁ M₂ P N₃ Ṡ,S N₃ D₁ P M₂ G₃ R₁ Ṡ,False
mukundamanohari,MukundamanOhari,mukundamanOhari,51,PantuvaraaLi,S G3 R1 M2 D1 P N3 S,S N3 D1 P G3 R1 S,S G₃ R₁ M₂ D₁ P N₃ Ṡ,S N₃ D₁ P G₃ R₁ Ṡ,False
nattaragam,NaTTarAgam,naTTarAgam,51,PantuvaraaLi,S R1 G3 M2 P D1 N3 S,S N3 D1 P M2 G3 R1 S,S R₁ G₃ M₂ P D₁ N₃ Ṡ,S N₃ D₁ P M₂ G₃ R₁ Ṡ,False
navaplavi,Navaplavi,navaplavi,51,PantuvaraaLi,S R1 G3 M2 P D1 N3 P D1 P S,S N3 D1 P D1 M2 G3 S,S R₁ G₃ M₂ P D₁ N₃ P D₁ P Ṡ,S N₃ D₁ P D₁ M₂ G₃ Ṡ,False
navukkarashu,NAvukkarashu,nAvukkarashu,51,PantuvaraaLi,S G3 P N3 S,S D1 P M2 G3 R1 S,S G₃ P N₃ Ṡ,S D₁ P M₂ G₃ R₁ Ṡ,False
nedili,NeDili,neDili,51,PantuvaraaLi,S R1 M2 D1 S,S N3 P G3 S,S R₁ M₂ D₁ Ṡ,S N₃ P G₃ Ṡ,False
nekkurodam,NekkurOdam,nekkurOdam,51,PantuvaraaLi,S G3 P N3 S,S D1 P M2 R1 S,S G₃ P N₃ Ṡ,S D₁ P M₂ R₁ Ṡ,False
nettil,NeTTil,neTTil,51,PantuvaraaLi,S G3 P N3 S,S D1 M2 R1 S,S G₃ P N₃ Ṡ,S D₁ M₂ R₁ Ṡ,False
nicanam,NicAnam,nicAnam,51,PantuvaraaLi,S R1 G3 M2 P D1 N3 S,S N3 P M2 G3 R1 S,S R₁ G₃ M₂ P D₁ N₃ Ṡ,S N₃ P M₂ G₃ R₁ Ṡ,False
niccintan,Niccintan,niccintan,51,PantuvaraaLi,S R1 G3 M2 P D1 N3 S,S N3 D1 M2 G3 R1 S,S R₁ G₃ M₂ P D₁ N₃ Ṡ,S N₃ D₁ M₂ G₃ R₁ Ṡ,False
nidartam,NidArtam,nidArtam,51,PantuvaraaLi,S R1 G3 M2 P N3 S,S N3 D1 P M2 G3 R1 S,S R₁ G₃ M₂ P N₃ Ṡ,S N₃ D₁ P M₂ G₃ R₁ Ṡ,False
niharam,NihAram,nihAram,51,PantuvaraaLi,S G3 M2 D1 N3 S,S N3 D1 M2 G3 S,S G₃ M₂ D₁ N₃ Ṡ,S N₃ D₁ M₂ G₃ Ṡ,False
nilakam,Nilakam,nilakam,51,PantuvaraaLi,S G3 M2 P D1 N3 S,S N3 P G3 R1 S,S G₃ M₂ P D₁ N₃ Ṡ,S N₃ P G₃ R₁ Ṡ,False
nilakkumizh,Nilakkumizh,nilakkumizh,51,PantuvaraaLi,S R1 G3 M2 P D1 S,S N3 P G3 R1 S,S R₁ G₃ M₂ P D₁ Ṡ,S N₃ P G₃ R₁ Ṡ,False
nilambi,Nilambi,nilambi,51,PantuvaraaLi,S R1 G3 M2 P N3 S,S D1 P G3 R1 S,S R₁ G₃ M₂ P N₃ Ṡ,S D₁ P G₃ R₁ Ṡ,False
nilamukhi,NilAmukhi,nilAmukhi,51,PantuvaraaLi,S G3 M2 P D1 N3 S,S D1 P G3 R1 S,S G₃ M₂ P D₁ N₃ Ṡ,S D₁ P G₃ R₁ Ṡ,False
nilandar,NIlandar,nIlandar,51,PantuvaraaLi,S R1 G3 M2 P D1 N3 S,S D1 P G3 S,S R₁ G₃ M₂ P D₁ N₃ Ṡ,S D₁ P G₃ Ṡ,False
ninadam,NinAdam,ninAdam,51,PantuvaraaLi,S G3 M2 P D1 S,S N3 P M2 G3 R1 S,S G₃ M₂ P D₁ Ṡ,S N₃ P M₂ G₃ R₁ Ṡ,False
nindam,Nindam,nindam,51,PantuvaraaLi,S R1 G3 M2 P D1 N3 S,S D1 P G3 R1 S,S R₁ G₃ M₂ P D₁ N₃ Ṡ,S D₁ P G₃ R₁ Ṡ,False
niraksam,NirakSam,nirakSam,51,PantuvaraaLi,S R1 G3 P D1 S,S N3 D1 P M2 G3 R1 S,S R₁ G₃ P D₁ Ṡ,S N₃ D₁ P M₂ G₃ R₁ Ṡ,False
niranjanam,NirAnjanam,nirAnjanam,51,PantuvaraaLi,S R1 G3 P N3 S,S D1 P M2 G3 S,S R₁ G₃ P N₃ Ṡ,S D₁ P M₂ G₃ Ṡ,False
niretti,NIreTTi,nIreTTi,51,PantuvaraaLi,S R1 G3 P D1 S,S N3 P M2 G3 S,S R₁ G₃ P D₁ Ṡ,S N₃ P M₂ G₃ Ṡ,False
niriksanam,NirIkSaNam,nirIkSaNam,51,PantuvaraaLi,S R1 G3 P N3 S,S N3 D1 P M2 G3 R1 S,S R₁ G₃ P N₃ Ṡ,S N₃ D₁ P M₂ G₃ R₁ Ṡ,False
nirkkuranji,NIrkkuranji,nIrkkuranji,51,PantuvaraaLi,S R1 G3 M2 P D1 N3 S,S N3 P G3 S,S R₁ G₃ M₂ P D₁ N₃ Ṡ,S N₃ P G₃ Ṡ,False
niscittam,Niscittam,niscittam,51,PantuvaraaLi,S G3 M2 P D1 N3 S,S N3 D1 P M2 G3 R1 S,S G₃ M₂ P D₁ N₃ Ṡ,S N₃ D₁ P M₂ G₃ R₁ Ṡ,False
nishan,NishAn,nishAn,51,PantuvaraaLi,S R1 G3 M2 P D1 N3 S,S D1 P M2 G3 R1 S,S R₁ G₃ M₂ P D₁ N₃ Ṡ,S D₁ P M₂ G₃ R₁ Ṡ,False
niskam,NiSkam,niSkam,51,PantuvaraaLi,S R1 G3 P D1 N3 S,S N3 D1 P M2 G3 R1 S,S R₁ G₃ P D₁ N₃ Ṡ,S N₃ D₁ P M₂ G₃ R₁ Ṡ,False
nittikam,Nittikam,nittikam,51,PantuvaraaLi,S R1 G3 M2 P D1 N3 S,S N3 P M2 G3 S,S R₁ G₃ M₂ P D₁ N₃ Ṡ,S N₃ P M₂ G₃ Ṡ,False
nittilam,Nittilam,nittilam,51,PantuvaraaLi,S R1 G3 M2 P D1 N3 S,S N3 P G3 R1 S,S R₁ G₃ M₂ P D₁ N₃ Ṡ,S N₃ P G₃ R₁ Ṡ,False
nivan,NIvAn,nIvAn,51,PantuvaraaLi,S G3 P N3 S,S N3 D1 P M2 G3 R1 S,S G₃ P N₃ Ṡ,S N₃ D₁ P M₂ G₃ R₁ Ṡ,False
nivaram,NIvAram,nIvAram,51,PantuvaraaLi,S G3 P D1 S,S N3 D1 P M2 G3 R1 S,S G₃ P D₁ Ṡ,S N₃ D₁ P M₂ G₃ R₁ Ṡ,False
nivegam,NivEgam,nivEgam,51,PantuvaraaLi,S R1 G3 P D1 S,S N3 P M2 G3 R1 S,S R₁ G₃ P D₁ Ṡ,S N₃ P M₂ G₃ R₁ Ṡ,False
nukku,Nukku,nukku,51,PantuvaraaLi,S R1 G3 M2 P D1 S,S N3 P G3 S,S R₁ G₃ M₂ P D₁ Ṡ,S N₃ P G₃ Ṡ,False
nunalai,NuNalai,nuNalai,51,PantuvaraaLi,S R1 G3 M2 P N3 S,S D1 P G3 S,S R₁ G₃ M₂ P N₃ Ṡ,S D₁ P G₃ Ṡ,False
nupuram,NUpuram,nUpuram,51,PantuvaraaLi,S R1 G3 M2 D1 S,S N3 P G3 S,S R₁ G₃ M₂ D₁ Ṡ,S N₃ P G₃ Ṡ,False
nuvanai,NuvaNai,nuvaNai,51,PantuvaraaLi,S R1 G3 P N3 S,S D1 M2 G3 S,S R₁ G₃ P N₃ Ṡ,S D₁ M₂ G₃ Ṡ,False
omkaraghosani,OmkAraghOSaNI,omkAraghOSaNI,51,PantuvaraaLi,S R1 G3 M2 P N3 S,S N3 P M2 G3 R1 S,S R₁ G₃ M₂ P N₃ Ṡ,S N₃ P M₂ G₃ R₁ Ṡ,False
padarika,PadArika,padArika,51,PantuvaraaLi,S R1 G3 M2 P M2 N3 D1 N3 S,S N3 D1 G3 R1 S,S R₁ G₃ M₂ P M₂ N₃ D₁ N₃ Ṡ,S N₃ D₁ G₃ R₁ Ṡ,False
padmakesari,PadmakEsari,padmakEsari,51,PantuvaraaLi,S R1 G3 R1 M2 G3 M2 P D1 P N3 D1 N3 P D1 N3 S,S N3 D1 P M2 G3 R1 S,S R₁ G₃ R₁ M₂ G₃ M₂ P D₁ P N₃ D₁ N₃ P D₁ N₃ Ṡ,S N₃ D₁ P M₂ G₃ R₁ Ṡ,False
pankeruha,PankEruha,pankEruha,51,PantuvaraaLi,S M2 G3 M2 P N3 D1 N3 S,S N3 P M2 G3 R1 S,S M₂ G₃ M₂ P N₃ D₁ N₃ Ṡ,S N₃ P M₂ G₃ R₁ Ṡ,False
pantuvarali,PantuvarALi,pantuvarALi,51,PantuvaraaLi,S R1 G3 M2 P D1 N3 S,S N3 D1 P M2 G3 R1 S,S R₁ G₃ M₂ P D₁ N₃ Ṡ,S N₃ D₁ P M₂ G₃ R₁ Ṡ,False
parvatamanjari,Parvatamanjari,parvatamanjari,51,PantuvaraaLi,S G3 P D1 N3 S,S N3 D1 P G3 R1 M2 G3 S,S G₃ P D₁ N₃ Ṡ,S N₃ D₁ P G₃ R₁ M₂ G₃ Ṡ,False
ponni,Ponni,ponni,51,PantuvaraaLi,S G3 M2 P N3 S,S N3 P M2 G3 R1 S,S G₃ M₂ P N₃ Ṡ,S N₃ P M₂ G₃ R₁ Ṡ,False
pratapam,PratApam,pratApam,51,PantuvaraaLi,S G3 M2 D1 N3 S,S N3 D1 P M2 G3 R1 S,S G₃ M₂ D₁ N₃ Ṡ,S N₃ D₁ P M₂ G₃ R₁ Ṡ,False
pulasya,Pulasya,pulasya,51,PantuvaraaLi,S M2 P D1 N3 S,S N3 D1 P M2 G3 R1 G3 S,S M₂ P D₁ N₃ Ṡ,S N₃ D₁ P M₂ G₃ R₁ G₃ Ṡ,False
purvi,PUrvi,PUrvi,51,PantuvaraaLi,S R1 G3 M2 P D1 N3 D1 S,N3 D1 P M2 G3 R1 S,S R₁ G₃ M₂ P D₁ N₃ D₁ Ṡ,N₃ D₁ P M₂ G₃ R₁ Ṡ,False
puspalalita,PuSpalalitA,puSpalalitA,51,PantuvaraaLi,S G3 M2 D1 N3 S,S D1 P M2 R1 S,S G₃ M₂ D₁ N₃ Ṡ,S D₁ P M₂ R₁ Ṡ,False
rajasundari,RAjasundari,rAjasundari,51,PantuvaraaLi,S N3 S R1 G3 M2 P N3 S,S N3 D1 P M2 G3 R1 S,S N₃ Ṡ R₁ G₃ M₂ P N₃ Ṡ,S N₃ D₁ P M₂ G₃ R₁ Ṡ,False
ramakriya,RAmakriyA,rAmakriyA,51,PantuvaraaLi,S R1 G3 M2 P D1 N3 S,S D1 N3 P M2 G3 R1 S,S R₁ G₃ M₂ P D₁ N₃ Ṡ,S D₁ N₃ P M₂ G₃ R₁ Ṡ,False
ramakriya,RAmakriyA,rAmakriyA,51,PantuvaraaLi,S R1 G3 M2 P D1 N3 S,S N3 D1 M2 G3 R1 S,S R₁ G₃ M₂ P D₁ N₃ Ṡ,S N₃ D₁ M₂ G₃ R₁ Ṡ,False
ramakriya,RAmakriyA,rAmakriyA,51,PantuvaraaLi,S R1 G3 M2 P D1 N3 S,S N3 D1 P D1 M2 G3 R1 S,S R₁ G₃ M₂ P D₁ N₃ Ṡ,S N₃ D₁ P D₁ M₂ G₃ R₁ Ṡ,False
ramakriya,RAmakriyA,rAmakriyA,51,PantuvaraaLi,S R1 G3 M2 P D1 N3 S,S N3 D1 P M2 D1 M2 G3 R1 S,S R₁ G₃ M₂ P D₁ N₃ Ṡ,S N₃ D₁ P M₂ D₁ M₂ G₃ R₁ Ṡ,False
ramakriya,RAmakriyA,rAmakriyA,51,PantuvaraaLi,S R1 G3 M2 P D1 N3 S,S N3 S D1 P M2 G3 M2 G3 R1 S,S R₁ G₃ M₂ P D₁ N₃ Ṡ,S N₃ Ṡ D₁ P M₂ G₃ M₂ G₃ R₁ Ṡ,False
ramanarayani,RAmanArAyaNi,rAmanArAyaNi,51,PantuvaraaLi,S R1 G3 M2 P D1 N3 S,S N3 D1 P M2 G3 M2 R1 S,S R₁ G₃ M₂ P D₁ N₃ Ṡ,S N₃ D₁ P M₂ G₃ M₂ R₁ Ṡ,False
raudragandhari,RaudragAndhAri,raudragAndhAri,51,PantuvaraaLi,S R1 G3 M2 N3 S,S N3 P M2 N3 S,S R₁ G₃ M₂ N₃ Ṡ,S N₃ P M₂ N₃ Ṡ,False
raudragandhari,RaudragAndhAri,raudragAndhAri,51,PantuvaraaLi,S R1 G3 M2 N3 S,S N3 P M2 R1 S,S R₁ G₃ M₂ N₃ Ṡ,S N₃ P M₂ R₁ Ṡ,False
sadananapriya,SaDAnanapriyA,saDAnanapriyA,51,PantuvaraaLi,S R1 G3 M2 N3 S,S N3 M2 G3 R1 S,S R₁ G₃ M₂ N₃ Ṡ,S N₃ M₂ G₃ R₁ Ṡ,False
sadari,Sadari,sadari,51,PantuvaraaLi,S R1 G3 M2 P D1 N3 S,S N3 D1 P M2 G3 R1 S,S R₁ G₃ M₂ P D₁ N₃ Ṡ,S N₃ D₁ P M₂ G₃ R₁ Ṡ,False
sakalabibhasu,SakalabibhAsu,sakalabibhAsu,51,PantuvaraaLi,S R1 G3 D1 N3 S,S N3 D1 M2 G3 R1 S,S R₁ G₃ D₁ N₃ Ṡ,S N₃ D₁ M₂ G₃ R₁ Ṡ,False
salagabibhasu,SALagabibhAsu,sALagabibhAsu,51,PantuvaraaLi,S R1 G3 D1 N3 S,S N3 D1 M2 G3 R1 S,S R₁ G₃ D₁ N₃ Ṡ,S N₃ D₁ M₂ G₃ R₁ Ṡ,False
sarangamani,SArangamaNi,sArangamaNi,51,PantuvaraaLi,S R1 G3 M2 D1 S,S N3 D1 P M2 G3 R1 S,S R₁ G₃ M₂ D₁ Ṡ,S N₃ D₁ P M₂ G₃ R₁ Ṡ,False
sarangi,SArangi,sArangi,51,PantuvaraaLi,S R1 G3 M2 D1 S,S N3 D1 P M2 G3 R1 S,S R₁ G₃ M₂ D₁ Ṡ,S N₃ D₁ P M₂ G₃ R₁ Ṡ,False
sarjamani,SarjamaNi,sarjamaNi,51,PantuvaraaLi,S R1 G3 M2 D1 S,S N3 D1 P M2 G3 R1 S,S R₁ G₃ M₂ D₁ Ṡ,S N₃ D₁ P M₂ G₃ R₁ Ṡ,False
shaktitarangini,ShaktitarangiNi,shaktitarangiNi,51,PantuvaraaLi,S R1 M2 G3 R1 P M2 D1 N3 S,S N3 D1 P M2 R1 G3 S S,S R₁ M₂ G₃ R₁ P M₂ D₁ N₃ Ṡ,S N₃ D₁ P M₂ R₁ G₃ Ṡ S,False
shankarashrngarini,ShankarashrngAriNi,shankarashrngAriNi,51,PantuvaraaLi,S R1 M2 P N3 R1 S,S N3 D1 P M2 G3 S,S R₁ M₂ P N₃ R₁ Ṡ,S N₃ D₁ P M₂ G₃ Ṡ,False
sharacandani,Sharacandani,sharacandani,51,PantuvaraaLi,S R1 M2 D1 P D1 S,S D1 P M2 R1 S,S R₁ M₂ D₁ P D₁ Ṡ,S D₁ P M₂ R₁ Ṡ,False
shashibhaskaram,ShashibhAskaram,shashibhAskaram,51,PantuvaraaLi,S R1 G3 P N3 S,S N3 P G3 R1 S,S R₁ G₃ P N₃ Ṡ,S N₃ P G₃ R₁ Ṡ,False
shastrartini,ShAstrArtini,shAstrArtini,51,PantuvaraaLi,S R1 M2 G3 P D1 P S,S N3 D1 P M2 G3 R1 S,S R₁ M₂ G₃ P D₁ P Ṡ,S N₃ D₁ P M₂ G₃ R₁ Ṡ,False
shobhasvaini,Shobhasvaini,shobhasvaini,51,PantuvaraaLi,S R1 M2 P M2 D1 N3 S,S D1 N3 P M2 R1 M2 S,S R₁ M₂ P M₂ D₁ N₃ Ṡ,S D₁ N₃ P M₂ R₁ M₂ Ṡ,False
shravanakarpitam,ShravaNakarpitam,shravaNakarpitam,51,PantuvaraaLi,S R1 G3 M2 P D1 S,S N3 D1 P M2 G3 R1 S,S R₁ G₃ M₂ P D₁ Ṡ,S N₃ D₁ P M₂ G₃ R₁ Ṡ,False
shridipakam,ShrIdIpakam,shrIdIpakam,51,PantuvaraaLi,S G3 M2 P D1 P S,S N3 D1 N3 P M2 G3 R1 S,S G₃ M₂ P D₁ P Ṡ,S N₃ D₁ N₃ P M₂ G₃ R₁ Ṡ,False
shrihamsanarayani,ShrIhamsanArAyaNi,shrIhamsanArAyaNi,51,PantuvaraaLi,S R1 G3 M2 P S,S N3 P G3 R1 S,S R₁ G₃ M₂ P Ṡ,S N₃ P G₃ R₁ Ṡ,False
shrikamalaptam,ShrIkamalAptam,shrIkamalAptam,51,PantuvaraaLi,S R1 M2 D1 N3 S,S N3 D1 M2 R1 S,S R₁ M₂ D₁ N₃ Ṡ,S N₃ D₁ M₂ R₁ Ṡ,False
shuddhagamakapriya,ShuddhagamakapriyA,shuddhagamakapriyA,51,PantuvaraaLi,S R1 G3 M2 P D1 S,S D1 P M2 G3 R1 S,S R₁ G₃ M₂ P D₁ Ṡ,S D₁ P M₂ G₃ R₁ Ṡ,False
shvetambudhi,ShvEtAmbudhi,shvEtAmbudhi,51,PantuvaraaLi,S R1 G3 M2 P S,S N3 D1 P M2 G3 R1 S,S R₁ G₃ M₂ P Ṡ,S N₃ D₁ P M₂ G₃ R₁ Ṡ,False
simhavacandana,Simhavacandana,simhavacandana,51,PantuvaraaLi,S R1 G3 M2 P D1 N3 S,S D1 P G3 M2 R1 G3 M2 R1 S,S R₁ G₃ M₂ P D₁ N₃ Ṡ,S D₁ P G₃ M₂ R₁ G₃ M₂ R₁ Ṡ,False
stavapriya,StavapriyA,stavapriyA,51,PantuvaraaLi,S R1 G3 M2 P D1 S,S D1 P M2 G3 S,S R₁ G₃ M₂ P D₁ Ṡ,S D₁ P M₂ G₃ Ṡ,False
sudhakesari,SudhAkEsari,sudhAkEsari,51,PantuvaraaLi,S R1 G3 M2 D1 N3 S,S D1 N3 P D1 M2 G3 R1 S N3 S,S R₁ G₃ M₂ D₁ N₃ Ṡ,S D₁ N₃ P D₁ M₂ G₃ R₁ Ṡ N₃ Ṡ,False
suradhambudhi,SuradhAmbudhi,suradhAmbudhi,51,PantuvaraaLi,S R1 M2 D1 N3 S,S N3 D1 M2 G3 R1 S,S R₁ M₂ D₁ N₃ Ṡ,S N₃ D₁ M₂ G₃ R₁ Ṡ,False
tamraranjani,TAmraranjani,tAmraranjani,51,PantuvaraaLi,S R1 G3 M2 P N3 D1 N3 S,S N3 D1 P M2 G3 M2 S,S R₁ G₃ M₂ P N₃ D₁ N₃ Ṡ,S N₃ D₁ P M₂ G₃ M₂ Ṡ,False
tatikapancamam,TaTikapancamam,taTikapancamam,51,PantuvaraaLi,S G3 R1 G3 M2 P M2 D1 N3 P,S N3 D1 P M2 G3 R1 S,S G₃ R₁ G₃ M₂ P M₂ D₁ N₃ P,S N₃ D₁ P M₂ G₃ R₁ Ṡ,False
unnamulai,UNNamulai,uNNamulai,51,PantuvaraaLi,S R1 G3 M2 P D1 S,S D1 P M2 G3 R1 S,S R₁ G₃ M₂ P D₁ Ṡ,S D₁ P M₂ G₃ R₁ Ṡ,False
unnamulai,UNNamulai,uNNamulai,51,PantuvaraaLi,S R1 G3 M2 P D1 S,S N3 D1 P M2 G3 R1 S,S R₁ G₃ M₂ P D₁ Ṡ,S N₃ D₁ P M₂ G₃ R₁ Ṡ,False
uttungamana,UttungamAna,uttungamAna,51,PantuvaraaLi,S G3 M2 P D1 P N3 S,S D1 P M2 R1 S,S G₃ M₂ P D₁ P N₃ Ṡ,S D₁ P M₂ R₁ Ṡ,False
vagranandana,VAgranandana,vAgranandana,51,PantuvaraaLi,S R1 G3 P D1 S,S N3 D1 N3 D1 P M2 G3 R1 S,S R₁ G₃ P D₁ Ṡ,S N₃ D₁ N₃ D₁ P M₂ G₃ R₁ Ṡ,False
vagvamukhi,VAgvamukhi,vAgvamukhi,51,PantuvaraaLi,S R1 G3 M2 P N3 S,S N3 P M2 G3 S,S R₁ G₃ M₂ P N₃ Ṡ,S N₃ P M₂ G₃ Ṡ,False
vanadayaki,VanadAyaki,vanadAyaki,51,PantuvaraaLi,S R1 G3 M2 P D1 N3 S,S D1 M2 G3 R1 S,S R₁ G₃ M₂ P D₁ N₃ Ṡ,S D₁ M₂ G₃ R₁ Ṡ,False
vasantamaruva,VasantamAruva,vasantamAruva,51,PantuvaraaLi,S R1 G3 M2 P D1 N3 D1 S,S D1 P M2 G3 S,S R₁ G₃ M₂ P D₁ N₃ D₁ Ṡ,S D₁ P M₂ G₃ Ṡ,False
vikrama,Vikrama,vikrama,51,PantuvaraaLi,S R1 G3 M2 P N3 S,S N3 D1 P M2 G3 M2 G3 R1 S,S R₁ G₃ M₂ P N₃ Ṡ,S N₃ D₁ P M₂ G₃ M₂ G₃ R₁ Ṡ,False
vilaksana,VilakSaNa,vilakSaNa,51,PantuvaraaLi,S R1 M2 D1 N3 S,S N3 D1 M2 R1 S,S R₁ M₂ D₁ N₃ Ṡ,S N₃ D₁ M₂ R₁ Ṡ,False
vilambini,ViLambini,viLambini,51,PantuvaraaLi,P M2 G3 M2 P N3 D1 N3 S,S N3 D1 N3 P M2 G3 S,P M₂ G₃ M₂ P N₃ D₁ N₃ Ṡ,S N₃ D₁ N₃ P M₂ G₃ Ṡ,False
vilambini,ViLambini,viLambini,51,PantuvaraaLi,S M2 G3 M2 P N3 D1 N3 S,S N3 D1 P M2 D1 M2 G3 R1 S,S M₂ G₃ M₂ P N₃ D₁ N₃ Ṡ,S N₃ D₁ P M₂ D₁ M₂ G₃ R₁ Ṡ,False
vipramandara,VipramandAra,vipramandAra,51,PantuvaraaLi,S R1 M2 P D1 N3 S,S D1 P M2 G3 R1 S,S R₁ M₂ P D₁ N₃ Ṡ,S D₁ P M₂ G₃ R₁ Ṡ,False
virajantaka,VirAjAntaka,virAjAntaka,51,PantuvaraaLi,S R1 S G3 M2 P N3 S,S N3 D1 P M2 G3 S,S R₁ Ṡ G₃ M₂ P N₃ Ṡ,S N₃ D₁ P M₂ G₃ Ṡ,False
ramaamanohari,RamaamanOhari,ramaamanOhari,52,Raamapriyaa,S R1 G3 M2 P D2 S,S N2 D2 P M2 G3 R1 S,S R₁ G₃ M₂ P D₂ Ṡ,S N₂ D₂ P M₂ G₃ R₁ Ṡ,False
anandabhogi,AnandabhOgi,AnandabhOgi,52,Raamapriyaa,S R1 G3 M2 P N2 D2 N2,D2 P M2 R1 S N2,S R₁ G₃ M₂ P N₂ D₂ N₂,D₂ P M₂ R₁ Ṡ N₂,False
arunan,AruNan,aruNan,52,Raamapriyaa,S G3 P S,S N2 P M2 G3 R1 S,S G₃ P Ṡ,S N₂ P M₂ G₃ R₁ Ṡ,False
aruran,ArUran,arUran,52,Raamapriyaa,S R1 G3 P D2 S,S N2 D2 P M2 G3 R1 S,S R₁ G₃ P D₂ Ṡ,S N₂ D₂ P M₂ G₃ R₁ Ṡ,False
bhairavadhvani,Bhairavadhvani,bhairavadhvani,52,Raamapriyaa,S R1 G3 M2 P M2 N2 D2 S,S D2 P M2 G3 R1 S,S R₁ G₃ M₂ P M₂ N₂ D₂ Ṡ,S D₂ P M₂ G₃ R₁ Ṡ,False
cintamani,CintAmaNi,cintAmaNi,52,Raamapriyaa,S G3 M2 P D2 N2,D2 P M2 P G3 R1 S N2 S,S G₃ M₂ P D₂ N₂,D₂ P M₂ P G₃ R₁ Ṡ N₂ Ṡ,False
cintaramani,CintAramaNi,cintAramaNi,52,Raamapriyaa,S G3 M2 P D2 N2,D2 P M2 P G3 R1 S N2 S,S G₃ M₂ P D₂ N₂,D₂ P M₂ P G₃ R₁ Ṡ N₂ Ṡ,False
dharmaghottanai,DharmaghoTTanai,dharmaghoTTanai,52,Raamapriyaa,S R1 G3 R1 G3 M2 P D2 N2 D2 P N2 S,S D2 N2 P M2 G3 R1 S,S R₁ G₃ R₁ G₃ M₂ P D₂ N₂ D₂ P N₂ Ṡ,S D₂ N₂ P M₂ G₃ R₁ Ṡ,False
dhikaruni,DhIkaruNi,dhIkaruNi,52,Raamapriyaa,S R1 M2 R1 M2 G3 M2 D2 P D2,S N2 D2 P M2 G3 R1 S,S R₁ M₂ R₁ M₂ G₃ M₂ D₂ P D₂,S N₂ D₂ P M₂ G₃ R₁ Ṡ,False
gambhiryaghosini,GambhIryaghOSiNi,gambhIryaghOSiNi,52,Raamapriyaa,S G3 R1 P M2 D2 N2 S,S N2 D2 P M2 G3 R1 G3 S,S G₃ R₁ P M₂ D₂ N₂ Ṡ,S N₂ D₂ P M₂ G₃ R₁ G₃ Ṡ,False
ghosamanjari,GhOSamanjari,ghOSamanjari,52,Raamapriyaa,S G3 P N2 S,S N2 P D2 N2 P M2 R1 G3 R1,S G₃ P N₂ Ṡ,S N₂ P D₂ N₂ P M₂ R₁ G₃ R₁,False
govindanarayani,GOvindanArAyaNi,gOvindanArAyaNi,52,Raamapriyaa,S G3 M2 P D2 N2 S,S N2 D2 P G3 R1 S,S G₃ M₂ P D₂ N₂ Ṡ,S N₂ D₂ P G₃ R₁ Ṡ,False
guhan,Guhan,guhan,52,Raamapriyaa,S P D2 N2 S,S D2 P M2 G3 R1 S,S P D₂ N₂ Ṡ,S D₂ P M₂ G₃ R₁ Ṡ,False
guhapanati,GuhapaNati,guhapaNati,52,Raamapriyaa,S G3 P N2 S,S N2 D2 P M2 G3 R1 S,S G₃ P N₂ Ṡ,S N₂ D₂ P M₂ G₃ R₁ Ṡ,False
hamsagamani,Hamsagamani,hamsagamani,52,Raamapriyaa,S G3 M2 P D2 N2 D2 S,S N2 D2 P M2 G3 R1 S,S G₃ M₂ P D₂ N₂ D₂ Ṡ,S N₂ D₂ P M₂ G₃ R₁ Ṡ,False
hamsagamani,Hamsagamani,hamsagamani,52,Raamapriyaa,S G3 M2 P N2 D2 S,S N2 D2 P M2 D2 P M2 G3 R1 S,S G₃ M₂ P N₂ D₂ Ṡ,S N₂ D₂ P M₂ D₂ P M₂ G₃ R₁ Ṡ,False
jagadambari,JagadAmbari,jagadAmbari,52,Raamapriyaa,S R1 G3 M2 P D2 N2,D2 P M2 P G3 R1 S N2 S,S R₁ G₃ M₂ P D₂ N₂,D₂ P M₂ P G₃ R₁ Ṡ N₂ Ṡ,False
janani,Janani,janani,52,Raamapriyaa,S R1 G3 M2 P D2 N2 S,S N2 D2 P M2 G3 R1 G3 S,S R₁ G₃ M₂ P D₂ N₂ Ṡ,S N₂ D₂ P M₂ G₃ R₁ G₃ Ṡ,False
jatadhari,JaTAdhari,jaTAdhari,52,Raamapriyaa,S G3 R1 G3 M2 P D2 N2 S,S N2 D2 P G3 R1 S,S G₃ R₁ G₃ M₂ P D₂ N₂ Ṡ,S N₂ D₂ P G₃ R₁ Ṡ,False
jatadhari,JaTAdhari,jaTAdhari,52,Raamapriyaa,S G3 R1 M2 P D2 N2 S,S N2 D2 P G3 R1 S,S G₃ R₁ M₂ P D₂ N₂ Ṡ,S N₂ D₂ P G₃ R₁ Ṡ,False
jnanamurti,JnAnamUrti,jnAnamUrti,52,Raamapriyaa,S R1 G3 M2 P D2 S,S D2 P M2 G3 R1 S,S R₁ G₃ M₂ P D₂ Ṡ,S D₂ P M₂ G₃ R₁ Ṡ,False
kalabharani,KalAbharaNi,kalAbharaNi,52,Raamapriyaa,S G3 R1 G3 M2 P N2 D2 N2,D2 P M2 G3 R1 S N2 S,S G₃ R₁ G₃ M₂ P N₂ D₂ N₂,D₂ P M₂ G₃ R₁ Ṡ N₂ Ṡ,False
kamarupi,KAmarUpi,kAmarUpi,52,Raamapriyaa,S G3 M2 P M2 D2 N2 S,S N2 D2 P M2 G3 R1 S,S G₃ M₂ P M₂ D₂ N₂ Ṡ,S N₂ D₂ P M₂ G₃ R₁ Ṡ,False
kanakalankarini,KanakAlankAriNI,kanakAlankAriNI,52,Raamapriyaa,S G3 P D2 N2 D2 S,S N2 D2 P G3 S,S G₃ P D₂ N₂ D₂ Ṡ,S N₂ D₂ P G₃ Ṡ,False
kankanalankari,KankaNAlankAri,kankaNAlankAri,52,Raamapriyaa,S G3 P D2 N2 S,S N2 D2 P M2 G3 R1 S,S G₃ P D₂ N₂ Ṡ,S N₂ D₂ P M₂ G₃ R₁ Ṡ,False
lokaranjani,LOkaranjani,lOkaranjani,52,Raamapriyaa,S G3 M2 P M2 D2 N2 S,S N2 D2 N2 P M2 G3 R1 S,S G₃ M₂ P M₂ D₂ N₂ Ṡ,S N₂ D₂ N₂ P M₂ G₃ R₁ Ṡ,False
malapanati,MAlapaNati,mAlapaNati,52,Raamapriyaa,S G3 P D2 S,S N2 D2 P M2 G3 R1 S,S G₃ P D₂ Ṡ,S N₂ D₂ P M₂ G₃ R₁ Ṡ,False
mandahasini,MandahAsini,mandahAsini,52,Raamapriyaa,S R1 G3 M2 P M2 D2 N2 S,S N2 D2 P M2 G3 M2 R1 S,S R₁ G₃ M₂ P M₂ D₂ N₂ Ṡ,S N₂ D₂ P M₂ G₃ M₂ R₁ Ṡ,False
martandavasantam,MArtANDavasantam,mArtANDavasantam,52,Raamapriyaa,S R1 G3 M2 P D2 N2 S,S N2 D2 P M2 G3 M2 R1 S,S R₁ G₃ M₂ P D₂ N₂ Ṡ,S N₂ D₂ P M₂ G₃ M₂ R₁ Ṡ,False
meghamallaru,MEghamallAru,mEghamallAru,52,Raamapriyaa,S G3 M2 P D2 N2 S,S N2 D2 P M2 G3 M2 R1 S,S G₃ M₂ P D₂ N₂ Ṡ,S N₂ D₂ P M₂ G₃ M₂ R₁ Ṡ,False
meghashyamala,MEghashyAmala,mEghashyAmala,52,Raamapriyaa,S G3 M2 P D2 N2 D2 P S,S D2 N2 P M2 G3 R1 S,S G₃ M₂ P D₂ N₂ D₂ P Ṡ,S D₂ N₂ P M₂ G₃ R₁ Ṡ,False
meghashyamala,MEghashyAmala,mEghashyAmala,52,Raamapriyaa,S G3 M2 P D2 N2 P S,S D2 N2 P M2 G3 R1 S,S G₃ M₂ P D₂ N₂ P Ṡ,S D₂ N₂ P M₂ G₃ R₁ Ṡ,False
murtivasantam,MUrtivasantam,mUrtivasantam,52,Raamapriyaa,S R1 G3 M2 P D2 N2 S,S N2 D2 P M2 G3 M2 R1 S,S R₁ G₃ M₂ P D₂ N₂ Ṡ,S N₂ D₂ P M₂ G₃ M₂ R₁ Ṡ,False
naitikai,Naitikai,naitikai,52,Raamapriyaa,S G3 M2 P D2 S,S N2 D2 P M2 G3 R1 S,S G₃ M₂ P D₂ Ṡ,S N₂ D₂ P M₂ G₃ R₁ Ṡ,False
nakhaprakashini,NakhaprakAshini,nakhaprakAshini,52,Raamapriyaa,S R1 G3 M2 P D2 N2 D2 P S,S N2 D2 P M2 G3 R1 S,S R₁ G₃ M₂ P D₂ N₂ D₂ P Ṡ,S N₂ D₂ P M₂ G₃ R₁ Ṡ,False
nakhaprakashini,NakhaprakAshini,nakhaprakAshini,52,Raamapriyaa,S R1 G3 M2 P D2 N2 S P S,S N2 D2 N2 P G3 M2 G3 S,S R₁ G₃ M₂ P D₂ N₂ Ṡ P Ṡ,S N₂ D₂ N₂ P G₃ M₂ G₃ Ṡ,False
narayanamanohari,NArAyaNamanOhari,nArAyaNamanOhari,52,Raamapriyaa,S R1 M2 P D2 N2 S,S N2 D2 P M2 G3 R1 S,S R₁ M₂ P D₂ N₂ Ṡ,S N₂ D₂ P M₂ G₃ R₁ Ṡ,False
narayanamanohari,NArAyaNamanOhari,nArAyaNamanOhari,52,Raamapriyaa,S R1 M2 P D2 N2 S,S N2 D2 P M2 R1 S,S R₁ M₂ P D₂ N₂ Ṡ,S N₂ D₂ P M₂ R₁ Ṡ,False
navaratnavilasam,NavaratnavilAsam,navaratnavilAsam,52,Raamapriyaa,S R1 M2 P N2 S,S N2 D2 P M2 G3 R1 G3 R1 S,S R₁ M₂ P N₂ Ṡ,S N₂ D₂ P M₂ G₃ R₁ G₃ R₁ Ṡ,False
nayanabhasini,NayanabhASiNi,nayanabhASiNi,52,Raamapriyaa,S R1 G3 M2 P N2 D2 N2 D2S,S N2 D2 N2 P G3 M2 G3 S,S R₁ G₃ M₂ P N₂ D₂ N₂ D2S,S N₂ D₂ N₂ P G₃ M₂ G₃ Ṡ,False
nayanabhasini,NayanabhASiNi,nayanabhASiNi,52,Raamapriyaa,S R1 G3 M2 P N2 D2 N2 S,S N2 D2 N2 P G3 M2 G3 S,S R₁ G₃ M₂ P N₂ D₂ N₂ Ṡ,S N₂ D₂ N₂ P G₃ M₂ G₃ Ṡ,False
nayanabhusini,NayanabhUSiNi,nayanabhUSiNi,52,Raamapriyaa,S R1 G3 M2 P N2 D2 N2 S,S N2 D2 N2 P G3 M2 G3 S,S R₁ G₃ M₂ P N₂ D₂ N₂ Ṡ,S N₂ D₂ N₂ P G₃ M₂ G₃ Ṡ,False
neippu,Neippu,neippu,52,Raamapriyaa,S R1 G3 M2 P D2 N2 S,S N2 P M2 G3 R1 S,S R₁ G₃ M₂ P D₂ N₂ Ṡ,S N₂ P M₂ G₃ R₁ Ṡ,False
neli,NeLi,neLi,52,Raamapriyaa,S R1 G3 M2 P D2 N2 S,S N2 P M2 G3 R1 S,S R₁ G₃ M₂ P D₂ N₂ Ṡ,S N₂ P M₂ G₃ R₁ Ṡ,False
neminadam,NEminAdam,nEminAdam,52,Raamapriyaa,S R1 G3 M2 P D2 N2 S,S D2 P G3 R1 S,S R₁ G₃ M₂ P D₂ N₂ Ṡ,S D₂ P G₃ R₁ Ṡ,False
neri,NEri,nEri,52,Raamapriyaa,S R1 G3 M2 P D2 N2 S,S N2 P G3 R1 S,S R₁ G₃ M₂ P D₂ N₂ Ṡ,S N₂ P G₃ R₁ Ṡ,False
nerikkorai,NerikkOrai,nerikkOrai,52,Raamapriyaa,S R1 G3 M2 P N2 S,S N2 D2 P M2 G3 R1 S,S R₁ G₃ M₂ P N₂ Ṡ,S N₂ D₂ P M₂ G₃ R₁ Ṡ,False
nervan,NErvAn,nErvAn,52,Raamapriyaa,S R1 G3 M2 P D2 N2 S,S N2 P M2 G3 S,S R₁ G₃ M₂ P D₂ N₂ Ṡ,S N₂ P M₂ G₃ Ṡ,False
netru,NETru,nETru,52,Raamapriyaa,S G3 M2 P D2 N2 S,S N2 D2 P M2 G3 R1 S,S G₃ M₂ P D₂ N₂ Ṡ,S N₂ D₂ P M₂ G₃ R₁ Ṡ,False
niticandrika,NIticandrikA,nIticandrikA,52,Raamapriyaa,S R1 G3 M2 P D2 S,S N2 D2 P M2 G3 R1 S,S R₁ G₃ M₂ P D₂ Ṡ,S N₂ D₂ P M₂ G₃ R₁ Ṡ,False
padasapanati,PadasapaNati,padasapaNati,52,Raamapriyaa,S G3 P N2 S,S D2 P M2 G3 R1 S,S G₃ P N₂ Ṡ,S D₂ P M₂ G₃ R₁ Ṡ,False
padmaghantana,PadmaghaNTana,padmaghaNTana,52,Raamapriyaa,S R1 G3 R1 G3 M2 P D2 N2 D2,S D2 N2 P G3 M2 R1 S,S R₁ G₃ R₁ G₃ M₂ P D₂ N₂ D₂,S D₂ N₂ P G₃ M₂ R₁ Ṡ,False
padmasaundarya,Padmasaundarya,padmasaundarya,52,Raamapriyaa,S R1 G3 M2 P D2 N2 S,S N2 P M2 G3 S,S R₁ G₃ M₂ P D₂ N₂ Ṡ,S N₂ P M₂ G₃ Ṡ,False
paganrai,Paganrai,paganrai,52,Raamapriyaa,S G3 M2 P D2 N2 S,S D2 P M2 G3 R1 S,S G₃ M₂ P D₂ N₂ Ṡ,S D₂ P M₂ G₃ R₁ Ṡ,False
pakandai,PakaNdai,pakaNdai,52,Raamapriyaa,S R1 G3 M2 P N2 S,S D2 P M2 G3 R1 S,S R₁ G₃ M₂ P N₂ Ṡ,S D₂ P M₂ G₃ R₁ Ṡ,False
palashu,PalAshu,palAshu,52,Raamapriyaa,S R1 M2 P S,S D2 M2 G3 S,S R₁ M₂ P Ṡ,S D₂ M₂ G₃ Ṡ,False
panadavi,PaNADavi,paNADavi,52,Raamapriyaa,S R1 G3 M2 P D2 S,S N2 P G3 S,S R₁ G₃ M₂ P D₂ Ṡ,S N₂ P G₃ Ṡ,False
pancitam,Pancitam,pancitam,52,Raamapriyaa,S R1 G3 P D2 S,S N2 P M2 G3 S,S R₁ G₃ P D₂ Ṡ,S N₂ P M₂ G₃ Ṡ,False
pandagi,PandAgi,pandAgi,52,Raamapriyaa,S R1 G3 M2 P N2 S,S D2 P G3 S,S R₁ G₃ M₂ P N₂ Ṡ,S D₂ P G₃ Ṡ,False
panjaram,Panjaram,panjaram,52,Raamapriyaa,S R1 G3 P N2 S,S D2 P M2 G3 R1 S,S R₁ G₃ P N₂ Ṡ,S D₂ P M₂ G₃ R₁ Ṡ,False
pankeruha,PankEruha,pankEruha,52,Raamapriyaa,S R1 G3 P D2 N2 S,S D2 P M2 S,S R₁ G₃ P D₂ N₂ Ṡ,S D₂ P M₂ Ṡ,False
parajanniyam,Parajanniyam,parajanniyam,52,Raamapriyaa,S G3 P D2 S,S N2 P M2 R1 S,S G₃ P D₂ Ṡ,S N₂ P M₂ R₁ Ṡ,False
parapari,ParApari,parApari,52,Raamapriyaa,S R1 M2 P N2 S,S D2 P G3 S,S R₁ M₂ P N₂ Ṡ,S D₂ P G₃ Ṡ,False
parasharam,ParAsharam,parAsharam,52,Raamapriyaa,S R1 G3 M2 D2 S,S N2 P G3 S,S R₁ G₃ M₂ D₂ Ṡ,S N₂ P G₃ Ṡ,False
pashamanatram,Pashamanatram,pashamanatram,52,Raamapriyaa,S R1 G3 P D2 N2 S,S N2 P M2 G3 S,S R₁ G₃ P D₂ N₂ Ṡ,S N₂ P M₂ G₃ Ṡ,False
pashitam,Pashitam,pashitam,52,Raamapriyaa,S G3 M2 P D2 S,S N2 P M2 G3 R1 S,S G₃ M₂ P D₂ Ṡ,S N₂ P M₂ G₃ R₁ Ṡ,False
patakam,PaTakam,paTakam,52,Raamapriyaa,S R1 G3 P N2 S,S D2 P M2 G3 S,S R₁ G₃ P N₂ Ṡ,S D₂ P M₂ G₃ Ṡ,False
patalambari,PaTalAmbari,paTalAmbari,52,Raamapriyaa,S R1 G3 M2 D2 S,S D2 M2 G3 R1 S,S R₁ G₃ M₂ D₂ Ṡ,S D₂ M₂ G₃ R₁ Ṡ,False
patangam,Patangam,patangam,52,Raamapriyaa,S G3 P D2 S,S N2 P M2 G3 R1 S,S G₃ P D₂ Ṡ,S N₂ P M₂ G₃ R₁ Ṡ,False
patisham,PaTIsham,paTIsham,52,Raamapriyaa,S R1 G3 M2 P D2 N2 S,S D2 P G3 S,S R₁ G₃ M₂ P D₂ N₂ Ṡ,S D₂ P G₃ Ṡ,False
pavitri,Pavitri,pavitri,52,Raamapriyaa,P D2 N2 S R1 G3 M2 P,P M2 G3 R1 S N2 D2 P,P D₂ N₂ Ṡ R₁ G₃ M₂ P,P M₂ G₃ R₁ Ṡ N₂ D₂ P,False
pavitri,Pavitri,pavitri,52,Raamapriyaa,P M2 P D2 N2 S R1 G3 M2 P,P M2 G3 R1 S N2 D2 P,P M₂ P D₂ N₂ Ṡ R₁ G₃ M₂ P,P M₂ G₃ R₁ Ṡ N₂ D₂ P,False
pavitri,Pavitri,pavitri,52,Raamapriyaa,S M2 P D2 N2 S R1 G3 M2 P,P M2 G3 R1 S N2 D2 P,S M₂ P D₂ N₂ Ṡ R₁ G₃ M₂ P,P M₂ G₃ R₁ Ṡ N₂ D₂ P,False
phalantam,PhalAntam,phalAntam,52,Raamapriyaa,S R1 M2 P S,S N2 P G3 S,S R₁ M₂ P Ṡ,S N₂ P G₃ Ṡ,False
pratapam,PratApam,pratApam,52,Raamapriyaa,S G3 M2 P D2 N2 S,S D2 N2 D2 P M2 G3 R1 S,S G₃ M₂ P D₂ N₂ Ṡ,S D₂ N₂ D₂ P M₂ G₃ R₁ Ṡ,False
pratapam,PratApam,pratApam,52,Raamapriyaa,S G3 M2 P D2 N2 S,S D2 N2 D2 P S R1 S,S G₃ M₂ P D₂ N₂ Ṡ,S D₂ N₂ D₂ P Ṡ R₁ Ṡ,False
pratapamu,PratApamu,pratApamu,52,Raamapriyaa,S P M2 P D2 N2 S,S N2 D2 P M2 G3 R1 S,S P M₂ P D₂ N₂ Ṡ,S N₂ D₂ P M₂ G₃ R₁ Ṡ,False
rajamanohari,RAjamanOhari,rAjamanOhari,52,Raamapriyaa,S R1 G3 M2 P D2 N2 D2 S,S N2 D2 P M2 G3 R1 S,S R₁ G₃ M₂ P D₂ N₂ D₂ Ṡ,S N₂ D₂ P M₂ G₃ R₁ Ṡ,False
raktimargini,RaktimArgiNi,raktimArgiNi,52,Raamapriyaa,S P M2 D2 N2 S,S N2 D2 P M2 P G3 R1 S,S P M₂ D₂ N₂ Ṡ,S N₂ D₂ P M₂ P G₃ R₁ Ṡ,False
ramamanohari,RAmamanOhari,rAmamanOhari,52,Raamapriyaa,S R1 G3 M2 P D2 N2 D2 S,S N2 D2 P M2 G3 R1 S,S R₁ G₃ M₂ P D₂ N₂ D₂ Ṡ,S N₂ D₂ P M₂ G₃ R₁ Ṡ,False
ramamanohari,RAmamanOhari,rAmamanOhari,52,Raamapriyaa,S R1 G3 M2 P D2 N2 D2 S,S N2 D2 P M2 G3 S R1 S,S R₁ G₃ M₂ P D₂ N₂ D₂ Ṡ,S N₂ D₂ P M₂ G₃ Ṡ R₁ Ṡ,False
ramamanohari,RAmamanOhari,rAmamanOhari,52,Raamapriyaa,S R1 G3 M2 P D2 N2 S,S N2 D2 P M2 G3 R1 S,S R₁ G₃ M₂ P D₂ N₂ Ṡ,S N₂ D₂ P M₂ G₃ R₁ Ṡ,False
ramamanohari,RAmamanOhari,rAmamanOhari,52,Raamapriyaa,S R1 G3 M2 P D2 N2 S,S N2 D2 P M2 P M2 G3 R1 S,S R₁ G₃ M₂ P D₂ N₂ Ṡ,S N₂ D₂ P M₂ P M₂ G₃ R₁ Ṡ,False
ramapriya,RAmapriyA,rAmapriyA,52,Raamapriyaa,S R1 G3 M2 P D2 N2 S,S N2 D2 P M2 G3 R1 S,S R₁ G₃ M₂ P D₂ N₂ Ṡ,S N₂ D₂ P M₂ G₃ R₁ Ṡ,False
rasavinodini,RasavinOdini,rasavinOdini,52,Raamapriyaa,S G3 M2 P D2 N2 D2 S,S N2 D2 P M2 G3 S,S G₃ M₂ P D₂ N₂ D₂ Ṡ,S N₂ D₂ P M₂ G₃ Ṡ,False
rasavinodini,RasavinOdini,rasavinOdini,52,Raamapriyaa,S G3 M2 P D2 N2 S,S N2 D2 P M2 G3 S,S G₃ M₂ P D₂ N₂ Ṡ,S N₂ D₂ P M₂ G₃ Ṡ,False
riticandrika,RIticandrikA,rIticandrikA,52,Raamapriyaa,S R1 G3 M2 P D2 S,S N2 D2 P M2 G3 R1 S,S R₁ G₃ M₂ P D₂ Ṡ,S N₂ D₂ P M₂ G₃ R₁ Ṡ,False
sakaprakashini,SAkaprakAshini,sAkaprakAshini,52,Raamapriyaa,S R1 G3 M2 P D2 N2 D2 P S,S D2 N2 P M2 G3 R1 S,S R₁ G₃ M₂ P D₂ N₂ D₂ P Ṡ,S D₂ N₂ P M₂ G₃ R₁ Ṡ,False
saundarya,Saundarya,saundarya,52,Raamapriyaa,S R1 G3 P M2 D2 N2,P M2 G3 R1 S N2 S,S R₁ G₃ P M₂ D₂ N₂,P M₂ G₃ R₁ Ṡ N₂ Ṡ,False
saundarya,Saundarya,saundarya,52,Raamapriyaa,S R1 G3 P M2 D2 N2,P M2 G3 R1 S N2,S R₁ G₃ P M₂ D₂ N₂,P M₂ G₃ R₁ Ṡ N₂,False
shivaphanati,ShivaphaNati,shivaphaNati,52,Raamapriyaa,S R1 G3 M2 P D2 N2 S,S N2 P G3 S,S R₁ G₃ M₂ P D₂ N₂ Ṡ,S N₂ P G₃ Ṡ,False
shrihari,ShrIhari,shrIhari,52,Raamapriyaa,S R1 G3 P D2 N2 S,S N2 D2 M2 G3 S,S R₁ G₃ P D₂ N₂ Ṡ,S N₂ D₂ M₂ G₃ Ṡ,False
shrikari,ShrIkari,shrIkari,52,Raamapriyaa,S R1 G3 P D2 N2 S,S N2 D2 P M2 G3 S,S R₁ G₃ P D₂ N₂ Ṡ,S N₂ D₂ P M₂ G₃ Ṡ,False
shrimabalavattar,ShrImAbalavattar,shrImAbalavattar,52,Raamapriyaa,S G3 P N2 S,S D2 P M2 R1 S,S G₃ P N₂ Ṡ,S D₂ P M₂ R₁ Ṡ,False
sikambhoji,SikAmbhOji,sikAmbhOji,52,Raamapriyaa,S R1 G3 M2 D2 N2 S,S D2 P M2 G3 R1 S,S R₁ G₃ M₂ D₂ N₂ Ṡ,S D₂ P M₂ G₃ R₁ Ṡ,False
simantinipriya,SImantinipriyA,sImantinipriyA,52,Raamapriyaa,S R1 G3 M2 D2 N2 S,S N2 D2 M2 G3 R1 S,S R₁ G₃ M₂ D₂ N₂ Ṡ,S N₂ D₂ M₂ G₃ R₁ Ṡ,False
singaramni,SingAramNi,singAramNi,52,Raamapriyaa,S G3 M2 P D2 N2,D2 P M2 P G3 R1 S N2 S,S G₃ M₂ P D₂ N₂,D₂ P M₂ P G₃ R₁ Ṡ N₂ Ṡ,False
sukhakari,Sukhakari,sukhakari,52,Raamapriyaa,S P D2 N2 S,S N2 D2 P M2 G3 S R1 S,S P D₂ N₂ Ṡ,S N₂ D₂ P M₂ G₃ Ṡ R₁ Ṡ,False
sukhakari,Sukhakari,sukhakari,52,Raamapriyaa,S R1 S P D2 N2 S,S N2 D2 P M2 G3 S R1 S,S R₁ Ṡ P D₂ N₂ Ṡ,S N₂ D₂ P M₂ G₃ Ṡ R₁ Ṡ,False
sukhapriya,SukhapriyA,sukhapriyA,52,Raamapriyaa,S G3 M2 D2 S,S D2 M2 G3 S,S G₃ M₂ D₂ Ṡ,S D₂ M₂ G₃ Ṡ,False
suprakashi,SuprakAshi,suprakAshi,52,Raamapriyaa,S R1 G3 M2 P M2 P S,S N2 D2 N2 P M2 G3 R1 S,S R₁ G₃ M₂ P M₂ P Ṡ,S N₂ D₂ N₂ P M₂ G₃ R₁ Ṡ,False
suprakashini,SuprakAshini,suprakAshini,52,Raamapriyaa,S R1 G3 M2 P M2 P S,S N2 D2 N2 P M2 G3 R1 S,S R₁ G₃ M₂ P M₂ P Ṡ,S N₂ D₂ N₂ P M₂ G₃ R₁ Ṡ,False
suprakashini,SuprakAshini,suprakAshini,52,Raamapriyaa,S R1 G3 M2 P S,S N2 D2 N2 P M2 G3 R1 S,S R₁ G₃ M₂ P Ṡ,S N₂ D₂ N₂ P M₂ G₃ R₁ Ṡ,False
supratapa,SupratApa,supratApa,52,Raamapriyaa,S P M2 P D2 N2 S,S N2 D2 P M2 G3 R1 S,S P M₂ P D₂ N₂ Ṡ,S N₂ D₂ P M₂ G₃ R₁ Ṡ,False
tapasvini,Tapasvini,tapasvini,52,Raamapriyaa,S G3 M2 P N2 S,S N2 D2 P M2 G3 S,S G₃ M₂ P N₂ Ṡ,S N₂ D₂ P M₂ G₃ Ṡ,False
taranjita,TAranjita,tAranjita,52,Raamapriyaa,S R1 M2 G3 P D2 N2 S,S N2 D2 P G3 R1 S,S R₁ M₂ G₃ P D₂ N₂ Ṡ,S N₂ D₂ P G₃ R₁ Ṡ,False
turangalila,TurangalIlA,turangalIlA,52,Raamapriyaa,S R1 G3 M2 N2 D2 N2 S,S N2 D2 M2 P M2 R1 G3 S,S R₁ G₃ M₂ N₂ D₂ N₂ Ṡ,S N₂ D₂ M₂ P M₂ R₁ G₃ Ṡ,False
varati,VaraTI,varaTI,52,Raamapriyaa,S R1 G3 M2 D2 S,S D2 M2 G3 R1 S,S R₁ G₃ M₂ D₂ Ṡ,S D₂ M₂ G₃ R₁ Ṡ,False
vedasvarupi,VEdasvarUpi,vEdasvarUpi,52,Raamapriyaa,S R1 G3 M2 P D2 N2 P S,S N2 D2 N2 P M2 G3 S,S R₁ G₃ M₂ P D₂ N₂ P Ṡ,S N₂ D₂ N₂ P M₂ G₃ Ṡ,False
vishupati,Vishupati,vishupati,52,Raamapriyaa,S R1 M2 D2 N2 S,S N2 D2 M2 R1 S,S R₁ M₂ D₂ N₂ Ṡ,S N₂ D₂ M₂ R₁ Ṡ,False
visnupadi,ViSNupadi,viSNupadi,52,Raamapriyaa,S R1 M2 D2 N2 S,S N2 D2 M2 R1 S,S R₁ M₂ D₂ N₂ Ṡ,S N₂ D₂ M₂ R₁ Ṡ,False
yoganandi,YOgAnandi,yOgAnandi,52,Raamapriyaa,S R1 G3 P M2 P D2 N2 S,S N2 D2 P M2 G3 S,S R₁ G₃ P M₂ P D₂ N₂ Ṡ,S N₂ D₂ P M₂ G₃ Ṡ,False
gamakakriyaa,Gamakakriyaa,gamakakriyaa,53,Gamanashramaa,S R1 G3 M2 P D2 S,S N3 D2 P M2 G3 R1 S,S R₁ G₃ M₂ P D₂ Ṡ,S N₃ D₂ P M₂ G₃ R₁ Ṡ,False
alankari,AlankAri,alankAri,53,Gamanashramaa,S G3 M2 D2 N3 D2 S,S N3 D2 M2 G3 S,S G₃ M₂ D₂ N₃ D₂ Ṡ,S N₃ D₂ M₂ G₃ Ṡ,False
anilamadhya,Anilamadhya,anilamadhya,53,Gamanashramaa,S R1 M2 P D2 S,S N3 D2 P M2 G3 R1 S,S R₁ M₂ P D₂ Ṡ,S N₃ D₂ P M₂ G₃ R₁ Ṡ,False
animadhya,AnImadhya,anImadhya,53,Gamanashramaa,S R1 M2 P D2 S,S N3 D2 P M2 G3 R1 S,S R₁ M₂ P D₂ Ṡ,S N₃ D₂ P M₂ G₃ R₁ Ṡ,False
ayan,Ayan,ayan,53,Gamanashramaa,S R1 M2 D2 S,S N3 P M2 G3 S,S R₁ M₂ D₂ Ṡ,S N₃ P M₂ G₃ Ṡ,False
balibalam,Balibalam,balibalam,53,Gamanashramaa,S R1 G3 M2 D2 S,S D2 P M2 R1 S,S R₁ G₃ M₂ D₂ Ṡ,S D₂ P M₂ R₁ Ṡ,False
banavasantam,BANavasantam,bANavasantam,53,Gamanashramaa,S R1 G3 M2 P D2 N3 S,S D2 P M2 G3 R1 S,S R₁ G₃ M₂ P D₂ N₃ Ṡ,S D₂ P M₂ G₃ R₁ Ṡ,False
bangarapriya,BangArapriyA,bangArapriyA,53,Gamanashramaa,S R1 M2 G3 M2 P D2 N3 S,S N3 P M2 G3 S,S R₁ M₂ G₃ M₂ P D₂ N₃ Ṡ,S N₃ P M₂ G₃ Ṡ,False
bhasmrti,Bhasmrti,bhasmrti,53,Gamanashramaa,S G3 M2 P D2 N3 S,S D2 N3 D2 P M2 R1 M2 G3 R1 S,S G₃ M₂ P D₂ N₃ Ṡ,S D₂ N₃ D₂ P M₂ R₁ M₂ G₃ R₁ Ṡ,False
bhavamanohari,BhavamanOhari,bhavamanOhari,53,Gamanashramaa,S R1 G3 M2 D2 P N3 S,S N3 D2 N3 P M2 G3 R1 S,S R₁ G₃ M₂ D₂ P N₃ Ṡ,S N₃ D₂ N₃ P M₂ G₃ R₁ Ṡ,False
bhavamanohari,BhavamanOhari,bhavamanOhari,53,Gamanashramaa,S R1 G3 M2 P N3 S,S N3 D2 N3 P M2 G3 M2 R1 S,S R₁ G₃ M₂ P N₃ Ṡ,S N₃ D₂ N₃ P M₂ G₃ M₂ R₁ Ṡ,False
bhavanottarm,BhavanOttarm,bhavanOttarm,53,Gamanashramaa,S R1 G3 M2 P D2 N3 S,S D2 P M2 G3 R1 S,S R₁ G₃ M₂ P D₂ N₃ Ṡ,S D₂ P M₂ G₃ R₁ Ṡ,False
bhavayanai,BhavayAnai,bhavayAnai,53,Gamanashramaa,S R1 G3 M2 P D2 N3 S,S N3 D2 M2 G3 R1 S,S R₁ G₃ M₂ P D₂ N₃ Ṡ,S N₃ D₂ M₂ G₃ R₁ Ṡ,False
bhijanam,BhIjAnam,bhIjAnam,53,Gamanashramaa,S R1 G3 M2 P D2 N3 S,S D2 P G3 S,S R₁ G₃ M₂ P D₂ N₃ Ṡ,S D₂ P G₃ Ṡ,False
bhikam,Bhikam,bhikam,53,Gamanashramaa,S R1 G3 M2 P D2 N3 S,S N3 P G3 S,S R₁ G₃ M₂ P D₂ N₃ Ṡ,S N₃ P G₃ Ṡ,False
bhramaradhvani,Bhramaradhvani,bhramaradhvani,53,Gamanashramaa,S R1 G3 M2 D2 S,S N3 P G3 S,S R₁ G₃ M₂ D₂ Ṡ,S N₃ P G₃ Ṡ,False
bhurikalyani,BhUrikalyANi,bhUrikalyANi,53,Gamanashramaa,S R1 G3 M2 D2 S,S N3 D2 P M2 G3 R1 S,S R₁ G₃ M₂ D₂ Ṡ,S N₃ D₂ P M₂ G₃ R₁ Ṡ,False
bibasu,BibAsu,bibAsu,53,Gamanashramaa,N3 R1 G3 P P M2 D2 S,S D2 M2 D2 M2 P G3 R1 S,N₃ R₁ G₃ P P M₂ D₂ Ṡ,S D₂ M₂ D₂ M₂ P G₃ R₁ Ṡ,False
danaraksasa,DAnarakSasa,dAnarakSasa,53,Gamanashramaa,S R1 M2 G3 P N3 S,S N3 D2 G3 R1 S,S R₁ M₂ G₃ P N₃ Ṡ,S N₃ D₂ G₃ R₁ Ṡ,False
darbhamanjari,Darbhamanjari,darbhamanjari,53,Gamanashramaa,S G3 R1 G3 M2 P N3 S,S N3 D2 P M2 G3 S,S G₃ R₁ G₃ M₂ P N₃ Ṡ,S N₃ D₂ P M₂ G₃ Ṡ,False
daureyani,DaurEyaNi,daurEyaNi,53,Gamanashramaa,S R1 G3 M2 D2 N3 S,S N3 D2 M2 G3 R1 S,S R₁ G₃ M₂ D₂ N₃ Ṡ,S N₃ D₂ M₂ G₃ R₁ Ṡ,False
deshyamaruva,DEshyamAruva,dEshyamAruva,53,Gamanashramaa,S R1 M2 P N3 S,S N3 P M2 G3 R1 S,S R₁ M₂ P N₃ Ṡ,S N₃ P M₂ G₃ R₁ Ṡ,False
devashramam,DEvashramam,dEvashramam,53,Gamanashramaa,S R1 G3 M2 D2 N3 S,S N3 D2 M2 G3 R1 S,S R₁ G₃ M₂ D₂ N₃ Ṡ,S N₃ D₂ M₂ G₃ R₁ Ṡ,False
devashraya,DEvashraya,dEvashraya,53,Gamanashramaa,S R1 G3 M2 D2 N3 S S,S N3 D2 M2 G3 R1 S,S R₁ G₃ M₂ D₂ N₃ Ṡ S,S N₃ D₂ M₂ G₃ R₁ Ṡ,False
dvigandharabhusani,DvigAndhArabhUSaNi,dvigAndhArabhUSaNi,53,Gamanashramaa,S R1 G3 G3 P D2 S,S D2 P G3 G3 G3 R1 S D2 S,S R₁ G₃ G₃ P D₂ Ṡ,S D₂ P G₃ G₃ G₃ R₁ Ṡ D₂ Ṡ,False
gaganasarasiruham,GaganasarasIruham,gaganasarasIruham,53,Gamanashramaa,S G3 R1 G3 M2 P D2 N3,D2 P M2 G3 R1 S N3 S,S G₃ R₁ G₃ M₂ P D₂ N₃,D₂ P M₂ G₃ R₁ Ṡ N₃ Ṡ,False
gaganasarasiruham,GaganasarasIruham,gaganasarasIruham,53,Gamanashramaa,S G3 R1 G3 M2 P D2 N3,D2 P M2 G3 R1 S N3,S G₃ R₁ G₃ M₂ P D₂ N₃,D₂ P M₂ G₃ R₁ Ṡ N₃,False
gamakakriya,Gamakakriya,gamakakriya,53,Gamanashramaa,S R1 G3 M2 P D2 N3 S,S N3 D2 P M2 G3 R1 S,S R₁ G₃ M₂ P D₂ N₃ Ṡ,S N₃ D₂ P M₂ G₃ R₁ Ṡ,False
gamakakriya,Gamakakriya,gamakakriya,53,Gamanashramaa,S R1 G3 M2 P D2 S,S N3 D2 P M2 G3 M2 R1 S,S R₁ G₃ M₂ P D₂ Ṡ,S N₃ D₂ P M₂ G₃ M₂ R₁ Ṡ,False
gamakakriya,Gamakakriya,gamakakriya,53,Gamanashramaa,S R1 G3 M2 P N3 S,S N3 P M2 G3 R1 S,S R₁ G₃ M₂ P N₃ Ṡ,S N₃ P M₂ G₃ R₁ Ṡ,False
gamakakriya,Gamakakriya,gamakakriya,53,Gamanashramaa,S R1 M2 P D2 N3 S,S N3 D2 P M2 G3 M2 R1 S,S R₁ M₂ P D₂ N₃ Ṡ,S N₃ D₂ P M₂ G₃ M₂ R₁ Ṡ,False
gamakapriya,GamakapriyA,gamakapriyA,53,Gamanashramaa,S R1 G3 M2 P D2 S,S N3 D2 P M2 G3 M2 R1 S,S R₁ G₃ M₂ P D₂ Ṡ,S N₃ D₂ P M₂ G₃ M₂ R₁ Ṡ,False
gamanakriya,Gamanakriya,gamanakriya,53,Gamanashramaa,S R1 M2 P D2 N3 S,S N3 D2 P M2 G3 M2 R1 S,S R₁ M₂ P D₂ N₃ Ṡ,S N₃ D₂ P M₂ G₃ M₂ R₁ Ṡ,False
gamananirmala,Gamananirmala,gamananirmala,53,Gamanashramaa,S R1 G3 M2 P D2 N3 S,S N3 P M2 R1 S,S R₁ G₃ M₂ P D₂ N₃ Ṡ,S N₃ P M₂ R₁ Ṡ,False
gamanashrama,GamanAshrama,gamanAshrama,53,Gamanashramaa,S R1 G3 M2 P D2 N3 S,S N3 D2 P M2 G3 R1 S,S R₁ G₃ M₂ P D₂ N₃ Ṡ,S N₃ D₂ P M₂ G₃ R₁ Ṡ,False
gandhamadana,Gandhamadana,gandhamadana,53,Gamanashramaa,S R1 M2 P D2 S,S N3 D2 P M2 D2 M2 G3 R1 S,S R₁ M₂ P D₂ Ṡ,S N₃ D₂ P M₂ D₂ M₂ G₃ R₁ Ṡ,False
garbhadvaja,Garbhadvaja,garbhadvaja,53,Gamanashramaa,S R1 G3 M2 P D2 S,S D2 P G3 R1 S,S R₁ G₃ M₂ P D₂ Ṡ,S D₂ P G₃ R₁ Ṡ,False
gitakirani,GItakiraNi,gItakiraNi,53,Gamanashramaa,S R1 G3 M2 P D2 N3 S,S D2 N3 D2 P M2 G3 S,S R₁ G₃ M₂ P D₂ N₃ Ṡ,S D₂ N₃ D₂ P M₂ G₃ Ṡ,False
gitanatani,GItanaTani,gItanaTani,53,Gamanashramaa,S R1 M2 G3 M2 P D2 N3 S,S N3 D2 P M2 R1 S,S R₁ M₂ G₃ M₂ P D₂ N₃ Ṡ,S N₃ D₂ P M₂ R₁ Ṡ,False
guruparan,Guruparan,guruparan,53,Gamanashramaa,S G3 M2 D2 N3 S,S N3 P M2 G3 R1 S,S G₃ M₂ D₂ N₃ Ṡ,S N₃ P M₂ G₃ R₁ Ṡ,False
hamsanandi,HamsAnandi,hamsAnandi,53,Gamanashramaa,S R1 G3 M2 D2 N3 S,S N3 D2 M2 G3 R1 S,S R₁ G₃ M₂ D₂ N₃ Ṡ,S N₃ D₂ M₂ G₃ R₁ Ṡ,False
himavantika,Himavantika,himavantika,53,Gamanashramaa,S R1 G3 P D2 N3 S,S N3 D2 P M2 P G3 R1 S,S R₁ G₃ P D₂ N₃ Ṡ,S N₃ D₂ P M₂ P G₃ R₁ Ṡ,False
inbanandi,Inbanandi,inbanandi,53,Gamanashramaa,S R1 G3 M2 D2 N3 S,S D2 P M2 G3 R1 S,S R₁ G₃ M₂ D₂ N₃ Ṡ,S D₂ P M₂ G₃ R₁ Ṡ,False
indukanti,IndukAnti,indukAnti,53,Gamanashramaa,S R1 G3 M2 P D2 S,S P M2 G3 R1 S,S R₁ G₃ M₂ P D₂ Ṡ,S P M₂ G₃ R₁ Ṡ,False
jayamohanam,JayamOhanam,jayamOhanam,53,Gamanashramaa,S G3 M2 P D2 S,S N3 D2 P M2 G3 R1 S,S G₃ M₂ P D₂ Ṡ,S N₃ D₂ P M₂ G₃ R₁ Ṡ,False
kannadamaruva,KannaDamAruva,kannaDamAruva,53,Gamanashramaa,S G3 M2 P D2 N3 S,S N3 D2 P M2 G3 S,S G₃ M₂ P D₂ N₃ Ṡ,S N₃ D₂ P M₂ G₃ Ṡ,False
karnatakakadamba,KarnATakakadamba,karnATakakadamba,53,Gamanashramaa,S R1 M2 P D2 S,S N3 D2 P M2 G3 R1 S,S R₁ M₂ P D₂ Ṡ,S N₃ D₂ P M₂ G₃ R₁ Ṡ,False
kuntalarama,KuntalarAma,kuntalarAma,53,Gamanashramaa,S R1 G3 P D2 S,S N3 D2 P M2 G3 R1 S,S R₁ G₃ P D₂ Ṡ,S N₃ D₂ P M₂ G₃ R₁ Ṡ,False
lilavati,LIlAvati,lIlAvati,53,Gamanashramaa,S R1 G3 M2 D2 S,S N3 P M2 G3 R1 S,S R₁ G₃ M₂ D₂ Ṡ,S N₃ P M₂ G₃ R₁ Ṡ,False
lokanayaki,LOkanAyaki,lOkanAyaki,53,Gamanashramaa,S R1 M2 D2 N3 S,S D2 M2 G3 R1 S,S R₁ M₂ D₂ N₃ Ṡ,S D₂ M₂ G₃ R₁ Ṡ,False
mangalakriya,MangaLakriyA,mangaLakriyA,53,Gamanashramaa,S R1 G3 M2 P D2 N3 S,S N3 P M2 G3 R1 S,S R₁ G₃ M₂ P D₂ N₃ Ṡ,S N₃ P M₂ G₃ R₁ Ṡ,False
mangalapriya,MangaLapriyA,mangaLapriyA,53,Gamanashramaa,S R1 G3 M2 P D2 N3 S,S N3 P M2 G3 R1 S,S R₁ G₃ M₂ P D₂ N₃ Ṡ,S N₃ P M₂ G₃ R₁ Ṡ,False
mayavasantam,MAyAvasantam,mAyAvasantam,53,Gamanashramaa,S R1 G3 M2 P D2 N3 S,S N3 P D2 N3 D2 P M2 R1 M2 G3 R1 G3 S,S R₁ G₃ M₂ P D₂ N₃ Ṡ,S N₃ P D₂ N₃ D₂ P M₂ R₁ M₂ G₃ R₁ G₃ Ṡ,False
mecakangi,MEcakAngi,mEcakAngi,53,Gamanashramaa,S R1 G3 M2 P D2 P N3 S,S N3 P D2 P M2 G3 R1 S,S R₁ G₃ M₂ P D₂ P N₃ Ṡ,S N₃ P D₂ P M₂ G₃ R₁ Ṡ,False
namagal,NAmagaL,nAmagaL,53,Gamanashramaa,S G3 M2 P N3 S,S D2 P G3 R1 S,S G₃ M₂ P N₃ Ṡ,S D₂ P G₃ R₁ Ṡ,False
natyoma,NaTyOma,naTyOma,53,Gamanashramaa,S R1 G3 M2 P D2 N3 S,S N3 D2 M2 R1 G3 M2 R1 S,S R₁ G₃ M₂ P D₂ N₃ Ṡ,S N₃ D₂ M₂ R₁ G₃ M₂ R₁ Ṡ,False
omkarapriya,OmkArapriyA,OmkArapriyA,53,Gamanashramaa,S R1 M2 G3 M2 P D2 N3 S,S N3 P M2 G3 S,S R₁ M₂ G₃ M₂ P D₂ N₃ Ṡ,S N₃ P M₂ G₃ Ṡ,False
padapam,PAdapam,pAdapam,53,Gamanashramaa,S R1 G3 P D2 N3 S,S N3 D2 P M2 G3 S,S R₁ G₃ P D₂ N₃ Ṡ,S N₃ D₂ P M₂ G₃ Ṡ,False
padavai,PADAvai,pADAvai,53,Gamanashramaa,S G3 M2 P D2 S,S N3 D2 P M2 G3 R1 S,S G₃ M₂ P D₂ Ṡ,S N₃ D₂ P M₂ G₃ R₁ Ṡ,False
padiravam,Padiravam,padiravam,53,Gamanashramaa,S R1 G3 M2 P D2 N3 S,S N3 D2 N3 P D2 P M2 G3 M2 G3 R1 M2 G3 S,S R₁ G₃ M₂ P D₂ N₃ Ṡ,S N₃ D₂ N₃ P D₂ P M₂ G₃ M₂ G₃ R₁ M₂ G₃ Ṡ,False
padmakalyani,PadmakalyANi,padmakalyANi,53,Gamanashramaa,S G3 P N3 S,S N3 D2 P M2 G3 S,S G₃ P N₃ Ṡ,S N₃ D₂ P M₂ G₃ Ṡ,False
panacam,Panacam,panacam,53,Gamanashramaa,S R1 G3 M2 P D2 N3 S,S N3 P M2 G3 S,S R₁ G₃ M₂ P D₂ N₃ Ṡ,S N₃ P M₂ G₃ Ṡ,False
pandil,PANDil,pANDil,53,Gamanashramaa,S G3 M2 P N3 S,S N3 D2 P M2 G3 R1 S,S G₃ M₂ P N₃ Ṡ,S N₃ D₂ P M₂ G₃ R₁ Ṡ,False
paramam,Paramam,paramam,53,Gamanashramaa,S R1 G3 M2 P D2 S,S N3 P G3 R1 S,S R₁ G₃ M₂ P D₂ Ṡ,S N₃ P G₃ R₁ Ṡ,False
paramanandi,Paramanandi,paramanandi,53,Gamanashramaa,S R1 G3 M2 D2 N3 S,S N3 P M2 G3 R1 S,S R₁ G₃ M₂ D₂ N₃ Ṡ,S N₃ P M₂ G₃ R₁ Ṡ,False
parambu,Parambu,parambu,53,Gamanashramaa,S G3 M2 P D2 N3 S,S N3 D2 P M2 G3 R1 S,S G₃ M₂ P D₂ N₃ Ṡ,S N₃ D₂ P M₂ G₃ R₁ Ṡ,False
parivai,Parivai,parivai,53,Gamanashramaa,S R1 G3 M2 P D2 N3 S,S N3 P G3 R1 S,S R₁ G₃ M₂ P D₂ N₃ Ṡ,S N₃ P G₃ R₁ Ṡ,False
parkkan,Parkkan,parkkan,53,Gamanashramaa,S R1 G3 M2 P D2 N3 S,S D2 P G3 R1 S,S R₁ G₃ M₂ P D₂ N₃ Ṡ,S D₂ P G₃ R₁ Ṡ,False
partivam,PArtivam,pArtivam,53,Gamanashramaa,S R1 G3 P D2 N3 S,S N3 P M2 G3 S,S R₁ G₃ P D₂ N₃ Ṡ,S N₃ P M₂ G₃ Ṡ,False
pasadam,PAsaDam,pAsaDam,53,Gamanashramaa,S R1 G3 P D2 S,S N3 D2 P M2 G3 R1 S,S R₁ G₃ P D₂ Ṡ,S N₃ D₂ P M₂ G₃ R₁ Ṡ,False
pashu,PAshu,pAshu,53,Gamanashramaa,S R1 G3 P N3 S,S N3 D2 P M2 G3 R1 S,S R₁ G₃ P N₃ Ṡ,S N₃ D₂ P M₂ G₃ R₁ Ṡ,False
pashuncu,Pashuncu,pashuncu,53,Gamanashramaa,S R1 G3 M2 P N3 S,S N3 D2 P M2 G3 R1 S,S R₁ G₃ M₂ P N₃ Ṡ,S N₃ D₂ P M₂ G₃ R₁ Ṡ,False
pavakan,PAvakan,pAvakan,53,Gamanashramaa,S G3 M2 P N3 S,S D2 P M2 G3 R1 S,S G₃ M₂ P N₃ Ṡ,S D₂ P M₂ G₃ R₁ Ṡ,False
pavanodaram,PavanOdaram,pavanOdaram,53,Gamanashramaa,S R1 G3 M2 P D2 N3 S,S D2 P M2 G3 R1 S,S R₁ G₃ M₂ P D₂ N₃ Ṡ,S D₂ P M₂ G₃ R₁ Ṡ,False
perinbanandi,PErinbanandi,pErinbanandi,53,Gamanashramaa,S R1 G3 M2 D2 N3 S,S D2 P G3 R1 S,S R₁ G₃ M₂ D₂ N₃ Ṡ,S D₂ P G₃ R₁ Ṡ,False
picitam,Picitam,picitam,53,Gamanashramaa,S G3 P N3 S,S N3 D2 P M2 G3 R1 S,S G₃ P N₃ Ṡ,S N₃ D₂ P M₂ G₃ R₁ Ṡ,False
pidakan,PiDakan,piDakan,53,Gamanashramaa,S R1 G3 M2 P D2 S,S N3 P G3 S,S R₁ G₃ M₂ P D₂ Ṡ,S N₃ P G₃ Ṡ,False
pinar,PiNar,piNar,53,Gamanashramaa,S R1 G3 M2 P N3 S,S D2 P G3 S,S R₁ G₃ M₂ P N₃ Ṡ,S D₂ P G₃ Ṡ,False
pippalam,Pippalam,pippalam,53,Gamanashramaa,S G3 P N3 S,S D2 P M2 G3 R1 S,S G₃ P N₃ Ṡ,S D₂ P M₂ G₃ R₁ Ṡ,False
pirakkiyan,Pirakkiyan,pirakkiyan,53,Gamanashramaa,S G3 M2 D2 N3 S,S D2 M2 R1 S,S G₃ M₂ D₂ N₃ Ṡ,S D₂ M₂ R₁ Ṡ,False
piranjnyan,Piranjnyan,piranjnyan,53,Gamanashramaa,S G3 P N3 S,S N3 D2 M2 G3 R1 S,S G₃ P N₃ Ṡ,S N₃ D₂ M₂ G₃ R₁ Ṡ,False
piravai,Piravai,piravai,53,Gamanashramaa,S R1 M2 P N3 S,S D2 P G3 S,S R₁ M₂ P N₃ Ṡ,S D₂ P G₃ Ṡ,False
pirugu,Pirugu,pirugu,53,Gamanashramaa,S R1 M2 D2 S,S N3 P G3 S,S R₁ M₂ D₂ Ṡ,S N₃ P G₃ Ṡ,False
pishumantam,Pishumantam,pishumantam,53,Gamanashramaa,S G3 P D2 S,S N3 D2 P M2 G3 R1 S,S G₃ P D₂ Ṡ,S N₃ D₂ P M₂ G₃ R₁ Ṡ,False
pittikai,Pittikai,pittikai,53,Gamanashramaa,S R1 G3 M2 D2 N3 S,S D2 P G3 S,S R₁ G₃ M₂ D₂ N₃ Ṡ,S D₂ P G₃ Ṡ,False
pracayam,PrAcayam,prAcayam,53,Gamanashramaa,S G3 P N3 S,S D2 M2 G3 R1 S,S G₃ P N₃ Ṡ,S D₂ M₂ G₃ R₁ Ṡ,False
prasenavali,PrasEnAvaLi,prasEnAvaLi,53,Gamanashramaa,S M2 P D2 N3 S,S N3 P M2 G3 R1 S,S M₂ P D₂ N₃ Ṡ,S N₃ P M₂ G₃ R₁ Ṡ,False
prataram,Prataram,prataram,53,Gamanashramaa,S G3 P D2 S,S N3 D2 M2 G3 R1 S,S G₃ P D₂ Ṡ,S N₃ D₂ M₂ G₃ R₁ Ṡ,False
priyakam,Priyakam,priyakam,53,Gamanashramaa,S G3 M2 D2 S,S N3 P G3 R1 S,S G₃ M₂ D₂ Ṡ,S N₃ P G₃ R₁ Ṡ,False
prthvi,Prthvi,prthvi,53,Gamanashramaa,S G3 P D2 S,S N3 M2 R1 S,S G₃ P D₂ Ṡ,S N₃ M₂ R₁ Ṡ,False
puranan,PUraNan,pUraNan,53,Gamanashramaa,S R1 M2 D2 N3 S,S N3 D2 M2 R1 S,S R₁ M₂ D₂ N₃ Ṡ,S N₃ D₂ M₂ R₁ Ṡ,False
purvakalyani,PUrvakalyANi,pUrvakalyANi,53,Gamanashramaa,S R1 G3 M2 P D2 N3 D2 P S,S D2 P M2 G3 R1 S,S R₁ G₃ M₂ P D₂ N₃ D₂ P Ṡ,S D₂ P M₂ G₃ R₁ Ṡ,False
purvakalyani,PUrvakalyANi,pUrvakalyANi,53,Gamanashramaa,S R1 G3 M2 P D2 N3 D2 P S,S N3 D2 P M2 G3 R1 S,S R₁ G₃ M₂ P D₂ N₃ D₂ P Ṡ,S N₃ D₂ P M₂ G₃ R₁ Ṡ,False
purvakalyani,PUrvakalyANi,pUrvakalyANi,53,Gamanashramaa,S R1 G3 M2 P D2 N3 D2 S,S N3 D2 P M2 G3 R1 S,S R₁ G₃ M₂ P D₂ N₃ D₂ Ṡ,S N₃ D₂ P M₂ G₃ R₁ Ṡ,False
purvakalyani,PUrvakalyANi,pUrvakalyANi,53,Gamanashramaa,S R1 G3 M2 P D2 N3 D2 S,S N3 D2 P M2 R1 S,S R₁ G₃ M₂ P D₂ N₃ D₂ Ṡ,S N₃ D₂ P M₂ R₁ Ṡ,False
purvakalyani,PUrvakalyANi,pUrvakalyANi,53,Gamanashramaa,S R1 G3 M2 P D2 N3 P D2 P S,S N3 D2 P M2 G3 R1 S,S R₁ G₃ M₂ P D₂ N₃ P D₂ P Ṡ,S N₃ D₂ P M₂ G₃ R₁ Ṡ,False
purvakalyani,PUrvakalyANi,pUrvakalyANi,53,Gamanashramaa,S R1 G3 M2 P D2 N3 P D2 P S,S N3 P M2 G3 R1 S,S R₁ G₃ M₂ P D₂ N₃ P D₂ P Ṡ,S N₃ P M₂ G₃ R₁ Ṡ,False
purvakalyani,PUrvakalyANi,pUrvakalyANi,53,Gamanashramaa,S R1 G3 M2 P D2 N3 S,S N3 D2 P M2 G3 R1 S,S R₁ G₃ M₂ P D₂ N₃ Ṡ,S N₃ D₂ P M₂ G₃ R₁ Ṡ,False
purvakalyani,PUrvakalyANi,pUrvakalyANi,53,Gamanashramaa,S R1 G3 M2 P D2 P S,S N3 D2 P M2 G3 R1 S,S R₁ G₃ M₂ P D₂ P Ṡ,S N₃ D₂ P M₂ G₃ R₁ Ṡ,False
purvikalyani,PUrvikalyANi,pUrvikalyANi,53,Gamanashramaa,S R1 G3 M2 P D2 S,S N3 D2 P M2 G3 R1 S,S R₁ G₃ M₂ P D₂ Ṡ,S N₃ D₂ P M₂ G₃ R₁ Ṡ,False
ramamurti,RAmamUrti,rAmamUrti,53,Gamanashramaa,S R1 M2 P N3 S,S N3 D2 P M2 G3 R1 S,S R₁ M₂ P N₃ Ṡ,S N₃ D₂ P M₂ G₃ R₁ Ṡ,False
sangamana,SangamAna,sangamAna,53,Gamanashramaa,S R1 G3 M2 P N3 D2 N3 S,S N3 P D2 P M2 G3 R1 M2 G3 S,S R₁ G₃ M₂ P N₃ D₂ N₃ Ṡ,S N₃ P D₂ P M₂ G₃ R₁ M₂ G₃ Ṡ,False
sarvakuntala,Sarvakuntala,sarvakuntala,53,Gamanashramaa,S R1 M2 P N3 S,S N3 D2 P D2 M2 R1 S,S R₁ M₂ P N₃ Ṡ,S N₃ D₂ P D₂ M₂ R₁ Ṡ,False
sarveshvari,SarvEshvari,sarvEshvari,53,Gamanashramaa,S R1 G3 M2 P D2 P N3 S,S N3 D2 P M2 G3 R1 S,S R₁ G₃ M₂ P D₂ P N₃ Ṡ,S N₃ D₂ P M₂ G₃ R₁ Ṡ,False
sharabhadvaja,Sharabhadvaja,sharabhadvaja,53,Gamanashramaa,S R1 G3 M2 D2 D2 S,S D2 P G3 R1 S,S R₁ G₃ M₂ D₂ D₂ Ṡ,S D₂ P G₃ R₁ Ṡ,False
shirodhi,ShirOdhi,shirOdhi,53,Gamanashramaa,S R1 M2 D2 N3 S,S N3 D2 M2 R1 S,S R₁ M₂ D₂ N₃ Ṡ,S N₃ D₂ M₂ R₁ Ṡ,False
shirodhi,ShirOdhi,shirOdhi,53,Gamanashramaa,S R1 M2 P D2 S,S D2 P M2 R1 S,S R₁ M₂ P D₂ Ṡ,S D₂ P M₂ R₁ Ṡ,False
shrilalita,ShrIlalita,shrIlalita,53,Gamanashramaa,S R1 G3 R1 M2 P N3 D2 P S,S N3 D2 P M2 G3 R1 S,S R₁ G₃ R₁ M₂ P N₃ D₂ P Ṡ,S N₃ D₂ P M₂ G₃ R₁ Ṡ,False
shrngarini,ShrngAriNi,shrngAriNi,53,Gamanashramaa,S G3 R1 G3 M2 P S,S N3 D2 P M2 G3 R1 S,S G₃ R₁ G₃ M₂ P Ṡ,S N₃ D₂ P M₂ G₃ R₁ Ṡ,False
shrngarini,ShrngAriNi,shrngAriNi,53,Gamanashramaa,S G3 R1 P M2 P S,S N3 D2 P M2 G3 R1 S,S G₃ R₁ P M₂ P Ṡ,S N₃ D₂ P M₂ G₃ R₁ Ṡ,False
shubhika,ShubhikA,shubhikA,53,Gamanashramaa,S R1 M2 P D2 S,S D2 P M2 R1 S,S R₁ M₂ P D₂ Ṡ,S D₂ P M₂ R₁ Ṡ,False
shuddharasali,ShuddharasALi,shuddharasALi,53,Gamanashramaa,S G3 M2 P D2 S,S D2 P M2 G3 R1 S,S G₃ M₂ P D₂ Ṡ,S D₂ P M₂ G₃ R₁ Ṡ,False
sindhumaruva,SindhumAruva,sindhumAruva,53,Gamanashramaa,S R1 G3 M2 P S,S N3 D2 N3 P M2 G3 R1 S,S R₁ G₃ M₂ P Ṡ,S N₃ D₂ N₃ P M₂ G₃ R₁ Ṡ,False
sohini,SOhini,sOhini,53,Gamanashramaa,S G3 M2 D2 N3 S,S N3 D2 M2 G3 R1 S,S G₃ M₂ D₂ N₃ Ṡ,S N₃ D₂ M₂ G₃ R₁ Ṡ,False
sukhadhvani,Sukhadhvani,sukhadhvani,53,Gamanashramaa,S G3 M2 P N3 D2 S,S D2 N3 P M2 G3 R1 S,S G₃ M₂ P N₃ D₂ Ṡ,S D₂ N₃ P M₂ G₃ R₁ Ṡ,False
sunadavinodini,SunAdavinOdini,sunAdavinOdini,53,Gamanashramaa,S G3 M2 D2 N3 S,S N3 D2 M2 G3 S,S G₃ M₂ D₂ N₃ Ṡ,S N₃ D₂ M₂ G₃ Ṡ,False
sundarabhairavi,Sundarabhairavi,sundarabhairavi,53,Gamanashramaa,S G3 R1 G3 M2 P D2 N3 S,S N3 D2 P M2 G3 R1 S,S G₃ R₁ G₃ M₂ P D₂ N₃ Ṡ,S N₃ D₂ P M₂ G₃ R₁ Ṡ,False
vamshavati,Vamshavati,vamshavati,54,Vishvaambhari,S R1 G3 M2 P D3 N3 S,S N3 P M2 G3 R1 S,S R₁ G₃ M₂ P D₃ N₃ Ṡ,S N₃ P M₂ G₃ R₁ Ṡ,False
balabhi,BalabhI,balabhI,54,Vishvaambhari,S M2 G3 M2 D3 N3 P N3 S,S N3 D3 P M2 G3 R1 S,S M₂ G₃ M₂ D₃ N₃ P N₃ Ṡ,S N₃ D₃ P M₂ G₃ R₁ Ṡ,False
balabhiti,BalabHiti,balabHiti,54,Vishvaambhari,S M2 G3 M2 D3 N3 P N3 S,S N3 D3 P M2 G3 R1 S,S M₂ G₃ M₂ D₃ N₃ P N₃ Ṡ,S N₃ D₃ P M₂ G₃ R₁ Ṡ,False
bhramaradhvani,Bhramaradhvani,bhramaradhvani,54,Vishvaambhari,S G3 M2 D3 N3 S,S D3 P M2 G3 R1 S,S G₃ M₂ D₃ N₃ Ṡ,S D₃ P M₂ G₃ R₁ Ṡ,False
bhramaranarayani,BhramaranArAyaNi,bhramaranArAyaNi,54,Vishvaambhari,S R1 G3 M2 P N3 D3 N3 S,S N3 M2 G3 R1 S,S R₁ G₃ M₂ P N₃ D₃ N₃ Ṡ,S N₃ M₂ G₃ R₁ Ṡ,False
bhusakalyani,BhUSakalyANi,bhUSakalyANi,54,Vishvaambhari,S R1 G3 M2 P D3 N3 S,S N3 P M2 G3 R1 S,S R₁ G₃ M₂ P D₃ N₃ Ṡ,S N₃ P M₂ G₃ R₁ Ṡ,False
deshyamaruva,DEshyamAruva,dEshyamAruva,54,Vishvaambhari,S R1 G3 M2 N3 S,S N3 P M2 G3 R1 S,S R₁ G₃ M₂ N₃ Ṡ,S N₃ P M₂ G₃ R₁ Ṡ,False
deshyavali,DEshyAvaLi,dEshyAvaLi,54,Vishvaambhari,S R1 G3 M2 D3 N3 D3 S,S N3 D3 M2 G3 R1 S,S R₁ G₃ M₂ D₃ N₃ D₃ Ṡ,S N₃ D₃ M₂ G₃ R₁ Ṡ,False
gaganadari,GaganAdari,gaganAdari,54,Vishvaambhari,S R1 G3 M2 P D3 N3 D3 S,S N3 D3 M2 G3 R1 S,S R₁ G₃ M₂ P D₃ N₃ D₃ Ṡ,S N₃ D₃ M₂ G₃ R₁ Ṡ,False
hemangani,HEmAngani,hEmAngani,54,Vishvaambhari,S R1 G3 M2 D3 S,S D3 M2 G3 R1 S,S R₁ G₃ M₂ D₃ Ṡ,S D₃ M₂ G₃ R₁ Ṡ,False
hemangi,HEmAngi,hEmAngi,54,Vishvaambhari,S R1 G3 M2 D3 S,S D3 M2 G3 R1 S,S R₁ G₃ M₂ D₃ Ṡ,S D₃ M₂ G₃ R₁ Ṡ,False
indirapriya,IndirapriyA,indirapriyA,54,Vishvaambhari,S R1 G3 M2 P D3 S,S D3 P M2 G3 R1 S,S R₁ G₃ M₂ P D₃ Ṡ,S D₃ P M₂ G₃ R₁ Ṡ,False
indrapriya,IndrapriyA,indrapriyA,54,Vishvaambhari,S R1 G3 M2 P D3 S,S D3 P M2 G3 R1 S,S R₁ G₃ M₂ P D₃ Ṡ,S D₃ P M₂ G₃ R₁ Ṡ,False
indupriya,IndupriyA,indupriyA,54,Vishvaambhari,S R1 G3 M2 P D3 S,S D3 P M2 G3 R1 S,S R₁ G₃ M₂ P D₃ Ṡ,S D₃ P M₂ G₃ R₁ Ṡ,False
jagadbari,Jagadbari,jagadbari,54,Vishvaambhari,S R1 G3 M2 D3 N3 S,S N3 D3 M2 G3 R1 S,S R₁ G₃ M₂ D₃ N₃ Ṡ,S N₃ D₃ M₂ G₃ R₁ Ṡ,False
karnatakamanjari,KarnATakamanjari,karnATakamanjari,54,Vishvaambhari,S R1 M2 P D3 N3 S,S N3 D3 P M2 P G3 R1 S,S R₁ M₂ P D₃ N₃ Ṡ,S N₃ D₃ P M₂ P G₃ R₁ Ṡ,False
kriyavati,KriyAvati,kriyAvati,54,Vishvaambhari,S R1 G3 M2 P D3 N3 S,S N3 D3 P M2 G3 R1 G3 S,S R₁ G₃ M₂ P D₃ N₃ Ṡ,S N₃ D₃ P M₂ G₃ R₁ G₃ Ṡ,False
nagasarasiruham,NAgasarasIruham,nAgasarasIruham,54,Vishvaambhari,S G3 M2 P S,S N3 D3 N3 P M2 G3 R1 S,S G₃ M₂ P Ṡ,S N₃ D₃ N₃ P M₂ G₃ R₁ Ṡ,False
nagasarasiruham,NAgasarasIruham,nAgasarasIruham,54,Vishvaambhari,S G3 M2 P S,S N3 D3 N3 P M2 R1 S,S G₃ M₂ P Ṡ,S N₃ D₃ N₃ P M₂ R₁ Ṡ,False
padmasita,PadmAsita,padmAsita,54,Vishvaambhari,S R1 G3 R1 M2 P N3 S,S N3 D3 N3 P G3 R1 S,S R₁ G₃ R₁ M₂ P N₃ Ṡ,S N₃ D₃ N₃ P G₃ R₁ Ṡ,False
pusakalyani,PUSAkalyANi,pUSAkalyANi,54,Vishvaambhari,S R1 G3 M2 P D3 N3 S,S N3 P M2 G3 R1 S,S R₁ G₃ M₂ P D₃ N₃ Ṡ,S N₃ P M₂ G₃ R₁ Ṡ,False
renuka,RENukA,rENukA,54,Vishvaambhari,S G3 M2 P D3 N3 S,S N3 D3 P M2 G3 S,S G₃ M₂ P D₃ N₃ Ṡ,S N₃ D₃ P M₂ G₃ Ṡ,False
sharabhakhandita,SharabhakhaNDita,sharabhakhaNDita,54,Vishvaambhari,S G3 M2 D3 N3 P N3 S,S N3 D3 P M2 G3 R1 S,S G₃ M₂ D₃ N₃ P N₃ Ṡ,S N₃ D₃ P M₂ G₃ R₁ Ṡ,False
sharadabharani,SharadabharaNi,sharadabharaNi,54,Vishvaambhari,S M2 G3 M2 P D3 N3 S,S N3 D3 P M2 R1 S,S M₂ G₃ M₂ P D₃ N₃ Ṡ,S N₃ D₃ P M₂ R₁ Ṡ,False
sharadyuti,Sharadyuti,sharadyuti,54,Vishvaambhari,S R1 G3 M2 P D3 N3 D3 S,S N3 D3 P M2 G3 R1 S,S R₁ G₃ M₂ P D₃ N₃ D₃ Ṡ,S N₃ D₃ P M₂ G₃ R₁ Ṡ,False
shonankari,ShONAnkari,shONAnkari,54,Vishvaambhari,S R1 G3 M2 D3 N3 S,S D3 P G3 R1 S,S R₁ G₃ M₂ D₃ N₃ Ṡ,S D₃ P G₃ R₁ Ṡ,False
shrikhandalepini,ShrIkhaNDalEpini,ShrIkhaNDalEpini,54,Vishvaambhari,S R1 M2 D3 N3 S,S N3 D3 M2 R1 S,S R₁ M₂ D₃ N₃ Ṡ,S N₃ D₃ M₂ R₁ Ṡ,False
shrikhandavilepini,ShrIkhaNDavilEpiNi,shrIkhaNDavilEpiNi,54,Vishvaambhari,S R1 M2 D3 N3 S,S N3 D3 M2 R1 S,S R₁ M₂ D₃ N₃ Ṡ,S N₃ D₃ M₂ R₁ Ṡ,False
shuddhabangala,ShuddhabangALa,shuddhabangALa,54,Vishvaambhari,S R1 M2 P D3 S,S D3 P M2 R1 G3 R1 S,S R₁ M₂ P D₃ Ṡ,S D₃ P M₂ R₁ G₃ R₁ Ṡ,False
shuddhagandhari,ShuddhagAndhAri,shuddhagAndhAri,54,Vishvaambhari,S R1 G3 M2 N3 S,S N3 D3 N3 P M2 R1 S,S R₁ G₃ M₂ N₃ Ṡ,S N₃ D₃ N₃ P M₂ R₁ Ṡ,False
shuddhakriya,ShuddhakriyA,shuddhakriyA,54,Vishvaambhari,S R1 M2 M2 P D3 S,S D3 P M2 G3 R1 S,S R₁ M₂ M₂ P D₃ Ṡ,S D₃ P M₂ G₃ R₁ Ṡ,False
shuddhasaranga,ShuddhasAranga,shuddhasAranga,54,Vishvaambhari,S R1 G3 M2 P D3 N3 D3 S,S N3 D3 P M2 G3 R1 S,S R₁ G₃ M₂ P D₃ N₃ D₃ Ṡ,S N₃ D₃ P M₂ G₃ R₁ Ṡ,False
shyamala,ShyAmaLA,shyAmaLA,54,Vishvaambhari,S G3 R1 G3 M2 P D3 N3 D3 D3,S N3 D3 P M2 G3 R1 S,S G₃ R₁ G₃ M₂ P D₃ N₃ D₃ D₃,S N₃ D₃ P M₂ G₃ R₁ Ṡ,False
sindhumaruva,SindhumAruva,sindhumAruva,54,Vishvaambhari,S R1 G3 M2 P S,S N3 D3 N3 P M2 G3 R1 S,S R₁ G₃ M₂ P Ṡ,S N₃ D₃ N₃ P M₂ G₃ R₁ Ṡ,False
vaishakam,VaishAkam,vaishAkam,54,Vishvaambhari,S R1 G3 M2 P D3 N3 D3 S,S N3 D3 N3 P M2 G3 M2 R1 S,S R₁ G₃ M₂ P D₃ N₃ D₃ Ṡ,S N₃ D₃ N₃ P M₂ G₃ M₂ R₁ Ṡ,False
vaishakam,VaishAkam,vaishAkam,54,Vishvaambhari,S R1 G3 M2 P D3 N3 S,N3 D3 N3 P M2 G3 M2 R1 S,S R₁ G₃ M₂ P D₃ N₃ Ṡ,N₃ D₃ N₃ P M₂ G₃ M₂ R₁ Ṡ,False
vaishakam,VaishAkam,vaishAkam,54,Vishvaambhari,S R1 G3 M2 P D3 N3 S,S N3 D3 N3 P M2 G3 M2 R1 S,S R₁ G₃ M₂ P D₃ N₃ Ṡ,S N₃ D₃ N₃ P M₂ G₃ M₂ R₁ Ṡ,False
vaishakam,VaishAkam,vaishAkam,54,Vishvaambhari,S R1 G3 M2 P D3 N3 S,S N3 D3 P M2 G3 M2 R1 S,S R₁ G₃ M₂ P D₃ N₃ Ṡ,S N₃ D₃ P M₂ G₃ M₂ R₁ Ṡ,False
vaishukri,Vaishukri,vaishukri,54,Vishvaambhari,S R1 G3 M2 P D3 N3 S,S N3 D3 N3 P M2 G3 M2 R1 S,S R₁ G₃ M₂ P D₃ N₃ Ṡ,S N₃ D₃ N₃ P M₂ G₃ M₂ R₁ Ṡ,False
vaishukri,Vaishukri,vaishukri,54,Vishvaambhari,S R1 G3 M2 P D3 N3 S,S N3 D3 N3 P M2 G3 R1 S,S R₁ G₃ M₂ P D₃ N₃ Ṡ,S N₃ D₃ N₃ P M₂ G₃ R₁ Ṡ,False
vijayavasantam,Vijayavasantam,vijayavasantam,54,Vishvaambhari,S M2 P D3 N3 S,S N3 P M2 G3 S,S M₂ P D₃ N₃ Ṡ,S N₃ P M₂ G₃ Ṡ,False
virapratapa,VIrapratApa,vIrapratApa,54,Vishvaambhari,S N3 D3 S R1 G3 M2 P D3 N3,D3 P M2 G3 R1 S N3 S D3 S,S N₃ D₃ Ṡ R₁ G₃ M₂ P D₃ N₃,D₃ P M₂ G₃ R₁ Ṡ N₃ Ṡ D₃ Ṡ,False
viravasantam,VIravasantam,vIravasantam,54,Vishvaambhari,S G3 R1 M2 P S,S N3 D3 P M2 G3 R1 S,S G₃ R₁ M₂ P Ṡ,S N₃ D₃ P M₂ G₃ R₁ Ṡ,False
vishvambari,Vishvambari,vishvambari,54,Vishvaambhari,S R1 G3 M2 P D3 N3 S,S D3 P M2 G3 R1 S,S R₁ G₃ M₂ P D₃ N₃ Ṡ,S D₃ P M₂ G₃ R₁ Ṡ,False
shyaamalam,ShyaamaLam,shyaamaLam,55,ShyaamaLaangi,S R2 G2 M2 P D1 N1 S,S N1 D1 P M2 G2 R2 S,S R₂ G₂ M₂ P D₁ N₁ Ṡ,S N₁ D₁ P M₂ G₂ R₂ Ṡ,False
bangalagaula,BangALagauLa,bangALagauLa,55,ShyaamaLaangi,S R2 M2 P M2 D1 N1 S,S D1 P M2 G2 R2 S,S R₂ M₂ P M₂ D₁ N₁ Ṡ,S D₁ P M₂ G₂ R₂ Ṡ,False
bhringi,Bhringi,bhringi,55,ShyaamaLaangi,S M2 G2 M2 P N1 D1 N1 S,S N1 D1 P M2 G2 R2 S,S M₂ G₂ M₂ P N₁ D₁ N₁ Ṡ,S N₁ D₁ P M₂ G₂ R₂ Ṡ,False
cakanta,CAkAnta,cAkAnta,55,ShyaamaLaangi,S G2 M2 D1 N1 P N1 S,S N1 D1 P M2 G2 R2 S,S G₂ M₂ D₁ N₁ P N₁ Ṡ,S N₁ D₁ P M₂ G₂ R₂ Ṡ,False
deshamani,DEshamaNi,dEshamaNi,55,ShyaamaLaangi,S R2 G2 D1 N1 D1 S,S N1 D1 P G2 R2 S,S R₂ G₂ D₁ N₁ D₁ Ṡ,S N₁ D₁ P G₂ R₂ Ṡ,False
deshavali,DEshAvaLi,dEshAvaLi,55,ShyaamaLaangi,S R2 G2 M2 D1 N1 D1 S,S N1 D1 M2 G2 R2 S,S R₂ G₂ M₂ D₁ N₁ D₁ Ṡ,S N₁ D₁ M₂ G₂ R₂ Ṡ,False
deshyanatakuranji,DEshyanATakuranji,dEshyanATakuranji,55,ShyaamaLaangi,S R2 G2 M2 P D1 P N1 S,S N1 P D1 P M2 G2 R2 S,S R₂ G₂ M₂ P D₁ P N₁ Ṡ,S N₁ P D₁ P M₂ G₂ R₂ Ṡ,False
deshyavarali,DEshyavarALi,dEshyavarALi,55,ShyaamaLaangi,S R2 G2 M2 D1 N1 D1 S,S N1 D1 M2 G2 R2 S,S R₂ G₂ M₂ D₁ N₁ D₁ Ṡ,S N₁ D₁ M₂ G₂ R₂ Ṡ,False
desinatakuranji,DEsinATakuranji,dEsinATakuranji,55,ShyaamaLaangi,S R2 G2 M2 P D1 P N1 S,S N1 P D1 P M2 G2 R2 S,S R₂ G₂ M₂ P D₁ P N₁ Ṡ,S N₁ P D₁ P M₂ G₂ R₂ Ṡ,False
gitikirani,GItikiraNi,gItikiraNi,55,ShyaamaLaangi,S R2 G2 M2 P D1 N1 S,S D1 N1 D1 P M2 G2 S,S R₂ G₂ M₂ P D₁ N₁ Ṡ,S D₁ N₁ D₁ P M₂ G₂ Ṡ,False
hamsabhusavali,HamsabhUSAvaLi,hamsabhUSAvaLi,55,ShyaamaLaangi,S N1 S R2 G2 M2 P D1 N1,D1 P M2 G2 R2 G2 S,S N₁ Ṡ R₂ G₂ M₂ P D₁ N₁,D₁ P M₂ G₂ R₂ G₂ Ṡ,False
hamsagirvani,HamsagIrvANi,hamsagIrvANi,55,ShyaamaLaangi,S R2 G2 M2 P D1 S,S D1 P M2 G2 S,S R₂ G₂ M₂ P D₁ Ṡ,S D₁ P M₂ G₂ Ṡ,False
hamsaprabhavali,HamsaprabhAvaLi,hamsaprabhAvaLi,55,ShyaamaLaangi,S N1 S R2 G2 M2 P D1 N1,D1 S M2 G2 R2 G2 S,S N₁ Ṡ R₂ G₂ M₂ P D₁ N₁,D₁ Ṡ M₂ G₂ R₂ G₂ Ṡ,False
hamsaprabhavali,HamsaprabhAvaLi,hamsaprabhAvaLi,55,ShyaamaLaangi,S N1 S R2 N1 G2 M2 P D1 N1,D1 S M2 R2 G2 S,S N₁ Ṡ R₂ N₁ G₂ M₂ P D₁ N₁,D₁ Ṡ M₂ R₂ G₂ Ṡ,False
hemambari,HEmAmbari,hEmAmbari,55,ShyaamaLaangi,S R2 G2 M2 D1 S,S D1 M2 G2 R2 S,S R₂ G₂ M₂ D₁ Ṡ,S D₁ M₂ G₂ R₂ Ṡ,False
kakali,KAkali,kAkali,55,ShyaamaLaangi,S R2 G2 M2 P N1 S,S N1 P M2 G2 R2 S,S R₂ G₂ M₂ P N₁ Ṡ,S N₁ P M₂ G₂ R₂ Ṡ,False
kamalanarayani,KamalanArAyaNi,kamalanArAyaNi,55,ShyaamaLaangi,S R2 M2 P D1 N1 S,S N1 D1 P M2 G2 M2 R2 S,S R₂ M₂ P D₁ N₁ Ṡ,S N₁ D₁ P M₂ G₂ M₂ R₂ Ṡ,False
kamatadhvajam,KAmatadhvajam,kAmatadhvajam,55,ShyaamaLaangi,S R2 G2 M2 P D1 N1 S,S D1 P M2 G2 R2 S,S R₂ G₂ M₂ P D₁ N₁ Ṡ,S D₁ P M₂ G₂ R₂ Ṡ,False
kancanangi,KAncanAngi,kAncanAngi,55,ShyaamaLaangi,S R2 G2 M2 P D1 S,S D1 P M2 G2 R2 S,S R₂ G₂ M₂ P D₁ Ṡ,S D₁ P M₂ G₂ R₂ Ṡ,False
lilavati,LIlAvati,lIlAvati,55,ShyaamaLaangi,S R2 G2 M2 P S,S P M2 G2 R2 S,S R₂ G₂ M₂ P Ṡ,S P M₂ G₂ R₂ Ṡ,False
nagagirvani,NAgagIrvANi,nAgagIrvANi,55,ShyaamaLaangi,S R2 G2 D1 N1 D1 S,S N1 D1 P M2 G2 R2 S,S R₂ G₂ D₁ N₁ D₁ Ṡ,S N₁ D₁ P M₂ G₂ R₂ Ṡ,False
nagagirvani,NAgagIrvANi,nAgagIrvANi,55,ShyaamaLaangi,S R2 G2 M2 D1 N1 D1 S,S N1 D1 P M2 G2 R2 S,S R₂ G₂ M₂ D₁ N₁ D₁ Ṡ,S N₁ D₁ P M₂ G₂ R₂ Ṡ,False
nagaprabhavali,NAgaprabhAvaLi,nAgaprabhAvaLi,55,ShyaamaLaangi,S G2 M2 P D1 N1 S,S N1 D1 M2 G2 R2 S,S G₂ M₂ P D₁ N₁ Ṡ,S N₁ D₁ M₂ G₂ R₂ Ṡ,False
nilangi,NIlAngi,nIlAngi,55,ShyaamaLaangi,S R2 G2 M2 D1 N1 S,S N1 D1 M2 G2 R2 S,S R₂ G₂ M₂ D₁ N₁ Ṡ,S N₁ D₁ M₂ G₂ R₂ Ṡ,False
prithvi,Prithvi,prithvi,55,ShyaamaLaangi,S G2 M2 P D1 N1 S,S N1 D1 P M2 R2 S,S G₂ M₂ P D₁ N₁ Ṡ,S N₁ D₁ P M₂ R₂ Ṡ,False
sakanta,SakAnta,sakAnta,55,ShyaamaLaangi,S G2 M2 D1 N1 P N1 S,S N1 D1 P M2 G2 R2 S,S G₂ M₂ D₁ N₁ P N₁ Ṡ,S N₁ D₁ P M₂ G₂ R₂ Ṡ,False
sharavati,SharAvati,sharAvati,55,ShyaamaLaangi,S R2 G2 M2 N1 S,S N1 M2 G2 R2 S,S R₂ G₂ M₂ N₁ Ṡ,S N₁ M₂ G₂ R₂ Ṡ,False
sharvari,SharvAri,sharvAri,55,ShyaamaLaangi,S R2 G2 M2 N1 S,S N1 M2 G2 R2 S,S R₂ G₂ M₂ N₁ Ṡ,S N₁ M₂ G₂ R₂ Ṡ,False
shrikanti,ShrIkAnti,shrIkAnti,55,ShyaamaLaangi,S G2 M2 P D1 N1 S,S N1 D1 P M2 G2 S,S G₂ M₂ P D₁ N₁ Ṡ,S N₁ D₁ P M₂ G₂ Ṡ,False
shritakrani,ShritakraNi,shritakraNi,55,ShyaamaLaangi,S R2 G2 M2 P D1 N1 S,S D1 N1 D1 P M2 G2 S,S R₂ G₂ M₂ P D₁ N₁ Ṡ,S D₁ N₁ D₁ P M₂ G₂ Ṡ,False
shrutiranjani,Shrutiranjani,shrutiranjani,55,ShyaamaLaangi,S R2 G2 M2 P D1 N1,N1 D1 P M2 G2 S R2 S,S R₂ G₂ M₂ P D₁ N₁,N₁ D₁ P M₂ G₂ Ṡ R₂ Ṡ,False
shyama,ShyAma,shyAma,55,ShyaamaLaangi,S R2 M2 P N1 S,S N1 P M2 R2 S,S R₂ M₂ P N₁ Ṡ,S N₁ P M₂ R₂ Ṡ,False
shyamala,ShyAmaLA,shyAmaLA,55,ShyaamaLaangi,S G2 R2 G2 M2 P D1 N1 D1 S,S N1 D1 P M2 G2 R2 S,S G₂ R₂ G₂ M₂ P D₁ N₁ D₁ Ṡ,S N₁ D₁ P M₂ G₂ R₂ Ṡ,False
shyamala,ShyAmalA,shyAmalA,55,ShyaamaLaangi,S G2 R2 G2 M2 P D1 N1 S,S N1 D1 P M2 G2 R2 S,S G₂ R₂ G₂ M₂ P D₁ N₁ Ṡ,S N₁ D₁ P M₂ G₂ R₂ Ṡ,False
shyamala,ShyAmaLA,shyAmaLA,55,ShyaamaLaangi,S R2 G2 M2 D1 N1 D1 S,S N1 D1 M2 G2 R2 S,S R₂ G₂ M₂ D₁ N₁ D₁ Ṡ,S N₁ D₁ M₂ G₂ R₂ Ṡ,False
shyamala,ShyAmaLA,shyAmaLA,55,ShyaamaLaangi,S R2 G2 M2 P D1 S,S N1 D1 P M2 G2 R2 S,S R₂ G₂ M₂ P D₁ Ṡ,S N₁ D₁ P M₂ G₂ R₂ Ṡ,False
shyamalangi,ShyAmaLangi,shyAmaLangi,55,ShyaamaLaangi,S R2 G2 M2 P D1 N1 S,S N1 D1 P M2 G2 R2 S,S R₂ G₂ M₂ P D₁ N₁ Ṡ,S N₁ D₁ P M₂ G₂ R₂ Ṡ,False
sitakirani,SItAkiraNi,sItAkiraNi,55,ShyaamaLaangi,S R2 G2 M2 P D1 N1 S,S D1 N1 D1 P M2 G2 S,S R₂ G₂ M₂ P D₁ N₁ Ṡ,S D₁ N₁ D₁ P M₂ G₂ Ṡ,False
sitakirani,SItakiraNi,sItakiraNi,55,ShyaamaLaangi,S R2 G2 M2 P D1 N1 S,S N1 D1 N1 P M2 G2 S,S R₂ G₂ M₂ P D₁ N₁ Ṡ,S N₁ D₁ N₁ P M₂ G₂ Ṡ,False
suparamu,Suparamu,suparamu,55,ShyaamaLaangi,S R2 G2 R2 M2 P N1 S,S N1 D1 P M2 G2 R2 S,S R₂ G₂ R₂ M₂ P N₁ Ṡ,S N₁ D₁ P M₂ G₂ R₂ Ṡ,False
vamasukirini,VAmasukiriNi,vAmasukiriNi,55,ShyaamaLaangi,S R2 M2 D1 N1 S,S N1 D1 M2 R2 S,S R₂ M₂ D₁ N₁ Ṡ,S N₁ D₁ M₂ R₂ Ṡ,False
vijayamalavi,VijayamALavi,vijayamALavi,55,ShyaamaLaangi,S R2 M2 P D1 S,S N1 D1 P M2 R2 S,S R₂ M₂ P D₁ Ṡ,S N₁ D₁ P M₂ R₂ Ṡ,False
virati,ViraTi,viraTi,55,ShyaamaLaangi,S R2 G2 P D1 M2 N1 D1 N1 S,S N1 P M2 G2 R2 S,S R₂ G₂ P D₁ M₂ N₁ D₁ N₁ Ṡ,S N₁ P M₂ G₂ R₂ Ṡ,False
caamaram,Caamaram,caamaram,56,Shanmugapriyaa,S R2 G2 M2 P D1 N2 S,S N2 D1 P M2 G2 R2 S,S R₂ G₂ M₂ P D₁ N₂ Ṡ,S N₂ D₁ P M₂ G₂ R₂ Ṡ,False
alankaram,AlankAram,alankAram,56,Shanmugapriyaa,S G2 M2 P D1 S,S N2 P M2 G2 R2 S,S G₂ M₂ P D₁ Ṡ,S N₂ P M₂ G₂ R₂ Ṡ,False
ambalika,AmbAlika,ambAlika,56,Shanmugapriyaa,S R2 M2 D1 N2 S,S N2 D1 M2 R2 S,S R₂ M₂ D₁ N₂ Ṡ,S N₂ D₁ M₂ R₂ Ṡ,False
auvvaipriya,AuvvaipriyA,auvvaipriyA,56,Shanmugapriyaa,S R2 G2 M2 P N2 S,S N2 D1 P G2 S,S R₂ G₂ M₂ P N₂ Ṡ,S N₂ D₁ P G₂ Ṡ,False
azhaladi,AzhalADi,azhalADi,56,Shanmugapriyaa,S G2 M2 P D1 N2 S,S N2 D1 P M2 G2 S,S G₂ M₂ P D₁ N₂ Ṡ,S N₂ D₁ P M₂ G₂ Ṡ,False
azhaladi,AzhalaDi,azhalaDi,56,Shanmugapriyaa,S R2 M2 P D1 N2 S,S N2 D1 P M2 G2 S,S R₂ M₂ P D₁ N₂ Ṡ,S N₂ D₁ P M₂ G₂ Ṡ,False
bhasini,BhASiNi,bhASiNi,56,Shanmugapriyaa,S G2 R2 G2 M2 P D1 N2 S,S N2 D1 P M2 G2 R2 S,S G₂ R₂ G₂ M₂ P D₁ N₂ Ṡ,S N₂ D₁ P M₂ G₂ R₂ Ṡ,False
bhasini,BhASiNi,bhASiNi,56,Shanmugapriyaa,S G2 R2 G2 M2 P N2 D1 S,S N2 D1 P M2G2 R2 S,S G₂ R₂ G₂ M₂ P N₂ D₁ Ṡ,S N₂ D₁ P M2G2 R₂ Ṡ,False
bhramarakusumam,Bhramarakusumam,bhramarakusumam,56,Shanmugapriyaa,S G2 M2 P N2 S,S N2 D1 P M2 G2 R2 S,S G₂ M₂ P N₂ Ṡ,S N₂ D₁ P M₂ G₂ R₂ Ṡ,False
bhramarasaranga,BhramarasAranga,bhramarasAranga,56,Shanmugapriyaa,S R2 G2 M2 P M2 D1 N2 S,S N2 P M2 G2 R2 S,S R₂ G₂ M₂ P M₂ D₁ N₂ Ṡ,S N₂ P M₂ G₂ R₂ Ṡ,False
bilimbi,Bilimbi,bilimbi,56,Shanmugapriyaa,S R2 G2 M2 P D1 N2 S,S N2 P M2 G2 R2 S,S R₂ G₂ M₂ P D₁ N₂ Ṡ,S N₂ P M₂ G₂ R₂ Ṡ,False
cakramanjari,Cakramanjari,cakramanjari,56,Shanmugapriyaa,S R2 G2 M2 D1 P D1 N2 S,S D1 P M2 R2 S,S R₂ G₂ M₂ D₁ P D₁ N₂ Ṡ,S D₁ P M₂ R₂ Ṡ,False
camaram,CAmaram,cAmaram,56,Shanmugapriyaa,S G2 R2 G2 M2 P N2 S,S N2 D1 P M2 G2 R2 S,S G₂ R₂ G₂ M₂ P N₂ Ṡ,S N₂ D₁ P M₂ G₂ R₂ Ṡ,False
camaram,CAmaram,cAmaram,56,Shanmugapriyaa,S R2 G2 M2 P D1 N2 S,S N2 D1 P M2 G2 R2 S,S R₂ G₂ M₂ P D₁ N₂ Ṡ,S N₂ D₁ P M₂ G₂ R₂ Ṡ,False
candradeshika,CandradEshika,candradEshika,56,Shanmugapriyaa,S R2 G2 M2 P M2 D1 N2 S,S N2 D1 M2 G2 S,S R₂ G₂ M₂ P M₂ D₁ N₂ Ṡ,S N₂ D₁ M₂ G₂ Ṡ,False
cintamani,CintAmaNi,cintAmaNi,56,Shanmugapriyaa,S R2 P M2 P D1 N2 S,S N2 D1 P M2 G2 R2 S,S R₂ P M₂ P D₁ N₂ Ṡ,S N₂ D₁ P M₂ G₂ R₂ Ṡ,False
cutavali,CUtAvaLI,cUtAvaLI,56,Shanmugapriyaa,S M2 G2 M2 P D1 N2 S,S N2 D1 P M2 G2 R2 S,S M₂ G₂ M₂ P D₁ N₂ Ṡ,S N₂ D₁ P M₂ G₂ R₂ Ṡ,False
devamalavi,DEvamALavi,dEvamALavi,56,Shanmugapriyaa,S R2 G2 M2 P D1 N2,D1 P M2 G2 R2 S N2,S R₂ G₂ M₂ P D₁ N₂,D₁ P M₂ G₂ R₂ Ṡ N₂,False
devamalavi,DEvamALavi,dEvamALavi,56,Shanmugapriyaa,S R2 G2 M2 P D1 N2,N2 D1 P M2 G2 R2 S N2,S R₂ G₂ M₂ P D₁ N₂,N₂ D₁ P M₂ G₂ R₂ Ṡ N₂,False
dhanukari,Dhanukari,dhanukari,56,Shanmugapriyaa,S G2 M2 P D1 N2 S,S N2 D1 M2 G2 S,S G₂ M₂ P D₁ N₂ Ṡ,S N₂ D₁ M₂ G₂ Ṡ,False
garigadya,Garigadya,garigadya,56,Shanmugapriyaa,N2 S G2 M2 P D1 N2,D1 P M2 G2 R2 S N2 S,N₂ Ṡ G₂ M₂ P D₁ N₂,D₁ P M₂ G₂ R₂ Ṡ N₂ Ṡ,False
garigadya,Garigadya,garigadya,56,Shanmugapriyaa,N2 S G2 P M2 D1 N2,D1 M2 P G2 R2 S N2,N₂ Ṡ G₂ P M₂ D₁ N₂,D₁ M₂ P G₂ R₂ Ṡ N₂,False
gopikatilakam,GOpikAtilakam,gOpikAtilakam,56,Shanmugapriyaa,S R2 G2 M2 P N2 S,S N2 P M2 G2 R2 S,S R₂ G₂ M₂ P N₂ Ṡ,S N₂ P M₂ G₂ R₂ Ṡ,False
gummavali,GummAvaLi,gummAvaLi,56,Shanmugapriyaa,S R2 G2 P D1 N2 S,S D1 P M2 G2 R2 S,S R₂ G₂ P D₁ N₂ Ṡ,S D₁ P M₂ G₂ R₂ Ṡ,False
gurugadya,Gurugadya,gurugadya,56,Shanmugapriyaa,N2 S G2 P M2 D1 N2,D1 P M2 G2 R2 S N2,N₂ Ṡ G₂ P M₂ D₁ N₂,D₁ P M₂ G₂ R₂ Ṡ N₂,False
gurugumaya,Gurugumaya,gurugumaya,56,Shanmugapriyaa,N2 S R2 G2 M2 P D1 N2,D1 P M2 G2 R2 S N2 S,N₂ Ṡ R₂ G₂ M₂ P D₁ N₂,D₁ P M₂ G₂ R₂ Ṡ N₂ Ṡ,False
jayanilaveni,JayanIlavENi,jayanIlavENi,56,Shanmugapriyaa,S R2 G2 P N2 S,S D1 P M2 G2 S,S R₂ G₂ P N₂ Ṡ,S D₁ P M₂ G₂ Ṡ,False
jayasarasvati,Jayasarasvati,jayasarasvati,56,Shanmugapriyaa,S R2 G2 P D1 S,S N2 D1 P M2 G2 R2 S,S R₂ G₂ P D₁ Ṡ,S N₂ D₁ P M₂ G₂ R₂ Ṡ,False
kalati,Kalati,kalati,56,Shanmugapriyaa,S P M2 D1 N2 S,S D1 P M2 G2 R2 S,S P M₂ D₁ N₂ Ṡ,S D₁ P M₂ G₂ R₂ Ṡ,False
kalatti,KALatti,kALatti,56,Shanmugapriyaa,S P M2 D1 N2 S,S D1 P M2 G2 R2 S,S P M₂ D₁ N₂ Ṡ,S D₁ P M₂ G₂ R₂ Ṡ,False
kamalaveni,KamalavENi,kamalavENi,56,Shanmugapriyaa,S R2 M2 P D1 N2 S,S N2 D1 P M2 R2 S,S R₂ M₂ P D₁ N₂ Ṡ,S N₂ D₁ P M₂ R₂ Ṡ,False
karatoyam,KaratOyam,karatOyam,56,Shanmugapriyaa,S M2 P D1 N2 S,S N2 D1 P M2 S,S M₂ P D₁ N₂ Ṡ,S N₂ D₁ P M₂ Ṡ,False
karikadya,Karikadya,karikadya,56,Shanmugapriyaa,N2 S G2 P M2 D1 N2,D1 M2 P G2 R2 S N2,N₂ Ṡ G₂ P M₂ D₁ N₂,D₁ M₂ P G₂ R₂ Ṡ N₂,False
kokilanandi,KOkilAnandi,kOkilAnandi,56,Shanmugapriyaa,S G2 M2 D1 N2 S,S N2 D1 P M2 G2 S,S G₂ M₂ D₁ N₂ Ṡ,S N₂ D₁ P M₂ G₂ Ṡ,False
kurugadya,Kurugadya,kurugadya,56,Shanmugapriyaa,N2 S G2 M2 P D1 N2,D1 P M2 G2 R2 S N2,N₂ Ṡ G₂ M₂ P D₁ N₂,D₁ P M₂ G₂ R₂ Ṡ N₂,False
kusumasaranga,KusumasAranga,kusumasAranga,56,Shanmugapriyaa,S R2 M2 P D1 N2 S,S N2 D1 P M2 G2 R2 S,S R₂ M₂ P D₁ N₂ Ṡ,S N₂ D₁ P M₂ G₂ R₂ Ṡ,False
madanamohini,MadanamOhini,madanamOhini,56,Shanmugapriyaa,S G2 R2 G2 M2 P D1 N2 S,S N2 D1 M2 G2 S,S G₂ R₂ G₂ M₂ P D₁ N₂ Ṡ,S N₂ D₁ M₂ G₂ Ṡ,False
nanmukhan,NAnmukhan,nAnmukhan,56,Shanmugapriyaa,S R2 G2 M2 P S,S N2 D1 P M2 G2 R2 S,S R₂ G₂ M₂ P Ṡ,S N₂ D₁ P M₂ G₂ R₂ Ṡ,False
nijachamaram,NijachAmaram,nijachAmaram,56,Shanmugapriyaa,S G2 R2 G2 M2 P N2 S,S N2 D1 P M2 G2 R2 S,S G₂ R₂ G₂ M₂ P N₂ Ṡ,S N₂ D₁ P M₂ G₂ R₂ Ṡ,False
parvati,PArvati,pArvati,56,Shanmugapriyaa,S G2 M2 P N2 S,S D1 P M2 R2 S,S G₂ M₂ P N₂ Ṡ,S D₁ P M₂ R₂ Ṡ,False
pidaram,PiDaram,piDaram,56,Shanmugapriyaa,S G2 M2 P D1 N2 S,S N2 D1 P M2 G2 R2 S,S G₂ M₂ P D₁ N₂ Ṡ,S N₂ D₁ P M₂ G₂ R₂ Ṡ,False
pinakam,PinAkam,pinAkam,56,Shanmugapriyaa,S R2 G2 M2 P D1 S,S N2 D1 P M2 G2 R2 S,S R₂ G₂ M₂ P D₁ Ṡ,S N₂ D₁ P M₂ G₂ R₂ Ṡ,False
pinnaiyabharana,PinnaiyAbharaNa,pinnaiyAbharaNa,56,Shanmugapriyaa,S R2 G2 M2 P N2 S,S N2 D1 P M2 G2 R2 S,S R₂ G₂ M₂ P N₂ Ṡ,S N₂ D₁ P M₂ G₂ R₂ Ṡ,False
pirangala,PirangaLa,pirangaLa,56,Shanmugapriyaa,S R2 G2 M2 P D1 N2 S,S D1 P M2 G2 R2 S,S R₂ G₂ M₂ P D₁ N₂ Ṡ,S D₁ P M₂ G₂ R₂ Ṡ,False
pudan,PUDan,pUDan,56,Shanmugapriyaa,S R2 M2 D1 S,S N2 P G2 S,S R₂ M₂ D₁ Ṡ,S N₂ P G₂ Ṡ,False
pugali,Pugali,pugali,56,Shanmugapriyaa,S R2 G2 M2 P D1 N2 S,S D1 P M2 G2 S,S R₂ G₂ M₂ P D₁ N₂ Ṡ,S D₁ P M₂ G₂ Ṡ,False
pukkam,PUkkam,pUkkam,56,Shanmugapriyaa,S G2 P N2 S,S D1 P M2 G2 R2 S,S G₂ P N₂ Ṡ,S D₁ P M₂ G₂ R₂ Ṡ,False
pullakntham,PullakNTham,pullakNTham,56,Shanmugapriyaa,S R2 G2 M2 P D1 N2 S,S N2 P G2 S,S R₂ G₂ M₂ P D₁ N₂ Ṡ,S N₂ P G₂ Ṡ,False
punaikuzhal,Punaikuzhal,punaikuzhal,56,Shanmugapriyaa,S R2 G2 M2 P N2 S,S D1 P G2 S,S R₂ G₂ M₂ P N₂ Ṡ,S D₁ P G₂ Ṡ,False
punam,Punam,punam,56,Shanmugapriyaa,S G2 P D1 S,S N2 D1 P M2 G2 R2 S,S G₂ P D₁ Ṡ,S N₂ D₁ P M₂ G₂ R₂ Ṡ,False
punavar,Punavar,punavar,56,Shanmugapriyaa,S R2 G2 M2 P D1 S,S N2 P G2 S,S R₂ G₂ M₂ P D₁ Ṡ,S N₂ P G₂ Ṡ,False
punazhakkai,Punazhakkai,punazhakkai,56,Shanmugapriyaa,S R2 G2 M2 P D1 N2 S,S D1 P G2 S,S R₂ G₂ M₂ P D₁ N₂ Ṡ,S D₁ P G₂ Ṡ,False
pungali,PungAli,pungAli,56,Shanmugapriyaa,S G2 P D1 S,S N2 P M2 G2 R2 S,S G₂ P D₁ Ṡ,S N₂ P M₂ G₂ R₂ Ṡ,False
pungu,Pungu,pungu,56,Shanmugapriyaa,S R2 G2 M2 P D1 N2 S,S N2 P G2 R2 S,S R₂ G₂ M₂ P D₁ N₂ Ṡ,S N₂ P G₂ R₂ Ṡ,False
punjal,PUnjal,pUnjal,56,Shanmugapriyaa,S G2 P N2 S,S D1 P M2 R2 S,S G₂ P N₂ Ṡ,S D₁ P M₂ R₂ Ṡ,False
punkaram,PUnkAram,pUnkAram,56,Shanmugapriyaa,S R2 M2 P D1 S,S N2 P G2 S,S R₂ M₂ P D₁ Ṡ,S N₂ P G₂ Ṡ,False
puradahanapriya,PurAdahanapriyA,purAdahanapriyA,56,Shanmugapriyaa,S G2 M2 P D1 N2 S,S N2 P G2 R2 S,S G₂ M₂ P D₁ N₂ Ṡ,S N₂ P G₂ R₂ Ṡ,False
purashu,Purashu,purashu,56,Shanmugapriyaa,S R2 G2 P D1 N2 S,S N2 P M2 G2 R2 S,S R₂ G₂ P D₁ N₂ Ṡ,S N₂ P M₂ G₂ R₂ Ṡ,False
purpati,Purpati,purpati,56,Shanmugapriyaa,S G2 P N2 S,S N2 D1 P M2 G2 R2 S,S G₂ P N₂ Ṡ,S N₂ D₁ P M₂ G₂ R₂ Ṡ,False
pushal,PUshal,pUshal,56,Shanmugapriyaa,S R2 M2 P N2 S,S D1 P G2 S,S R₂ M₂ P N₂ Ṡ,S D₁ P G₂ Ṡ,False
pushudaipriya,PushudaipriyA,pushudaipriyA,56,Shanmugapriyaa,S G2 P D1 S,S N2 P M2 R2 S,S G₂ P D₁ Ṡ,S N₂ P M₂ R₂ Ṡ,False
puskarani,PuSkaraNi,puSkaraNi,56,Shanmugapriyaa,S G2 M2 P D1 N2 S,S N2 P M2 G2 R2 S,S G₂ M₂ P D₁ N₂ Ṡ,S N₂ P M₂ G₂ R₂ Ṡ,False
puspamani,PuSpamaNi,puSpamaNi,56,Shanmugapriyaa,S R2 G2 R2 M2 P D1 N2 S,S N2 P M2 G2 R2 S,S R₂ G₂ R₂ M₂ P D₁ N₂ Ṡ,S N₂ P M₂ G₂ R₂ Ṡ,False
putikam,PUtikam,pUtikam,56,Shanmugapriyaa,S G2 P N2 S,S D1 M2 R2 S,S G₂ P N₂ Ṡ,S D₁ M₂ R₂ Ṡ,False
putkarini,PuTkariNi,puTkariNi,56,Shanmugapriyaa,S G2 M2 P D1 N2 S,S N2 P M2 G2 R2 S,S G₂ M₂ P D₁ N₂ Ṡ,S N₂ P M₂ G₂ R₂ Ṡ,False
rajeshvari,RAjEshvari,rAjEshvari,56,Shanmugapriyaa,S R2 G2 P N2 S,S N2 D1 P M2 G2 S,S R₂ G₂ P N₂ Ṡ,S N₂ D₁ P M₂ G₂ Ṡ,False
samudrapriya,SamudrapriyA,samudrapriyA,56,Shanmugapriyaa,S G2 M2 P N2 S,S N2 P M2 G2 S,S G₂ M₂ P N₂ Ṡ,S N₂ P M₂ G₂ Ṡ,False
sanmukhapriya,SaNmukhapriyA,saNmukhapriyA,56,Shanmugapriyaa,S R2 G2 M2 P D1 N2 S,S N2 D1 P M2 G2 R2 S,S R₂ G₂ M₂ P D₁ N₂ Ṡ,S N₂ D₁ P M₂ G₂ R₂ Ṡ,False
sarangabhramari,SArangabhramari,sArangabhramari,56,Shanmugapriyaa,S M2 P D1 N2 D1 S,S N2 D1 P M2 G2 S,S M₂ P D₁ N₂ D₁ Ṡ,S N₂ D₁ P M₂ G₂ Ṡ,False
sendan,SEndan,sEndan,56,Shanmugapriyaa,S R2 M2 P D1 S,S D1 P M2 R2 S,S R₂ M₂ P D₁ Ṡ,S D₁ P M₂ R₂ Ṡ,False
shanmukhi,ShaNmukhi,shaNmukhi,56,Shanmugapriyaa,S R2 G2 M2 D1 N2 S,S N2 D1 M2 G2 R2 S,S R₂ G₂ M₂ D₁ N₂ Ṡ,S N₂ D₁ M₂ G₂ R₂ Ṡ,False
shendan,ShEndan,shEndan,56,Shanmugapriyaa,S R2 M2 P D1 S,S D1 P M2 R2 S,S R₂ M₂ P D₁ Ṡ,S D₁ P M₂ R₂ Ṡ,False
sheyyal,Sheyyal,sheyyal,56,Shanmugapriyaa,S R2 G2 M2 D1 S,S D1 M2 G2 R2 S,S R₂ G₂ M₂ D₁ Ṡ,S D₁ M₂ G₂ R₂ Ṡ,False
shikhari,Shikhari,shikhari,56,Shanmugapriyaa,S G2 R2 G2 M2 P D1 N2 D1 S,S N2 D1 M2 G2 R2 S,S G₂ R₂ G₂ M₂ P D₁ N₂ D₁ Ṡ,S N₂ D₁ M₂ G₂ R₂ Ṡ,False
shivai,Shivai,shivai,56,Shanmugapriyaa,S R2 G2 M2 P D1 S,S D1 P M2 G2 R2 S,S R₂ G₂ M₂ P D₁ Ṡ,S D₁ P M₂ G₂ R₂ Ṡ,False
shivapriya,ShivapriyA,shivapriyA,56,Shanmugapriyaa,S R2 G2 P N2 S,S N2 D1 P M2 G2 R2 S,S R₂ G₂ P N₂ Ṡ,S N₂ D₁ P M₂ G₂ R₂ Ṡ,False
shrikamalaveni,ShrIkamalavENi,shrIkamalavENi,56,Shanmugapriyaa,S R2 M2 P D1 N2 S,S N2 D1 P M2 R2 S,S R₂ M₂ P D₁ N₂ Ṡ,S N₂ D₁ P M₂ R₂ Ṡ,False
shrikarpakambikai,ShrIkarpakAmbikai,shrIkarpakAmbikai,56,Shanmugapriyaa,S R2 M2 P D1 N2 S,S N2 D1 P M2 G2 R2 S,S R₂ M₂ P D₁ N₂ Ṡ,S N₂ D₁ P M₂ G₂ R₂ Ṡ,False
shrimurti,ShrImUrti,shrImUrti,56,Shanmugapriyaa,S R2 G2 M2 P D1 N2 S,S N2 D1 P M2 G2 R2 S,S R₂ G₂ M₂ P D₁ N₂ Ṡ,S N₂ D₁ P M₂ G₂ R₂ Ṡ,False
shukakantam,ShukakAntam,shukakAntam,56,Shanmugapriyaa,S R2 M2 D1 N2 S,S N2 P M2 G2 R2 G2 S,S R₂ M₂ D₁ N₂ Ṡ,S N₂ P M₂ G₂ R₂ G₂ Ṡ,False
sikari,SikAri,sikAri,56,Shanmugapriyaa,S G2 R2 G2 M2 P D1 N2 D1 S,S N2 D1 M2 G2 R2 S,S G₂ R₂ G₂ M₂ P D₁ N₂ D₁ Ṡ,S N₂ D₁ M₂ G₂ R₂ Ṡ,False
singaramani,SingAramaNi,singAramaNi,56,Shanmugapriyaa,S R2 P M2 P D1 N2 S,S P D1 P M2 G2 R2 S,S R₂ P M₂ P D₁ N₂ Ṡ,S P D₁ P M₂ G₂ R₂ Ṡ,False
sumanishapriya,SumanIshapriyA,sumanIshapriyA,56,Shanmugapriyaa,S G2 M2 P N2 S,S N2 P M2 G2 S,S G₂ M₂ P N₂ Ṡ,S N₂ P M₂ G₂ Ṡ,False
sumanisharanjani,SumanIsharanjani,sumanIsharanjani,56,Shanmugapriyaa,S G2 M2 P N2 S,S N2 P M2 G2 S,S G₂ M₂ P N₂ Ṡ,S N₂ P M₂ G₂ Ṡ,False
svarakesari,SvarakEsari,svarakEsari,56,Shanmugapriyaa,S R2 G2 M2 P D1 N2 S,S D1 M2 G2 R2 S,S R₂ G₂ M₂ P D₁ N₂ Ṡ,S D₁ M₂ G₂ R₂ Ṡ,False
tirukkanatitan,TirukkaNAtItan,tirukkaNAtItan,56,Shanmugapriyaa,S R2 G2 P D1 S,S N2 P M2 G2 R2 S,S R₂ G₂ P D₁ Ṡ,S N₂ P M₂ G₂ R₂ Ṡ,False
tirumadandai,TirumaDandai,tirumaDandai,56,Shanmugapriyaa,S R2 G2 P S,S N2 D1 M2 G2 S,S R₂ G₂ P Ṡ,S N₂ D₁ M₂ G₂ Ṡ,False
tirumurti,TirumUrti,tirumUrti,56,Shanmugapriyaa,S R2 G2 M2 D1 N2 S,S N2 D1 M2 G2 R2 S,S R₂ G₂ M₂ D₁ N₂ Ṡ,S N₂ D₁ M₂ G₂ R₂ Ṡ,False
trishakti,Trishakti,trishakti,56,Shanmugapriyaa,S R2 G2 M2 D1 N2 S,S N2 D1 M2 G2 R2 S,S R₂ G₂ M₂ D₁ N₂ Ṡ,S N₂ D₁ M₂ G₂ R₂ Ṡ,False
vasugarbha,Vasugarbha,vasugarbha,56,Shanmugapriyaa,S R2 G2 M2 N2 S,S N2 M2 G2 R2 S,S R₂ G₂ M₂ N₂ Ṡ,S N₂ M₂ G₂ R₂ Ṡ,False
vasukari,Vasukari,vasukari,56,Shanmugapriyaa,S G2 M2 P D1 N2 S,S N2 D1 M2 G2 S,S G₂ M₂ P D₁ N₂ Ṡ,S N₂ D₁ M₂ G₂ Ṡ,False
vasukari,Vasukari,vasukari,56,Shanmugapriyaa,S R2 G2 M2 P D1 N2 S,S N2 D1 M2 G2 R2 S,S R₂ G₂ M₂ P D₁ N₂ Ṡ,S N₂ D₁ M₂ G₂ R₂ Ṡ,False
viragan,VIragan,vIragan,56,Shanmugapriyaa,S R2 G2 M2 D1 S,S D1 M2 G2 R2 S,S R₂ G₂ M₂ D₁ Ṡ,S D₁ M₂ G₂ R₂ Ṡ,False
virahan,VirAhan,virAhan,56,Shanmugapriyaa,S R2 G2 M2 D1 S,S D1 M2 G2 R2 S,S R₂ G₂ M₂ D₁ Ṡ,S D₁ M₂ G₂ R₂ Ṡ,False
sumadyuti,Sumadyuti,sumadyuti,57,SimhEndra,S R2 G2 M2 P D1 N3 S,S N3 D1 P M2 G2 R2 S,S R₂ G₂ M₂ P D₁ N₃ Ṡ,S N₃ D₁ P M₂ G₂ R₂ Ṡ,False
adivarali,AdivarALi,adivarALi,57,SimhEndra,S R2 M2 P D1 S,S N3 D1 P M2 R2 M2 G2 S,S R₂ M₂ P D₁ Ṡ,S N₃ D₁ P M₂ R₂ M₂ G₂ Ṡ,False
amrtavasanta,Amrtavasanta,amrtavasanta,57,SimhEndra,S R2 G2 P D1 N3 S,S N3 D1 M2 G2 S,S R₂ G₂ P D₁ N₃ Ṡ,S N₃ D₁ M₂ G₂ Ṡ,False
anandavalli,Anandavalli,Anandavalli,57,SimhEndra,S G2 M2 P N3 S,S N3 P M2 G2 S,S G₂ M₂ P N₃ Ṡ,S N₃ P M₂ G₂ Ṡ,False
arunakriya,AruNakriya,aruNakriya,57,SimhEndra,S R2 M2 P N3 S,S N3 D1 P M2 G2 R2 S,S R₂ M₂ P N₃ Ṡ,S N₃ D₁ P M₂ G₂ R₂ Ṡ,False
bhramarahamsi,Bhramarahamsi,bhramarahamsi,57,SimhEndra,S R2 G2 M2 P N3 S,S N3 D1 P M2 G2 S,S R₂ G₂ M₂ P N₃ Ṡ,S N₃ D₁ P M₂ G₂ Ṡ,False
bhramarahamsini,Bhramarahamsini,bhramarahamsini,57,SimhEndra,S R2 G2 M2 P N3 S,S N3 P M2 G2 R2 S,S R₂ G₂ M₂ P N₃ Ṡ,S N₃ P M₂ G₂ R₂ Ṡ,False
bhramarakokila,BhramarakOkila,bhramarakOkila,57,SimhEndra,S R2 M2 P N3 D1 N3 S,S N3 D1 P M2 R2 S,S R₂ M₂ P N₃ D₁ N₃ Ṡ,S N₃ D₁ P M₂ R₂ Ṡ,False
bhramarasukhi,Bhramarasukhi,bhramarasukhi,57,SimhEndra,S R2 G2 M2 P D1 N3 S,S D1 P M2 G2 R2 S,S R₂ G₂ M₂ P D₁ N₃ Ṡ,S D₁ P M₂ G₂ R₂ Ṡ,False
bhumin,BhUmin,bhUmin,57,SimhEndra,S R2 G2 M2 P D1 N3 S,S N3 P M2 G2 R2 S,S R₂ G₂ M₂ P D₁ N₃ Ṡ,S N₃ P M₂ G₂ R₂ Ṡ,False
calana,Calana,calana,57,SimhEndra,S G2 R2 G2 M2 N3 D1 M2 P D1 N3 S,S N3 D1 P M2 G2 R2 S,S G₂ R₂ G₂ M₂ N₃ D₁ M₂ P D₁ N₃ Ṡ,S N₃ D₁ P M₂ G₂ R₂ Ṡ,False
dhavalihamsi,DhavaLihamsi,dhavaLihamsi,57,SimhEndra,S R2 M2 P D1 S,S N3 D1 P M2 G2 R2 S,S R₂ M₂ P D₁ Ṡ,S N₃ D₁ P M₂ G₂ R₂ Ṡ,False
dhavalihamsini,DhavaLihamsinI,dhavaLihamsinI,57,SimhEndra,S R2 M2 P D1 S,S N3 D1 P M2 G2 R2 S,S R₂ M₂ P D₁ Ṡ,S N₃ D₁ P M₂ G₂ R₂ Ṡ,False
ghantanadini,GhaNTanAdini,ghaNTanAdini,57,SimhEndra,S R2 G2 M2 D1 N3 S,S N3 D1 M2 G2 R2 S,S R₂ G₂ M₂ D₁ N₃ Ṡ,S N₃ D₁ M₂ G₂ R₂ Ṡ,False
ghantanam,GhaNTANam,ghaNTANam,57,SimhEndra,S R2 G2 M2 D1 N3 S,S N3 D1 M2 G2 R2 S,S R₂ G₂ M₂ D₁ N₃ Ṡ,S N₃ D₁ M₂ G₂ R₂ Ṡ,False
ghantanam,GhaNTANam,ghaNTANam,57,SimhEndra,S R2 G2 M2 P D1 N3 S,S N3 D1 M2 G2 R2 S,S R₂ G₂ M₂ P D₁ N₃ Ṡ,S N₃ D₁ M₂ G₂ R₂ Ṡ,False
ghantanam,GhaNTANam,ghaNTANam,57,SimhEndra,S R2 G2 M2 P D1 N3 S,S N3 D1 P M2 R2 S,S R₂ G₂ M₂ P D₁ N₃ Ṡ,S N₃ D₁ P M₂ R₂ Ṡ,False
ghosavani,GhOSavANI,ghOSavANI,57,SimhEndra,S R2 G2 M2 P D1 N3 S,S N3 D1 M2 G2 R2 S,S R₂ G₂ M₂ P D₁ N₃ Ṡ,S N₃ D₁ M₂ G₂ R₂ Ṡ,False
ghospani,GhOSpANI,ghOSpANI,57,SimhEndra,S R2 G2 M2 P D1 N3 S,S N3 D1 M2 G2 R2 S,S R₂ G₂ M₂ P D₁ N₃ Ṡ,S N₃ D₁ M₂ G₂ R₂ Ṡ,False
gobhinam,GObhinam,gObhinam,57,SimhEndra,S R2 G2 M2 D1 N3 S,S N3 D1 M2 G2 R2 S,S R₂ G₂ M₂ D₁ N₃ Ṡ,S N₃ D₁ M₂ G₂ R₂ Ṡ,False
gottani,GoTTani,goTTani,57,SimhEndra,S R2 G2 M2 D1 N3 S,S N3 D1 M2 G2 R2 S,S R₂ G₂ M₂ D₁ N₃ Ṡ,S N₃ D₁ M₂ G₂ R₂ Ṡ,False
gottani,GoTTani,goTTani,57,SimhEndra,S R2 G2 M2 P D1 N3 S,S N3 D1 M2 G2 R2 S,S R₂ G₂ M₂ P D₁ N₃ Ṡ,S N₃ D₁ M₂ G₂ R₂ Ṡ,False
gottani,GoTTani,goTTani,57,SimhEndra,S R2 G2 M2 P D1 N3 S,S N3 D1 M2 P D1 M2 G2 R2 S,S R₂ G₂ M₂ P D₁ N₃ Ṡ,S N₃ D₁ M₂ P D₁ M₂ G₂ R₂ Ṡ,False
govardhani,GOvardhani,gOvardhani,57,SimhEndra,S R2 G2 P D1 N3 S,S N3 P D1 P M2 G2 R2 S,S R₂ G₂ P D₁ N₃ Ṡ,S N₃ P D₁ P M₂ G₂ R₂ Ṡ,False
jayacudamani,JayacUDAmaNI,jayacUDAmaNI,57,SimhEndra,S G2 M2 P D1 S,S N3 D1 P M2 G2 R2 S,S G₂ M₂ P D₁ Ṡ,S N₃ D₁ P M₂ G₂ R₂ Ṡ,False
jayasaranga,JayasAranga,jayasAranga,57,SimhEndra,S R2 G2 M2 P M2 D1 N3 S,S N3 D1 M2 P D1 M2 G2 R2 S,S R₂ G₂ M₂ P M₂ D₁ N₃ Ṡ,S N₃ D₁ M₂ P D₁ M₂ G₂ R₂ Ṡ,False
kottani,KoTTani,koTTani,57,SimhEndra,S R2 G2 M2 D1 N3 S,S N3 D1 M2 G2 R2 S,S R₂ G₂ M₂ D₁ N₃ Ṡ,S N₃ D₁ M₂ G₂ R₂ Ṡ,False
kottani,KoTTani,koTTani,57,SimhEndra,S R2 G2 M2 P D1 N3 S,S N3 D1 G2 R2 S,S R₂ G₂ M₂ P D₁ N₃ Ṡ,S N₃ D₁ G₂ R₂ Ṡ,False
kottani,KoTTani,koTTani,57,SimhEndra,S R2 G2 M2 P D1 N3 S,S N3 D1 M2 G2 R2 S,S R₂ G₂ M₂ P D₁ N₃ Ṡ,S N₃ D₁ M₂ G₂ R₂ Ṡ,False
madhavamanohari,MAdhavamanOhari,mAdhavamanOhari,57,SimhEndra,S G2 R2 G2 M2 P N3 D1 N3 S,S N3 D1 M2 G2 M2 G2 S,S G₂ R₂ G₂ M₂ P N₃ D₁ N₃ Ṡ,S N₃ D₁ M₂ G₂ M₂ G₂ Ṡ,False
madhavamanohari,MAdhavamanOhari,mAdhavamanOhari,57,SimhEndra,S G2 R2 G2 M2 P N3 D1 N3 S,S N3 D1 M2 G2 M2 R2 S,S G₂ R₂ G₂ M₂ P N₃ D₁ N₃ Ṡ,S N₃ D₁ M₂ G₂ M₂ R₂ Ṡ,False
madhavamanohari,MAdhavamanOhari,mAdhavamanOhari,57,SimhEndra,S G2 R2 G2 M2 P N3 D1 N3 S,S N3 D1 M2 G2 R2 S,S G₂ R₂ G₂ M₂ P N₃ D₁ N₃ Ṡ,S N₃ D₁ M₂ G₂ R₂ Ṡ,False
madhavamanohari,MAdhavamanOhari,mAdhavamanOhari,57,SimhEndra,S G2 R2 G2 M2 P N3 D1 N3 S,S N3 D1 P M2 G2 R2 S,S G₂ R₂ G₂ M₂ P N₃ D₁ N₃ Ṡ,S N₃ D₁ P M₂ G₂ R₂ Ṡ,False
madhavamanohari,MAdhavamanOhari,mAdhavamanOhari,57,SimhEndra,S R2 G2 M2 P N3 D1 N3 S,S N3 D1 M2 G2 P G2 R2 S,S R₂ G₂ M₂ P N₃ D₁ N₃ Ṡ,S N₃ D₁ M₂ G₂ P G₂ R₂ Ṡ,False
makarayukam,Makarayukam,makarayukam,57,SimhEndra,S R2 G2 M2 P D1 S,S N3 P M2 G2 R2 S,S R₂ G₂ M₂ P D₁ Ṡ,S N₃ P M₂ G₂ R₂ Ṡ,False
malavagandhari,MALavagAndhAri,mALavagAndhAri,57,SimhEndra,S R2 M2 P D1 N3 S,S D1 P M2 R2 G2 M2 P G2 R2 S,S R₂ M₂ P D₁ N₃ Ṡ,S D₁ P M₂ R₂ G₂ M₂ P G₂ R₂ Ṡ,False
marajayanti,MArajayanti,mArajayanti,57,SimhEndra,S R2 M2 P D1 N3 S,S N3 D1 P M2 G2 R2 S,S R₂ M₂ P D₁ N₃ Ṡ,S N₃ D₁ P M₂ G₂ R₂ Ṡ,False
nagakalyani,NAgakalyANi,nAgakalyANi,57,SimhEndra,S G2 M2 P N3 S,S N3 D1 P M2 G2 R2 S,S G₂ M₂ P N₃ Ṡ,S N₃ D₁ P M₂ G₂ R₂ Ṡ,False
nigvanivasantam,Nigvanivasantam,nigvanivasantam,57,SimhEndra,S R2 G2 P D1 S,S N3 D1 P M2 G2 R2 S,S R₂ G₂ P D₁ Ṡ,S N₃ D₁ P M₂ G₂ R₂ Ṡ,False
nirvanavasantam,NirvANavasantam,nirvANavasantam,57,SimhEndra,S R2 G2 P D1 S,S N3 D1 P M2 G2 R2 S,S R₂ G₂ P D₁ Ṡ,S N₃ D₁ P M₂ G₂ R₂ Ṡ,False
padmamukhi,Padmamukhi,padmamukhi,57,SimhEndra,S R2 G2 M2 D1 N3 S,S D1 P M2 G2 S,S R₂ G₂ M₂ D₁ N₃ Ṡ,S D₁ P M₂ G₂ Ṡ,False
painjjnivi,PainjjNivi,painjjNivi,57,SimhEndra,S R2 G2 M2 P D1 N3 S,S D1 P G2 R2 S,S R₂ G₂ M₂ P D₁ N₃ Ṡ,S D₁ P G₂ R₂ Ṡ,False
pinjakan,Pinjakan,pinjakan,57,SimhEndra,S R2 M2 P N3 S,S N3 P M2 R2 S,S R₂ M₂ P N₃ Ṡ,S N₃ P M₂ R₂ Ṡ,False
podiyamuni,Podiyamuni,podiyamuni,57,SimhEndra,S R2 G2 M2 P D1 N3 S,S N3 P M2 G2 S,S R₂ G₂ M₂ P D₁ N₃ Ṡ,S N₃ P M₂ G₂ Ṡ,False
porugu,Porugu,porugu,57,SimhEndra,S R2 G2 P N3 S,S N3 D1 P M2 G2 R2 S,S R₂ G₂ P N₃ Ṡ,S N₃ D₁ P M₂ G₂ R₂ Ṡ,False
pranavapriya,PraNavapriyA,praNavapriyA,57,SimhEndra,S R2 M2 P N3 S,S N3 P M2 G2 R2 S,S R₂ M₂ P N₃ Ṡ,S N₃ P M₂ G₂ R₂ Ṡ,False
pranavapriya,PraNavapriyA,praNavapriyA,57,SimhEndra,S R2 M2 P N3 S,S N3 P P M2 G2 R2 S,S R₂ M₂ P N₃ Ṡ,S N₃ P P M₂ G₂ R₂ Ṡ,False
pulatti,PUlatti,pUlatti,57,SimhEndra,S G2 M2 P D1 N3 S,S N3 D1 P M2 G2 R2 S,S G₂ M₂ P D₁ N₃ Ṡ,S N₃ D₁ P M₂ G₂ R₂ Ṡ,False
punitan,Punitan,punitan,57,SimhEndra,S R2 M2 P N3 S,S N3 D1 P M2 G2 S,S R₂ M₂ P N₃ Ṡ,S N₃ D₁ P M₂ G₂ Ṡ,False
purai,PUrai,pUrai,57,SimhEndra,S R2 G2 M2 P N3 S,S N3 D1 P M2 G2 R2 S,S R₂ G₂ M₂ P N₃ Ṡ,S N₃ D₁ P M₂ G₂ R₂ Ṡ,False
puvanam,PUvaNam,pUvaNam,57,SimhEndra,S R2 G2 P D1 N3 S,S N3 D1 P M2 G2 R2 S,S R₂ G₂ P D₁ N₃ Ṡ,S N₃ D₁ P M₂ G₂ R₂ Ṡ,False
ravipriya,RavipriyA,ravipriyA,57,SimhEndra,S R2 G2 M2 N3 S,S N3 M2 G2 R2 S,S R₂ G₂ M₂ N₃ Ṡ,S N₃ M₂ G₂ R₂ Ṡ,False
riticandrika,RIticandrikA,rIticandrikA,57,SimhEndra,S R2 M2 P N3 D1 N3 S,S N3 D1 P M2 G2 R2 S,S R₂ M₂ P N₃ D₁ N₃ Ṡ,S N₃ D₁ P M₂ G₂ R₂ Ṡ,False
saiciri,Saiciri,saiciri,57,SimhEndra,S G2 P D1 S,S N3 D1 P M2 G2 R2 S,S G₂ P D₁ Ṡ,S N₃ D₁ P M₂ G₂ R₂ Ṡ,False
sarvangi,SarvAngi,sarvAngi,57,SimhEndra,S R2 M1 D1 N3 S,S N3 D1 M1 G3 S R2 S,S R₂ M₁ D₁ N₃ Ṡ,S N₃ D₁ M₁ G₃ Ṡ R₂ Ṡ,False
sarvangi,SarvAngi,sarvAngi,57,SimhEndra,S R2 M2 D1 N3 S,S N3 D1 M2 G2 S,S R₂ M₂ D₁ N₃ Ṡ,S N₃ D₁ M₂ G₂ Ṡ,False
sarvangi,SarvAngi,sarvAngi,57,SimhEndra,S R2 M2 P D1 N3 S,S N3 D1 M2 G2 S,S R₂ M₂ P D₁ N₃ Ṡ,S N₃ D₁ M₂ G₂ Ṡ,False
sarvangi,SarvAngi,sarvAngi,57,SimhEndra,S R2 M2 P N3 S,S N3 D1 M2 G2 R2 S,S R₂ M₂ P N₃ Ṡ,S N₃ D₁ M₂ G₂ R₂ Ṡ,False
sarvangi,SarvAngi,sarvAngi,57,SimhEndra,S R2 M2 P N3 S,S N3 D1 M2 G2 S,S R₂ M₂ P N₃ Ṡ,S N₃ D₁ M₂ G₂ Ṡ,False
sarvangi,SarvAngi,sarvAngi,57,SimhEndra,S R2 P D1 N3 S,S N3 D1 M2 G2 S,S R₂ P D₁ N₃ Ṡ,S N₃ D₁ M₂ G₂ Ṡ,False
saudhamini,SaudhAmini,saudhAmini,57,SimhEndra,S G2 M2 P N3 S,S N3 P M2 G2 S,S G₂ M₂ P N₃ Ṡ,S N₃ P M₂ G₂ Ṡ,False
shesanadam,ShESanAdam,shESanAdam,57,SimhEndra,S R2 G2 M2 P D1 N3 S,S N3 D1 P M2 G2 R2 S,S R₂ G₂ M₂ P D₁ N₃ Ṡ,S N₃ D₁ P M₂ G₂ R₂ Ṡ,False
shesanadam,ShESanAdam,shESanAdam,57,SimhEndra,S R2 G2 M2 P D1 S,S N3 D1 P M2 G2 R2 S,S R₂ G₂ M₂ P D₁ Ṡ,S N₃ D₁ P M₂ G₂ R₂ Ṡ,False
shridhavalahamsi,ShrIdhavaLahamsi,shrIdhavaLahamsi,57,SimhEndra,S R2 M2 P D1 S,S N3 D1 P M2 G2 R2 S,S R₂ M₂ P D₁ Ṡ,S N₃ D₁ P M₂ G₂ R₂ Ṡ,False
shrimadhavamanohari,ShrImAdhavamanOhari,shrImAdhavamanOhari,57,SimhEndra,S G2 R2 G2 M2 P N3 D1 N3 S,S N3 D1 M2 G2 R2 S,S G₂ R₂ G₂ M₂ P N₃ D₁ N₃ Ṡ,S N₃ D₁ M₂ G₂ R₂ Ṡ,False
shuddha,Shuddha,shuddha,57,SimhEndra,S R2 G2 M2 P N3 S,S N3 P M2 G2 R2 G2 S,S R₂ G₂ M₂ P N₃ Ṡ,S N₃ P M₂ G₂ R₂ G₂ Ṡ,False
shuddha,Shuddha,shuddha,57,SimhEndra,S R2 G2 M2 P N3 S,S N3 P M2 G2 R2 S,S R₂ G₂ M₂ P N₃ Ṡ,S N₃ P M₂ G₂ R₂ Ṡ,False
shuddha,Shuddha,shuddha,57,SimhEndra,S R2 G2 M2 P N3 S,S N3 P M2 G2 S R2 S,S R₂ G₂ M₂ P N₃ Ṡ,S N₃ P M₂ G₂ Ṡ R₂ Ṡ,False
shuddha,Shuddha,shuddha,57,SimhEndra,S R2 G2 M2 P N3 S,S N3 P M2 G2 S,S R₂ G₂ M₂ P N₃ Ṡ,S N₃ P M₂ G₂ Ṡ,False
simanti,SImanti,sImanti,57,SimhEndra,S R2 G2 M2 P D1 N3 S,S P M2 G2 R2 S,S R₂ G₂ M₂ P D₁ N₃ Ṡ,S P M₂ G₂ R₂ Ṡ,False
simantini,SImantini,sImantini,57,SimhEndra,S R2 G2 M2 P D1 N3 S,S N3 D1 P M2 G2 R2 S,S R₂ G₂ M₂ P D₁ N₃ Ṡ,S N₃ D₁ P M₂ G₂ R₂ Ṡ,False
simantini,SImantini,sImantini,57,SimhEndra,S R2 G2 M2 P D1 N3 S,S N3 P M2 G2 R2 G2 R2 S,S R₂ G₂ M₂ P D₁ N₃ Ṡ,S N₃ P M₂ G₂ R₂ G₂ R₂ Ṡ,False
simantini,SImantini,sImantini,57,SimhEndra,S R2 G2 M2 P D1 N3 S,S P M2 G2 R2 G2 R2 S,S R₂ G₂ M₂ P D₁ N₃ Ṡ,S P M₂ G₂ R₂ G₂ R₂ Ṡ,False
simantini,SImantini,sImantini,57,SimhEndra,S R2 G2 M2 P D1 N3 S,S P M2 G2 R2 S,S R₂ G₂ M₂ P D₁ N₃ Ṡ,S P M₂ G₂ R₂ Ṡ,False
simantini,SImantini,sImantini,57,SimhEndra,S R2 G2 M2 P D1 N3 S,S P M2 P R2 G2 R2 S,S R₂ G₂ M₂ P D₁ N₃ Ṡ,S P M₂ P R₂ G₂ R₂ Ṡ,False
simhendramadhyam,SimhEndramadhyam,simhEndramadhyam,57,SimhEndra,S R2 G2 M2 P D1 N3 S,S N3 D1 P M2 G2 R2 S,S R₂ G₂ M₂ P D₁ N₃ Ṡ,S N₃ D₁ P M₂ G₂ R₂ Ṡ,False
somanthan,SOmanThan,sOmanThan,57,SimhEndra,S R2 M2 D1 N3 S,S N3 P M2 G2 R2 S,S R₂ M₂ D₁ N₃ Ṡ,S N₃ P M₂ G₂ R₂ Ṡ,False
suksmasvarupi,SUkSmasvarUpi,sUkSmasvarUpi,57,SimhEndra,S G2 R2 G2 M2 P N3 S,S N3 D1 M2 G2 R2 S,S G₂ R₂ G₂ M₂ P N₃ Ṡ,S N₃ D₁ M₂ G₂ R₂ Ṡ,False
sumadyuti,Sumadyuti,sumadyuti,57,SimhEndra,S R2 G2 M2 P D1 N3 D1 S,S N3 D1 P M2 G2 R2 S,S R₂ G₂ M₂ P D₁ N₃ D₁ Ṡ,S N₃ D₁ P M₂ G₂ R₂ Ṡ,False
sunadapriya,SunAdapriyA,sunAdapriyA,57,SimhEndra,S R2 G2 M2 P S,S N3 D1 P M2 G2 R2 S,S R₂ G₂ M₂ P Ṡ,S N₃ D₁ P M₂ G₂ R₂ Ṡ,False
sunandanapriya,SunandanapriyA,sunandanapriyA,57,SimhEndra,S R2 G2 M2 P S,S N3 D1 P M2 G2 R2 S,S R₂ G₂ M₂ P Ṡ,S N₃ D₁ P M₂ G₂ R₂ Ṡ,False
tintrini,Tintrini,tintrini,57,SimhEndra,S G2 M2 D1 N3 S,S N3 D1 M2 G2 S,S G₂ M₂ D₁ N₃ Ṡ,S N₃ D₁ M₂ G₂ Ṡ,False
tirumurugan,Tirumurugan,tirumurugan,57,SimhEndra,S R2 G2 P N3 S,S N3 P M2 G2 R2 S,S R₂ G₂ P N₃ Ṡ,S N₃ P M₂ G₂ R₂ Ṡ,False
titta,TiTTa,tiTTa,57,SimhEndra,S G2 M2 D1 N3 S,S N3 D1 M2 G2 S,S G₂ M₂ D₁ N₃ Ṡ,S N₃ D₁ M₂ G₂ Ṡ,False
urmika,UrmikA,UrmikA,57,SimhEndra,S R2 G2 M2 P N3 S,S N3 P M2 G2 R2 S,S R₂ G₂ M₂ P N₃ Ṡ,S N₃ P M₂ G₂ R₂ Ṡ,False
urmika,UrmikA,UrmikA,57,SimhEndra,S R2 G2 M2 P N3 S,S N3 P M2 G2 S R2 S,S R₂ G₂ M₂ P N₃ Ṡ,S N₃ P M₂ G₂ Ṡ R₂ Ṡ,False
vadaniyan,VadAniyan,vadAniyan,57,SimhEndra,S G2 P D1 S,S N3 P M2 G2 R2 S,S G₂ P D₁ Ṡ,S N₃ P M₂ G₂ R₂ Ṡ,False
vadari,Vadari,vadari,57,SimhEndra,S R2 G2 M2 P N3 S,S D1 P G2 S,S R₂ G₂ M₂ P N₃ Ṡ,S D₁ P G₂ Ṡ,False
vadavai,VaDavai,vaDavai,57,SimhEndra,S G2 P N3 S,S N3 D1 P M2 G2 R2 S,S G₂ P N₃ Ṡ,S N₃ D₁ P M₂ G₂ R₂ Ṡ,False
vainateyan,VainatEyan,vainatEyan,57,SimhEndra,S G2 M2 P S,S N3 D1 P M2 R2 S,S G₂ M₂ P Ṡ,S N₃ D₁ P M₂ R₂ Ṡ,False
vajrangam,VajrAngam,vajrAngam,57,SimhEndra,S R2 G2 M2 P D1 N3 S,S D1 P G2 S,S R₂ G₂ M₂ P D₁ N₃ Ṡ,S D₁ P G₂ Ṡ,False
vajratan,Vajratan,vajratan,57,SimhEndra,S R2 G2 M2 P D1 N3 S,S N3 P G2 S,S R₂ G₂ M₂ P D₁ N₃ Ṡ,S N₃ P G₂ Ṡ,False
vakulabharanar,VakuLAbharaNar,vakuLAbharaNar,57,SimhEndra,S R2 G2 P D1 S,S N3 P M2 G2 R2 S,S R₂ G₂ P D₁ Ṡ,S N₃ P M₂ G₂ R₂ Ṡ,False
vanagandhi,VANagandhi,vANagandhi,57,SimhEndra,S R2 M2 D1 S,S N3 P G2 S,S R₂ M₂ D₁ Ṡ,S N₃ P G₂ Ṡ,False
vanan,VANan,vANan,57,SimhEndra,S G2 P D1 S,S N3 M2 R2 S,S G₂ P D₁ Ṡ,S N₃ M₂ R₂ Ṡ,False
vandanam,VaNDAnam,vaNDAnam,57,SimhEndra,S R2 G2 M2 P D1 S,S N3 P G2 S,S R₂ G₂ M₂ P D₁ Ṡ,S N₃ P G₂ Ṡ,False
vanga,VangA,vangA,57,SimhEndra,S G2 M2 P D1 S,S N3 P M2 G2 R2 S,S G₂ M₂ P D₁ Ṡ,S N₃ P M₂ G₂ R₂ Ṡ,False
varagi,VarAgi,varAgi,57,SimhEndra,S R2 M2 P D1 S,S N3 P G2 S,S R₂ M₂ P D₁ Ṡ,S N₃ P G₂ Ṡ,False
varkkari,Varkkari,varkkari,57,SimhEndra,S G2 P D1 S,S N3 P M2 R2 S,S G₂ P D₁ Ṡ,S N₃ P M₂ R₂ Ṡ,False
vashi,Vashi,vashi,57,SimhEndra,S G2 M2 P N3 S,S D1 P M2 G2 R2 S,S G₂ M₂ P N₃ Ṡ,S D₁ P M₂ G₂ R₂ Ṡ,False
vashikan,VAshikan,vAshikan,57,SimhEndra,S G2 M2 P S,S N3 D1 M2 R2 S,S G₂ M₂ P Ṡ,S N₃ D₁ M₂ R₂ Ṡ,False
vasudai,Vasudai,vasudai,57,SimhEndra,S R2 G2 P N3 S,S D1 P M2 G2 S,S R₂ G₂ P N₃ Ṡ,S D₁ P M₂ G₂ Ṡ,False
vattanabhi,VattanAbhi,vattanAbhi,57,SimhEndra,S G2 P N3 S,S D1 P M2 R2 S,S G₂ P N₃ Ṡ,S D₁ P M₂ R₂ Ṡ,False
vayalai,VayaLai,vayaLai,57,SimhEndra,S G2 P N3 S,S D1 P M2 G2 R2 S,S G₂ P N₃ Ṡ,S D₁ P M₂ G₂ R₂ Ṡ,False
vayanam,VayAnam,vayAnam,57,SimhEndra,S R2 M2 P S,S N3 D1 P M2 G2 S,S R₂ M₂ P Ṡ,S N₃ D₁ P M₂ G₂ Ṡ,False
vazhuvai,Vazhuvai,vazhuvai,57,SimhEndra,S R2 M2 P N3 S,S D1 P G2 S,S R₂ M₂ P N₃ Ṡ,S D₁ P G₂ Ṡ,False
vijayasarasvati,Vijayasarasvati,vijayasarasvati,57,SimhEndra,S G2 M2 P D1 N3 S,S N3 P M2 G2 R2 S,S G₂ M₂ P D₁ N₃ Ṡ,S N₃ P M₂ G₂ R₂ Ṡ,False
yautakam,Yautakam,yautakam,57,SimhEndra,S R2 G2 M2 P D1 S,S N3 P G2 R2 S,S R₂ G₂ M₂ P D₁ Ṡ,S N₃ P G₂ R₂ Ṡ,False
deshisimhaaravam,DEshisimhaaravam,dEshisimhaaravam,58,HEmaavati,S R2 G2 M2 P D2 N2 S,S N2 D2 P M2 G2 R2 S,S R₂ G₂ M₂ P D₂ N₂ Ṡ,S N₂ D₂ P M₂ G₂ R₂ Ṡ,False
anakan,Anakan,anakan,58,HEmaavati,S R2 G2 M2 N2 S,S N2 D2 P M2 G2 R2 S,S R₂ G₂ M₂ N₂ Ṡ,S N₂ D₂ P M₂ G₂ R₂ Ṡ,False
atan,Atan,atan,58,HEmaavati,S R2 G2 M2 P S,S N2 D2 P M2 G2 R2 S,S R₂ G₂ M₂ P Ṡ,S N₂ D₂ P M₂ G₂ R₂ Ṡ,False
bhramaravuttari,Bhramaravuttari,bhramaravuttari,58,HEmaavati,S R2 G2 M2 P D2 N2 S,S D2 P M2 R2 S,S R₂ G₂ M₂ P D₂ N₂ Ṡ,S D₂ P M₂ R₂ Ṡ,False
bhramarottari,BhramarOttari,bhramarOttari,58,HEmaavati,S R2 G2 M2 P D2 N2 S,S D2 P M2 R2 S,S R₂ G₂ M₂ P D₂ N₂ Ṡ,S D₂ P M₂ R₂ Ṡ,False
bhuktipriya,BhuktipriyA,bhuktipriyA,58,HEmaavati,S R2 M2 P N2 S,S N2 D2 P M2 G2 R2 S,S R₂ M₂ P N₂ Ṡ,S N₂ D₂ P M₂ G₂ R₂ Ṡ,False
cakoradhvani,CakOradhvani,cakOradhvani,58,HEmaavati,S R2 G2 M2 P D2 N2 S,S N2 M2 G2 R2 S,S R₂ G₂ M₂ P D₂ N₂ Ṡ,S N₂ M₂ G₂ R₂ Ṡ,False
candrarekha,CandrarEkhA,candrarEkhA,58,HEmaavati,S R2 G2 M2 P D2 N2 S,S N2 D2 P M2 G2 R2 S,S R₂ G₂ M₂ P D₂ N₂ Ṡ,S N₂ D₂ P M₂ G₂ R₂ Ṡ,False
candrarekha,CandrarEkhA,candrarEkhA,58,HEmaavati,S R2 G2 M2 P D2 S,S N2 M2 G2 R2 S,S R₂ G₂ M₂ P D₂ Ṡ,S N₂ M₂ G₂ R₂ Ṡ,False
candrarekha,CandrarEkhA,candrarEkhA,58,HEmaavati,S R2 G2 P D2 M2 P D2 S,S N2 D2 M2 G2 R2 S,S R₂ G₂ P D₂ M₂ P D₂ Ṡ,S N₂ D₂ M₂ G₂ R₂ Ṡ,False
deshashri,DEshashrI,dEshashrI,58,HEmaavati,S R2 G2 M2 D2 N2 D2 S,S N2 D2 M2 G2 R2 S,S R₂ G₂ M₂ D₂ N₂ D₂ Ṡ,S N₂ D₂ M₂ G₂ R₂ Ṡ,False
deshisimharava,DEshisimhArava,dEshisimhArava,58,HEmaavati,S R2 G2 M2 P D2 N2 S,S N2 D2 P M2 G2 R2 S,S R₂ G₂ M₂ P D₂ N₂ Ṡ,S N₂ D₂ P M₂ G₂ R₂ Ṡ,False
devakanta,DEvakAnta,dEvakAnta,58,HEmaavati,S G2 M2 P D2 P N2 S,S D2 P M2 R2 S,S G₂ M₂ P D₂ P N₂ Ṡ,S D₂ P M₂ R₂ Ṡ,False
dinarneya,DInarNEya,dInarNEya,58,HEmaavati,S R2 G2 M2 P S,S D2 P M2 G2 R2 S,S R₂ G₂ M₂ P Ṡ,S D₂ P M₂ G₂ R₂ Ṡ,False
dinarneya,DInarNEya,dInarNEya,58,HEmaavati,S R2 G2 P N2 S,S D2 P M2 G2 R2 S,S R₂ G₂ P N₂ Ṡ,S D₂ P M₂ G₂ R₂ Ṡ,False
divyasena,DivyasEna,divyasEna,58,HEmaavati,S R2 G2 M2 P D2 N2 S,S N2 D2 M2 G2 R2 M2 G2 S,S R₂ G₂ M₂ P D₂ N₂ Ṡ,S N₂ D₂ M₂ G₂ R₂ M₂ G₂ Ṡ,False
haimambari,HaimAmbari,haimAmbari,58,HEmaavati,S R2 G2 M2 P D2 N2 S,S P M2 G2 R2 S,S R₂ G₂ M₂ P D₂ N₂ Ṡ,S P M₂ G₂ R₂ Ṡ,False
hamsabhramari,Hamsabhramari,hamsabhramari,58,HEmaavati,S R2 G2 M2 P D2 S,S N2 D2 P M2 G2 R2 S,S R₂ G₂ M₂ P D₂ Ṡ,S N₂ D₂ P M₂ G₂ R₂ Ṡ,False
hemambari,HEmAmbari,hEmAmbari,58,HEmaavati,S R2 G2 M2 P D2 N2 S,S D2 P M2 G2 R2 S,S R₂ G₂ M₂ P D₂ N₂ Ṡ,S D₂ P M₂ G₂ R₂ Ṡ,False
hemanadini,HEmanadini,hEmanadini,58,HEmaavati,S R2 G2 M2 D2 S,S N2 D2 P M2 G2 R2 S,S R₂ G₂ M₂ D₂ Ṡ,S N₂ D₂ P M₂ G₂ R₂ Ṡ,False
hemapriya,HEmapriyA,hEmapriyA,58,HEmaavati,S R2 G2 M2 D2 S,S D2 M2 G2 R2 S,S R₂ G₂ M₂ D₂ Ṡ,S D₂ M₂ G₂ R₂ Ṡ,False
hemavahini,HEmavAhini,hEmavAhini,58,HEmaavati,S R2 P M2 P D2 N2 S,S P M2 G2 R2 S,S R₂ P M₂ P D₂ N₂ Ṡ,S P M₂ G₂ R₂ Ṡ,False
hemavati,HEmavati,hEmavati,58,HEmaavati,S R2 G2 M2 P D2 N2 S,S N2 D2 P M2 G2 R2 S,S R₂ G₂ M₂ P D₂ N₂ Ṡ,S N₂ D₂ P M₂ G₂ R₂ Ṡ,False
jnanalola,JnAnalOla,jnAnalOla,58,HEmaavati,S R2 G2 P D2 S,S N2 P M2 G2 R2 S,S R₂ G₂ P D₂ Ṡ,S N₂ P M₂ G₂ R₂ Ṡ,False
kaivasi,Kaivasi,kaivasi,58,HEmaavati,S R2 G2 M2 P D2 N2 S,S N2 P M2 G2 R2 S,S R₂ G₂ M₂ P D₂ N₂ Ṡ,S N₂ P M₂ G₂ R₂ Ṡ,False
kanakabhusavali,KanakabhUSAvaLi,kanakabhUSAvaLi,58,HEmaavati,S G2 M2 P D2 N2 S,S N2 P M2 G2 R2 S,S G₂ M₂ P D₂ N₂ Ṡ,S N₂ P M₂ G₂ R₂ Ṡ,False
kancanavati,KAncanavati,kAncanavati,58,HEmaavati,S R2 G2 M2 D2 N2 S,S N2 D2 M2 G2 R2 S,S R₂ G₂ M₂ D₂ N₂ Ṡ,S N₂ D₂ M₂ G₂ R₂ Ṡ,False
kesaravalokam,KEsaravalOkam,kEsaravalOkam,58,HEmaavati,S R2 M2 P D2 S,S N2 D2 P M2 G2 R2 S,S R₂ M₂ P D₂ Ṡ,S N₂ D₂ P M₂ G₂ R₂ Ṡ,False
kesaravalokam,KEsaravalOkam,kEsaravalOkam,58,HEmaavati,S R2 M2 P D2,S N2 D2 P M2 G2 R2 S,S R₂ M₂ P D₂,S N₂ D₂ P M₂ G₂ R₂ Ṡ,False
kolan,KOLan,kOLan,58,HEmaavati,S G2 P N2 S,S D2 P M2 G2 R2 S,S G₂ P N₂ Ṡ,S D₂ P M₂ G₂ R₂ Ṡ,False
ksemankari,KSEmankari,kSEmankari,58,HEmaavati,S R2 M2 D2 N2 S,S N2 D2 M2 R2 S,S R₂ M₂ D₂ N₂ Ṡ,S N₂ D₂ M₂ R₂ Ṡ,False
kukakam,KUkAkam,kUkAkam,58,HEmaavati,S R2 G2 M2 P N2 S,S D2 P G2 S,S R₂ G₂ M₂ P N₂ Ṡ,S D₂ P G₂ Ṡ,False
kulavuri,Kulavuri,kulavuri,58,HEmaavati,S R2 G2 M2 P D2 S,S N2 P G2 S,S R₂ G₂ M₂ P D₂ Ṡ,S N₂ P G₂ Ṡ,False
madhuvanti,Madhuvanti,madhuvanti,58,HEmaavati,N2 S G2 M2 P N2 S,S N2 D2 P M2 G2 R2 S,N₂ Ṡ G₂ M₂ P N₂ Ṡ,S N₂ D₂ P M₂ G₂ R₂ Ṡ,False
mahanandini,MahAnandini,mahAnandini,58,HEmaavati,S M2 G2 M2 P D2 N2 S,S N2 D2 P M2 G2 R2 S,S M₂ G₂ M₂ P D₂ N₂ Ṡ,S N₂ D₂ P M₂ G₂ R₂ Ṡ,False
mandini,Mandini,mandini,58,HEmaavati,S M2 G2 M2 P D2 N2 S,S N2 P M2 P G2 R2 S,S M₂ G₂ M₂ P D₂ N₂ Ṡ,S N₂ P M₂ P G₂ R₂ Ṡ,False
mapunitan,MApunitan,mApunitan,58,HEmaavati,S R2 G2 P D2 S,S N2 P M2 G2 S,S R₂ G₂ P D₂ Ṡ,S N₂ P M₂ G₂ Ṡ,False
mapunitavati,MApunitavati,mApunitavati,58,HEmaavati,S R2 G2 P N2 S,S D2 P M2 G2 S,S R₂ G₂ P N₂ Ṡ,S D₂ P M₂ G₂ Ṡ,False
muktavali,MuktAvaLi,muktAvaLi,58,HEmaavati,S R2 G2 R2 M2 P D2 N2 S,S N2 D2 N2 P D2 M2 P M2 R2 G2 R2 S,S R₂ G₂ R₂ M₂ P D₂ N₂ Ṡ,S N₂ D₂ N₂ P D₂ M₂ P M₂ R₂ G₂ R₂ Ṡ,False
muktavali,MuktAvaLi,muktAvaLi,58,HEmaavati,S R2 G2 R2 M2 P D2 S,S N2 D2 N2 P D2 M2 P M2 R2 G2 R2 S,S R₂ G₂ R₂ M₂ P D₂ Ṡ,S N₂ D₂ N₂ P D₂ M₂ P M₂ R₂ G₂ R₂ Ṡ,False
mukutavali,MukuTAvaLi,mukuTAvaLi,58,HEmaavati,S R2 M2 P D2 N2 S,S N2 D2 N2 P D2 M2 M2 P R2 G2 R2 S,S R₂ M₂ P D₂ N₂ Ṡ,S N₂ D₂ N₂ P D₂ M₂ M₂ P R₂ G₂ R₂ Ṡ,False
nalinabhramari,Nalinabhramari,nalinabhramari,58,HEmaavati,S R2 M2 P D2 N2 S,S N2 D2 N2 P M2 R2 S,S R₂ M₂ P D₂ N₂ Ṡ,S N₂ D₂ N₂ P M₂ R₂ Ṡ,False
nili,NIli,nIli,58,HEmaavati,S G2 M2 D2 N2 S,S N2 D2 M2 G2 S,S G₂ M₂ D₂ N₂ Ṡ,S N₂ D₂ M₂ G₂ Ṡ,False
nilika,NIlikA,nIlikA,58,HEmaavati,S G2 M2 D2 N2 S,S N2 D2 M2 G2 S,S G₂ M₂ D₂ N₂ Ṡ,S N₂ D₂ M₂ G₂ Ṡ,False
punitan,Punitan,punitan,58,HEmaavati,S R2 M2 P N2 S,S N2 D2 P M2 G2 S,S R₂ M₂ P N₂ Ṡ,S N₂ D₂ P M₂ G₂ Ṡ,False
salorccam,SalOrccam,salOrccam,58,HEmaavati,S G2 P D2 S,S N2 P M2 R2 S,S G₂ P D₂ Ṡ,S N₂ P M₂ R₂ Ṡ,False
sangaditi,SangAditi,sangAditi,58,HEmaavati,S R2 G2 M2 D2 S,S N2 P G2 S,S R₂ G₂ M₂ D₂ Ṡ,S N₂ P G₂ Ṡ,False
sauryavardhini,Sauryavardhini,sauryavardhini,58,HEmaavati,S R2 P D2 N2 S,S N2 D2 P M2 G2 R2 S,S R₂ P D₂ N₂ Ṡ,S N₂ D₂ P M₂ G₂ R₂ Ṡ,False
serasena,SErasEna,sErasEna,58,HEmaavati,S G2 R2 M2 P N2 S,S N2 D2 P M2 G2 R2 S,S G₂ R₂ M₂ P N₂ Ṡ,S N₂ D₂ P M₂ G₂ R₂ Ṡ,False
shadainadam,ShaDainAdam,shaDainAdam,58,HEmaavati,S R2 M2 P N2 S,S D2 P G2 S,S R₂ M₂ P N₂ Ṡ,S D₂ P G₂ Ṡ,False
shaktirupini,ShaktirUpiNi,shaktirUpiNi,58,HEmaavati,S G2 M2 D2 S,S N2 D2 M2 G2 S,S G₂ M₂ D₂ Ṡ,S N₂ D₂ M₂ G₂ Ṡ,False
shankaravam,Shankaravam,shankaravam,58,HEmaavati,S G2 R2 G2 M2 P D2 N2 S,S N2 P M2 G2 R2 S,S G₂ R₂ G₂ M₂ P D₂ N₂ Ṡ,S N₂ P M₂ G₂ R₂ Ṡ,False
shimayam,Shimayam,shimayam,58,HEmaavati,S R2 M2 D2 S,S N2 P G2 S,S R₂ M₂ D₂ Ṡ,S N₂ P G₂ Ṡ,False
shivagopuram,ShivagOpuram,shivagOpuram,58,HEmaavati,S G2 P D2 S,S N2 P M2 G2 R2 S,S G₂ P D₂ Ṡ,S N₂ P M₂ G₂ R₂ Ṡ,False
shiyirudam,Shiyirudam,shiyirudam,58,HEmaavati,S G2 P N2 S,S D2 P M2 R2 S,S G₂ P N₂ Ṡ,S D₂ P M₂ R₂ Ṡ,False
shribhramarauttari,Shribhramarauttari,shribhramarauttari,58,HEmaavati,S R2 G2 M2 P D2 N2 S,S D2 P M2 R2 S,S R₂ G₂ M₂ P D₂ N₂ Ṡ,S D₂ P M₂ R₂ Ṡ,False
shrngaralalita,ShrngAralalita,shrngAralalita,58,HEmaavati,S G2 M2 D2 N2 S,S N2 D2 M2 G2 R2 S,S G₂ M₂ D₂ N₂ Ṡ,S N₂ D₂ M₂ G₂ R₂ Ṡ,False
sikiriyantam,Sikiriyantam,sikiriyantam,58,HEmaavati,S G2 P N2 S,S D2 P M2 R2 S,S G₂ P N₂ Ṡ,S D₂ P M₂ R₂ Ṡ,False
simhadhvani,Simhadhvani,simhadhvani,58,HEmaavati,S R2 S G2 M2 P D2 N2 S,S N2 D2 P M2 G2 S,S R₂ Ṡ G₂ M₂ P D₂ N₂ Ṡ,S N₂ D₂ P M₂ G₂ Ṡ,False
simharavam,SimhAravam,simhAravam,58,HEmaavati,S R2 M2 P N2 S,S N2 P M2 R2 G2 R2 S,S R₂ M₂ P N₂ Ṡ,S N₂ P M₂ R₂ G₂ R₂ Ṡ,False
sundarahemavati,SundarahEmavati,sundarahEmavati,58,HEmaavati,S R2 G2 M2 P D2 N2 S,S N2 D2 M2 G2 R2 S,S R₂ G₂ M₂ P D₂ N₂ Ṡ,S N₂ D₂ M₂ G₂ R₂ Ṡ,False
surasena,SurasEnA,surasEnA,58,HEmaavati,S G2 R2 M2 P N2 S,S N2 D2 P M2 G2 R2 S,S G₂ R₂ M₂ P N₂ Ṡ,S N₂ D₂ P M₂ G₂ R₂ Ṡ,False
tillainayaki,TillainAyaki,tillainAyaki,58,HEmaavati,S R2 P D2 N2 S,S N2 D2P M2 G2 R2 S,S R₂ P D₂ N₂ Ṡ,S N₂ D2P M₂ G₂ R₂ Ṡ,False
tirujnanalola,TirujnAnalOla,tirujnAnalOla,58,HEmaavati,S R2 G2 M2 P S,S N2 D2 M2 G2 R2 S,S R₂ G₂ M₂ P Ṡ,S N₂ D₂ M₂ G₂ R₂ Ṡ,False
vadarakkkaicci,VAdarakkkAicci,vAdarakkkAicci,58,HEmaavati,S R2 G2 M2 P N2 S,S N2 D2 P M2 G2 R2 S,S R₂ G₂ M₂ P N₂ Ṡ,S N₂ D₂ P M₂ G₂ R₂ Ṡ,False
vaikal,Vaikal,vaikal,58,HEmaavati,S G2 M2 P N2 S,S D2 P M2 G2 R2 S,S G₂ M₂ P N₂ Ṡ,S D₂ P M₂ G₂ R₂ Ṡ,False
vaikulliyam,Vaikulliyam,vaikulliyam,58,HEmaavati,S G2 M2 P D2 S,S N2 P M2 G2 R2 S,S G₂ M₂ P D₂ Ṡ,S N₂ P M₂ G₂ R₂ Ṡ,False
vaipatikan,VaipAtikan,vaipAtikan,58,HEmaavati,S G2 M2 P D2 N2 S,S P M2 G2 R2 S,S G₂ M₂ P D₂ N₂ Ṡ,S P M₂ G₂ R₂ Ṡ,False
vaitani,VaitANi,vaitANi,58,HEmaavati,S R2 G2 M2 P D2 N2 S,S N2 P G2 S,S R₂ G₂ M₂ P D₂ N₂ Ṡ,S N₂ P G₂ Ṡ,False
valacaram,VAlacaram,vAlacaram,58,HEmaavati,S R2 G2 M2 P D2 N2 S,S N2 P M2 G2 S,S R₂ G₂ M₂ P D₂ N₂ Ṡ,S N₂ P M₂ G₂ Ṡ,False
valakilliyar,VAlakilliyar,vAlakilliyar,58,HEmaavati,S R2 G2 M2 P D2 N2 S,S N2 P G2 R2 S,S R₂ G₂ M₂ P D₂ N₂ Ṡ,S N₂ P G₂ R₂ Ṡ,False
valungi,VAlUngi,vAlUngi,58,HEmaavati,S R2 G2 M2 P D2 N2 S,S D2 P M2 G2 S,S R₂ G₂ M₂ P D₂ N₂ Ṡ,S D₂ P M₂ G₂ Ṡ,False
vaneru,VAnEru,vAnEru,58,HEmaavati,S R2 G2 P D2 S,S N2 D2 P M2 G2 R2 S,S R₂ G₂ P D₂ Ṡ,S N₂ D₂ P M₂ G₂ R₂ Ṡ,False
varanasi,VArANasi,vArANasi,58,HEmaavati,S R2 M2 P D2 N2 S,S N2 D2 P M2 G2 R2 S,S R₂ M₂ P D₂ N₂ Ṡ,S N₂ D₂ P M₂ G₂ R₂ Ṡ,False
vartagi,VArtAgi,vArtAgi,58,HEmaavati,S R2 G2 M2 P D2 N2 S,S D2 P G2 R2 S,S R₂ G₂ M₂ P D₂ N₂ Ṡ,S D₂ P G₂ R₂ Ṡ,False
velanadal,VElanADal,vElanADal,58,HEmaavati,S G2 P N2 S,S N2 D2 P M2 G2 R2 S,S G₂ P N₂ Ṡ,S N₂ D₂ P M₂ G₂ R₂ Ṡ,False
velavalayam,VElAvalayam,vElAvalayam,58,HEmaavati,S R2 G2 M2 P D2 N2 S,S D2 P G2 S,S R₂ G₂ M₂ P D₂ N₂ Ṡ,S D₂ P G₂ Ṡ,False
velavam,VeLavam,veLavam,58,HEmaavati,S R2 G2 M2 P N2 S,S N2 P G2 R2 S,S R₂ G₂ M₂ P N₂ Ṡ,S N₂ P G₂ R₂ Ṡ,False
venpali,VeNpali,veNpali,58,HEmaavati,S R2 G2 M2 P D2 S,S N2 P G2 R2 S,S R₂ G₂ M₂ P D₂ Ṡ,S N₂ P G₂ R₂ Ṡ,False
veyul,VEyuL,vEyuL,58,HEmaavati,S G2 P D2 S,S N2 D2 P M2 G2 R2 S,S G₂ P D₂ Ṡ,S N₂ D₂ P M₂ G₂ R₂ Ṡ,False
vijayasamantam,VijayasAmantam,vijayasAmantam,58,HEmaavati,S G2 M2 P D2 S,S N2 D2 M2 G2 R2 S,S G₂ M₂ P D₂ Ṡ,S N₂ D₂ M₂ G₂ R₂ Ṡ,False
vijayasamantam,VijayasAmantam,vijayasAmantam,58,HEmaavati,S G2 M2 P D2 S,S N2 P M2 R2 G2 R2 S,S G₂ M₂ P D₂ Ṡ,S N₂ P M₂ R₂ G₂ R₂ Ṡ,False
vijayasamantam,VijayasAmantam,vijayasAmantam,58,HEmaavati,S R2 G2 M2 P D2 S,S N2 D2 P M2 G2 R2 S,S R₂ G₂ M₂ P D₂ Ṡ,S N₂ D₂ P M₂ G₂ R₂ Ṡ,False
vijayasaranga,VijayasAranga,vijayasAranga,58,HEmaavati,S R2 G2 M2 P N2 S,S N2 D2 M2 G2 R2 S,S R₂ G₂ M₂ P N₂ Ṡ,S N₂ D₂ M₂ G₂ R₂ Ṡ,False
vijayasaranga,VijayasAranga,vijayasAranga,58,HEmaavati,S R2 G2 M2 P N2 S,S N2 D2 P M2 G2 S,S R₂ G₂ M₂ P N₂ Ṡ,S N₂ D₂ P M₂ G₂ Ṡ,False
vikasitam,Vikasitam,vikasitam,58,HEmaavati,S R2 G2 P N2 S,S N2 D2 P M2 G2 R2 S,S R₂ G₂ P N₂ Ṡ,S N₂ D₂ P M₂ G₂ R₂ Ṡ,False
vipani,VIpaNi,vIpaNi,58,HEmaavati,S R2 G2 P D2 S,S N2 D2 P M2 G2 R2 S,S R₂ G₂ P D₂ Ṡ,S N₂ D₂ P M₂ G₂ R₂ Ṡ,False
viparsu,VIparsU,vIparsU,58,HEmaavati,S G2 M2 P N2 S,S N2 D2 P M2 G2 R2 S,S G₂ M₂ P N₂ Ṡ,S N₂ D₂ P M₂ G₂ R₂ Ṡ,False
vippakazhi,VIppakazhi,vIppakazhi,58,HEmaavati,S R2 G2 M2 D2 S,S N2 D2 P M2 G2 R2 S,S R₂ G₂ M₂ D₂ Ṡ,S N₂ D₂ P M₂ G₂ R₂ Ṡ,False
yagini,YAginI,yAginI,58,HEmaavati,S R2 M2 P N2 S,S N2 P M2 R2 S,S R₂ M₂ P N₂ Ṡ,S N₂ P M₂ R₂ Ṡ,False
yaksapriya,YakSapriyA,yakSapriyA,58,HEmaavati,S R2 M2 P N2 S,S N2 D2 P M2 G2 R2 S,S R₂ M₂ P N₂ Ṡ,S N₂ D₂ P M₂ G₂ R₂ Ṡ,False
yakshapriya,YakshapriyA,yakshapriyA,58,HEmaavati,S R2 M2 P N2 S,S N2 D2 P M2 G2 R2 S,S R₂ M₂ P N₂ Ṡ,S N₂ D₂ P M₂ G₂ R₂ Ṡ,False
yashomani,YashOmaNi,yashOmaNi,58,HEmaavati,S R2 G2 M2 P N2 D2 N2 S,S P M2 G2 R2 S,S R₂ G₂ M₂ P N₂ D₂ N₂ Ṡ,S P M₂ G₂ R₂ Ṡ,False
yavapriya,YavapriyA,yavapriyA,58,HEmaavati,S R2 M2 P N2 S,S N2 D2 P M2 G2 R2 S,S R₂ M₂ P N₂ Ṡ,S N₂ D₂ P M₂ G₂ R₂ Ṡ,False
yogini,YOgini,yOgini,58,HEmaavati,S R2 M2 P N2 S,S N2 P M2 R2 S,S R₂ M₂ P N₂ Ṡ,S N₂ P M₂ R₂ Ṡ,False
dhaamavati,Dhaamavati,dhaamavati,59,Dharmaavati,S R2 G2 M2 P D2 N3 S,S N3 D2 P M2 G2 R2 S,S R₂ G₂ M₂ P D₂ N₃ Ṡ,S N₃ D₂ P M₂ G₂ R₂ Ṡ,False
annal,ANNal,aNNal,59,Dharmaavati,S R2 M2 P S,S,S R₂ M₂ P Ṡ,S,False
dayalan,DayALan,dayALan,59,Dharmaavati,S R2 M2 P S,S,S R₂ M₂ P Ṡ,S,False
karanapriyon,KAraNapriyOn,kAraNapriyOn,59,Dharmaavati,S R2 M2 P S,S,S R₂ M₂ P Ṡ,S,False
lalitasimharavam,LalitasimhAravam,lalitasimhAravam,59,Dharmaavati,S R2 G2 M2 P S,S,S R₂ G₂ M₂ P Ṡ,S,False
nabhavamadhya,NAbhavamadhya,nAbhavamadhya,59,Dharmaavati,S R2 M2 P N3 S,S N3 D2 P M2 G2 R2 S,S R₂ M₂ P N₃ Ṡ,S N₃ D₂ P M₂ G₂ R₂ Ṡ,False
nagapriyan,NAgapriyan,nAgapriyan,59,Dharmaavati,S R2 M2 P S,S N3 D2 P M2 G2 S,S R₂ M₂ P Ṡ,S N₃ D₂ P M₂ G₂ Ṡ,False
nalikam,NAlikam,nAlikam,59,Dharmaavati,S R2 G2 P D2 S,S N3 D2 P M2 G2 R2 S,S R₂ G₂ P D₂ Ṡ,S N₃ D₂ P M₂ G₂ R₂ Ṡ,False
navinahamsanada,NavInahamsanAda,navInahamsanAda,59,Dharmaavati,S R2 M2 P N3 S,S N3 P M2 R2 S,S R₂ M₂ P N₃ Ṡ,S N₃ P M₂ R₂ Ṡ,False
nimalai,NimaLai,nimaLai,59,Dharmaavati,S R2 G2 M2 P D2 N3 S,S D2 P G2 R2 S,S R₂ G₂ M₂ P D₂ N₃ Ṡ,S D₂ P G₂ R₂ Ṡ,False
niyakrodam,NiyakrOdam,niyakrOdam,59,Dharmaavati,S R2 G2 M2 P D2 N3 S,S N3 P G2 R2 S,S R₂ G₂ M₂ P D₂ N₃ Ṡ,S N₃ P G₂ R₂ Ṡ,False
ranjanakaustubham,Ranjanakaustubham,ranjanakaustubham,59,Dharmaavati,S R2 G2 M2 D2 S,S N3 M2 G2 S R2 S,S R₂ G₂ M₂ D₂ Ṡ,S N₃ M₂ G₂ Ṡ R₂ Ṡ,False
ranjani,Ranjani,ranjani,59,Dharmaavati,S R2 G2 M2 D2 S,S N3 D2 M2 G2 S R2 S,S R₂ G₂ M₂ D₂ Ṡ,S N₃ D₂ M₂ G₂ Ṡ R₂ Ṡ,False
ranjani,Ranjani,ranjani,59,Dharmaavati,S R2 G2 M2 D2 S,S N3 D2 M2 G2 S,S R₂ G₂ M₂ D₂ Ṡ,S N₃ D₂ M₂ G₂ Ṡ,False
ranjani,Ranjani,ranjani,59,Dharmaavati,S R2 G2 M2 D2 S,S N3 D2 P G2 S R2 S,S R₂ G₂ M₂ D₂ Ṡ,S N₃ D₂ P G₂ Ṡ R₂ Ṡ,False
ranjani,Ranjani,ranjani,59,Dharmaavati,S R2 G2 M2 P D2 N3 S,S N3 D2 P M2 G2 R2 S,S R₂ G₂ M₂ P D₂ N₃ Ṡ,S N₃ D₂ P M₂ G₂ R₂ Ṡ,False
ranjani,Ranjani,ranjani,59,Dharmaavati,S R2 G2 M2 P D2 S,S N3 D2 M2 G2 S R2 S,S R₂ G₂ M₂ P D₂ Ṡ,S N₃ D₂ M₂ G₂ Ṡ R₂ Ṡ,False
ranjani,Ranjani,ranjani,59,Dharmaavati,S R2 G2 P D2 S,S N3 D2 P M2 G2 R2 S,S R₂ G₂ P D₂ Ṡ,S N₃ D₂ P M₂ G₂ R₂ Ṡ,False
ravisatya,Ravisatya,ravisatya,59,Dharmaavati,S R2 G2 M2 P D2 N3 S,S D2 P M2 R2 G2 R2 S,S R₂ G₂ M₂ P D₂ N₃ Ṡ,S D₂ P M₂ R₂ G₂ R₂ Ṡ,False
rudramani,RudramaNi,rudramaNi,59,Dharmaavati,S R2 M2 P D2 N3 S,S N3 D2 M2 G2 R2 S,S R₂ M₂ P D₂ N₃ Ṡ,S N₃ D₂ M₂ G₂ R₂ Ṡ,False
sarangalila,SArangalIlA,sArangalIlA,59,Dharmaavati,S R2 G2 M2 P D2 N3 S,S D2 P N3 D2 M2 G2 S,S R₂ G₂ M₂ P D₂ N₃ Ṡ,S D₂ P N₃ D₂ M₂ G₂ Ṡ,False
shailapadi,ShailapADi,shailapADi,59,Dharmaavati,S R2 M2 P N3 D2 N3 S,S D2 P M2 G2 R2 S,S R₂ M₂ P N₃ D₂ N₃ Ṡ,S D₂ P M₂ G₂ R₂ Ṡ,False
sherakkurinji,ShErakkurinji,shErakkurinji,59,Dharmaavati,S R2 G2 M2 P D2 S,S N3 P G2 S,S R₂ G₂ M₂ P D₂ Ṡ,S N₃ P G₂ Ṡ,False
shikharinimbam,Shikharinimbam,shikharinimbam,59,Dharmaavati,S R2 G2 P D2 S,S N3 P M2 G2 S,S R₂ G₂ P D₂ Ṡ,S N₃ P M₂ G₂ Ṡ,False
shozhakkuranji,ShOzhakkuranji,shOzhakkuranji,59,Dharmaavati,S R2 G2 M2 P N3 S,S D2 P G2 S,S R₂ G₂ M₂ P N₃ Ṡ,S D₂ P G₂ Ṡ,False
shrikannan,ShrIkaNNan,shrIkaNNan,59,Dharmaavati,S R2 G2 M2 D2 S,S N3 P M2 G2 R2 S,S R₂ G₂ M₂ D₂ Ṡ,S N₃ P M₂ G₂ R₂ Ṡ,False
shrikuntam,ShrIkuntam,shrIkuntam,59,Dharmaavati,S R2 G2 P D2 N3 S,S N3 P M2 G2 R2 S,S R₂ G₂ P D₂ N₃ Ṡ,S N₃ P M₂ G₂ R₂ Ṡ,False
shrishivageyuram,ShrIshivagEyUram,shrIshivagEyUram,59,Dharmaavati,S R2 G2 P N3 S,S D2 P M2 G2 R2 S,S R₂ G₂ P N₃ Ṡ,S D₂ P M₂ G₂ R₂ Ṡ,False
shuddhanavanitam,ShuddhanavanItam,shuddhanavanItam,59,Dharmaavati,S R2 G2 M2 D2 N3 S,S N3 P M2 G2 R2 S,S R₂ G₂ M₂ D₂ N₃ Ṡ,S N₃ P M₂ G₂ R₂ Ṡ,False
shuddhanavanitam,ShuddhanavanItam,shuddhanavanItam,59,Dharmaavati,S R2 G2 M2 P N3 D2 S,S N3 D2 M2 G2 R2 S,S R₂ G₂ M₂ P N₃ D₂ Ṡ,S N₃ D₂ M₂ G₂ R₂ Ṡ,False
simharavam,SimhAravam,simhAravam,59,Dharmaavati,S R2 M2 P N3 S,S N3 P M2 R2 G2 R2 S,S R₂ M₂ P N₃ Ṡ,S N₃ P M₂ R₂ G₂ R₂ Ṡ,False
suratinayakam,SuraTinAyakam,suraTinAyakam,59,Dharmaavati,S R2 M2 N3 S,S D2 P M2 G2 S,S R₂ M₂ N₃ Ṡ,S D₂ P M₂ G₂ Ṡ,False
suratinayaki,SuraTinAyaki,suraTinAyaki,59,Dharmaavati,S R2 M2 N3 S,S D2 P M2 G2 S,S R₂ M₂ N₃ Ṡ,S D₂ P M₂ G₂ Ṡ,False
suryanayakam,SUryanAyakam,sUryanAyakam,59,Dharmaavati,S R2 M2 N3 S,S D2 P M2 G2 S,S R₂ M₂ N₃ Ṡ,S D₂ P M₂ G₂ Ṡ,False
suvarnamukhari,SuvarNamukhAri,suvarNamukhAri,59,Dharmaavati,S G2 M2 P D2 N3 S,S N3 D2 M2 G2 R2 S,S G₂ M₂ P D₂ N₃ Ṡ,S N₃ D₂ M₂ G₂ R₂ Ṡ,False
tali,TaLi,taLi,59,Dharmaavati,S R2 G2 M2 P D2 N3 S,S N3 P M2 G2 R2 S,S R₂ G₂ M₂ P D₂ N₃ Ṡ,S N₃ P M₂ G₂ R₂ Ṡ,False
taluppu,TaLUppu,taLUppu,59,Dharmaavati,S R2 G2 M2 P D2 N3 S,S D2 P M2 G2 R2 S,S R₂ G₂ M₂ P D₂ N₃ Ṡ,S D₂ P M₂ G₂ R₂ Ṡ,False
tinguzhal,TInguzhal,tInguzhal,59,Dharmaavati,S R2 M2 D2 N3 S,S N3 P G2 S,S R₂ M₂ D₂ N₃ Ṡ,S N₃ P G₂ Ṡ,False
tiramaram,TirAmaram,tirAmaram,59,Dharmaavati,S R2 G2 M2 P D2 N3 S,S N3 D2 P M2 G2 S,S R₂ G₂ M₂ P D₂ N₃ Ṡ,S N₃ D₂ P M₂ G₂ Ṡ,False
vadivazhagi,VaDivazhagi,vaDivazhagi,59,Dharmaavati,S G2 P N3 S,S N3 P R2 S,S G₂ P N₃ Ṡ,S N₃ P R₂ Ṡ,False
vadivelan,VaDivElan,vaDivElan,59,Dharmaavati,S R2 M2 D2 S,S N3 P G2 S,S R₂ M₂ D₂ Ṡ,S N₃ P G₂ Ṡ,False
varada,VaradA,varadA,59,Dharmaavati,S R2 M2 P N3 S,S N3 P M2 R2 S,S R₂ M₂ P N₃ Ṡ,S N₃ P M₂ R₂ Ṡ,False
varata,VaraTa,varaTa,59,Dharmaavati,S R2 M2 P N3 S,S N3 P M2 R2 S,S R₂ M₂ P N₃ Ṡ,S N₃ P M₂ R₂ Ṡ,False
vasantagirvani,VasantagIrvANi,vasantagIrvANi,59,Dharmaavati,S R2 G2 M2 P N3 D2 S,S D2 N3 P M2 G2 R2 S,S R₂ G₂ M₂ P N₃ D₂ Ṡ,S D₂ N₃ P M₂ G₂ R₂ Ṡ,False
vasantagirvani,VasantagIrvANi,vasantagIrvANi,59,Dharmaavati,S R2 G2 M2 P N3 D2 S,S N3 D2 N3 P M2 R2 S,S R₂ G₂ M₂ P N₃ D₂ Ṡ,S N₃ D₂ N₃ P M₂ R₂ Ṡ,False
vasantagirvani,VasantagIrvANi,vasantagIrvANi,59,Dharmaavati,S R2 G2 M2 P N3 S,S D2 N3 P M2 G2 R2 S,S R₂ G₂ M₂ P N₃ Ṡ,S D₂ N₃ P M₂ G₂ R₂ Ṡ,False
vasantanathan,VasantanAthan,vasantanAthan,59,Dharmaavati,S R2 M2 D2 S,S N3 P G2 R2 S,S R₂ M₂ D₂ Ṡ,S N₃ P G₂ R₂ Ṡ,False
vijayanagari,VijayanAgari,vijayanAgari,59,Dharmaavati,S R2 G2 M2 P D2 S,S D2 P M2 G2 R2 S,S R₂ G₂ M₂ P D₂ Ṡ,S D₂ P M₂ G₂ R₂ Ṡ,False
vijayanagari,VijayanAgari,vijayanAgari,59,Dharmaavati,S R2 G2 M2 P D2 S,S D2 P P M2 G2 R2 S,S R₂ G₂ M₂ P D₂ Ṡ,S D₂ P P M₂ G₂ R₂ Ṡ,False
vijayashrikanthi,VijayashrIkaNThi,vijayashrIkaNThi,59,Dharmaavati,S G2 M2 P S,S N3 D2 M2 G2 R2 S,S G₂ M₂ P Ṡ,S N₃ D₂ M₂ G₂ R₂ Ṡ,False
vinnavartilakam,ViNNavartilakam,viNNavartilakam,59,Dharmaavati,S G2 P D2 S,S N3 P M2 G2 R2 S,S G₂ P D₂ Ṡ,S N₃ P M₂ G₂ R₂ Ṡ,False
vishveshvarapriya,VishvEshvarapriyA,vishvEshvarapriyA,59,Dharmaavati,S R2 M2 P N3 S,S N3 D2 P M2 R2 S,S R₂ M₂ P N₃ Ṡ,S N₃ D₂ P M₂ R₂ Ṡ,False
nisshadam,Nisshadam,nisshadam,60,Neetimati,S R2 G2 M2 P D3 N3 S,S N3 P M2 G2 R2 S,S R₂ G₂ M₂ P D₃ N₃ Ṡ,S N₃ P M₂ G₂ R₂ Ṡ,False
amarasenapriya,AmarasEnapriyA,amarasEnapriyA,60,Neetimati,S R2 M2 P N3 S,S N3 P M2 R2 G2 S,S R₂ M₂ P N₃ Ṡ,S N₃ P M₂ R₂ G₂ Ṡ,False
balacaritra,BAlacaritra,bAlacaritra,60,Neetimati,S R2 G2 R2 M2 P D3 N3 D3 S,S N3 D3 P M2 G2 S,S R₂ G₂ R₂ M₂ P D₃ N₃ D₃ Ṡ,S N₃ D₃ P M₂ G₂ Ṡ,False
deshyaganavaridi,DEshyagAnavAridi,dEshyagAnavAridi,60,Neetimati,S R2 G2 M2 P D3 P N3 S,S N3 S P M2 G2 R2 S,S R₂ G₂ M₂ P D₃ P N₃ Ṡ,S N₃ Ṡ P M₂ G₂ R₂ Ṡ,False
devakusumavali,DEvakusumAvaLi,dEvakusumAvaLi,60,Neetimati,S M2 G2 M2 P S,S N3 P M2 G2 R2 S,S M₂ G₂ M₂ P Ṡ,S N₃ P M₂ G₂ R₂ Ṡ,False
devakusumavali,DEvakusumAvaLi,dEvakusumAvaLi,60,Neetimati,S R2 G2 M2 P S,S N3 P M2 G2 R2 S,S R₂ G₂ M₂ P Ṡ,S N₃ P M₂ G₂ R₂ Ṡ,False
gaurikriya,GaurikriyA,gaurikriyA,60,Neetimati,S G2 M2 P D3 N3 S,S N3 D3 N3 M2 G2 R2 S,S G₂ M₂ P D₃ N₃ Ṡ,S N₃ D₃ N₃ M₂ G₂ R₂ Ṡ,False
gaurikriya,GaurikriyA,gaurikriyA,60,Neetimati,S G2 M2 P D3 N3 S,S N3 D3 N3 P M2 G2 S,S G₂ M₂ P D₃ N₃ Ṡ,S N₃ D₃ N₃ P M₂ G₂ Ṡ,False
gaurikriya,Gaurikriya,gaurikriya,60,Neetimati,S R2 M2 P D3 N3 S,S N3 D3 M2 G2 S,S R₂ M₂ P D₃ N₃ Ṡ,S N₃ D₃ M₂ G₂ Ṡ,False
hamsanadam,HamsanAdam,hamsanAdam,60,Neetimati,S R2 M2 P D3 N3 S,S N3 D3 N3 P M2 R2 S,S R₂ M₂ P D₃ N₃ Ṡ,S N₃ D₃ N₃ P M₂ R₂ Ṡ,False
hamsanadam,HamsanAdam,hamsanAdam,60,Neetimati,S R2 M2 P D3 S,S N3 D3 N3 P M2 R2 S,S R₂ M₂ P D₃ Ṡ,S N₃ D₃ N₃ P M₂ R₂ Ṡ,False
hamsanadam,HamsanAdam,hamsanAdam,60,Neetimati,S R2 M2 P N3 S,S N3 D3 N3 P M2 R2 S,S R₂ M₂ P N₃ Ṡ,S N₃ D₃ N₃ P M₂ R₂ Ṡ,False
hemalataa,HEmalataA,hEmalataA,60,Neetimati,S R2 G2 M2 D3 S,S D3 M2 G2 R2 S,S R₂ G₂ M₂ D₃ Ṡ,S D₃ M₂ G₂ R₂ Ṡ,False
kaikavashi,Kaikavashi,kaikavashi,60,Neetimati,S R2 G2 M2 P D3 N3 S,S N3 P M2 G2 R2 S,S R₂ G₂ M₂ P D₃ N₃ Ṡ,S N₃ P M₂ G₂ R₂ Ṡ,False
kaikavashi,Kaikavashi,kaikavashi,60,Neetimati,S R2 M2 P D3 N3 S,S N3 P M2 G2 R2 S,S R₂ M₂ P D₃ N₃ Ṡ,S N₃ P M₂ G₂ R₂ Ṡ,False
kamalu,Kamalu,kamalu,60,Neetimati,S G2 M2 D3 N3 S,S N3 D3 M2 G2 S,S G₂ M₂ D₃ N₃ Ṡ,S N₃ D₃ M₂ G₂ Ṡ,False
kambadvija,Kambadvija,kambadvija,60,Neetimati,S R2 G2 M2 P D3 N3 S,S D3 P M2 G2 R2 S,S R₂ G₂ M₂ P D₃ N₃ Ṡ,S D₃ P M₂ G₂ R₂ Ṡ,False
kanakashrikanthi,KanakashrIkaNThi,kanakashrIkaNThi,60,Neetimati,S R2 G2 M2 P S,S N3 D3 N3 P M2 R2 S,S R₂ G₂ M₂ P Ṡ,S N₃ D₃ N₃ P M₂ R₂ Ṡ,False
kantimati,KAntimati,kAntimati,60,Neetimati,S R2 G2 M2 P D3 S,S D3 P M2 G2 R2 S,S R₂ G₂ M₂ P D₃ Ṡ,S D₃ P M₂ G₂ R₂ Ṡ,False
kedaramanjari,KEdAramanjari,kEdAramanjari,60,Neetimati,S G2 M2 P N3 S,S N3 D3 P M2 G2 R2 S,S G₂ M₂ P N₃ Ṡ,S N₃ D₃ P M₂ G₂ R₂ Ṡ,False
kuntalaranjani,Kuntalaranjani,kuntalaranjani,60,Neetimati,S M2 G2 M2 P D3 N3 S,S N3 P D3 N3 P M2 G2 S,S M₂ G₂ M₂ P D₃ N₃ Ṡ,S N₃ P D₃ N₃ P M₂ G₂ Ṡ,False
madhavacandrika,MAdhavacandrikA,mAdhavacandrikA,60,Neetimati,S R2 G2 M2 P D3 N3 S,S N3 P D3 N3 P M2 G2 S,S R₂ G₂ M₂ P D₃ N₃ Ṡ,S N₃ P D₃ N₃ P M₂ G₂ Ṡ,False
mucadhvani,MUcadhvani,mUcadhvani,60,Neetimati,S R2 G2 P D3 N3 S,S N3 P M2 R2 S,S R₂ G₂ P D₃ N₃ Ṡ,S N₃ P M₂ R₂ Ṡ,False
nayamati,Nayamati,nayamati,60,Neetimati,S R2 G2 M2 D3 N3 S,S N3 D3 M2 G2 R2 S,S R₂ G₂ M₂ D₃ N₃ Ṡ,S N₃ D₃ M₂ G₂ R₂ Ṡ,False
nisadam,NiSAdam,niSAdam,60,Neetimati,S G2 R2 M2 P S,S N3 D3 M2 P N3 M2 G2 R2 S,S G₂ R₂ M₂ P Ṡ,S N₃ D₃ M₂ P N₃ M₂ G₂ R₂ Ṡ,False
nisadam,NiSAdam,niSAdam,60,Neetimati,S G2 R2 M2 P S,S N3 D3 N3 P N3 P M2 G2 R2 S,S G₂ R₂ M₂ P Ṡ,S N₃ D₃ N₃ P N₃ P M₂ G₂ R₂ Ṡ,False
nisadam,NiSAdam,niSAdam,60,Neetimati,S R2 G2 M2 P D3 N3 S,S N3 P M2 G2 R2 S,S R₂ G₂ M₂ P D₃ N₃ Ṡ,S N₃ P M₂ G₂ R₂ Ṡ,False
nisadam,NiSAdam,niSAdam,60,Neetimati,S R2 G2 R2 G2 S N3 D3,M2 P N3 P M2 G2 R2 S,S R₂ G₂ R₂ G₂ Ṡ N₃ D₃,M₂ P N₃ P M₂ G₂ R₂ Ṡ,False
nisadam,NiSAdam,niSAdam,60,Neetimati,S R2 G2 R2 S N3 D3 M2,P N3 P M2 G2 R2 S,S R₂ G₂ R₂ Ṡ N₃ D₃ M₂,P N₃ P M₂ G₂ R₂ Ṡ,False
nisadam,NiSAdam,niSAdam,60,Neetimati,S R2 M2 G2 M2 P N3 D3 P S,S N3 M2 G2 R2 S,S R₂ M₂ G₂ M₂ P N₃ D₃ P Ṡ,S N₃ M₂ G₂ R₂ Ṡ,False
nitimanjari,NItimanjari,nItimanjari,60,Neetimati,S G2 R2 M2 P D3 S,S N3 D3 M2 P N3 P M2 G2 R2 S,S G₂ R₂ M₂ P D₃ Ṡ,S N₃ D₃ M₂ P N₃ P M₂ G₂ R₂ Ṡ,False
nitimanjari,NItimanjari,nItimanjari,60,Neetimati,S R2 G2 M2 P D3 S,S N3 D3 P M2 R2 P M2 G2 R2 S,S R₂ G₂ M₂ P D₃ Ṡ,S N₃ D₃ P M₂ R₂ P M₂ G₂ R₂ Ṡ,False
nitimati,NItimati,nItimati,60,Neetimati,S G2 R2 M2 P N3 S,S N3 D3 M2 P N3 P M2 G2 R2 S,S G₂ R₂ M₂ P N₃ Ṡ,S N₃ D₃ M₂ P N₃ P M₂ G₂ R₂ Ṡ,False
nitimati,NItimati,nItimati,60,Neetimati,S R2 G2 M2 P D3 N3 S,S N3 D3 P M2 G2 R2 S,S R₂ G₂ M₂ P D₃ N₃ Ṡ,S N₃ D₃ P M₂ G₂ R₂ Ṡ,False
nutanacandrika,NUtanacandrikA,nUtanacandrikA,60,Neetimati,S R2 G2 M2 P D3 N3 S,S N3 P D3 N3 P M2 G2 S,S R₂ G₂ M₂ P D₃ N₃ Ṡ,S N₃ P D₃ N₃ P M₂ G₂ Ṡ,False
padmamukhi,Padmamukhi,padmamukhi,60,Neetimati,S R2 G2 M2 D3 N3 S,S D3 P M2 G2 R2 S,S R₂ G₂ M₂ D₃ N₃ Ṡ,S D₃ P M₂ G₂ R₂ Ṡ,False
punnagatodi,PunnAgatODi,punnAgatODi,60,Neetimati,S R2 G2 M2 P D3 N3,N3 D3 P M2 G2 R2 S,S R₂ G₂ M₂ P D₃ N₃,N₃ D₃ P M₂ G₂ R₂ Ṡ,False
purvahamsanada,PUrvahamsanAda,pUrvahamsanAda,60,Neetimati,S R2 M2 P D3 N3 S,S N3 D3 N3 P M2 R2 S,S R₂ M₂ P D₃ N₃ Ṡ,S N₃ D₃ N₃ P M₂ R₂ Ṡ,False
ratnasaranga,RatnasArangA,ratnasArangA,60,Neetimati,S R2 G2 M2 P N3 S,S N3 D3 P M2 G2 R2 S,S R₂ G₂ M₂ P N₃ Ṡ,S N₃ D₃ P M₂ G₂ R₂ Ṡ,False
shrikaikavashi,Shrikaikavashi,shrikaikavashi,60,Neetimati,S R2 G2 M2 P D3 N3 S,S N3 P M2 G2 R2 S,S R₂ G₂ M₂ P D₃ N₃ Ṡ,S N₃ P M₂ G₂ R₂ Ṡ,False
shuddhagaurikriya,ShuddhagaurikriyA,shuddhagaurikriyA,60,Neetimati,S G2 M2 P N3 D3 N3 S,S N3 D3 P M2 G2 S,S G₂ M₂ P N₃ D₃ N₃ Ṡ,S N₃ D₃ P M₂ G₂ Ṡ,False
shuddhagaurikriya,ShuddhagaurikriyA,shuddhagaurikriyA,60,Neetimati,S R2 M2 P N3 D3 N3 S,S N3 D3 M2 G2 S,S R₂ M₂ P N₃ D₃ N₃ Ṡ,S N₃ D₃ M₂ G₂ Ṡ,False
shuddhahamsanada,ShuddhahamsanAda,shuddhahamsanAda,60,Neetimati,S R2 M2 P D3 N3 S,S N3 D3 N3 P M2 R2 S,S R₂ M₂ P D₃ N₃ Ṡ,S N₃ D₃ N₃ P M₂ R₂ Ṡ,False
surika,SUrika,sUrika,60,Neetimati,S R2 M2 P N3 S,S N3 D3 P M2 G2 R2 S,S R₂ M₂ P N₃ Ṡ,S N₃ D₃ P M₂ G₂ R₂ Ṡ,False
vijayaratnakari,VijayaratnAkari,vijayaratnAkari,60,Neetimati,S R2 M2 P D3 N3 S,S N3 D3 P M2 G2 S,S R₂ M₂ P D₃ N₃ Ṡ,S N₃ D₃ P M₂ G₂ Ṡ,False
kuntalam,Kuntalam,kuntalam,61,KaantaamaNi,S R2 G3 M2 P D1 S,S N1 D1 P M2 G3 R2 S,S R₂ G₃ M₂ P D₁ Ṡ,S N₁ D₁ P M₂ G₃ R₂ Ṡ,False
bhamamani,BhAmAmaNi,bhAmAmaNi,61,KaantaamaNi,S R2 M2 G3 D1 N1 S,S N1 D1 M2 G3 R2 S,S R₂ M₂ G₃ D₁ N₁ Ṡ,S N₁ D₁ M₂ G₃ R₂ Ṡ,False
brurayasi,BrUrayasi,brUrayasi,61,KaantaamaNi,S G3 P D1 N1 S,S N1 D1 P M2 G3 S,S G₃ P D₁ N₁ Ṡ,S N₁ D₁ P M₂ G₃ Ṡ,False
cambaulini,Cambaulini,cambaulini,61,KaantaamaNi,S R2 M2 G3 M2 D1 N1 P S,S N1 D1 G3 R2 S,S R₂ M₂ G₃ M₂ D₁ N₁ P Ṡ,S N₁ D₁ G₃ R₂ Ṡ,False
divyatorani,DivyatOraNi,divyatOraNi,61,KaantaamaNi,S R2 G3 P D1 S,S N1 D1 M2 G3 R2 S,S R₂ G₃ P D₁ Ṡ,S N₁ D₁ M₂ G₃ R₂ Ṡ,False
dvipavati,DvIpavati,dvIpavati,61,KaantaamaNi,S R2 M2 P D1 N1 S,S N1 D1 P M2 R2 S,S R₂ M₂ P D₁ N₁ Ṡ,S N₁ D₁ P M₂ R₂ Ṡ,False
garudadhvani,GaruDadhvani,garuDadhvani,61,KaantaamaNi,S R2 G3 M2 N1 D1 M2 P D1 N1,S N1 D1 M2 R2 S,S R₂ G₃ M₂ N₁ D₁ M₂ P D₁ N₁,S N₁ D₁ M₂ R₂ Ṡ,False
ghantavali,GhaNTAvaLi,ghaNTAvaLi,61,KaantaamaNi,S G3 R2 G3 M2 P D1 N1 S,S D1 P M2 G3 R2 S,S G₃ R₂ G₃ M₂ P D₁ N₁ Ṡ,S D₁ P M₂ G₃ R₂ Ṡ,False
gurujyoti,GurujyOti,gurujyOti,61,KaantaamaNi,S R2 G3 M2 D1 S,S D1 M2 G3 R2 S,S R₂ G₃ M₂ D₁ Ṡ,S D₁ M₂ G₃ R₂ Ṡ,False
jyotiranjani,JyOtiranjani,jyOtiranjani,61,KaantaamaNi,S R2 G3 M2 P D1 N1 S,S N1 D1 P M2 G3 M2 R2 S,S R₂ G₃ M₂ P D₁ N₁ Ṡ,S N₁ D₁ P M₂ G₃ M₂ R₂ Ṡ,False
kaiveni,KaivENi,kaivENi,61,KaantaamaNi,S R2 M2 P D1 S,S D1 N1 D1 P M2 D1 P M2 G3,S R₂ M₂ P D₁ Ṡ,S D₁ N₁ D₁ P M₂ D₁ P M₂ G₃,False
kanakakusumavali,KanakakusumAvaLi,kanakakusumAvaLi,61,KaantaamaNi,S R2 G3 M2 P D1 S,S D1 P M2 G3 R2 S,S R₂ G₃ M₂ P D₁ Ṡ,S D₁ P M₂ G₃ R₂ Ṡ,False
kanakasimharavam,KanakasimhAravam,kanakasimhAravam,61,KaantaamaNi,S G3 M2 P N1 S,S N1 D1 P M2 R2 S,S G₃ M₂ P N₁ Ṡ,S N₁ D₁ P M₂ R₂ Ṡ,False
kandavali,KandAvaLi,kandAvaLi,61,KaantaamaNi,S G3 R2 G3 M2 P D1 N1 S,S D1 P M2 G3 R2 S,S G₃ R₂ G₃ M₂ P D₁ N₁ Ṡ,S D₁ P M₂ G₃ R₂ Ṡ,False
kantamani,KAntAmaNi,kAntAmaNi,61,KaantaamaNi,S R2 G3 M2 P D1 N1 S,S N1 D1 P M2 G3 R2 S,S R₂ G₃ M₂ P D₁ N₁ Ṡ,S N₁ D₁ P M₂ G₃ R₂ Ṡ,False
kantaratna,KAntAratna,kAntAratna,61,KaantaamaNi,S R2 M2 P N1 D1 S,S N1 D1 P M2 G3 R2 S,S R₂ M₂ P N₁ D₁ Ṡ,S N₁ D₁ P M₂ G₃ R₂ Ṡ,False
kantimati,KAntimati,kAntimati,61,KaantaamaNi,S R2 G3 M2 P D1 S,S N1 D1 P M2 G3 M2 S,S R₂ G₃ M₂ P D₁ Ṡ,S N₁ D₁ P M₂ G₃ M₂ Ṡ,False
karatakatarangini,KarATakatarangiNi,karATakatarangiNi,61,KaantaamaNi,S R2 G3 M2 P N1 S,S P M2 G3 R2 S,S R₂ G₃ M₂ P N₁ Ṡ,S P M₂ G₃ R₂ Ṡ,False
kirtivijaya,KIrtivijaya,kIrtivijaya,61,KaantaamaNi,S R2 G3 M2 P N1 D1 S,S N1 D1 P M2 G3 R2 S,S R₂ G₃ M₂ P N₁ D₁ Ṡ,S N₁ D₁ P M₂ G₃ R₂ Ṡ,False
kuciramani,KuciramaNi,kuciramaNi,61,KaantaamaNi,S G3 M2 P D1 N1 D1 S,S N1 D1 P M2 R2 S,S G₃ M₂ P D₁ N₁ D₁ Ṡ,S N₁ D₁ P M₂ R₂ Ṡ,False
kuntala,Kuntala,kuntala,61,KaantaamaNi,S R2 G3 M2 P D1 N1 D1 S,S N1 D1 P M2 G3 M2 R2 S,S R₂ G₃ M₂ P D₁ N₁ D₁ Ṡ,S N₁ D₁ P M₂ G₃ M₂ R₂ Ṡ,False
kuntala,Kuntala,kuntala,61,KaantaamaNi,S R2 G3 M2 P D1 S,S N1 D1 P M2 G3 R2 S,S R₂ G₃ M₂ P D₁ Ṡ,S N₁ D₁ P M₂ G₃ R₂ Ṡ,False
omkarasvarupini,OmkArasvarUpiNi,omkArasvarUpiNi,61,KaantaamaNi,S R2 G3 M2 P N1 S,S N1 P M2 G3 R2 S,S R₂ G₃ M₂ P N₁ Ṡ,S N₁ P M₂ G₃ R₂ Ṡ,False
preyasi,PrEyasi,prEyasi,61,KaantaamaNi,S G3 M2 P D1 N1 S,S N1 D1 P M2 G3 S,S G₃ M₂ P D₁ N₁ Ṡ,S N₁ D₁ P M₂ G₃ Ṡ,False
ragavinodini,RAgavinOdini,rAgavinOdini,61,KaantaamaNi,S R2 G3 M2 N1 S,S N1 M2 G3 R2 S,S R₂ G₃ M₂ N₁ Ṡ,S N₁ M₂ G₃ R₂ Ṡ,False
ramakusumavali,RAmakusumAvaLi,rAmakusumAvaLi,61,KaantaamaNi,S G3 M2 P N1 D1 P N1 S,S N1 D1 P M2 G3 R2 S,S G₃ M₂ P N₁ D₁ P N₁ Ṡ,S N₁ D₁ P M₂ G₃ R₂ Ṡ,False
ramakusumavali,RAmakusumAvaLi,rAmakusumAvaLi,61,KaantaamaNi,S G3 M2 P N1 S,S N1 D1 P M2 G3 R2 S,S G₃ M₂ P N₁ Ṡ,S N₁ D₁ P M₂ G₃ R₂ Ṡ,False
sarasam,SArasam,sArasam,61,KaantaamaNi,S R2 G3 M2 P S,S P M2 G3 R2 S,S R₂ G₃ M₂ P Ṡ,S P M₂ G₃ R₂ Ṡ,False
shrutiranjani,Shrutiranjani,shrutiranjani,61,KaantaamaNi,S R2 G3 M2 P D1 N1 S,S N1 D1 P M2 G3 M2 R2 S,S R₂ G₃ M₂ P D₁ N₁ Ṡ,S N₁ D₁ P M₂ G₃ M₂ R₂ Ṡ,False
shrutiranjani,Shrutiranjani,shrutiranjani,61,KaantaamaNi,S R2 G3 M2 P D1 N1 S,S N1 D1 P M2 G3 S R2 S,S R₂ G₃ M₂ P D₁ N₁ Ṡ,S N₁ D₁ P M₂ G₃ Ṡ R₂ Ṡ,False
shrutiranjani,Shrutiranjani,shrutiranjani,61,KaantaamaNi,S R2 G3 M2 P D1 N1,N1 D1 P M2 G3 R2 S,S R₂ G₃ M₂ P D₁ N₁,N₁ D₁ P M₂ G₃ R₂ Ṡ,False
shrutiranjani,Shrutiranjani,shrutiranjani,61,KaantaamaNi,S R2 G3 M2 P D1 N1,N1 D1 P M2 G3 S R2 S,S R₂ G₃ M₂ P D₁ N₁,N₁ D₁ P M₂ G₃ Ṡ R₂ Ṡ,False
shrutiranjani,Shrutiranjani,shrutiranjani,61,KaantaamaNi,S R2 G3 M2 P D1 N1,N1 D1 P M2 G3 S,S R₂ G₃ M₂ P D₁ N₁,N₁ D₁ P M₂ G₃ Ṡ,False
shuddhajyotismati,ShuddhajyOtiSmati,shuddhajyOtiSmati,61,KaantaamaNi,S G3 M2 P S,S N1 D1 P M2 G3 R2 S,S G₃ M₂ P Ṡ,S N₁ D₁ P M₂ G₃ R₂ Ṡ,False
sputalapani,SpUTAlApani,spUTAlApani,61,KaantaamaNi,S M2 G3 P N1 S,S N1 P M2 G3 S,S M₂ G₃ P N₁ Ṡ,S N₁ P M₂ G₃ Ṡ,False
tarangalila,TarangalIlA,tarangalIlA,61,KaantaamaNi,S R2 G3 R2 M2 P D1 N1 D1 M2,S N1 M2 G3 R2 S,S R₂ G₃ R₂ M₂ P D₁ N₁ D₁ M₂,S N₁ M₂ G₃ R₂ Ṡ,False
vijayadipika,VijayadIpikA,vijayadIpikA,61,KaantaamaNi,S R2 G3 M2 P D1 N1 S,S D1 N1 P M2 R2 G3 S,S R₂ G₃ M₂ P D₁ N₁ Ṡ,S D₁ N₁ P M₂ R₂ G₃ Ṡ,False
visankini,VisankiNi,visankiNi,61,KaantaamaNi,S R2 G3 M2 P D1 N1 S,S N1 D1 N1 P D1 M2 G3 R2 G3 S,S R₂ G₃ M₂ P D₁ N₁ Ṡ,S N₁ D₁ N₁ P D₁ M₂ G₃ R₂ G₃ Ṡ,False
yuddhapravartini,Yuddhapravartini,yuddhapravartini,61,KaantaamaNi,S R2 G3 P D1 N1 S,S N1 D1 P G3 R2 S,S R₂ G₃ P D₁ N₁ Ṡ,S N₁ D₁ P G₃ R₂ Ṡ,False
ratipriyaa,Ratipriyaa,ratipriyaa,62,Rishhabhapriyaa,S R2 G3 M2 P D1 N2 S,S N2 D1 P M2 G3 R2 S,S R₂ G₃ M₂ P D₁ N₂ Ṡ,S N₂ D₁ P M₂ G₃ R₂ Ṡ,False
abradesi,AbradEsi,abradEsi,62,Rishhabhapriyaa,S G3 M2 P D1 N2 D1 S,S D1 N2 P M2 G3 S,S G₃ M₂ P D₁ N₂ D₁ Ṡ,S D₁ N₂ P M₂ G₃ Ṡ,False
abradesi,AbradEsi,abradEsi,62,Rishhabhapriyaa,S G3 M2 P D1 N2 D1 S,S N2 D1 P M2 G3 R2 G3 S,S G₃ M₂ P D₁ N₂ D₁ Ṡ,S N₂ D₁ P M₂ G₃ R₂ G₃ Ṡ,False
abraketi,AbrakEti,abrakEti,62,Rishhabhapriyaa,S G3 M2 P D1 N2 D1 S,S D1 N2 P M2 G3 S,S G₃ M₂ P D₁ N₂ D₁ Ṡ,S D₁ N₂ P M₂ G₃ Ṡ,False
abraketi,AbrakEti,abrakEti,62,Rishhabhapriyaa,S G3 M2 P D1 N2 D1 S,S N2 D1 P M2 G3 S,S G₃ M₂ P D₁ N₂ D₁ Ṡ,S N₂ D₁ P M₂ G₃ Ṡ,False
agamarudam,AgamaruDam,agamaruDam,62,Rishhabhapriyaa,S R2 G3 P N2 S,S D1 P M2 G3 R2 S,S R₂ G₃ P N₂ Ṡ,S D₁ P M₂ G₃ R₂ Ṡ,False
aguduri,AguDuri,aguDuri,62,Rishhabhapriyaa,S R2 G3 P D1 S,S N2 P M2 G3 R2 S,S R₂ G₃ P D₁ Ṡ,S N₂ P M₂ G₃ R₂ Ṡ,False
amradesi,AmradEsi,AmradEsi,62,Rishhabhapriyaa,S G3 M2 P D1 N2 D1 S,S D1 N2 P M2 G3 S,S G₃ M₂ P D₁ N₂ D₁ Ṡ,S D₁ N₂ P M₂ G₃ Ṡ,False
amradesi,AmradEsi,AmradEsi,62,Rishhabhapriyaa,S G3 M2 P D1 N2 D1 S,S N2 D1 P M2 G3 R2 G3 S,S G₃ M₂ P D₁ N₂ D₁ Ṡ,S N₂ D₁ P M₂ G₃ R₂ G₃ Ṡ,False
amradesi,AmradEsi,AmradEsi,62,Rishhabhapriyaa,S G3 M2 P D1 N2 D1 S,S N2 D1 P M2 G3 S,S G₃ M₂ P D₁ N₂ D₁ Ṡ,S N₂ D₁ P M₂ G₃ Ṡ,False
angaranga,AngarangA,angarangA,62,Rishhabhapriyaa,S R2 G3 P D1 S,S N2 P M2 G3 S,S R₂ G₃ P D₁ Ṡ,S N₂ P M₂ G₃ Ṡ,False
angayarkkanni,AngayarkkaNNi,angayarkkaNNi,62,Rishhabhapriyaa,S R2 M2 P S,S D1 P M2 G3 R2 S,S R₂ M₂ P Ṡ,S D₁ P M₂ G₃ R₂ Ṡ,False
apradesi,ApradEsi,apradEsi,62,Rishhabhapriyaa,S G3 M2 P D1 N2 D1 S,S N2 D1 P M2 G3 S,S G₃ M₂ P D₁ N₂ D₁ Ṡ,S N₂ D₁ P M₂ G₃ Ṡ,False
arambhadesi,ArambhadEsi,arambhadEsi,62,Rishhabhapriyaa,S G3 M2 P D1 N2 D1 S,S D1 N2 P M2 G3 S,S G₃ M₂ P D₁ N₂ D₁ Ṡ,S D₁ N₂ P M₂ G₃ Ṡ,False
ayanam,Ayanam,ayanam,62,Rishhabhapriyaa,S R2 G3 M2 P D1 N2 S,S N2 P G3 R2 S,S R₂ G₃ M₂ P D₁ N₂ Ṡ,S N₂ P G₃ R₂ Ṡ,False
ayini,Ayini,ayini,62,Rishhabhapriyaa,S R2 G3 M2 P D1 N2 S,S N2 P M2 G3 S,S R₂ G₃ M₂ P D₁ N₂ Ṡ,S N₂ P M₂ G₃ Ṡ,False
ayirai,Ayirai,ayirai,62,Rishhabhapriyaa,S R2 G3 M2 P D1 N2 S,S D1 P G3 R2 S,S R₂ G₃ M₂ P D₁ N₂ Ṡ,S D₁ P G₃ R₂ Ṡ,False
bhracedashan,BhrAcEdashan,bhrAcEdashan,62,Rishhabhapriyaa,S G3 P N2 S,S D1 P M2 R2 S,S G₃ P N₂ Ṡ,S D₁ P M₂ R₂ Ṡ,False
bhrata,BhrAtA,bhrAtA,62,Rishhabhapriyaa,S G3 P D1 S,S N2 P M2 R2 S,S G₃ P D₁ Ṡ,S N₂ P M₂ R₂ Ṡ,False
bhrngadhvani,Bhrngadhvani,bhrngadhvani,62,Rishhabhapriyaa,S G3 M2 P D1 N2 S,S N2 D1 P M2 G3 S,S G₃ M₂ P D₁ N₂ Ṡ,S N₂ D₁ P M₂ G₃ Ṡ,False
bhujangam,Bhujangam,bhujangam,62,Rishhabhapriyaa,S R2 M2 D1 S,S N2 P G3 S,S R₂ M₂ D₁ Ṡ,S N₂ P G₃ Ṡ,False
brndavanadeshaksi,BrndAvanadEshAkSi,brndAvanadEshAkSi,62,Rishhabhapriyaa,S R2 G3 M2 P M2 D1 S,S D1 P M2 G3 R2 S,S R₂ G₃ M₂ P M₂ D₁ Ṡ,S D₁ P M₂ G₃ R₂ Ṡ,False
gangaipriyan,Gangaipriyan,gangaipriyan,62,Rishhabhapriyaa,S R2 G3 M2 P D1 S,S N2 P M2 R2 S,S R₂ G₃ M₂ P D₁ Ṡ,S N₂ P M₂ R₂ Ṡ,False
gokulamurti,GOkulamUrti,gOkulamUrti,62,Rishhabhapriyaa,S R2 G3 P D1 S,S N2 D1 P M2 G3 R2 S,S R₂ G₃ P D₁ Ṡ,S N₂ D₁ P M₂ G₃ R₂ Ṡ,False
gopiya,GOpiyA,gOpiyA,62,Rishhabhapriyaa,S R2 G3 M2 D1 N2 S,S N2 D1 M2 G3 R2 S,S R₂ G₃ M₂ D₁ N₂ Ṡ,S N₂ D₁ M₂ G₃ R₂ Ṡ,False
innishakkadal,InnishakkaDal,innishakkaDal,62,Rishhabhapriyaa,S G3 P D1 S,S N2 P M2 G3 R2 S,S G₃ P D₁ Ṡ,S N₂ P M₂ G₃ R₂ Ṡ,False
jalakesari,JAlakEsari,jAlakEsari,62,Rishhabhapriyaa,S R2 M2 P D1 N2 S,S D1 P M2 R2 S,S R₂ M₂ P D₁ N₂ Ṡ,S D₁ P M₂ R₂ Ṡ,False
jaudagandhari,JauDagAndhAri,jauDagAndhAri,62,Rishhabhapriyaa,S R2 G3 M2 P D1 S,S N2 D1 P M2 G3 R2 S,S R₂ G₃ M₂ P D₁ Ṡ,S N₂ D₁ P M₂ G₃ R₂ Ṡ,False
jyotispati,JyOtiSpati,jyOtiSpati,62,Rishhabhapriyaa,S R2 G3 M2 P S,S N2 D1 P M2 G3 R2 S,S R₂ G₃ M₂ P Ṡ,S N₂ D₁ P M₂ G₃ R₂ Ṡ,False
kanakanasamani,KanakanAsAmaNi,kanakanAsAmaNi,62,Rishhabhapriyaa,S R2 G3 R2 M2 P D1 N2 S,S N2 D1 P M2 G3 R2 S,S R₂ G₃ R₂ M₂ P D₁ N₂ Ṡ,S N₂ D₁ P M₂ G₃ R₂ Ṡ,False
katyayani,KAtyAyani,kAtyAyani,62,Rishhabhapriyaa,S R2 G3 M2 P N2 S,S N2 P M2 G3 R2 S,S R₂ G₃ M₂ P N₂ Ṡ,S N₂ P M₂ G₃ R₂ Ṡ,False
maguduran,MagudUran,magudUran,62,Rishhabhapriyaa,S R2 M2 P N2 S,S D1 P G3 S,S R₂ M₂ P N₂ Ṡ,S D₁ P G₃ Ṡ,False
mamahalingam,MAmahAlingam,mAmahAlingam,62,Rishhabhapriyaa,S R2 M2 P D1 S,S N2 P G3 S,S R₂ M₂ P D₁ Ṡ,S N₂ P G₃ Ṡ,False
mangayarkkarashi,Mangayarkkarashi,mangayarkkarashi,62,Rishhabhapriyaa,S R2 G3 M2 P N2 S,S N2 P M2 G3 R2 S,S R₂ G₃ M₂ P N₂ Ṡ,S N₂ P M₂ G₃ R₂ Ṡ,False
manivantam,MaNivantam,maNivantam,62,Rishhabhapriyaa,S R2 G3 M2 P D1 N2 S,S N2 P D1 M2 G3 R2 S,S R₂ G₃ M₂ P D₁ N₂ Ṡ,S N₂ P D₁ M₂ G₃ R₂ Ṡ,False
mavuka,MAvukA,mAvukA,62,Rishhabhapriyaa,S G3 M2 P D1 N2 S,S N2 P G3 R2 S,S G₃ M₂ P D₁ N₂ Ṡ,S N₂ P G₃ R₂ Ṡ,False
mayuradhvani,MayUradhvani,mayUradhvani,62,Rishhabhapriyaa,S R2 G3 M2 P D1 N2 S,S N2 S D1 M2 R2 S,S R₂ G₃ M₂ P D₁ N₂ Ṡ,S N₂ Ṡ D₁ M₂ R₂ Ṡ,False
meghapantu,MEghapantu,mEghapantu,62,Rishhabhapriyaa,S R2 M2 P N2 S,S N2 D1 P M2 D1 M2 G3 R2 S,S R₂ M₂ P N₂ Ṡ,S N₂ D₁ P M₂ D₁ M₂ G₃ R₂ Ṡ,False
muktamani,MuktamaNi,muktamaNi,62,Rishhabhapriyaa,S R2 G3 R2 G3 M2 P D1 N2 S,S N2 D1 P M2 G3 R2 S,S R₂ G₃ R₂ G₃ M₂ P D₁ N₂ Ṡ,S N₂ D₁ P M₂ G₃ R₂ Ṡ,False
muktavali,MuktAvaLi,muktAvaLi,62,Rishhabhapriyaa,S R2 G3 M2 P N2 D1 S,S N2 D1 P M2 G3 R2 S,S R₂ G₃ M₂ P N₂ D₁ Ṡ,S N₂ D₁ P M₂ G₃ R₂ Ṡ,False
nammazhvar,NammAzhvAr,nammAzhvAr,62,Rishhabhapriyaa,S R2 G3 P N2 S,S N2 D1 P M2 G3 R2 S,S R₂ G₃ P N₂ Ṡ,S N₂ D₁ P M₂ G₃ R₂ Ṡ,False
namohari,NAmOhari,nAmOhari,62,Rishhabhapriyaa,S R2 G3 M2 P D1 S,S N2 P G3 S,S R₂ G₃ M₂ P D₁ Ṡ,S N₂ P G₃ Ṡ,False
nediyon,NeDiyoN,neDiyoN,62,Rishhabhapriyaa,S R2 G3 M2 P D1 S,S D1 P M2 G3 R2 S,S R₂ G₃ M₂ P D₁ Ṡ,S D₁ P M₂ G₃ R₂ Ṡ,False
nellaiappan,Nellaiappan,nellaiappan,62,Rishhabhapriyaa,S R2 G3 M2 P D1 N2 S,S N2 P G3 S,S R₂ G₃ M₂ P D₁ N₂ Ṡ,S N₂ P G₃ Ṡ,False
nellainayaki,NellainAyaki,nellainAyaki,62,Rishhabhapriyaa,S G3 P D1 S,S N2 D1 P M2 G3 R2 S,S G₃ P D₁ Ṡ,S N₂ D₁ P M₂ G₃ R₂ Ṡ,False
omkarasvarupini,OmkArasvarUpiNi,OmkArasvarUpiNi,62,Rishhabhapriyaa,S R2 G3 M2 P N2 S,S N2 P M2 G3 R2 S,S R₂ G₃ M₂ P N₂ Ṡ,S N₂ P M₂ G₃ R₂ Ṡ,False
omshuddharagam,OmshuddharAgam,OmshuddharAgam,62,Rishhabhapriyaa,S G3 M2 P N2 S,S D1 P M2 G3 R2 S,S G₃ M₂ P N₂ Ṡ,S D₁ P M₂ G₃ R₂ Ṡ,False
padmakanti,PadmakAnti,padmakAnti,62,Rishhabhapriyaa,S R2 G3 M2 P D1 N2 S,S N2 P M2 G3 R2 S,S R₂ G₃ M₂ P D₁ N₂ Ṡ,S N₂ P M₂ G₃ R₂ Ṡ,False
parvatam,Parvatam,parvatam,62,Rishhabhapriyaa,S R2 M2 P N2 S,S D1 P M2 G3 S,S R₂ M₂ P N₂ Ṡ,S D₁ P M₂ G₃ Ṡ,False
pudali,PuDali,puDali,62,Rishhabhapriyaa,S G3 P N2 S,S D1 M2 R2 S,S G₃ P N₂ Ṡ,S D₁ M₂ R₂ Ṡ,False
purnasaveri,PUrNasAvEri,pUrNasAvEri,62,Rishhabhapriyaa,S R2 M2 P D1 S,S N2 D1 P M2 G3 R2 S,S R₂ M₂ P D₁ Ṡ,S N₂ D₁ P M₂ G₃ R₂ Ṡ,False
purnasupura,PUrNasupura,pUrNasupura,62,Rishhabhapriyaa,S R2 G3 M2 P N2 S,S N2 P D1 P M2 R2 S,S R₂ G₃ M₂ P N₂ Ṡ,S N₂ P D₁ P M₂ R₂ Ṡ,False
ratipriya,RatipriyA,ratipriyA,62,Rishhabhapriyaa,S R2 G3 M2 P D1 N2 S,S N2 D1 P M2 G3 R2 S,S R₂ G₃ M₂ P D₁ N₂ Ṡ,S N₂ D₁ P M₂ G₃ R₂ Ṡ,False
ratnabanu,RatnabAnu,ratnabAnu,62,Rishhabhapriyaa,S R2 M2 G3 R2 M2 P N2 D1 N2 S,S N2 D1 P M2 G3 R2 S,S R₂ M₂ G₃ R₂ M₂ P N₂ D₁ N₂ Ṡ,S N₂ D₁ P M₂ G₃ R₂ Ṡ,False
ratnabanu,RatnabAnu,ratnabAnu,62,Rishhabhapriyaa,S R2 M2 P N2 D1 N2 S,S N2 D1 P M2 G3 R2 S,S R₂ M₂ P N₂ D₁ N₂ Ṡ,S N₂ D₁ P M₂ G₃ R₂ Ṡ,False
risabhapriya,RiSabhapriyA,riSabhapriyA,62,Rishhabhapriyaa,S R2 G3 M2 P D1 N2 S,S N2 D1 P M2 G3 R2 S,S R₂ G₃ M₂ P D₁ N₂ Ṡ,S N₂ D₁ P M₂ G₃ R₂ Ṡ,False
rsabha,RSabha,rSabha,62,Rishhabhapriyaa,S G3 R2 G3 M2 P D1 N2 S,S N2 D1 P M2 G3 R2 S,S G₃ R₂ G₃ M₂ P D₁ N₂ Ṡ,S N₂ D₁ P M₂ G₃ R₂ Ṡ,False
ruciramani,RuciramaNi,ruciramaNi,62,Rishhabhapriyaa,S G3 M2 P D1 N2 D1 S,S D1 P M2 G3 R2 S,S G₃ M₂ P D₁ N₂ D₁ Ṡ,S D₁ P M₂ G₃ R₂ Ṡ,False
sarveshvari,SarvEshvari,sarvEshvari,62,Rishhabhapriyaa,S R2 G3 P D1 N2 S,S N2 D1 P M2 P G3 R2 S,S R₂ G₃ P D₁ N₂ Ṡ,S N₂ D₁ P M₂ P G₃ R₂ Ṡ,False
shikkalnathan,ShikkalnAthan,shikkalnAthan,62,Rishhabhapriyaa,S G3 P N2 S,S N2 D1 P M2 G3 R2 S,S G₃ P N₂ Ṡ,S N₂ D₁ P M₂ G₃ R₂ Ṡ,False
shivalayamanohari,ShivAlayamanOhari,shivAlayamanOhari,62,Rishhabhapriyaa,S R2 G3 M2 P N2 S,S D1 P G3 S,S R₂ G₃ M₂ P N₂ Ṡ,S D₁ P G₃ Ṡ,False
shivanayaki,ShivanAyaki,shivanAyaki,62,Rishhabhapriyaa,S R2 M2 P D1 N2 S,S D1 P G3 S,S R₂ M₂ P D₁ N₂ Ṡ,S D₁ P G₃ Ṡ,False
shivanayaki,ShivanAyaki,shivanAyaki,62,Rishhabhapriyaa,S R2 M2 P D1 N2 S,S D1 P M2 G3 R2 S,S R₂ M₂ P D₁ N₂ Ṡ,S D₁ P M₂ G₃ R₂ Ṡ,False
shrijaudagandhari,ShrIjauDagAndhAri,shrIjauDagAndhAri,62,Rishhabhapriyaa,S R2 G3 M2 P D1 S,S N2 D1 P M2 G3 R2 S,S R₂ G₃ M₂ P D₁ Ṡ,S N₂ D₁ P M₂ G₃ R₂ Ṡ,False
shrivedagiri,ShrIvEdagiri,shrIvEdagiri,62,Rishhabhapriyaa,S G3 P N2 S,S D1 P M2 G3 R2 S,S G₃ P N₂ Ṡ,S D₁ P M₂ G₃ R₂ Ṡ,False
shuddhaputtari,Shuddhaputtari,shuddhaputtari,62,Rishhabhapriyaa,S N2 S R2 G3 M2 P D1,D1 P M2 G3 R2 S N2 S,S N₂ Ṡ R₂ G₃ M₂ P D₁,D₁ P M₂ G₃ R₂ Ṡ N₂ Ṡ,False
shuddhaputtari,Shuddhaputtari,shuddhaputtari,62,Rishhabhapriyaa,S N2 S R2 S M2 P D1,D1 P M2 G3 R2 S N2 S,S N₂ Ṡ R₂ Ṡ M₂ P D₁,D₁ P M₂ G₃ R₂ Ṡ N₂ Ṡ,False
shuddhasaranga,ShuddhasAranga,shuddhasAranga,62,Rishhabhapriyaa,S G3 M2 P N2 S,S N2 P M2 G3 R2 S,S G₃ M₂ P N₂ Ṡ,S N₂ P M₂ G₃ R₂ Ṡ,False
shuddhauttari,Shuddhauttari,shuddhauttari,62,Rishhabhapriyaa,S R2 G3 M2 P D1,D1 P M2 G3 R2 S N2,S R₂ G₃ M₂ P D₁,D₁ P M₂ G₃ R₂ Ṡ N₂,False
somamanjari,SOmamanjari,sOmamanjari,62,Rishhabhapriyaa,S R2 M2 P D1 N2 D1 S,S N2 P M2 R2 G3 R2 S,S R₂ M₂ P D₁ N₂ D₁ Ṡ,S N₂ P M₂ R₂ G₃ R₂ Ṡ,False
sureshvari,SurEshvari,surEshvari,62,Rishhabhapriyaa,S R2 G3 P D1 N2 S,S N2 D1 P M2 P G3 R2 S,S R₂ G₃ P D₁ N₂ Ṡ,S N₂ D₁ P M₂ P G₃ R₂ Ṡ,False
tejovati,TEjOvati,tEjOvati,62,Rishhabhapriyaa,S R2 M2 P D1 N2 S,S N2 D1 P M2 R2 S,S R₂ M₂ P D₁ N₂ Ṡ,S N₂ D₁ P M₂ R₂ Ṡ,False
vadivazhagan,VaDivazhagan,vaDivazhagan,62,Rishhabhapriyaa,S R2 G3 M2 P D1 N2 S,S D1 P G3 S,S R₂ G₃ M₂ P D₁ N₂ Ṡ,S D₁ P G₃ Ṡ,False
varadan,Varadan,varadan,62,Rishhabhapriyaa,S R2 M2 P D1 N2 S,S N2 D1 P M2 G3 S,S R₂ M₂ P D₁ N₂ Ṡ,S N₂ D₁ P M₂ G₃ Ṡ,False
varan,Varan,varan,62,Rishhabhapriyaa,S R2 G3 M2 D1 S,S D1 M2 G3 R2 S,S R₂ G₃ M₂ D₁ Ṡ,S D₁ M₂ G₃ R₂ Ṡ,False
vedanayakapriya,VEdanAyakapriyA,vEdanAyakapriyA,62,Rishhabhapriyaa,S R2 G3 M2 P D1 N2 S,S N2 D1 P M2 G3 S,S R₂ G₃ M₂ P D₁ N₂ Ṡ,S N₂ D₁ P M₂ G₃ Ṡ,False
vijayagotrari,VijayagOtrAri,vijayagOtrAri,62,Rishhabhapriyaa,S R2 G3 M2 P D1 N2 S,S N2 D1 P M2 G3 R2 S,S R₂ G₃ M₂ P D₁ N₂ Ṡ,S N₂ D₁ P M₂ G₃ R₂ Ṡ,False
vijayagotrari,VijayagOtrari,vijayagOtrari,62,Rishhabhapriyaa,S R2 G3 M2 P N2 S,S N2 D1 P M2 G3 R2 S,S R₂ G₃ M₂ P N₂ Ṡ,S N₂ D₁ P M₂ G₃ R₂ Ṡ,False
vijayakoshala,VijayakOshala,vijayakOshala,62,Rishhabhapriyaa,S R2 G3 M2 P S,S N2 P M2 G3 S,S R₂ G₃ M₂ P Ṡ,S N₂ P M₂ G₃ Ṡ,False
vinamrtam,VINAmrtam,vINAmrtam,62,Rishhabhapriyaa,S R2 G3 M2 P D1 S,S N2 P M2 G3 R2 S,S R₂ G₃ M₂ P D₁ Ṡ,S N₂ P M₂ G₃ R₂ Ṡ,False
vinasukham,VINAsukham,vINAsukham,62,Rishhabhapriyaa,S R2 G3 M2 D1 N2 S,S N2 D1 M2 G3 R2 S,S R₂ G₃ M₂ D₁ N₂ Ṡ,S N₂ D₁ M₂ G₃ R₂ Ṡ,False
vinnavadadhipati,ViNNavadadhipati,viNNavadadhipati,62,Rishhabhapriyaa,S R2 G3 M2 P D1 N2 S,S D1 P M2 G3 R2 S,S R₂ G₃ M₂ P D₁ N₂ Ṡ,S D₁ P M₂ G₃ R₂ Ṡ,False
yataksi,YatAkSi,yatAkSi,62,Rishhabhapriyaa,S R2 G3 P D1 S,S N2 D1 M2 S,S R₂ G₃ P D₁ Ṡ,S N₂ D₁ M₂ Ṡ,False
geetapriyaa,Geetapriyaa,geetapriyaa,63,Lataangi,S R2 G3 M2 P D1 N3 S,S N3 D1 P M2 G3 R2 S,S R₂ G₃ M₂ P D₁ N₃ Ṡ,S N₃ D₁ P M₂ G₃ R₂ Ṡ,False
adan,ADan,aDan,63,Lataangi,S R2 M2 D1 N3 S,S N3 D1 M2 R2 S,S R₂ M₂ D₁ N₃ Ṡ,S N₃ D₁ M₂ R₂ Ṡ,False
adhipati,Adhipati,adhipati,63,Lataangi,S R2 G3 P N3 S,S D1 P M2 G3 R2 S,S R₂ G₃ P N₃ Ṡ,S D₁ P M₂ G₃ R₂ Ṡ,False
anandamayan,Anandamayan,Anandamayan,63,Lataangi,S R2 M2 D1 S,S N3 P G3 S,S R₂ M₂ D₁ Ṡ,S N₃ P G₃ Ṡ,False
anandarupi,AnandarUpi,AnandarUpi,63,Lataangi,S G3 P M2 S,S D1 M2 R2 S,S G₃ P M₂ Ṡ,S D₁ M₂ R₂ Ṡ,False
arakkam,Arakkam,arakkam,63,Lataangi,S G3 M2 P S,S N3 D1 M2 R2 S,S G₃ M₂ P Ṡ,S N₃ D₁ M₂ R₂ Ṡ,False
arakulam,ArakUlam,arakUlam,63,Lataangi,S G3 P N3 S,S D1 P M2 R2 S,S G₃ P N₃ Ṡ,S D₁ P M₂ R₂ Ṡ,False
badarivasantam,Badarivasantam,badarivasantam,63,Lataangi,S R2 G3 M2 N3 S,S N3 D1 P D1 N3 D1 M2 G3 R2 S,S R₂ G₃ M₂ N₃ Ṡ,S N₃ D₁ P D₁ N₃ D₁ M₂ G₃ R₂ Ṡ,False
bhadravazhai,Bhadravazhai,bhadravazhai,63,Lataangi,S M2 G3 M2 P N3 D1 S,S D1 P M2 G3 R2 S,S M₂ G₃ M₂ P N₃ D₁ Ṡ,S D₁ P M₂ G₃ R₂ Ṡ,False
bhinnanisadam,BhinnaniSAdam,bhinnaniSAdam,63,Lataangi,S N3 S R2 G3 M2 P D1 N3,P M2 G3 R2 S N3 S,S N₃ Ṡ R₂ G₃ M₂ P D₁ N₃,P M₂ G₃ R₂ Ṡ N₃ Ṡ,False
bhinnanisadam,BhinnaniSAdam,bhinnaniSAdam,63,Lataangi,S R2 G3 M2 P D1 N3,P M2 G3 R2 S N3,S R₂ G₃ M₂ P D₁ N₃,P M₂ G₃ R₂ Ṡ N₃,False
bhupkalyani,BhUpkalyANi,bhUpkalyANi,63,Lataangi,S R2 G3 P D1 S,S N3 D1 P M2 G3 R2 S,S R₂ G₃ P D₁ Ṡ,S N₃ D₁ P M₂ G₃ R₂ Ṡ,False
camundi,CAmuNDi,cAmuNDi,63,Lataangi,S G3 R2 M2 P N3 D1 S,S D1 N3 P M2 G3 R2 S,S G₃ R₂ M₂ P N₃ D₁ Ṡ,S D₁ N₃ P M₂ G₃ R₂ Ṡ,False
candradhari,CandrAdhari,candrAdhari,63,Lataangi,S G3 P D1 N3 S,S N3 D1 P G3 S,S G₃ P D₁ N₃ Ṡ,S N₃ D₁ P G₃ Ṡ,False
chatradhari,Chatradhari,chatradhari,63,Lataangi,S G3 M2 P M2 R2 P S,S N3 D1 P M2 G3 R2 S,S G₃ M₂ P M₂ R₂ P Ṡ,S N₃ D₁ P M₂ G₃ R₂ Ṡ,False
citracandrika,CitracandrikA,citracandrikA,63,Lataangi,S G3 R2 M2 P N3 D1 S,S N3 D1 M2 G3 R2 S,S G₃ R₂ M₂ P N₃ D₁ Ṡ,S N₃ D₁ M₂ G₃ R₂ Ṡ,False
devakunjaripriyan,DEvakunjaripriyan,dEvakunjaripriyan,63,Lataangi,S G3 P D1 S,S N3 D1 P M2 G3 R2 S,S G₃ P D₁ Ṡ,S N₃ D₁ P M₂ G₃ R₂ Ṡ,False
dhanaranjani,Dhanaranjani,dhanaranjani,63,Lataangi,S R2 G3 M2 P D1 P S,S N3 S D1 P M2 G3 R2 S,S R₂ G₃ M₂ P D₁ P Ṡ,S N₃ Ṡ D₁ P M₂ G₃ R₂ Ṡ,False
dhanaranjani,Dhanaranjani,dhanaranjani,63,Lataangi,S R2 G3 M2 P M2 D1 N3 S,S D1 N3 P M2 G3 R2 S,S R₂ G₃ M₂ P M₂ D₁ N₃ Ṡ,S D₁ N₃ P M₂ G₃ R₂ Ṡ,False
dhatri,DhAtri,dhAtri,63,Lataangi,S R2 M2 P D1 N3 S,N3 D1 P M2 R2 S,S R₂ M₂ P D₁ N₃ Ṡ,N₃ D₁ P M₂ R₂ Ṡ,False
dhatupriya,DhAtupriyA,dhAtupriyA,63,Lataangi,S R2 P M2 P D1 S,S N3 D1 P M2 G3 M2 R2 S,S R₂ P M₂ P D₁ Ṡ,S N₃ D₁ P M₂ G₃ M₂ R₂ Ṡ,False
dosarahitasvarupini,DOSarahitasvarUpiNi,dOSarahitasvarUpiNi,63,Lataangi,P M2 P D1 N3 S G3,R2 S N3 D1 P M2 P,P M₂ P D₁ N₃ Ṡ G₃,R₂ Ṡ N₃ D₁ P M₂ P,False
dosarahitasvarupini,DOSarahitasvarUpiNi,dOSarahitasvarUpiNi,63,Lataangi,S M2 P D1 N3 S,R2 S N3 D1 P M2 P,S M₂ P D₁ N₃ Ṡ,R₂ Ṡ N₃ D₁ P M₂ P,False
enal,Enal,enal,63,Lataangi,S R2 G3 M2 P N3 S,S D1 P G3 S,S R₂ G₃ M₂ P N₃ Ṡ,S D₁ P G₃ Ṡ,False
erakattannal,ErakattaNNal,erakattaNNal,63,Lataangi,S R2 G3 M2 P D1 N3 S,S D1 P G3 S,S R₂ G₃ M₂ P D₁ N₃ Ṡ,S D₁ P G₃ Ṡ,False
ezhilanayakan,EzhilanAyakan,ezhilanAyakan,63,Lataangi,S G3 P N3 S,S D1 P M2 G3 R2 S,S G₃ P N₃ Ṡ,S D₁ P M₂ G₃ R₂ Ṡ,False
ezhilanayaki,EzhilanAyaki,ezhilanAyaki,63,Lataangi,S G3 P D1 S,S N3 P M2 G3 R2 S,S G₃ P D₁ Ṡ,S N₃ P M₂ G₃ R₂ Ṡ,False
gananayaki,GaNanAyaki,gaNanAyaki,63,Lataangi,S G3 M2 N3 D1 P D1 N3 S,S N3 D1 P M2 G3 R2 S,S G₃ M₂ N₃ D₁ P D₁ N₃ Ṡ,S N₃ D₁ P M₂ G₃ R₂ Ṡ,False
gananayaki,GaNanAyaki,gaNanAyaki,63,Lataangi,S R2 G3 M2 P M2 D1 N3 S,S N3 D1 P M2 G3 R2 S,S R₂ G₃ M₂ P M₂ D₁ N₃ Ṡ,S N₃ D₁ P M₂ G₃ R₂ Ṡ,False
ghananayaki,GhananAyaki,ghananAyaki,63,Lataangi,S G3 M2 N3 D1 P D1 N3 S,S N3 D1 P M2 G3 R2 S,S G₃ M₂ N₃ D₁ P D₁ N₃ Ṡ,S N₃ D₁ P M₂ G₃ R₂ Ṡ,False
gitapriya,GItapriyA,gItapriyA,63,Lataangi,S R2 G3 M2 P D1 N3 S P D1,S N3 D1 P M2 R2 G3 R2 S,S R₂ G₃ M₂ P D₁ N₃ Ṡ P D₁,S N₃ D₁ P M₂ R₂ G₃ R₂ Ṡ,False
gitapriya,GItapriyA,gItapriyA,63,Lataangi,S R2 G3 M2 P D1 N3 S,S N3 D1 P M2 G3 R2 S,S R₂ G₃ M₂ P D₁ N₃ Ṡ,S N₃ D₁ P M₂ G₃ R₂ Ṡ,False
gotrari,GOtrAri,gOtrAri,63,Lataangi,S R2 M2 P D1 S,S N3 D1 P M2 G3 R2 S,S R₂ M₂ P D₁ Ṡ,S N₃ D₁ P M₂ G₃ R₂ Ṡ,False
govindadhanyasi,GOvindadhanyAsi,gOvindadhanyAsi,63,Lataangi,S R2 G3 M2 P D1 S,S D1 P M2 G3 R2 S,S R₂ G₃ M₂ P D₁ Ṡ,S D₁ P M₂ G₃ R₂ Ṡ,False
gurudasan,GurudAsan,gurudAsan,63,Lataangi,S R2 M2 P N3 S,S D1 P M2 G3 S,S R₂ M₂ P N₃ Ṡ,S D₁ P M₂ G₃ Ṡ,False
hamsalata,HamsalatA,hamsalatA,63,Lataangi,S R2 G3 P N3 S,S N3 D1 P M2 G3 R2 S,S R₂ G₃ P N₃ Ṡ,S N₃ D₁ P M₂ G₃ R₂ Ṡ,False
innishaivallal,InnishaivaLLal,innishaivaLLal,63,Lataangi,S R2 G3 M2 P N3 S,S D1 P M2 R2 S,S R₂ G₃ M₂ P N₃ Ṡ,S D₁ P M₂ R₂ Ṡ,False
ishaikkadal,IshaikkaDal,ishaikkaDal,63,Lataangi,S R2 G3 M2 P D1 N3 S,S D1 P M2 G3 S,S R₂ G₃ M₂ P D₁ N₃ Ṡ,S D₁ P M₂ G₃ Ṡ,False
ishaiulagajyoti,IshaiulagajyOti,ishaiulagajyOti,63,Lataangi,S R2 G3 M2 P N3 S,S D1 P M2 G3 S,S R₂ G₃ M₂ P N₃ Ṡ,S D₁ P M₂ G₃ Ṡ,False
ishaivaridhi,IshaivAridhi,ishaivAridhi,63,Lataangi,S R2 G3 M2 P D1 S,S N3 P M2 G3 S,S R₂ G₃ M₂ P D₁ Ṡ,S N₃ P M₂ G₃ Ṡ,False
jalodharam,JalOdharam,jalOdharam,63,Lataangi,S R2 G3 M2 P D2 N2 S,S N2 D2 N2 P G3 M2 G3 R2 S,S R₂ G₃ M₂ P D₂ N₂ Ṡ,S N₂ D₂ N₂ P G₃ M₂ G₃ R₂ Ṡ,False
janakari,Janakari,janakari,63,Lataangi,S R2 G3 M2 P N3 D1 S,S D1 P M2 R2 G3 R2 S,S R₂ G₃ M₂ P N₃ D₁ Ṡ,S D₁ P M₂ R₂ G₃ R₂ Ṡ,False
janaranjani,Janaranjani,janaranjani,63,Lataangi,S G3 R2 M2 P D1 N3 S,S N3 D1 P M2 R2 S,S G₃ R₂ M₂ P D₁ N₃ Ṡ,S N₃ D₁ P M₂ R₂ Ṡ,False
jhanakari,JhaNAkAri,jhaNAkAri,63,Lataangi,S R2 G3 M2 P N3 D1 S,S D1 P M2 R2 G3 R2 S,S R₂ G₃ M₂ P N₃ D₁ Ṡ,S D₁ P M₂ R₂ G₃ R₂ Ṡ,False
kaddalam,Kaddalam,kaddalam,63,Lataangi,S M2 P D1 N3 S,S N3 D1 P M2 S,S M₂ P D₁ N₃ Ṡ,S N₃ D₁ P M₂ Ṡ,False
kalanirnika,KAlAnirNika,kAlAnirNika,63,Lataangi,S G3 P N3 D1 S,S P M2 G3 R2 S,S G₃ P N₃ D₁ Ṡ,S P M₂ G₃ R₂ Ṡ,False
kananapriya,KAnanapriyA,kAnanapriyA,63,Lataangi,S G3 M2 N3 D1 P D1 N3 S,S N3 D1 P M2 G3 R2 S,S G₃ M₂ N₃ D₁ P D₁ N₃ Ṡ,S N₃ D₁ P M₂ G₃ R₂ Ṡ,False
kananapriya,KAnanapriyA,kAnanapriyA,63,Lataangi,S R2 G3 M2 P M2 D1 N3 S,S D1 N3 P M2 G3 R2 S,S R₂ G₃ M₂ P M₂ D₁ N₃ Ṡ,S D₁ N₃ P M₂ G₃ R₂ Ṡ,False
kannayaki,Kannayaki,kannayaki,63,Lataangi,S R2 G3 M2 P N3 D1 M2 P S,S N3 D1 M2 G3 R2 S,S R₂ G₃ M₂ P N₃ D₁ M₂ P Ṡ,S N₃ D₁ M₂ G₃ R₂ Ṡ,False
karunakari,KaruNAkari,karuNAkari,63,Lataangi,S M2 P D1 N3 D1 S,S N3 D1 P M2 S,S M₂ P D₁ N₃ D₁ Ṡ,S N₃ D₁ P M₂ Ṡ,False
kattalam,Kattalam,kattalam,63,Lataangi,S M2 P D1 N3 S,S N3 D1 P M2 S,S M₂ P D₁ N₃ Ṡ,S N₃ D₁ P M₂ Ṡ,False
komali,KOmali,kOmali,63,Lataangi,G3 R2 G3 M2 P N3 D1 M2 P S,S D1 N3 M2 G3 R2 S,G₃ R₂ G₃ M₂ P N₃ D₁ M₂ P Ṡ,S D₁ N₃ M₂ G₃ R₂ Ṡ,False
komali,KOmali,kOmali,63,Lataangi,S R2 G3 M2 P D1 P S,S D1 P S N3 S D1 P M2 G3 R2 S,S R₂ G₃ M₂ P D₁ P Ṡ,S D₁ P Ṡ N₃ Ṡ D₁ P M₂ G₃ R₂ Ṡ,False
komali,KOmali,kOmali,63,Lataangi,S R2 G3 M2 P N3 D1 M2 P S,S D1 N3 M2 G3 R2 S,S R₂ G₃ M₂ P N₃ D₁ M₂ P Ṡ,S D₁ N₃ M₂ G₃ R₂ Ṡ,False
kuberan,KubEran,kubEran,63,Lataangi,S R2 M2 P S,S D1 P M2 R2 S,S R₂ M₂ P Ṡ,S D₁ P M₂ R₂ Ṡ,False
kuberapriya,KubErapriyA,kubErapriyA,63,Lataangi,S R2 G3 P N3 S,S D1 P M2 G3 S,S R₂ G₃ P N₃ Ṡ,S D₁ P M₂ G₃ Ṡ,False
kubrapriya,KubRapriyA,kubRapriyA,63,Lataangi,S R2 G3 P N3 S,S D1 P M2 G3 S,S R₂ G₃ P N₃ Ṡ,S D₁ P M₂ G₃ Ṡ,False
lalitangi,LalitAngi,lalitAngi,63,Lataangi,S R2 G3 M2 D1 N3 S,S N3 D1 M2 G3 R2 S,S R₂ G₃ M₂ D₁ N₃ Ṡ,S N₃ D₁ M₂ G₃ R₂ Ṡ,False
latamani,LatAmaNi,latAmaNi,63,Lataangi,S R2 G3 M2 P D1 N3 S,S N3 D1 M2 G3 R2 S,S R₂ G₃ M₂ P D₁ N₃ Ṡ,S N₃ D₁ M₂ G₃ R₂ Ṡ,False
latamati,LatAmati,latAmati,63,Lataangi,S R2 G3 M2 P D1 N3 S,S N3 D1 M2 G3 R2 S,S R₂ G₃ M₂ P D₁ N₃ Ṡ,S N₃ D₁ M₂ G₃ R₂ Ṡ,False
latangi,LatAngi,latAngi,63,Lataangi,S R2 G3 M2 P D1 N3 S,S N3 D1 P M2 G3 R2 S,S R₂ G₃ M₂ P D₁ N₃ Ṡ,S N₃ D₁ P M₂ G₃ R₂ Ṡ,False
lilavinodini,LIlAvinOdini,lIlAvinOdini,63,Lataangi,S R2 G3 M2 P D1 N3 D1 S,S N3 D1 P M2 G3 R2 S,S R₂ G₃ M₂ P D₁ N₃ D₁ Ṡ,S N₃ D₁ P M₂ G₃ R₂ Ṡ,False
maduraivasan,MaduraivAsan,maduraivAsan,63,Lataangi,S R2 G3 P N3 S,S N3 P M2 G3 R2 S,S R₂ G₃ P N₃ Ṡ,S N₃ P M₂ G₃ R₂ Ṡ,False
maduraivasani,MaduraivAsani,maduraivAsani,63,Lataangi,S G3 M2 P D1 S,S N3 P M2 G3 R2 S,S G₃ M₂ P D₁ Ṡ,S N₃ P M₂ G₃ R₂ Ṡ,False
mahatma,MahAtmA,mahAtmA,63,Lataangi,S R2 M2 P N3 S,S D1 M2 G3 S,S R₂ M₂ P N₃ Ṡ,S D₁ M₂ G₃ Ṡ,False
mangalanayaki,MangaLanAyaki,mangaLanAyaki,63,Lataangi,S R2 M2 P N3 S,S N3 P M2 G3 R2 S,S R₂ M₂ P N₃ Ṡ,S N₃ P M₂ G₃ R₂ Ṡ,False
mayuragiri,MayUragiri,mayUragiri,63,Lataangi,S R2 G3 M2 P D1 N3 S,S D1 P G3 R2 S,S R₂ G₃ M₂ P D₁ N₃ Ṡ,S D₁ P G₃ R₂ Ṡ,False
mukundakalyani,MukundakalyANi,mukundakalyANi,63,Lataangi,S R2 G3 M2 P D1 N3 S,S D1 P M2 G3 R2 S,S R₂ G₃ M₂ P D₁ N₃ Ṡ,S D₁ P M₂ G₃ R₂ Ṡ,False
mukurangi,Mukurangi,mukurangi,63,Lataangi,S G3 M2 N3 D1 N3 S,S N3 D1 P M2 G3 M2 R2 S,S G₃ M₂ N₃ D₁ N₃ Ṡ,S N₃ D₁ P M₂ G₃ M₂ R₂ Ṡ,False
nagavahini,NAgavAhini,nAgavAhini,63,Lataangi,S R2 G3 P M2 D1 N3 S,S N3 D1 P M2 G3 R2 S,S R₂ G₃ P M₂ D₁ N₃ Ṡ,S N₃ D₁ P M₂ G₃ R₂ Ṡ,False
naimapriya,NaimapriyA,naimapriyA,63,Lataangi,S R2 M2 G3 M2 D1 P D1 S,S N3 D1 P M2 G3 P M2 G3 R2 S,S R₂ M₂ G₃ M₂ D₁ P D₁ Ṡ,S N₃ D₁ P M₂ G₃ P M₂ G₃ R₂ Ṡ,False
naimapriya,NaimapriyA,naimapriyA,63,Lataangi,S R2 M2 G3 M2 D1 P D1,S N3 D1 P M2 G3 P M2 G3 R2 S,S R₂ M₂ G₃ M₂ D₁ P D₁,S N₃ D₁ P M₂ G₃ P M₂ G₃ R₂ Ṡ,False
navaratnabhusani,NavaratnabhUSaNi,navaratnabhUSaNi,63,Lataangi,S R2 G3 M2 P D1 S,S N3 D1 P M2 G3 R2 S,S R₂ G₃ M₂ P D₁ Ṡ,S N₃ D₁ P M₂ G₃ R₂ Ṡ,False
navaratnabhusani,NavaratnabhUSaNi,navaratnabhUSaNi,63,Lataangi,S R2 M2 P D1 N3 S,S N3 D1 P M2 G3 S,S R₂ M₂ P D₁ N₃ Ṡ,S N₃ D₁ P M₂ G₃ Ṡ,False
nehru,Nehru,nehru,63,Lataangi,S R2 M2 P S,S N3 P M2 G3 R2 S,S R₂ M₂ P Ṡ,S N₃ P M₂ G₃ R₂ Ṡ,False
occai,Occai,occai,63,Lataangi,S R2 G3 M2 P D1 N3 S,S N3 P M2 G3 R2 S,S R₂ G₃ M₂ P D₁ N₃ Ṡ,S N₃ P M₂ G₃ R₂ Ṡ,False
odi,Odi,odi,63,Lataangi,S R2 G3 M2 P N3 S,S N3 D1 P M2 G3 R2 S,S R₂ G₃ M₂ P N₃ Ṡ,S N₃ D₁ P M₂ G₃ R₂ Ṡ,False
odishil,ODishil,oDishil,63,Lataangi,S R2 G3 M2 P D1 N3 S,S D1 P M2 G3 R2 S,S R₂ G₃ M₂ P D₁ N₃ Ṡ,S D₁ P M₂ G₃ R₂ Ṡ,False
oliyal,Oliyal,oliyal,63,Lataangi,S R2 G3 P D1 N3 S,S N3 D1 P M2 G3 R2 S,S R₂ G₃ P D₁ N₃ Ṡ,S N₃ D₁ P M₂ G₃ R₂ Ṡ,False
om,Om,om,63,Lataangi,S R2 G3 M2 P D1 N3 S,S N3 P M2 G3 S,S R₂ G₃ M₂ P D₁ N₃ Ṡ,S N₃ P M₂ G₃ Ṡ,False
padmavati,PadmAvati,padmAvati,63,Lataangi,S R2 G3 M2 P S,S N3 D1 P M2 G3 R2 S,S R₂ G₃ M₂ P Ṡ,S N₃ D₁ P M₂ G₃ R₂ Ṡ,False
patravazhai,PatravAzhai,patravAzhai,63,Lataangi,S M2 G3 M2 P N3 D1 S,S D1 P M2 G3 R2 S,S M₂ G₃ M₂ P N₃ D₁ Ṡ,S D₁ P M₂ G₃ R₂ Ṡ,False
peruran,PErUran,pErUran,63,Lataangi,S R2 G3 P N3 S,S N3 D1 P M2 G3 R2 S,S R₂ G₃ P N₃ Ṡ,S N₃ D₁ P M₂ G₃ R₂ Ṡ,False
piccaiappa,PiccaiappA,piccaiappA,63,Lataangi,S R2 G3 M2 P D1 N3 S,S N3 P G3 R2 S,S R₂ G₃ M₂ P D₁ N₃ Ṡ,S N₃ P G₃ R₂ Ṡ,False
purnanisadam,PUrNaniSAdam,pUrNaniSAdam,63,Lataangi,P D1 N3 D1 S R2 G3 M2,P M2 G3 R2 S R2 S N3 D1 P,P D₁ N₃ D₁ Ṡ R₂ G₃ M₂,P M₂ G₃ R₂ Ṡ R₂ Ṡ N₃ D₁ P,False
purnanisadam,PUrNaniSAdam,pUrNaniSAdam,63,Lataangi,P D1 N3 S R2 G3 M2,P M2 G3 S R2 S N3 D1 P,P D₁ N₃ Ṡ R₂ G₃ M₂,P M₂ G₃ Ṡ R₂ Ṡ N₃ D₁ P,False
purvaraushika,PUrvaraushika,pUrvaraushika,63,Lataangi,S R2 M2 P M2 N3 D1 S,S N3 P M2 G3 R2 S N3 D1 N3 S,S R₂ M₂ P M₂ N₃ D₁ Ṡ,S N₃ P M₂ G₃ R₂ Ṡ N₃ D₁ N₃ Ṡ,False
ramani,RamaNi,ramaNi,63,Lataangi,S G3 M2 P N3 S,S N3 D1 P M2 G3 S,S G₃ M₂ P N₃ Ṡ,S N₃ D₁ P M₂ G₃ Ṡ,False
ratnakanti,RatnakAnti,ratnakAnti,63,Lataangi,S R2 G3 M2 P N3 S,S N3 P M2 G3 R2 S,S R₂ G₃ M₂ P N₃ Ṡ,S N₃ P M₂ G₃ R₂ Ṡ,False
ravisvaraupini,RavisvaraUpiNi,ravisvaraUpiNi,63,Lataangi,S G3 M2 P D1 N3 S,S N3 D1 P M2 G3 S,S G₃ M₂ P D₁ N₃ Ṡ,S N₃ D₁ P M₂ G₃ Ṡ,False
sadvidhasvarupini,SaDvidhasvarUpiNi,saDvidhasvarUpiNi,63,Lataangi,S G3 R2 G3 M2 N3 S,S N3 D1 P M2 G3 R2 S,S G₃ R₂ G₃ M₂ N₃ Ṡ,S N₃ D₁ P M₂ G₃ R₂ Ṡ,False
sadvidhasvarupini,SaDvidhasvarUpiNi,saDvidhasvarUpiNi,63,Lataangi,S R2 G3 R2 M2 N3 S,S N3 D1 P M2 G3 R2 S,S R₂ G₃ R₂ M₂ N₃ Ṡ,S N₃ D₁ P M₂ G₃ R₂ Ṡ,False
sajjananandi,SajjanAnandi,sajjanAnandi,63,Lataangi,S R2 G3 M2 P D1 N3 S,S N3 D1 M2 G3 R2 S,S R₂ G₃ M₂ P D₁ N₃ Ṡ,S N₃ D₁ M₂ G₃ R₂ Ṡ,False
sajjananandi,SajjanAnandi,sajjanAnandi,63,Lataangi,S R2 G3 M2 P D1 N3 S,S N3 D1 P M2 G3 R2 S,S R₂ G₃ M₂ P D₁ N₃ Ṡ,S N₃ D₁ P M₂ G₃ R₂ Ṡ,False
sarabindu,SArabindu,sArabindu,63,Lataangi,S G3 R2 P D1 N3 D1 S,S N3 D1 N3 P M2 G3 S,S G₃ R₂ P D₁ N₃ D₁ Ṡ,S N₃ D₁ N₃ P M₂ G₃ Ṡ,False
sarangapani,SArangapANi,sArangapANi,63,Lataangi,S R2 G3 M2 P D1 N3 S,S D1 P M2 R2 G3 M2 R2 S,S R₂ G₃ M₂ P D₁ N₃ Ṡ,S D₁ P M₂ R₂ G₃ M₂ R₂ Ṡ,False
sarasamantini,Sarasamantini,sarasamantini,63,Lataangi,S R2 G3 M2 P D1 N3 S,S P M2 G3 R2 S,S R₂ G₃ M₂ P D₁ N₃ Ṡ,S P M₂ G₃ R₂ Ṡ,False
satputri,Satputri,satputri,63,Lataangi,S G3 M2 P M2 R2 P S,S N3 D1 P M2 G3 R2 S,S G₃ M₂ P M₂ R₂ P Ṡ,S N₃ D₁ P M₂ G₃ R₂ Ṡ,False
shadvidhasvarupi,ShadvidhasvarUpi,shadvidhasvarUpi,63,Lataangi,S G3 R2 G3 M2 N3 S,S N3 D1 P M2 G3 R2 S,S G₃ R₂ G₃ M₂ N₃ Ṡ,S N₃ D₁ P M₂ G₃ R₂ Ṡ,False
shaktiprakashini,ShaktiprakAshini,shaktiprakAshini,63,Lataangi,S R2 M2 D1 N3 S,S N3 D1 M2 R2 S,S R₂ M₂ D₁ N₃ Ṡ,S N₃ D₁ M₂ R₂ Ṡ,False
shlokavaralli,ShlOkavarAlli,shlOkavarAlli,63,Lataangi,S R2 G3 M2 D1 N3 S,S N3 D1 P M2 G3 R2 S,S R₂ G₃ M₂ D₁ N₃ Ṡ,S N₃ D₁ P M₂ G₃ R₂ Ṡ,False
shrierurndon,ShrIErUrndOn,shrIErUrndOn,63,Lataangi,S R2 M2 P D1 S,S N3 P G3 S,S R₂ M₂ P D₁ Ṡ,S N₃ P G₃ Ṡ,False
shrinavaratnabhusani,ShrInavaratnabhUSaNi,shrInavaratnabhUSaNi,63,Lataangi,S R2 M2 P D1 N3 S,S N3 D1 P M2 G3 S,S R₂ M₂ P D₁ N₃ Ṡ,S N₃ D₁ P M₂ G₃ Ṡ,False
shripadmavati,ShrIpadmAvati,shrIpadmAvati,63,Lataangi,S R2 G3 M2 P S,S N3 D1 P M2 G3 R2 S,S R₂ G₃ M₂ P Ṡ,S N₃ D₁ P M₂ G₃ R₂ Ṡ,False
shriramni,ShrIramNi,shrIramNi,63,Lataangi,S R2 G3 M2 P N3 S,S D1 P M2 G3 R2 S,S R₂ G₃ M₂ P N₃ Ṡ,S D₁ P M₂ G₃ R₂ Ṡ,False
shritiprakashini,ShritiprakAshini,shritiprakAshini,63,Lataangi,S R2 M2 D1 N3 S,S N3 D1 M2 R2 S,S R₂ M₂ D₁ N₃ Ṡ,S N₃ D₁ M₂ R₂ Ṡ,False
shrivedagiri,ShrIvEdagiri,shrIvEdagiri,63,Lataangi,S R2 G3 M2 P N3 S,S D1 P M2 G3 R2 S,S R₂ G₃ M₂ P N₃ Ṡ,S D₁ P M₂ G₃ R₂ Ṡ,False
shrngaramurti,ShrngAramUrti,shrngAramUrti,63,Lataangi,S R2 G3 M2 P N3 S,S N3 D1 P M2 G3 R2 S,S R₂ G₃ M₂ P N₃ Ṡ,S N₃ D₁ P M₂ G₃ R₂ Ṡ,False
shrutiprakashini,ShrutiprakAshini,shrutiprakAshini,63,Lataangi,S R2 M2 D1 N3 S,S N3 D1 M2 R2 S,S R₂ M₂ D₁ N₃ Ṡ,S N₃ D₁ M₂ R₂ Ṡ,False
shuddhakalanidhi,ShuddhakalAnidhi,shuddhakalAnidhi,63,Lataangi,S G3 P D1 N3 D1,P M2 G3 R2 S N3 S,S G₃ P D₁ N₃ D₁,P M₂ G₃ R₂ Ṡ N₃ Ṡ,False
shuddhakalanidhi,ShuddhakalAnidhi,shuddhakalAnidhi,63,Lataangi,S G3 P D1 N3,D1 P M2 G3 R2 S N3 S,S G₃ P D₁ N₃,D₁ P M₂ G₃ R₂ Ṡ N₃ Ṡ,False
shuddhakalanidhi,ShuddhakalAnidhi,shuddhakalAnidhi,63,Lataangi,S G3 P D1 N3,D1 P M2 G3 R2 S N3,S G₃ P D₁ N₃,D₁ P M₂ G₃ R₂ Ṡ N₃,False
shudraadhari,ShudraAdhari,shudraAdhari,63,Lataangi,S G3 M2 P M2 R2 PS,S N3 D1 P M2 G3 R2 S,S G₃ M₂ P M₂ R₂ PS,S N₃ D₁ P M₂ G₃ R₂ Ṡ,False
skandamanorama,SkandamanOramA,skandamanOramA,63,Lataangi,S R2 M2 P N3 S,S N3 P M2 R2 S,S R₂ M₂ P N₃ Ṡ,S N₃ P M₂ R₂ Ṡ,False
subhas,SubhAS,subhAS,63,Lataangi,S R2 M2 P D1 S,S N3 P G3 S,S R₂ M₂ P D₁ Ṡ,S N₃ P G₃ Ṡ,False
sujanaranjani,Sujanaranjani,sujanaranjani,63,Lataangi,S G3 R2 M2 P D1 N3 S,S N3 D1 P M2 R2 S,S G₃ R₂ M₂ P D₁ N₃ Ṡ,S N₃ D₁ P M₂ R₂ Ṡ,False
sukalvarupi,SukaLvarUpi,sukaLvarUpi,63,Lataangi,S R2 G3 M2 P D1 N3 S,S N3 P G3 S,S R₂ G₃ M₂ P D₁ N₃ Ṡ,S N₃ P G₃ Ṡ,False
supravahini,SupravAhini,supravAhini,63,Lataangi,S R2 G3 M2 N3 S,S N3 P M2 G3 R2 S,S R₂ G₃ M₂ N₃ Ṡ,S N₃ P M₂ G₃ R₂ Ṡ,False
svarnakanti,SvarNakAnti,svarNakAnti,63,Lataangi,S G3 M2 P D1 N3 S,S N3 P M2 G3 S,S G₃ M₂ P D₁ N₃ Ṡ,S N₃ P M₂ G₃ Ṡ,False
svarnakanti,SvarNakAnti,svarNakAnti,63,Lataangi,S G3 P M2 D1 N3 S,S N3 P M2 G3 R2 S,S G₃ P M₂ D₁ N₃ Ṡ,S N₃ P M₂ G₃ R₂ Ṡ,False
tanaranjani,TAnaranjani,tAnaranjani,63,Lataangi,S R2 G3 M2 P D1 P S,S D1 P S N3 S D1 P M2 G3 R2 S,S R₂ G₃ M₂ P D₁ P Ṡ,S D₁ P Ṡ N₃ Ṡ D₁ P M₂ G₃ R₂ Ṡ,False
tanaranjani,TAnaranjani,tAnaranjani,63,Lataangi,S R2 G3 M2 P D1 P S,S N3 S D1 P M2 G3 R2 S,S R₂ G₃ M₂ P D₁ P Ṡ,S N₃ Ṡ D₁ P M₂ G₃ R₂ Ṡ,False
tanaranjani,TAnaranjani,tAnaranjani,63,Lataangi,S R2 G3 M2 P M2 D1 N3 S,S D1 N3 P M2 G3 R2 S,S R₂ G₃ M₂ P M₂ D₁ N₃ Ṡ,S D₁ N₃ P M₂ G₃ R₂ Ṡ,False
umbalam,UmbaLam,umbaLam,63,Lataangi,S G3 P D1 S,S N3 P M2 R2 S,S G₃ P D₁ Ṡ,S N₃ P M₂ R₂ Ṡ,False
vallipriya,VaLLipriyA,vaLLipriyA,63,Lataangi,S G3 P N3 S,S N3 D1 P M2 G3 R2 S,S G₃ P N₃ Ṡ,S N₃ D₁ P M₂ G₃ R₂ Ṡ,False
vedagiri,VEdagiri,vEdagiri,63,Lataangi,S R2 G3 M2 P N3 S,S D1 P M2 G3 R2 S,S R₂ G₃ M₂ P N₃ Ṡ,S D₁ P M₂ G₃ R₂ Ṡ,False
vegamalini,VEgamAlini,vEgamAlini,63,Lataangi,S R2 M2 G3 M2 P D1 S,S N3 D1 P M2 D1 M2 R2 G3 R2 S,S R₂ M₂ G₃ M₂ P D₁ Ṡ,S N₃ D₁ P M₂ D₁ M₂ R₂ G₃ R₂ Ṡ,False
viran,VIran,vIran,63,Lataangi,S R2 G3 M2 P D1 S,S N3 P M2 R2 S,S R₂ G₃ M₂ P D₁ Ṡ,S N₃ P M₂ R₂ Ṡ,False
bhooshaavati,Bhooshaavati,bhooshaavati,64,Vaacaspati,S R2 G3 M2 P D2 N2 S,S N2 D2 P M2 G3 R2 S,S R₂ G₃ M₂ P D₂ N₂ Ṡ,S N₂ D₂ P M₂ G₃ R₂ Ṡ,False
adipucciyar,AdipUcciyar,adipUcciyar,64,Vaacaspati,S R2 G3 M2 P D2 N2 S,S N2 P M2 G3 S,S R₂ G₃ M₂ P D₂ N₂ Ṡ,S N₂ P M₂ G₃ Ṡ,False
airavati,AirAvati,airAvati,64,Vaacaspati,S R2 G3 M2 P D2 S,S D2 P M2 G3 R2 S,S R₂ G₃ M₂ P D₂ Ṡ,S D₂ P M₂ G₃ R₂ Ṡ,False
amari,Amari,amari,64,Vaacaspati,S G3 M2 P N2 S,S D2 P M2 G3 R2 S,S G₃ M₂ P N₂ Ṡ,S D₂ P M₂ G₃ R₂ Ṡ,False
andarnayaki,ANDarnAyaki,aNDarnAyaki,64,Vaacaspati,S R2 G3 M2 P N2 S,S D2 P M2 G3 R2 S,S R₂ G₃ M₂ P N₂ Ṡ,S D₂ P M₂ G₃ R₂ Ṡ,False
antarakodicci,AntarakoDicci,antarakoDicci,64,Vaacaspati,S R2 G3 P D2 N2 S,S N2 D2 P M2 G3 R2 S,S R₂ G₃ P D₂ N₂ Ṡ,S N₂ D₂ P M₂ G₃ R₂ Ṡ,False
antararnayaki,AntararnAyaki,antararnAyaki,64,Vaacaspati,S R2 G3 M2 P D2 N2 S,S N2 P G3 R2 S,S R₂ G₃ M₂ P D₂ N₂ Ṡ,S N₂ P G₃ R₂ Ṡ,False
anuruoli,AnURuoLi,anURuoLi,64,Vaacaspati,S R2 G3 M2 P D2 N2 S,S D2 P M2 G3 R2 S,S R₂ G₃ M₂ P D₂ N₂ Ṡ,S D₂ P M₂ G₃ R₂ Ṡ,False
anuvazhipriyan,Anuvazhipriyan,anuvazhipriyan,64,Vaacaspati,S R2 G3 M2 P D2 N2 S,S N2 P M2 G3 R2 S,S R₂ G₃ M₂ P D₂ N₂ Ṡ,S N₂ P M₂ G₃ R₂ Ṡ,False
arulnayaki,AruLnAyaki,aruLnAyaki,64,Vaacaspati,S R2 G3 P D2 S,S N2 P M2 G3 R2 S,S R₂ G₃ P D₂ Ṡ,S N₂ P M₂ G₃ R₂ Ṡ,False
arunagiri,AruNagiri,aruNagiri,64,Vaacaspati,S R2 G3 M2 D2 S,S D2 M2 G3 R2 S,S R₂ G₃ M₂ D₂ Ṡ,S D₂ M₂ G₃ R₂ Ṡ,False
baladayaki,BaladAyaki,baladAyaki,64,Vaacaspati,S G3 M2 P D2 N2 S,S D2 N2 P M2 G3 M2 R2 S,S G₃ M₂ P D₂ N₂ Ṡ,S D₂ N₂ P M₂ G₃ M₂ R₂ Ṡ,False
baladayaki,BaladAyaki,baladAyaki,64,Vaacaspati,S G3 P M2 D2 N2 S,S D2 N2 D2 G3 M2 G3 R2 S,S G₃ P M₂ D₂ N₂ Ṡ,S D₂ N₂ D₂ G₃ M₂ G₃ R₂ Ṡ,False
barbara,Barbara,barbara,64,Vaacaspati,S G3 M2 P D2 N2 S,S N2 D2 M2 G3 S,S G₃ M₂ P D₂ N₂ Ṡ,S N₂ D₂ M₂ G₃ Ṡ,False
barbara,Barbara,barbara,64,Vaacaspati,S G3 M2 R2 G3 M2 D2 N2 D2 S,S N2 D2 M2 G3 R2 S,S G₃ M₂ R₂ G₃ M₂ D₂ N₂ D₂ Ṡ,S N₂ D₂ M₂ G₃ R₂ Ṡ,False
barbara,Barbara,barbara,64,Vaacaspati,S R2 G3 R2 G3 M2 D2 N2 S,S N2 D2 G3 R2 S,S R₂ G₃ R₂ G₃ M₂ D₂ N₂ Ṡ,S N₂ D₂ G₃ R₂ Ṡ,False
bhadravibhasita,Bhadravibhasita,bhadravibhasita,64,Vaacaspati,S G3 M2 P D2 N2 S,S D2 P M2 G3 R2 S,S G₃ M₂ P D₂ N₂ Ṡ,S D₂ P M₂ G₃ R₂ Ṡ,False
bhagavataranjana,Bhagavataranjana,bhagavataranjana,64,Vaacaspati,S R2 M2 P D2 N2 S,S N2 D2 P M2 G3 R2 S,S R₂ M₂ P D₂ N₂ Ṡ,S N₂ D₂ P M₂ G₃ R₂ Ṡ,False
bhogishvari,BhOgIshvari,bhOgIshvari,64,Vaacaspati,S R2 G3 P D2 N2 D2 S,S N2 D2 P M2 G3 R2 S,S R₂ G₃ P D₂ N₂ D₂ Ṡ,S N₂ D₂ P M₂ G₃ R₂ Ṡ,False
bhusavali,BhUSAvaLi,bhUSAvaLi,64,Vaacaspati,S R2 G3 M2 P D2 N2 S,S N2 D2 P M2 G3 R2 S,S R₂ G₃ M₂ P D₂ N₂ Ṡ,S N₂ D₂ P M₂ G₃ R₂ Ṡ,False
bhusavali,BhUSAvaLi,bhUSAvaLi,64,Vaacaspati,S R2 G3 M2 P D2 S,S N2 D2 P M2 G3 R2 S,S R₂ G₃ M₂ P D₂ Ṡ,S N₂ D₂ P M₂ G₃ R₂ Ṡ,False
bhusavali,BhUSAvaLi,bhUSAvaLi,64,Vaacaspati,S R2 P M2 P D2 S,S N2 D2 P M2 G3 R2 S,S R₂ P M₂ P D₂ Ṡ,S N₂ D₂ P M₂ G₃ R₂ Ṡ,False
brndavanasaranga,BrndAvanasAranga,brndAvanasAranga,64,Vaacaspati,S R2 M2 P N2 S,S N2 P M2 R2 S,S R₂ M₂ P N₂ Ṡ,S N₂ P M₂ R₂ Ṡ,False
daksayani,DAkSAyaNi,dAkSAyaNi,64,Vaacaspati,S R2 G3 M2 P D2 N2 S,S N2 D2 M2 G3 R2 S,S R₂ G₃ M₂ P D₂ N₂ Ṡ,S N₂ D₂ M₂ G₃ R₂ Ṡ,False
damayanti,Damayanti,damayanti,64,Vaacaspati,S G3 M2 P S,S N2 D2 P M2 G3 R2 S,S G₃ M₂ P Ṡ,S N₂ D₂ P M₂ G₃ R₂ Ṡ,False
devaattiru,DEvaattiru,dEvaattiru,64,Vaacaspati,S R2 G3 M2 P D2 N2 S,S D2 P G3 R2 S,S R₂ G₃ M₂ P D₂ N₂ Ṡ,S D₂ P G₃ R₂ Ṡ,False
devakunjari,DEvakunjari,dEvakunjari,64,Vaacaspati,S R2 G3 P D2 S,S N2 D2 P M2 G3 R2 S,S R₂ G₃ P D₂ Ṡ,S N₂ D₂ P M₂ G₃ R₂ Ṡ,False
devamrtavahini,DEvAmrtavAhini,dEvAmrtavAhini,64,Vaacaspati,S G3 M2 P N2 D2 N2 S,S N2 D2 N2 P M2 G3 R2 S,S G₃ M₂ P N₂ D₂ N₂ Ṡ,S N₂ D₂ N₂ P M₂ G₃ R₂ Ṡ,False
devapugazhmani,DEvapugazhmaNi,dEvapugazhmaNi,64,Vaacaspati,S G3 M2 D2 S,S N2 P M2 G3 R2 S,S G₃ M₂ D₂ Ṡ,S N₂ P M₂ G₃ R₂ Ṡ,False
dvigandharabhusani,DvigAndhArabhUSaNi,dvigAndhArabhUSaNi,64,Vaacaspati,S R2 G3 G3 G3 P D2 S,S D2 P G3 G3 G3 R2 S D2 S,S R₂ G₃ G₃ G₃ P D₂ Ṡ,S D₂ P G₃ G₃ G₃ R₂ Ṡ D₂ Ṡ,False
gaganamohini,GaganamOhini,gaganamOhini,64,Vaacaspati,S G3 P D2 N2 S,S N2 P M2 G3 S,S G₃ P D₂ N₂ Ṡ,S N₂ P M₂ G₃ Ṡ,False
ghatika,GhaTikA,ghaTikA,64,Vaacaspati,S R2 M2 P N2 S,S N2 P M2 R2 S,S R₂ M₂ P N₂ Ṡ,S N₂ P M₂ R₂ Ṡ,False
ghatita,GhaTita,ghaTita,64,Vaacaspati,S R2 M2 P N2 S,S N2 D2 P M2 G3 R2 S,S R₂ M₂ P N₂ Ṡ,S N₂ D₂ P M₂ G₃ R₂ Ṡ,False
gurupriya,GurupriyA,gurupriyA,64,Vaacaspati,S R2 G3 M2 D2 N2 S,S N2 D2 M2 G3 R2 S,S R₂ G₃ M₂ D₂ N₂ Ṡ,S N₂ D₂ M₂ G₃ R₂ Ṡ,False
hiradharini,HirAdhAriNi,hirAdhAriNi,64,Vaacaspati,S G3 M2 P D2 S,S D2 P M2 G3 S,S G₃ M₂ P D₂ Ṡ,S D₂ P M₂ G₃ Ṡ,False
hladini,HlAdini,hlAdini,64,Vaacaspati,S G3 M2 P N2 S,S N2 P M2 G3 S,S G₃ M₂ P N₂ Ṡ,S N₂ P M₂ G₃ Ṡ,False
hradini,HrAdini,hrAdini,64,Vaacaspati,S G3 M2 P N2 S,S N2 P M2 G3 S,S G₃ M₂ P N₂ Ṡ,S N₂ P M₂ G₃ Ṡ,False
jagabharnam,JagAbharNam,jagAbharNam,64,Vaacaspati,S R2 M2 G3 M2 P D2 N2 S,S N2 D2 P M2 G3 M2 R2 S,S R₂ M₂ G₃ M₂ P D₂ N₂ Ṡ,S N₂ D₂ P M₂ G₃ M₂ R₂ Ṡ,False
jaganmamohini,JaganmamOhini,jaganmamOhini,64,Vaacaspati,S G3 P N2 S,S N2 D2 P M2 G3 R2 S,S G₃ P N₂ Ṡ,S N₂ D₂ P M₂ G₃ R₂ Ṡ,False
kalyani,KalyANi,kalyANi,64,Vaacaspati,S R2 G3 M2 P D2 N2 S,S N2 D2 P M2 P G3 R2 S,S R₂ G₃ M₂ P D₂ N₂ Ṡ,S N₂ D₂ P M₂ P G₃ R₂ Ṡ,False
kamalavrdi,Kamalavrdi,kamalavrdi,64,Vaacaspati,S M2 P D2 N2 S,S N2 D2 P M2 S,S M₂ P D₂ N₂ Ṡ,S N₂ D₂ P M₂ Ṡ,False
karunakaran,KaruNAkaran,karuNAkaran,64,Vaacaspati,S R2 G3 M2 D2 S,S N2 P M2 G3 R2 S,S R₂ G₃ M₂ D₂ Ṡ,S N₂ P M₂ G₃ R₂ Ṡ,False
kathita,Kathita,kathita,64,Vaacaspati,S R2 M2 P N2 S,S N2 D2 P M2 G3 R2 S,S R₂ M₂ P N₂ Ṡ,S N₂ D₂ P M₂ G₃ R₂ Ṡ,False
ketakapriya,KEtakapriyA,kEtakapriyA,64,Vaacaspati,S G3 M2 P N2 S,S N2 D2 P M2 G3 R2 S,S G₃ M₂ P N₂ Ṡ,S N₂ D₂ P M₂ G₃ R₂ Ṡ,False
kiradharini,KiradhariNi,kiradhariNi,64,Vaacaspati,S G3 M2 P D2 S,S D2 P M2 G3 S,S G₃ M₂ P D₂ Ṡ,S D₂ P M₂ G₃ Ṡ,False
kubjavirata,KubjavirATa,kubjavirATa,64,Vaacaspati,S R2 G3 M2 P D2 N2 S,S N2 D2 P M2 R2 S,S R₂ G₃ M₂ P D₂ N₂ Ṡ,S N₂ D₂ P M₂ R₂ Ṡ,False
kumudamoda,KumudamOda,kumudamOda,64,Vaacaspati,S R2 G3 M2 D2 S P N2 D2 S,S N2 D2 M2 P D2 M2 G3 R2 S,S R₂ G₃ M₂ D₂ Ṡ P N₂ D₂ Ṡ,S N₂ D₂ M₂ P D₂ M₂ G₃ R₂ Ṡ,False
kutumbini,KuTumbini,kuTumbini,64,Vaacaspati,S G3 M2 D2 P D2 N2 S,S N2 P M2 G3 R2 S,S G₃ M₂ D₂ P D₂ N₂ Ṡ,S N₂ P M₂ G₃ R₂ Ṡ,False
latikanti,LatikAnti,latikAnti,64,Vaacaspati,S G3 M2 D2 N2 S,S N2 D2 P M2 P M2 G3 R2 S,S G₃ M₂ D₂ N₂ Ṡ,S N₂ D₂ P M₂ P M₂ G₃ R₂ Ṡ,False
mahadevapriya,MahAdEvapriyA,mahAdEvapriyA,64,Vaacaspati,S R2 G3 M2 P D2 N2 S,S D2 P G3 S,S R₂ G₃ M₂ P D₂ N₂ Ṡ,S D₂ P G₃ Ṡ,False
mamadevi,MAmAdEvi,mAmAdEvi,64,Vaacaspati,S R2 G3 M2 P D2 N2 S,S N2 P G3 S,S R₂ G₃ M₂ P D₂ N₂ Ṡ,S N₂ P G₃ Ṡ,False
mangalakari,MangaLakari,mangaLakari,64,Vaacaspati,S M2 G3 M2 P D2 N2 S,S N2 D2 P M2 G3 R2 S,S M₂ G₃ M₂ P D₂ N₂ Ṡ,S N₂ D₂ P M₂ G₃ R₂ Ṡ,False
mangalakari,MangaLakari,mangaLakari,64,Vaacaspati,S R2 P M2 P D2 N2 S,S N2 D2 P M2 S R2 S,S R₂ P M₂ P D₂ N₂ Ṡ,S N₂ D₂ P M₂ Ṡ R₂ Ṡ,False
mashakan,MAshakan,mAshakan,64,Vaacaspati,S G3 P D2 S,S N2 D2 P M2 G3 R2 S,S G₃ P D₂ Ṡ,S N₂ D₂ P M₂ G₃ R₂ Ṡ,False
mashrikaradharini,MAshrIkaradhArini,mAshrIkaradhArini,64,Vaacaspati,S R2 G3 P D2 S,S N2 P M2 G3 S,S R₂ G₃ P D₂ Ṡ,S N₂ P M₂ G₃ Ṡ,False
mohanavacaspati,MOhanavAcaspati,mOhanavAcaspati,64,Vaacaspati,S R2 G3 P D2 S,S N2 D2 P M2 G3 R2 S,S R₂ G₃ P D₂ Ṡ,S N₂ D₂ P M₂ G₃ R₂ Ṡ,False
muktidayini,MuktidAyini,muktidAyini,64,Vaacaspati,S G3 M2 P D2 N2 S,S N2 D2 P M2 G3 S,S G₃ M₂ P D₂ N₂ Ṡ,S N₂ D₂ P M₂ G₃ Ṡ,False
mukundavacaspati,MukundavAcaspati,mukundavAcaspati,64,Vaacaspati,S R2 G3 M2 P D2 N2 S,S D2 P G3 R2 S,S R₂ G₃ M₂ P D₂ N₂ Ṡ,S D₂ P G₃ R₂ Ṡ,False
nadabrahma,NAdabrahma,nAdabrahma,64,Vaacaspati,S P M2 P D2 N2 S,S N2 D2 M2 G3 S,S P M₂ P D₂ N₂ Ṡ,S N₂ D₂ M₂ G₃ Ṡ,False
nadabrahma,NAdabrahma,nAdabrahma,64,Vaacaspati,S P M2 P D2 N2 S,S N2 D2 P M2 G3 S,S P M₂ P D₂ N₂ Ṡ,S N₂ D₂ P M₂ G₃ Ṡ,False
pancamurti,PancamUrti,pancamUrti,64,Vaacaspati,S R2 G3 M2 P D2 N2,D2 P M2 P G3 R2 S N2 S,S R₂ G₃ M₂ P D₂ N₂,D₂ P M₂ P G₃ R₂ Ṡ N₂ Ṡ,False
pancamurti,PancamUrti,pancamUrti,64,Vaacaspati,S R2 G3 M2 P D2 N2,D2 P M2 P G3 R2 S N2,S R₂ G₃ M₂ P D₂ N₂,D₂ P M₂ P G₃ R₂ Ṡ N₂,False
pancanarayani,PancanArAyaNi,pancanArAyaNi,64,Vaacaspati,S G3 M2 P N2 D2 N2 S,S N2 D2 P M2 G3 R2 S,S G₃ M₂ P N₂ D₂ N₂ Ṡ,S N₂ D₂ P M₂ G₃ R₂ Ṡ,False
paramesthi,ParamESThi,paramESThi,64,Vaacaspati,S R2 G3 M2 D2 N2 S,S N2 D2 M2 G3 R2 S,S R₂ G₃ M₂ D₂ N₂ Ṡ,S N₂ D₂ M₂ G₃ R₂ Ṡ,False
parimalanandi,ParimaLAnandi,parimaLAnandi,64,Vaacaspati,S R2 G3 P M2 D2 N2 S,S N2 P M2 G3 S,S R₂ G₃ P M₂ D₂ N₂ Ṡ,S N₂ P M₂ G₃ Ṡ,False
pashanarayani,PAshanArAyaNi,pAshanArAyaNi,64,Vaacaspati,S G3 M2 P N2 D2 N2 S,S N2 D2 P M2 G3 R2 S,S G₃ M₂ P N₂ D₂ N₂ Ṡ,S N₂ D₂ P M₂ G₃ R₂ Ṡ,False
pazhamudirsholai,PazhamudirshOlai,pazhamudirshOlai,64,Vaacaspati,S R2 G3 P D2 N2 S,S D2 P M2 G3 S,S R₂ G₃ P D₂ N₂ Ṡ,S D₂ P M₂ G₃ Ṡ,False
phaladayaki,PhaladAyaki,phaladAyaki,64,Vaacaspati,S G3 P M2 D2 N2 S,S D2 N2 P G3 M2 G3 R2 S,S G₃ P M₂ D₂ N₂ Ṡ,S D₂ N₂ P G₃ M₂ G₃ R₂ Ṡ,False
pranavakari,PraNavAkari,praNavAkari,64,Vaacaspati,P N2 D2 N2 S R2 G3 M2,P M2 G3 R2 S N2 D2 N2 P,P N₂ D₂ N₂ Ṡ R₂ G₃ M₂,P M₂ G₃ R₂ Ṡ N₂ D₂ N₂ P,False
pranavakari,PraNavAkari,praNavAkari,64,Vaacaspati,S N2 D2 N2 D2 R2 G3 M2,P M2 G3 R2 S N2 D2 N2 S,S N₂ D₂ N₂ D₂ R₂ G₃ M₂,P M₂ G₃ R₂ Ṡ N₂ D₂ N₂ Ṡ,False
puttari,Puttari,puttari,64,Vaacaspati,S G3 M2 P D2 N2 S,S N2 D2 M2 G3 S,S G₃ M₂ P D₂ N₂ Ṡ,S N₂ D₂ M₂ G₃ Ṡ,False
ramabharanam,RamAbharaNam,ramAbharaNam,64,Vaacaspati,S R2 M2 P S,S N2 D2 P M2 G3 S,S R₂ M₂ P Ṡ,S N₂ D₂ P M₂ G₃ Ṡ,False
ramaniyam,RamanIyam,ramanIyam,64,Vaacaspati,S G3 P N2 S,S D2 P M2 G3 S,S G₃ P N₂ Ṡ,S D₂ P M₂ G₃ Ṡ,False
ramavati,RamAvati,ramAvati,64,Vaacaspati,S R2 M2 P D2 S,S D2 P M2 R2 S,S R₂ M₂ P D₂ Ṡ,S D₂ P M₂ R₂ Ṡ,False
rami,Rami,rami,64,Vaacaspati,S G3 P D2 S,S N2 P M2 G3 S,S G₃ P D₂ Ṡ,S N₂ P M₂ G₃ Ṡ,False
ranabherioli,RaNabhErioli,raNabhErioli,64,Vaacaspati,S R2 M2 D2 S,S N2 P G3 S,S R₂ M₂ D₂ Ṡ,S N₂ P G₃ Ṡ,False
ratnambari,RatnAmbari,ratnAmbari,64,Vaacaspati,S G3 M2 D2 N2 S,S N2 D2 P M2 R2 S,S G₃ M₂ D₂ N₂ Ṡ,S N₂ D₂ P M₂ R₂ Ṡ,False
rattumidhvani,RaTTumidhvani,raTTumidhvani,64,Vaacaspati,S G3 P D2 S,S D2 M2 R2 S,S G₃ P D₂ Ṡ,S D₂ M₂ R₂ Ṡ,False
ravikantamani,RavikAntAmaNi,ravikAntAmaNi,64,Vaacaspati,S R2 M2 P D2 S,S N2 P G3 S,S R₂ M₂ P D₂ Ṡ,S N₂ P G₃ Ṡ,False
ravikulanayakan,RavikulanAyakan,ravikulanAyakan,64,Vaacaspati,S R2 M2 P N2 S,S D2 P G3 S,S R₂ M₂ P N₂ Ṡ,S D₂ P G₃ Ṡ,False
samantamani,SAmantamaNi,sAmantamaNi,64,Vaacaspati,S G3 M2 P M2 D2 N2 S,S N2 D2 P G3 S,S G₃ M₂ P M₂ D₂ N₂ Ṡ,S N₂ D₂ P G₃ Ṡ,False
samantashikhamani,SAmantashikhAmaNi,sAmantashikhAmaNi,64,Vaacaspati,S G3 M2 P M2 D2 N2 S,S N2 D2 P G3 S,S G₃ M₂ P M₂ D₂ N₂ Ṡ,S N₂ D₂ P G₃ Ṡ,False
santanika,SantAnika,santAnika,64,Vaacaspati,S R2 G3 M2 N2 S,S N2 M2 G3 R2 S,S R₂ G₃ M₂ N₂ Ṡ,S N₂ M₂ G₃ R₂ Ṡ,False
saranga,SAranga,sAranga,64,Vaacaspati,S R2 G3 M2 P D2 N2 S,S D2 P M2 R2 G3 R2 S,S R₂ G₃ M₂ P D₂ N₂ Ṡ,S D₂ P M₂ R₂ G₃ R₂ Ṡ,False
saranga,SAranga,sAranga,64,Vaacaspati,S R2 G3 M2 P D2 N2 S,S N2 D2 P M2 R2 G3 M2 R2 S,S R₂ G₃ M₂ P D₂ N₂ Ṡ,S N₂ D₂ P M₂ R₂ G₃ M₂ R₂ Ṡ,False
sarasuvati,Sarasuvati,sarasuvati,64,Vaacaspati,S R2 M2 P D2 S,S N2 D2 P M2 R2 S,S R₂ M₂ P D₂ Ṡ,S N₂ D₂ P M₂ R₂ Ṡ,False
sarasvati,Sarasvati,Sarasvati,64,Vaacaspati,S R2 M2 P D2 S,S N2 D2 M2 G3 R2 S,S R₂ M₂ P D₂ Ṡ,S N₂ D₂ M₂ G₃ R₂ Ṡ,False
sarasvati,Sarasvati,sarasvati,64,Vaacaspati,S R2 M2 P D2 S,S N2 D2 P M2 G3 R2 S,S R₂ M₂ P D₂ Ṡ,S N₂ D₂ P M₂ G₃ R₂ Ṡ,False
sarasvati,Sarasvati,sarasvati,64,Vaacaspati,S R2 M2 P D2 S,S N2 D2 P M2 R2 S,S R₂ M₂ P D₂ Ṡ,S N₂ D₂ P M₂ R₂ Ṡ,False
sarasvati,Sarasvati,sarasvati,64,Vaacaspati,S R2 M2 P D2 S,S N2 D2 P M2 S,S R₂ M₂ P D₂ Ṡ,S N₂ D₂ P M₂ Ṡ,False
sharadindumukhi,Sharadindumukhi,sharadindumukhi,64,Vaacaspati,S G3 M2 P D2 N2 D2 N2 P S,S N2 D2 P M2 G3 R2 S,S G₃ M₂ P D₂ N₂ D₂ N₂ P Ṡ,S N₂ D₂ P M₂ G₃ R₂ Ṡ,False
sharadindumukhi,Sharadindumukhi,sharadindumukhi,64,Vaacaspati,S G3 M2 P N2 D2 N2 D2 S,S N2 D2 P M2 G3 R2 S,S G₃ M₂ P N₂ D₂ N₂ D₂ Ṡ,S N₂ D₂ P M₂ G₃ R₂ Ṡ,False
sharadindumukhi,Sharadindumukhi,sharadindumukhi,64,Vaacaspati,S G3 M2 P N2 D2 N2 P S,S N2 D2 P M2 G3 R2 S,S G₃ M₂ P N₂ D₂ N₂ P Ṡ,S N₂ D₂ P M₂ G₃ R₂ Ṡ,False
shivapriya,ShivapriyA,shivapriyA,64,Vaacaspati,S G3 M2 D2 N2 S,S N2 D2 M2 G3 S,S G₃ M₂ D₂ N₂ Ṡ,S N₂ D₂ M₂ G₃ Ṡ,False
shivaranjani,Shivaranjani,shivaranjani,64,Vaacaspati,S R2 G3 M2 D2 P D2 N2 S,S N2 D2 P D2 M2 G3 R2 S,S R₂ G₃ M₂ D₂ P D₂ N₂ Ṡ,S N₂ D₂ P D₂ M₂ G₃ R₂ Ṡ,False
shivaranjani,Shivaranjani,shivaranjani,64,Vaacaspati,S R2 M2 P D2 N2 S,S N2 D2 P D2 M2 G3 R2 S,S R₂ M₂ P D₂ N₂ Ṡ,S N₂ D₂ P D₂ M₂ G₃ R₂ Ṡ,False
shivaraudram,Shivaraudram,shivaraudram,64,Vaacaspati,S R2 G3 M2 P D2 S,S N2 P G3 S,S R₂ G₃ M₂ P D₂ Ṡ,S N₂ P G₃ Ṡ,False
shribrndavanasaranga,ShrIbrndAvanasAranga,shrIbrndAvanasAranga,64,Vaacaspati,S R2 M2 P N2 S,S N2 P M2 R2 S,S R₂ M₂ P N₂ Ṡ,S N₂ P M₂ R₂ Ṡ,False
shriketakapriya,ShrIkEtakapriyA,shrIkEtakapriyA,64,Vaacaspati,S G3 M2 P N2 S,S N2 D2 P M2 G3 R2 S,S G₃ M₂ P N₂ Ṡ,S N₂ D₂ P M₂ G₃ R₂ Ṡ,False
shriratnambari,ShrIratnAmbari,shrIratnAmbari,64,Vaacaspati,S G3 M2 P S,S N2 D2 P M2 R2 S,S G₃ M₂ P Ṡ,S N₂ D₂ P M₂ R₂ Ṡ,False
shuddhalahari,Shuddhalahari,shuddhalahari,64,Vaacaspati,S R2 M2 D2 N2 S,S N2 D2 M2 R2 S,S R₂ M₂ D₂ N₂ Ṡ,S N₂ D₂ M₂ R₂ Ṡ,False
simhasvarupi,SimhasvarUpi,simhasvarUpi,64,Vaacaspati,S G3 M2 D2 N2 S,S N2 P M2 G3 S,S G₃ M₂ D₂ N₂ Ṡ,S N₂ P M₂ G₃ Ṡ,False
simhasvarupini,SimhasvarUpiNi,simhasvarUpiNi,64,Vaacaspati,S G3 M2 D2 N2 S,S N2 P M2 G3 S,S G₃ M₂ D₂ N₂ Ṡ,S N₂ P M₂ G₃ Ṡ,False
sudhalahari,SudhAlahari,sudhAlahari,64,Vaacaspati,S R2 M2 D2 N2 S,S N2 D2 M2 R2 S,S R₂ M₂ D₂ N₂ Ṡ,S N₂ D₂ M₂ R₂ Ṡ,False
sukhamesvarupan,SukhamEsvarUpan,sukhamEsvarUpan,64,Vaacaspati,S R2 G3 P D2 N2 S,S N2 P M2 G3 S,S R₂ G₃ P D₂ N₂ Ṡ,S N₂ P M₂ G₃ Ṡ,False
suryakamadhyamam,SUryakamadhyamam,sUryakamadhyamam,64,Vaacaspati,S R2 M2 P N2 D2 S,S N2 D2 P M2 G3 R2 S,S R₂ M₂ P N₂ D₂ Ṡ,S N₂ D₂ P M₂ G₃ R₂ Ṡ,False
tandolika,TAndOLikA,tAndOLikA,64,Vaacaspati,S R2 M2 P N2 D2 S,S N2 D2 P M2 G3 R2 S,S R₂ M₂ P N₂ D₂ Ṡ,S N₂ D₂ P M₂ G₃ R₂ Ṡ,False
tarunipriya,TaruNIpriyA,taruNIpriyA,64,Vaacaspati,S G3 R2 G3 M2 D2 N2 D2 S,S N2 P M2 R2 S,S G₃ R₂ G₃ M₂ D₂ N₂ D₂ Ṡ,S N₂ P M₂ R₂ Ṡ,False
triveni,TrivENi,trivENi,64,Vaacaspati,S R2 M2 P D2 N2 S,S N2 D2 P M2 R2 S,S R₂ M₂ P D₂ N₂ Ṡ,S N₂ D₂ P M₂ R₂ Ṡ,False
uttari,Uttari,uttari,64,Vaacaspati,S G3 M2 P D2 N2 S,S N2 D2 M2 G3 S,S G₃ M₂ P D₂ N₂ Ṡ,S N₂ D₂ M₂ G₃ Ṡ,False
vacaspati,VAcaspati,vAcaspati,64,Vaacaspati,S R2 G3 M2 P D2 N2 S,S N2 D2 P M2 G3 R2 S,S R₂ G₃ M₂ P D₂ N₂ Ṡ,S N₂ D₂ P M₂ G₃ R₂ Ṡ,False
varalila,VaralIlA,varalIlA,64,Vaacaspati,S G3 M2 D2 N2 S,S N2 D2 M2 G3 R2 G3 S,S G₃ M₂ D₂ N₂ Ṡ,S N₂ D₂ M₂ G₃ R₂ G₃ Ṡ,False
vasan,VAsan,vAsan,64,Vaacaspati,S R2 G3 M2 P N2 S,S D2 P G3 S,S R₂ G₃ M₂ P N₂ Ṡ,S D₂ P G₃ Ṡ,False
vasodhari,VasOdhari,vasOdhari,64,Vaacaspati,S R2 G3 M2 N2 D2 N2 S,S N2 D2 P M2 G3 R2 S,S R₂ G₃ M₂ N₂ D₂ N₂ Ṡ,S N₂ D₂ P M₂ G₃ R₂ Ṡ,False
vatsam,Vatsam,vatsam,64,Vaacaspati,G3 M2 P D2 N2 S,S N2 D2 P M2 S,G₃ M₂ P D₂ N₂ Ṡ,S N₂ D₂ P M₂ Ṡ,False
venkatacalan,VenkaTAcalan,venkaTAcalan,64,Vaacaspati,S G3 M2 P D2 S,S N2 D2 P M2 G3 R2 S,S G₃ M₂ P D₂ Ṡ,S N₂ D₂ P M₂ G₃ R₂ Ṡ,False
vidata,VidAtA,vidAtA,64,Vaacaspati,S R2 M2 D2 N2 S,S N2 D2 M2 R2 S,S R₂ M₂ D₂ N₂ Ṡ,S N₂ D₂ M₂ R₂ Ṡ,False
vidyamali,Vidyamali,vidyamali,64,Vaacaspati,S G3 R2 G3 M2 P N2 D2 N2 S,S P M2 G3 R2 S,S G₃ R₂ G₃ M₂ P N₂ D₂ N₂ Ṡ,S P M₂ G₃ R₂ Ṡ,False
vijayabharani,VijayAbharaNi,vijayAbharaNi,64,Vaacaspati,S R2 G3 M2 P D2 N2 D2 S,S N2 D2 P M2 G3 R2 S,S R₂ G₃ M₂ P D₂ N₂ D₂ Ṡ,S N₂ D₂ P M₂ G₃ R₂ Ṡ,False
vijrumbhini,VijrumbhiNi,vijrumbhiNi,64,Vaacaspati,S G3 P N2 D2 N2 S,S N2 D2 N2 P M2 G3 R2 S,S G₃ P N₂ D₂ N₂ Ṡ,S N₂ D₂ N₂ P M₂ G₃ R₂ Ṡ,False
vilambhuri,VilambhUri,vilambhUri,64,Vaacaspati,S R2 G3 P D2 S,S N2 D2 N2 P M2 P G3 R2 S,S R₂ G₃ P D₂ Ṡ,S N₂ D₂ N₂ P M₂ P G₃ R₂ Ṡ,False
shaantakalyaani,ShaantakalyaaNi,shaantakalyaaNi,65,MEcakalyaaNi,S R2 G3 M2 P D2 N3 S,S N3 D2 P M2 G3 R2 S,S R₂ G₃ M₂ P D₂ N₃ Ṡ,S N₃ D₂ P M₂ G₃ R₂ Ṡ,False
adikavimpiriyan,Adikavimpiriyan,adikavimpiriyan,65,MEcakalyaaNi,S R2 G3 M2 P D2 N3 S,S N3 P M2 G3 R2 S,S R₂ G₃ M₂ P D₂ N₃ Ṡ,S N₃ P M₂ G₃ R₂ Ṡ,False
alarmaghal,AlarmaghaL,alarmaghaL,65,MEcakalyaaNi,S R2 G3 M2 D2 S,S D2 M2 G3 R2 S,S R₂ G₃ M₂ D₂ Ṡ,S D₂ M₂ G₃ R₂ Ṡ,False
amrtabehag,AmrtabehAg,amrtabehAg,65,MEcakalyaaNi,S M2 G3 P N3 D2 S,S N3 D2 M2 G3 S,S M₂ G₃ P N₃ D₂ Ṡ,S N₃ D₂ M₂ G₃ Ṡ,False
anandi,Anandi,Anandi,65,MEcakalyaaNi,D2 N3 S M2 M2 P D2 N3 P D2 M2 P S,N3 S S N3 P D2 M2 P G3 M2 D2 P,D₂ N₃ Ṡ M₂ M₂ P D₂ N₃ P D₂ M₂ P Ṡ,N₃ Ṡ S N₃ P D₂ M₂ P G₃ M₂ D₂ P,False
andalinavarasam,AndALinavarasam,AndALinavarasam,65,MEcakalyaaNi,S G3 P D2 S,S N3 P M2 R2 S,S G₃ P D₂ Ṡ,S N₃ P M₂ R₂ Ṡ,False
antari,Antari,antari,65,MEcakalyaaNi,S G3 M2 P D2 N3 S,S D2 P M2 G3 R2 S,S G₃ M₂ P D₂ N₃ Ṡ,S D₂ P M₂ G₃ R₂ Ṡ,False
aprameya,ApramEya,apramEya,65,MEcakalyaaNi,S R2 M2 P D2 S,S N3 D2 M2 G3 M2 R2 S,S R₂ M₂ P D₂ Ṡ,S N₃ D₂ M₂ G₃ M₂ R₂ Ṡ,False
aprameya,ApramEya,apramEya,65,MEcakalyaaNi,S R2 M2 P N3 S,S N3 D2 M2 G3 M2 R2 S,S R₂ M₂ P N₃ Ṡ,S N₃ D₂ M₂ G₃ M₂ R₂ Ṡ,False
behag,BehAg,behAg,65,MEcakalyaaNi,S R2 G3 M2 P S P M2 P D2 N3 S P D2 N3 S,S N3 D2 N2* D2 P M2 G3 M1* G3 R2 S,S R₂ G₃ M₂ P Ṡ P M₂ P D₂ N₃ Ṡ P D₂ N₃ Ṡ,S N₃ D₂ N₂* D₂ P M₂ G₃ M₁* G₃ R₂ Ṡ,False
bhogeshvari,BhOgEshvari,bhOgEshvari,65,MEcakalyaaNi,S R2 G3 M2 P D2 N3 D2 S,S N3 D2 P M2 G3 R2 S,S R₂ G₃ M₂ P D₂ N₃ D₂ Ṡ,S N₃ D₂ P M₂ G₃ R₂ Ṡ,False
bhup,BhUp,bhUp,65,MEcakalyaaNi,S R2 G3 P D2 S,S D2 P G3 R2 S,S R₂ G₃ P D₂ Ṡ,S D₂ P G₃ R₂ Ṡ,False
bhupkalyani,BhUpkalyANi,bhUpkalyANi,65,MEcakalyaaNi,P D2 S R2 G3 M2 P,P M2 G3 M2 G3 R2 S N3 D2 P D2 S,P D₂ Ṡ R₂ G₃ M₂ P,P M₂ G₃ M₂ G₃ R₂ Ṡ N₃ D₂ P D₂ Ṡ,False
bhupkalyani,BhUpkalyANi,bhUpkalyANi,65,MEcakalyaaNi,S R2 M2 P D2 S,S N3 D2 P M2 G3 R2 S,S R₂ M₂ P D₂ Ṡ,S N₃ D₂ P M₂ G₃ R₂ Ṡ,False
bhuranjani,BhUranjani,bhUranjani,65,MEcakalyaaNi,S R2 G3 P D2 N3 S,S N3 D2 M2 G3 R2 S,S R₂ G₃ P D₂ N₃ Ṡ,S N₃ D₂ M₂ G₃ R₂ Ṡ,False
brndavanasaranga,BrndAvanasAranga,brndAvanasAranga,65,MEcakalyaaNi,S R2 M2 P N3 S,S N3 P M2 R2 S,S R₂ M₂ P N₃ Ṡ,S N₃ P M₂ R₂ Ṡ,False
cakkarakuliya,CakkarakuLiya,cakkarakuLiya,65,MEcakalyaaNi,S R2 M2 P N3 S,S N3 D2 P M2 G3 R2 S,S R₂ M₂ P N₃ Ṡ,S N₃ D₂ P M₂ G₃ R₂ Ṡ,False
camparantakam,CamparAntakam,camparAntakam,65,MEcakalyaaNi,S G3 M2 P D2 S,S N3 D2 P M2 G3 R2 S,S G₃ M₂ P D₂ Ṡ,S N₃ D₂ P M₂ G₃ R₂ Ṡ,False
candrakantam,CandrakAntam,candrakAntam,65,MEcakalyaaNi,S R2 G3 M2 P D2 N3 S,S N3 D2 P M2 G3 R2 S,S R₂ G₃ M₂ P D₂ N₃ Ṡ,S N₃ D₂ P M₂ G₃ R₂ Ṡ,False
cankarantakam,CankarAntakam,cankarAntakam,65,MEcakalyaaNi,S G3 M2 P D2 S,S N3 D2 P M2 G3 R2 S,S G₃ M₂ P D₂ Ṡ,S N₃ D₂ P M₂ G₃ R₂ Ṡ,False
caravibhasita,Caravibhasita,caravibhasita,65,MEcakalyaaNi,S G3 M2 P D2 N3 S,S D2 P M2 G3 R2 S,S G₃ M₂ P D₂ N₃ Ṡ,S D₂ P M₂ G₃ R₂ Ṡ,False
cetulavali,CEtulAvaLI,cEtulAvaLI,65,MEcakalyaaNi,S R2 G3 R2 G3 M2 PN3 D2 N3 S,S N3 D2 N3 P M2 R2 G3 R2 S,S R₂ G₃ R₂ G₃ M₂ PN3 D₂ N₃ Ṡ,S N₃ D₂ N₃ P M₂ R₂ G₃ R₂ Ṡ,False
cittadyuti,Cittadyuti,cittadyuti,65,MEcakalyaaNi,S R2 M2 P D2 N3 S,S N3 D2 P M2 G3 R2 S,S R₂ M₂ P D₂ N₃ Ṡ,S N₃ D₂ P M₂ G₃ R₂ Ṡ,False
dambakaushikam,Dambakaushikam,dambakaushikam,65,MEcakalyaaNi,S G3 M2 P N3 S,S N3 P M2 R2 G3 M2 G3 S,S G₃ M₂ P N₃ Ṡ,S N₃ P M₂ R₂ G₃ M₂ G₃ Ṡ,False
datibalam,DaTibalam,daTibalam,65,MEcakalyaaNi,S R2 G3 M2 P D2 N3 S,S N3 D2 P G3 R2 S,S R₂ G₃ M₂ P D₂ N₃ Ṡ,S N₃ D₂ P G₃ R₂ Ṡ,False
desha,DEsha,dEsha,65,MEcakalyaaNi,S R2 G3 P M2 D2 N3 S D2 P S,S N3 D2 P M2 G3 M2 G3 R2 S,S R₂ G₃ P M₂ D₂ N₃ Ṡ D₂ P Ṡ,S N₃ D₂ P M₂ G₃ M₂ G₃ R₂ Ṡ,False
deshakalyani,DEshakalyANi,dEshakalyANi,65,MEcakalyaaNi,S R2 G3 M2 P D2 P N3 S,S N3 D2 P M2 G3 M2 R2 M2 G3 S,S R₂ G₃ M₂ P D₂ P N₃ Ṡ,S N₃ D₂ P M₂ G₃ M₂ R₂ M₂ G₃ Ṡ,False
deshyasindhumalavi,DEshyasindhumALavi,dEshyasindhumALavi,65,MEcakalyaaNi,S R2 G3 M2 P D2 N3 S,S D2 P G3 R2 S,S R₂ G₃ M₂ P D₂ N₃ Ṡ,S D₂ P G₃ R₂ Ṡ,False
devadhanyasi,DEvadhanyAsi,dEvadhanyAsi,65,MEcakalyaaNi,S R2 G3 M2 P D2 N3 S,S D2 P G3 S,S R₂ G₃ M₂ P D₂ N₃ Ṡ,S D₂ P G₃ Ṡ,False
devahamsadhvani,DEvahamsadhvani,dEvahamsadhvani,65,MEcakalyaaNi,S G3 M2 P N3 S,S D2 P G3 R2 S,S G₃ M₂ P N₃ Ṡ,S D₂ P G₃ R₂ Ṡ,False
devahamsavelavali,DEvahamsavELAvaLi,dEvahamsavELAvaLi,65,MEcakalyaaNi,S R2 M2 P D2 S,S N3 P G3 R2 S,S R₂ M₂ P D₂ Ṡ,S N₃ P G₃ R₂ Ṡ,False
devakamalanarayani,DEvakamalanArAyaNi,dEvakamalanArAyaNi,65,MEcakalyaaNi,S G3 P N3 S,S D2 M2 R2 S,S G₃ P N₃ Ṡ,S D₂ M₂ R₂ Ṡ,False
devasaveri,DEvasAvEri,dEvasAvEri,65,MEcakalyaaNi,S R2 G3 M2 P D2 N3 S,S N3 P G3 R2 S,S R₂ G₃ M₂ P D₂ N₃ Ṡ,S N₃ P G₃ R₂ Ṡ,False
dharapallavam,Dharapallavam,dharapallavam,65,MEcakalyaaNi,S R2 M2 G3 M2 P N3 S,S N3 D2 P M2 G3 M2 R2 G3 R2 S,S R₂ M₂ G₃ M₂ P N₃ Ṡ,S N₃ D₂ P M₂ G₃ M₂ R₂ G₃ R₂ Ṡ,False
dipikavijayam,DIpikavijayam,dIpikavijayam,65,MEcakalyaaNi,S R2 G3 M2 D2 N3 S,S D2 P G3 R2 S,S R₂ G₃ M₂ D₂ N₃ Ṡ,S D₂ P G₃ R₂ Ṡ,False
dirghadarshi,DIrghadarshi,dIrghadarshi,65,MEcakalyaaNi,S R2 M2 P D2 N3 D2 S,S N3 D2 P M2 G3 M2 S,S R₂ M₂ P D₂ N₃ D₂ Ṡ,S N₃ D₂ P M₂ G₃ M₂ Ṡ,False
dirghadarshini,DIrghadarshini,dIrghadarshini,65,MEcakalyaaNi,S R2 M2 P N3 D2 S,S N3 D2 P M2 G3 M2 S,S R₂ M₂ P N₃ D₂ Ṡ,S N₃ D₂ P M₂ G₃ M₂ Ṡ,False
drti,Drti,drti,65,MEcakalyaaNi,S R2 G3 P M2 D2 N3 P D2 P,S N3 D2 M2 G3 R2 G3 S,S R₂ G₃ P M₂ D₂ N₃ P D₂ P,S N₃ D₂ M₂ G₃ R₂ G₃ Ṡ,False
dvimukhapriya,DvimukhapriyA,dvimukhapriyA,65,MEcakalyaaNi,S R2 G3 M2 P N3 S,S N3 D2 M2 G3 R2 S,S R₂ G₃ M₂ P N₃ Ṡ,S N₃ D₂ M₂ G₃ R₂ Ṡ,False
gananayaki,GaNanAyaki,gaNanAyaki,65,MEcakalyaaNi,S G3 M2 N3 D2 P D2 N3 S,S N3 D2 P M2 G3 R2 S,S G₃ M₂ N₃ D₂ P D₂ N₃ Ṡ,S N₃ D₂ P M₂ G₃ R₂ Ṡ,False
ganasuprabhatam,GAnasuprabhAtam,gAnasuprabhAtam,65,MEcakalyaaNi,S R2 M2 P D2 S,S D2 P D2 N3 D2 P M2 G3 R2 S,S R₂ M₂ P D₂ Ṡ,S D₂ P D₂ N₃ D₂ P M₂ G₃ R₂ Ṡ,False
gangeshvari,GangEshvari,gangEshvari,65,MEcakalyaaNi,S R2 P D2 N3 S,S N3 D2 M2 D2 M2 P G3 R2 S,S R₂ P D₂ N₃ Ṡ,S N₃ D₂ M₂ D₂ M₂ P G₃ R₂ Ṡ,False
garalari,Garalari,garalari,65,MEcakalyaaNi,S R2 G3 M2 D2 N3 S,S N3 D2 P G3 R2 S,S R₂ G₃ M₂ D₂ N₃ Ṡ,S N₃ D₂ P G₃ R₂ Ṡ,False
ghananayaki,GhananAyaki,ghananAyaki,65,MEcakalyaaNi,S G3 M2 N3 D2 P D2 N3 S,S N3 D2 P M2 G3 R2 S,S G₃ M₂ N₃ D₂ P D₂ N₃ Ṡ,S N₃ D₂ P M₂ G₃ R₂ Ṡ,False
giridharini,GiridhAriNi,giridhAriNi,65,MEcakalyaaNi,S G3 M2 P D2 S,S D2 P M2 G3 S,S G₃ M₂ P D₂ Ṡ,S D₂ P M₂ G₃ Ṡ,False
giriyabharana,GiriyAbharaNa,giriyAbharaNa,65,MEcakalyaaNi,S R2 G3 M2 P N3 D2 S,S N3 D2 M2 G3 R2 S,S R₂ G₃ M₂ P N₃ D₂ Ṡ,S N₃ D₂ M₂ G₃ R₂ Ṡ,False
gurudeshya,GurudEshya,gurudEshya,65,MEcakalyaaNi,S R2 G3 M2 D2 N3 S,S N3 D2 M2 G3 R2 S,S R₂ G₃ M₂ D₂ N₃ Ṡ,S N₃ D₂ M₂ G₃ R₂ Ṡ,False
gurudipakam,GurudIpakam,gurudIpakam,65,MEcakalyaaNi,S R2 G3 P S,S N3 D2 P M2 G3 R2 S,S R₂ G₃ P Ṡ,S N₃ D₂ P M₂ G₃ R₂ Ṡ,False
hamirkalyani,HamIrkalyANi,hamIrkalyANi,65,MEcakalyaaNi,S P M2 P D2 N3 S,S N3 D2 P G3 M2 G3 R2 S,S P M₂ P D₂ N₃ Ṡ,S N₃ D₂ P G₃ M₂ G₃ R₂ Ṡ,False
hamirkalyani,HamIrkalyANi,hamIrkalyANi,65,MEcakalyaaNi,S R2 G3 M2 P D2 N3 D2 P D2,S N3 D2 P M2 G3 R2 S,S R₂ G₃ M₂ P D₂ N₃ D₂ P D₂,S N₃ D₂ P M₂ G₃ R₂ Ṡ,False
hamirkalyani,HamIrkalyANi,hamIrkalyANi,65,MEcakalyaaNi,S R2 G3 M2 P D2 N3 P D2 P,S N3 D2 P G3 M2 G3 R2 S,S R₂ G₃ M₂ P D₂ N₃ P D₂ P,S N₃ D₂ P G₃ M₂ G₃ R₂ Ṡ,False
hamirkalyani,HamIrkalyANi,hamIrkalyANi,65,MEcakalyaaNi,S R2 G3 M2 P D2 N3 S,S D2 P G3 M2 G3 R2 S,S R₂ G₃ M₂ P D₂ N₃ Ṡ,S D₂ P G₃ M₂ G₃ R₂ Ṡ,False
hamirkalyani,HamIrkalyANi,hamIrkalyANi,65,MEcakalyaaNi,S R2 M2 P D2 N3 S,S N3 D2 P M2 G3 R2 S,S R₂ M₂ P D₂ N₃ Ṡ,S N₃ D₂ P M₂ G₃ R₂ Ṡ,False
hamsakalyani,HamsakalyANi,hamsakalyANi,65,MEcakalyaaNi,S R2 G3 P N3 S,S N3 D2 P M2 G3 R2 S,S R₂ G₃ P N₃ Ṡ,S N₃ D₂ P M₂ G₃ R₂ Ṡ,False
hamviru,HamvIru,hamvIru,65,MEcakalyaaNi,S R2 G3 M2 P D2 N3 S,S N3 D2 P M2 G3 R2 S,S R₂ G₃ M₂ P D₂ N₃ Ṡ,S N₃ D₂ P M₂ G₃ R₂ Ṡ,False
haramanohari,HaramanOhari,haramanOhari,65,MEcakalyaaNi,S R2 G3 R2 M2 P N3 D2 N3 P,S N3 D2 P M2 G3 M2 R2 S,S R₂ G₃ R₂ M₂ P N₃ D₂ N₃ P,S N₃ D₂ P M₂ G₃ M₂ R₂ Ṡ,False
hindol,HinDol,hinDol,65,MEcakalyaaNi,S G3 M2 D2 N3 S,S N3 D2 M2 G3 S,S G₃ M₂ D₂ N₃ Ṡ,S N₃ D₂ M₂ G₃ Ṡ,False
hotrari,HOtrari,hOtrari,65,MEcakalyaaNi,S R2 G3 M2 P D2 N3 S,S N3 P M2 G3 M2 G3 R2 S,S R₂ G₃ M₂ P D₂ N₃ Ṡ,S N₃ P M₂ G₃ M₂ G₃ R₂ Ṡ,False
huttari,Huttari,huttari,65,MEcakalyaaNi,S R2 G3 M2 P D2 N3 S,S N3 M2 G3 R2 G3 M2 R2 G3 S,S R₂ G₃ M₂ P D₂ N₃ Ṡ,S N₃ M₂ G₃ R₂ G₃ M₂ R₂ G₃ Ṡ,False
indumagirvani,IndumAgIrvANi,indumAgIrvANi,65,MEcakalyaaNi,S G3 P D2 S,S N3 P M2 G3 R2 S,S G₃ P D₂ Ṡ,S N₃ P M₂ G₃ R₂ Ṡ,False
janyacudamani,JanyacUDAmaNi,janyacUDAmaNi,65,MEcakalyaaNi,S R2 G3 P D2 S,S N3 P M2 G3 S,S R₂ G₃ P D₂ Ṡ,S N₃ P M₂ G₃ Ṡ,False
jayacudamani,JayacUDAmaNi,jayacUDAmaNi,65,MEcakalyaaNi,S R2 G3 P D2 S,S N3 P M2 G3 S,S R₂ G₃ P D₂ Ṡ,S N₃ P M₂ G₃ Ṡ,False
jnanappon,JnAnappon,jnAnappon,65,MEcakalyaaNi,S R2 G3 M2 D2 N3 S,S N3 D2 M2 G3 R2 S,S R₂ G₃ M₂ D₂ N₃ Ṡ,S N₃ D₂ M₂ G₃ R₂ Ṡ,False
jnanashrutiniranjani,JnAnashrutiniranjani,jnAnashrutiniranjani,65,MEcakalyaaNi,S R2 G3 P D2 N3 S,S N3 P M2 G3 S,S R₂ G₃ P D₂ N₃ Ṡ,S N₃ P M₂ G₃ Ṡ,False
kalakahamsa,KalakahamsA,kalakahamsA,65,MEcakalyaaNi,S G3 M2 P D2 S,S N3 P G3 R2 S,S G₃ M₂ P D₂ Ṡ,S N₃ P G₃ R₂ Ṡ,False
kalyanadayini,KalyANadAyini,kalyANadAyini,65,MEcakalyaaNi,S R2 G3 M2 D2 N3 S,S N3 D2 M2 G3 R2 S,S R₂ G₃ M₂ D₂ N₃ Ṡ,S N₃ D₂ M₂ G₃ R₂ Ṡ,False
kalyani,KalyANi,kalyANi,65,MEcakalyaaNi,S R2 G3 M2 P D2 N3 S,S N3 D2 P G3 R2 S,S R₂ G₃ M₂ P D₂ N₃ Ṡ,S N₃ D₂ P G₃ R₂ Ṡ,False
kalyani,KalyANi,kalyANi,65,MEcakalyaaNi,S R2 G3 M2 P D2 N3 S,S N3 D2 P M2 G3 R2 S,S R₂ G₃ M₂ P D₂ N₃ Ṡ,S N₃ D₂ P M₂ G₃ R₂ Ṡ,False
kalyani,KalyANi,kalyANi,65,MEcakalyaaNi,S R2 G3 M2 P D2 N3 S,S N3 D2 P M2 P G3 R2 S,S R₂ G₃ M₂ P D₂ N₃ Ṡ,S N₃ D₂ P M₂ P G₃ R₂ Ṡ,False
kamalottaram,KamalOttaram,kamalOttaram,65,MEcakalyaaNi,S M2 P D2 N3 S,S N3 D2 P M2 S,S M₂ P D₂ N₃ Ṡ,S N₃ D₂ P M₂ Ṡ,False
kanakaghnta,KanakaghNTa,kanakaghNTa,65,MEcakalyaaNi,S G3 R2 G3 M2 P N3 D2 S,S N3 P M2 R2 G3 M2 R2 S,S G₃ R₂ G₃ M₂ P N₃ D₂ Ṡ,S N₃ P M₂ R₂ G₃ M₂ R₂ Ṡ,False
karalari,Karalari,karalari,65,MEcakalyaaNi,S R2 G3 M2 D2 N3 S,S N3 D2 P G3 R2 S,S R₂ G₃ M₂ D₂ N₃ Ṡ,S N₃ D₂ P G₃ R₂ Ṡ,False
kargeshvari,KargEshvari,kargEshvari,65,MEcakalyaaNi,S R2 P D2 N3 S,S N3 D2 M2 D2 M2 P G3 R2 S,S R₂ P D₂ N₃ Ṡ,S N₃ D₂ M₂ D₂ M₂ P G₃ R₂ Ṡ,False
karnamanjari,KarNamanjari,karNamanjari,65,MEcakalyaaNi,S R2 G3 M2 N3 S,S D2 N3 D2 P M2 R2 M2 G3 R2 S,S R₂ G₃ M₂ N₃ Ṡ,S D₂ N₃ D₂ P M₂ R₂ M₂ G₃ R₂ Ṡ,False
kaumoda,KAumOda,kAumOda,65,MEcakalyaaNi,S R2 G3 M2 N3 S,S N3 M2 G3 R2 S,S R₂ G₃ M₂ N₃ Ṡ,S N₃ M₂ G₃ R₂ Ṡ,False
kaumoda,KaumOda,kaumOda,65,MEcakalyaaNi,S R2 G3 M2 N3 S,S N3 P M2 G3 S,S R₂ G₃ M₂ N₃ Ṡ,S N₃ P M₂ G₃ Ṡ,False
kaumoda,KaumOda,kaumOda,65,MEcakalyaaNi,S R2 G3 M2 N3 S,S P M2 G3 R2 S,S R₂ G₃ M₂ N₃ Ṡ,S P M₂ G₃ R₂ Ṡ,False
kiranamanjari,KiraNamanjari,kiraNamanjari,65,MEcakalyaaNi,S R2 G3 M2 N3 S,S D2 N3 D2 P M2 R2 M2 G3 R2 S,S R₂ G₃ M₂ N₃ Ṡ,S D₂ N₃ D₂ P M₂ R₂ M₂ G₃ R₂ Ṡ,False
kodaibhupalam,KODaibhUpALam,kODaibhUpALam,65,MEcakalyaaNi,S G3 M2 P N3 S,S N3 D2 P M2 G3 R2 S,S G₃ M₂ P N₃ Ṡ,S N₃ D₂ P M₂ G₃ R₂ Ṡ,False
kokilabhupalam,KOkilabhUpALam,kOkilabhUpALam,65,MEcakalyaaNi,S G3 M2 P D2 S,S N3 D2 P M2 G3 R2 S,S G₃ M₂ P D₂ Ṡ,S N₃ D₂ P M₂ G₃ R₂ Ṡ,False
koshalavijayam,KOshalavijayam,kOshalavijayam,65,MEcakalyaaNi,S R2 M2 P D2 N3 S,S N3 P G3 R2 S,S R₂ M₂ P D₂ N₃ Ṡ,S N₃ P G₃ R₂ Ṡ,False
ksirarnavam,KSirArNavam,kSirArNavam,65,MEcakalyaaNi,S R2 G3 M2 P D2 S,S N3 D2 P M2 G3 S,S R₂ G₃ M₂ P D₂ Ṡ,S N₃ D₂ P M₂ G₃ Ṡ,False
kucamargini,KucamArgiNi,kucamArgiNi,65,MEcakalyaaNi,S G3 R2 G3 M2 N3 D2 P D2 N3,S N3 D2 P M2 R2 G3 R2 S,S G₃ R₂ G₃ M₂ N₃ D₂ P D₂ N₃,S N₃ D₂ P M₂ R₂ G₃ R₂ Ṡ,False
kucavahini,KucavAhini,kucavAhini,65,MEcakalyaaNi,S R2 G3 R2 M2 P M2 D2 N3 S,S N3 D2 P M2 G3 R2 S,S R₂ G₃ R₂ M₂ P M₂ D₂ N₃ Ṡ,S N₃ D₂ P M₂ G₃ R₂ Ṡ,False
kuntalakusumavali,KuntalakusumAvaLi,kuntalakusumAvaLi,65,MEcakalyaaNi,S R2 G3 M2 P M2 P S,S N3 D2 N3 P M2 G3 S,S R₂ G₃ M₂ P M₂ P Ṡ,S N₃ D₂ N₃ P M₂ G₃ Ṡ,False
kuntalakusumavali,KuntalakusumAvaLi,kuntalakusumAvaLi,65,MEcakalyaaNi,S R2 G3 M2 P S,S N3 D2 N3 P M2 G3 S,S R₂ G₃ M₂ P Ṡ,S N₃ D₂ N₃ P M₂ G₃ Ṡ,False
kuntalashrikannthi,KuntalashrIkanNThi,kuntalashrIkanNThi,65,MEcakalyaaNi,S G3 M2 P D2 N3 S,S N3 P M2 G3 R2 S,S G₃ M₂ P D₂ N₃ Ṡ,S N₃ P M₂ G₃ R₂ Ṡ,False
kurattimanalan,KurattimaNALan,kurattimaNALan,65,MEcakalyaaNi,S G3 M2 P D2 N3 S,S N3 D2 P M2 G3 R2 S,S G₃ M₂ P D₂ N₃ Ṡ,S N₃ D₂ P M₂ G₃ R₂ Ṡ,False
kuresham,KurEsham,kurEsham,65,MEcakalyaaNi,S R2 G3 M2 P N3 S,S N3 D2 P M2 R2 S,S R₂ G₃ M₂ P N₃ Ṡ,S N₃ D₂ P M₂ R₂ Ṡ,False
kurudeshyam,KurudEshyam,kurudEshyam,65,MEcakalyaaNi,S R2 G3 M2 D2 N3 S,S N3 D2 M2 G3 R2 S,S R₂ G₃ M₂ D₂ N₃ Ṡ,S N₃ D₂ M₂ G₃ R₂ Ṡ,False
kusumagrani,KusumAgraNi,kusumAgraNi,65,MEcakalyaaNi,S G3 R2 G3 M2 N3 D2 P D2 N3 S,S N3 D2 P M2 R2 G3 R2 S,S G₃ R₂ G₃ M₂ N₃ D₂ P D₂ N₃ Ṡ,S N₃ D₂ P M₂ R₂ G₃ R₂ Ṡ,False
kuvalayapriya,KuvalayapriyA,kuvalayapriyA,65,MEcakalyaaNi,S R2 M2 P N3 S,S D2 P M2 G3 S,S R₂ M₂ P N₃ Ṡ,S D₂ P M₂ G₃ Ṡ,False
laksmanakuntali,LakSmaNakuntali,lakSmaNakuntali,65,MEcakalyaaNi,S R2 G3 M2 D2 N3 S,S N3 D2 M2 G3 R2 S,S R₂ G₃ M₂ D₂ N₃ Ṡ,S N₃ D₂ M₂ G₃ R₂ Ṡ,False
madarmani,MAdarmANi,mAdarmANi,65,MEcakalyaaNi,S G3 P N3 S,S N3 P M2 R2 S,S G₃ P N₃ Ṡ,S N₃ P M₂ R₂ Ṡ,False
madhavakalyani,MAdhavakalyANi,mAdhavakalyANi,65,MEcakalyaaNi,S R2 G3 M2 P D2 S,S N3 D2 P M2 G3 R2 S,S R₂ G₃ M₂ P D₂ Ṡ,S N₃ D₂ P M₂ G₃ R₂ Ṡ,False
madhavalangi,MAdhavaLAngi,mAdhavaLAngi,65,MEcakalyaaNi,S R2 G3 P S,S N3 D2 M2 R2 S,S R₂ G₃ P Ṡ,S N₃ D₂ M₂ R₂ Ṡ,False
madhujhankari,MadhujhankAri,madhujhankAri,65,MEcakalyaaNi,S R2 G3 M2 G3 P N3 D2 N3 S,S N3 P M2 G3 R2 S,S R₂ G₃ M₂ G₃ P N₃ D₂ N₃ Ṡ,S N₃ P M₂ G₃ R₂ Ṡ,False
magandharvakokilam,MAgandharvakOkilam,mAgandharvakOkilam,65,MEcakalyaaNi,S R2 G3 P N3 S,S D2 P M2 G3 S,S R₂ G₃ P N₃ Ṡ,S D₂ P M₂ G₃ Ṡ,False
magatarangini,MAgatarangiNi,mAgatarangiNi,65,MEcakalyaaNi,S R2 G3 M2 P D2 S,S N3 D2 P M2 R2 G3 R2 S,S R₂ G₃ M₂ P D₂ Ṡ,S N₃ D₂ P M₂ R₂ G₃ R₂ Ṡ,False
magopati,MAgOpati,mAgOpati,65,MEcakalyaaNi,S R2 G3 P S,S N3 D2 M2 G3 R2 S,S R₂ G₃ P Ṡ,S N₃ D₂ M₂ G₃ R₂ Ṡ,False
mahakokilam,MahAkOkilam,mahAkOkilam,65,MEcakalyaaNi,S G3 P D2 S,S N3 D2 P M2 G3 R2 S,S G₃ P D₂ Ṡ,S N₃ D₂ P M₂ G₃ R₂ Ṡ,False
maitrabhavini,MaitrabhAvini,maitrabhAvini,65,MEcakalyaaNi,S R2 G3 M2 P D2 N3 S,S D2 P M2 G3 R2 S,S R₂ G₃ M₂ P D₂ N₃ Ṡ,S D₂ P M₂ G₃ R₂ Ṡ,False
makanakabhavani,MAkanakabhavAni,mAkanakabhavAni,65,MEcakalyaaNi,S R2 G3 M2 P N3 S,S D2 P G3 R2 S,S R₂ G₃ M₂ P N₃ Ṡ,S D₂ P G₃ R₂ Ṡ,False
makanakagiri,MAkanakagiri,mAkanakagiri,65,MEcakalyaaNi,S G3 M2 P D2 N3 S,S D2 P G3 R2 S,S G₃ M₂ P D₂ N₃ Ṡ,S D₂ P G₃ R₂ Ṡ,False
malavasindhu,MALavasindhu,mALavasindhu,65,MEcakalyaaNi,S R2 G3 M2 P D2 N3 S,S N3 P M2 G3 S,S R₂ G₃ M₂ P D₂ N₃ Ṡ,S N₃ P M₂ G₃ Ṡ,False
malayalakurinji,MalayALakurinji,malayALakurinji,65,MEcakalyaaNi,S G3 M2 P D2 S,S N3 P M2 G3 R2 S,S G₃ M₂ P D₂ Ṡ,S N₃ P M₂ G₃ R₂ Ṡ,False
mamangaladeshikam,MAmangaLadEshikam,mAmangaLadEshikam,65,MEcakalyaaNi,S R2 G3 P N3 S,S N3 D2 P M2 G3 R2 S,S R₂ G₃ P N₃ Ṡ,S N₃ D₂ P M₂ G₃ R₂ Ṡ,False
mamaruvagaula,MAmAruvagauLa,mAmAruvagauLa,65,MEcakalyaaNi,S G3 M2 P S,S N3 D2 P M2 G3 R2 S,S G₃ M₂ P Ṡ,S N₃ D₂ P M₂ G₃ R₂ Ṡ,False
mamecasaveri,MAmEcasAvEri,mAmEcasAvEri,65,MEcakalyaaNi,S G3 P N3 S,S D2 P M2 G3 R2 S,S G₃ P N₃ Ṡ,S D₂ P M₂ G₃ R₂ Ṡ,False
mameghakuntali,MAmEghakuntali,mAmEghakuntali,65,MEcakalyaaNi,S R2 G3 M2 P N3 S,S D2 P M2 G3 R2 S,S R₂ G₃ M₂ P N₃ Ṡ,S D₂ P M₂ G₃ R₂ Ṡ,False
maruvasindhu,MAruvasindhu,mAruvasindhu,65,MEcakalyaaNi,S G3 P N3 S,S D2 P M2 G3 R2 S,S G₃ P N₃ Ṡ,S D₂ P M₂ G₃ R₂ Ṡ,False
mavijayakirti,MAvijayakIrti,mAvijayakIrti,65,MEcakalyaaNi,S R2 G3 P D2 N3 S,S D2 P M2 G3 S,S R₂ G₃ P D₂ N₃ Ṡ,S D₂ P M₂ G₃ Ṡ,False
mayarupini,MAyArUpiNi,mAyArUpiNi,65,MEcakalyaaNi,S R2 G3 P M2 D2 N3 S,S N3 P M2 G3 R2 S,S R₂ G₃ P M₂ D₂ N₃ Ṡ,S N₃ P M₂ G₃ R₂ Ṡ,False
mayasvarupini,MAyAsvarUpiNi,mAyAsvarUpiNi,65,MEcakalyaaNi,S R2 G3 P M2 D2 N3 S,S N3 P M2 G3 R2 S,S R₂ G₃ P M₂ D₂ N₃ Ṡ,S N₃ P M₂ G₃ R₂ Ṡ,False
mayogadhanyasi,MAyOgadhanyAsi,mAyOgadhanyAsi,65,MEcakalyaaNi,S R2 M2 P N3 S,S D2 P G3 S,S R₂ M₂ P N₃ Ṡ,S D₂ P G₃ Ṡ,False
mecaputri,MEcaputri,mEcaputri,65,MEcakalyaaNi,S G3 M2 P D2 N3 S,S N3 D2 M2 G3 S,S G₃ M₂ P D₂ N₃ Ṡ,S N₃ D₂ M₂ G₃ Ṡ,False
mecavuttari,MEcavuttari,mEcavuttari,65,MEcakalyaaNi,S G3 M2 P D2 N3 S,S N3 D2 M2 G3 S,S G₃ M₂ P D₂ N₃ Ṡ,S N₃ D₂ M₂ G₃ Ṡ,False
meghakuntali,MEghakuntali,mEghakuntali,65,MEcakalyaaNi,S R2 G3 M2 P D2 S,S D2 P M2 G3 R2 S,S R₂ G₃ M₂ P D₂ Ṡ,S D₂ P M₂ G₃ R₂ Ṡ,False
mohanakalyani,MOhanakalyANi,mOhanakalyANi,65,MEcakalyaaNi,S R2 G3 P D2 S,S N3 D2 P M2 G3 R2 S,S R₂ G₃ P D₂ Ṡ,S N₃ D₂ P M₂ G₃ R₂ Ṡ,False
mohanaraga,MOhanarAga,mOhanarAga,65,MEcakalyaaNi,S R2 G3 P D2 S,S D2 P G3 R2 S,S R₂ G₃ P D₂ Ṡ,S D₂ P G₃ R₂ Ṡ,False
mrganandanam,MrgAnandanam,mrgAnandanam,65,MEcakalyaaNi,S R2 G3 D2 N3 S,S N3 D2 M2 D2 G3 R2 S,S R₂ G₃ D₂ N₃ Ṡ,S N₃ D₂ M₂ D₂ G₃ R₂ Ṡ,False
nadakalyani,NAdakalyANi,nAdakalyANi,65,MEcakalyaaNi,S G3 M2 D2 N3 S,S N3 D2 M2 G3 M2 R2 S,S G₃ M₂ D₂ N₃ Ṡ,S N₃ D₂ M₂ G₃ M₂ R₂ Ṡ,False
nagavasi,NAgavasi,nAgavasi,65,MEcakalyaaNi,S R2 M2 P D2 N3 S,S N3 D2 P M2 G3 R2 S,S R₂ M₂ P D₂ N₃ Ṡ,S N₃ D₂ P M₂ G₃ R₂ Ṡ,False
nagavasini,NAgavAsini,nAgavAsini,65,MEcakalyaaNi,S R2 G3 M2 P S,S N3 D2 P M2 G3 R2 S,S R₂ G₃ M₂ P Ṡ,S N₃ D₂ P M₂ G₃ R₂ Ṡ,False
navatirumanicandrika,NavatirumaNicandrikA,navatirumaNicandrikA,65,MEcakalyaaNi,S G3 M2 P S,S N3 D2 M2 R2 S,S G₃ M₂ P Ṡ,S N₃ D₂ M₂ R₂ Ṡ,False
nigrahamani,NigrahamaNi,nigrahamaNi,65,MEcakalyaaNi,S R2 G3 M2 P N3 D2 N3 S,S N3 D2 P M2 D2 M2 G3 R2 S,S R₂ G₃ M₂ P N₃ D₂ N₃ Ṡ,S N₃ D₂ P M₂ D₂ M₂ G₃ R₂ Ṡ,False
nirjaravana,NirjarAvaNa,nirjarAvaNa,65,MEcakalyaaNi,S G3 M2 G3 P D2 N3 S,S N3 D2 N3 D2 P M2 G3 M2 G3 S,S G₃ M₂ G₃ P D₂ N₃ Ṡ,S N₃ D₂ N₃ D₂ P M₂ G₃ M₂ G₃ Ṡ,False
nirmalan,Nirmalan,nirmalan,65,MEcakalyaaNi,S M2 P D2 N3 S,S N3 D2 P M2 S,S M₂ P D₂ N₃ Ṡ,S N₃ D₂ P M₂ Ṡ,False
nirvani,NirvANi,nirvANi,65,MEcakalyaaNi,S R2 M2 P D2 N3 S,S N3 D2 M2 G3 R2 S,S R₂ M₂ P D₂ N₃ Ṡ,S N₃ D₂ M₂ G₃ R₂ Ṡ,False
nisadi,NiSAdi,niSAdi,65,MEcakalyaaNi,S R2 M2 P D2 N3 S,S N3 D2 P M2 R2 S,S R₂ M₂ P D₂ N₃ Ṡ,S N₃ D₂ P M₂ R₂ Ṡ,False
paingala,PaingaLa,paingaLa,65,MEcakalyaaNi,S R2 G3 M2 P N3 D2 N3 S,S D2 M2 G3 R2 S,S R₂ G₃ M₂ P N₃ D₂ N₃ Ṡ,S D₂ M₂ G₃ R₂ Ṡ,False
paripurnasvarupi,ParipUrNasvarUpi,paripUrNasvarUpi,65,MEcakalyaaNi,S R2 M2 P D2 N3 S,S N3 D2 P M2 G3 R2 S,S R₂ M₂ P D₂ N₃ Ṡ,S N₃ D₂ P M₂ G₃ R₂ Ṡ,False
payangala,PayangaLa,payangaLa,65,MEcakalyaaNi,S R2 G3 M2 P N3 D2 N3 S,S D2 M2 G3 R2 S,S R₂ G₃ M₂ P N₃ D₂ N₃ Ṡ,S D₂ M₂ G₃ R₂ Ṡ,False
peranandanayaki,PErAnandanAyaki,pErAnandanAyaki,65,MEcakalyaaNi,S R2 G3 M2 D2 N3 S,S N3 P G3 S,S R₂ G₃ M₂ D₂ N₃ Ṡ,S N₃ P G₃ Ṡ,False
perandabhogi,PErAndabhOgi,pErAndabhOgi,65,MEcakalyaaNi,S R2 G3 M2 P D2 S,S N3 P G3 S,S R₂ G₃ M₂ P D₂ Ṡ,S N₃ P G₃ Ṡ,False
pramodini,PramOdini,pramOdini,65,MEcakalyaaNi,S G3 M2 P D2 S,S D2 P M2 G3 S,S G₃ M₂ P D₂ Ṡ,S D₂ P M₂ G₃ Ṡ,False
rajakalyani,RAjakalyANi,rAjakalyANi,65,MEcakalyaaNi,S G3 M2 D2 N3 S,S N3 D2 M2 G3 R2 S,S G₃ M₂ D₂ N₃ Ṡ,S N₃ D₂ M₂ G₃ R₂ Ṡ,False
ramasadani,RAmasadani,rAmasadani,65,MEcakalyaaNi,S R2 M2 P D2 N3 S,S N3 D2 P M2 R2 S,S R₂ M₂ P D₂ N₃ Ṡ,S N₃ D₂ P M₂ R₂ Ṡ,False
rasikakalyani,RasikakalyAni,rasikakalyAni,65,MEcakalyaaNi,S G3 M2 P D2 N3 S,S N3 D2 P M2 G3 S,S G₃ M₂ P D₂ N₃ Ṡ,S N₃ D₂ P M₂ G₃ Ṡ,False
sahasranamam,SahasranAmam,sahasranAmam,65,MEcakalyaaNi,S R2 G3 M2 P D2 S,S N3 P G3 R2 S,S R₂ G₃ M₂ P D₂ Ṡ,S N₃ P G₃ R₂ Ṡ,False
sakalahastini,Sakalahastini,sakalahastini,65,MEcakalyaaNi,S M2 G3 M2 P N3 D2 M2 P D2,S N3 D2 P M2 G3 R2 S,S M₂ G₃ M₂ P N₃ D₂ M₂ P D₂,S N₃ D₂ P M₂ G₃ R₂ Ṡ,False
sama,Sama,sama,65,MEcakalyaaNi,S R2 G3 M2 P D2 N3 P S,S N3 D2 P M2 G3 R2 S,S R₂ G₃ M₂ P D₂ N₃ P Ṡ,S N₃ D₂ P M₂ G₃ R₂ Ṡ,False
samararanjani,Samararanjani,samararanjani,65,MEcakalyaaNi,S G3 M2 P N3 S,S N3 P M2 G3 S,S G₃ M₂ P N₃ Ṡ,S N₃ P M₂ G₃ Ṡ,False
sambhrandaka,Sambhrandaka,sambhrandaka,65,MEcakalyaaNi,S G3 M2 P D2 S,S N3 D2 P M2 G3 R2 S,S G₃ M₂ P D₂ Ṡ,S N₃ D₂ P M₂ G₃ R₂ Ṡ,False
sanatanikalyani,SanAtanIkalyANI,sanAtanIkalyANI,65,MEcakalyaaNi,S R2 G3 M2 P D2 N3 S,S N3 D2 P M2 P G3 R2 S,S R₂ G₃ M₂ P D₂ N₃ Ṡ,S N₃ D₂ P M₂ P G₃ R₂ Ṡ,False
sandanavali,SandanAvaLi,sandanAvaLi,65,MEcakalyaaNi,S R2 G3 M2 N3 D2 N3 S,S N3 P M2 G3 R2 S,S R₂ G₃ M₂ N₃ D₂ N₃ Ṡ,S N₃ P M₂ G₃ R₂ Ṡ,False
sanjh,SAnjh,sAnjh,65,MEcakalyaaNi,S G3 M2 D2 N3 S,S N3 D2 M2 G3 S,S G₃ M₂ D₂ N₃ Ṡ,S N₃ D₂ M₂ G₃ Ṡ,False
saranga,SAranga,sAranga,65,MEcakalyaaNi,S R2 G3 M2 P D2 N3 S,S D2 P M2 R2 G3 M2 R2 S,S R₂ G₃ M₂ P D₂ N₃ Ṡ,S D₂ P M₂ R₂ G₃ M₂ R₂ Ṡ,False
saranga,SAranga,sAranga,65,MEcakalyaaNi,S R2 G3 M2 P D2 N3 S,S D2 P M2 R2 G3 R2 S,S R₂ G₃ M₂ P D₂ N₃ Ṡ,S D₂ P M₂ R₂ G₃ R₂ Ṡ,False
saranga,SAranga,sAranga,65,MEcakalyaaNi,S R2 G3 M2 P D2 N3 S,S N3 D2 P M2 G3 R2 S,S R₂ G₃ M₂ P D₂ N₃ Ṡ,S N₃ D₂ P M₂ G₃ R₂ Ṡ,False
saranga,SAranga,sAranga,65,MEcakalyaaNi,S R2 G3 M2 P D2 N3 S,S N3 D2 P M2 R2 G3 M2 R2 S,S R₂ G₃ M₂ P D₂ N₃ Ṡ,S N₃ D₂ P M₂ R₂ G₃ M₂ R₂ Ṡ,False
sarangadaranjani,SArangadaranjani,sArangadaranjani,65,MEcakalyaaNi,S R2M2 P D2 N3 S,S N3 D2 P M2 R2 S,S R2M2 P D₂ N₃ Ṡ,S N₃ D₂ P M₂ R₂ Ṡ,False
sarangatarangini,SArangatarangiNi,sArangatarangiNi,65,MEcakalyaaNi,S R2 M2 P D2 N3 S,S N3 D2 P M2 R2 S,S R₂ M₂ P D₂ N₃ Ṡ,S N₃ D₂ P M₂ R₂ Ṡ,False
sarasakalyani,SarasakalyANi,sarasakalyANi,65,MEcakalyaaNi,S R2 G3 M2 P D2 N3 S,S D2 P M2 G3 R2 S,S R₂ G₃ M₂ P D₂ N₃ Ṡ,S D₂ P M₂ G₃ R₂ Ṡ,False
sarasakalyani,SarasakalyANi,sarasakalyANi,65,MEcakalyaaNi,S R2 G3 M2 P D2 N3 S,S N3 D2 P M2 G3 M2 R2 S,S R₂ G₃ M₂ P D₂ N₃ Ṡ,S N₃ D₂ P M₂ G₃ M₂ R₂ Ṡ,False
sasvaga,SAsvaga,sAsvaga,65,MEcakalyaaNi,S G3 R2 G3 M2 P D2 N3 D2 S,S N3 D2 P M2 G3 R2 G3 R2 S,S G₃ R₂ G₃ M₂ P D₂ N₃ D₂ Ṡ,S N₃ D₂ P M₂ G₃ R₂ G₃ R₂ Ṡ,False
shantakalyani,ShAntakalyANi,shAntakalyANi,65,MEcakalyaaNi,S R2 G3 M2 P D2 N3 S,S N3 D2 P M2 G3 R2 S,S R₂ G₃ M₂ P D₂ N₃ Ṡ,S N₃ D₂ P M₂ G₃ R₂ Ṡ,False
sharadamati,Sharadamati,sharadamati,65,MEcakalyaaNi,S R2 M2 P D2 N3 S,S N3 P M2 G3 R2 S,S R₂ M₂ P D₂ N₃ Ṡ,S N₃ P M₂ G₃ R₂ Ṡ,False
sharavibhasitam,Sharavibhasitam,sharavibhasitam,65,MEcakalyaaNi,S G3 M2 P D2 N3 S,S D2 P M2 G3 R2 S,S G₃ M₂ P D₂ N₃ Ṡ,S D₂ P M₂ G₃ R₂ Ṡ,False
shashidharitri,ShashidharitrI,shashidharitrI,65,MEcakalyaaNi,S R2 G3 M2 P D2 N3 S,S D2 P G3 R2 S,S R₂ G₃ M₂ P D₂ N₃ Ṡ,S D₂ P G₃ R₂ Ṡ,False
shilangi,ShIlAngi,shIlAngi,65,MEcakalyaaNi,S G3 M2 P N3 S,S N3 P M2 G3 S,S G₃ M₂ P N₃ Ṡ,S N₃ P M₂ G₃ Ṡ,False
shrimasamantam,ShrImAsAmantam,shrImAsAmantam,65,MEcakalyaaNi,S G3 P N3 S,S N3 D2 P M2 G3 R2 S,S G₃ P N₃ Ṡ,S N₃ D₂ P M₂ G₃ R₂ Ṡ,False
shritanukirti,ShrItanukIrti,shrItanukIrti,65,MEcakalyaaNi,S R2 G3 M2 P D2 N3 S,S N3 P G3 R2 S,S R₂ G₃ M₂ P D₂ N₃ Ṡ,S N₃ P G₃ R₂ Ṡ,False
shrngaramurti,ShrngAramUrti,shrngAramUrti,65,MEcakalyaaNi,S R2 G3 M2 P N3 S,S N3 D2 P M2 G3 R2 S,S R₂ G₃ M₂ P N₃ Ṡ,S N₃ D₂ P M₂ G₃ R₂ Ṡ,False
shubhravarni,ShubhravarNi,shubhravarNi,65,MEcakalyaaNi,S R2 M2 D2 N3 S,S N3 D2 M2 R2 S,S R₂ M₂ D₂ N₃ Ṡ,S N₃ D₂ M₂ R₂ Ṡ,False
shuddhakoshala,ShuddhakOshala,shuddhakOshala,65,MEcakalyaaNi,S G3 M2 P S,S N3 D2 M2 G3 R2 S,S G₃ M₂ P Ṡ,S N₃ D₂ M₂ G₃ R₂ Ṡ,False
shuddharatnabhanu,ShuddharatnabhAnu,shuddharatnabhAnu,65,MEcakalyaaNi,S R2 G3 M2 P S,S N3 D2 P M2 G3 S,S R₂ G₃ M₂ P Ṡ,S N₃ D₂ P M₂ G₃ Ṡ,False
shuddhkalyani,ShuddhkalyANI,shuddhkalyANI,65,MEcakalyaaNi,S R2 G3 P D2 S,S N3 D2 P M2 G3 R2 S,S R₂ G₃ P D₂ Ṡ,S N₃ D₂ P M₂ G₃ R₂ Ṡ,False
shyamakalyani,ShyAmakalyANI,shyAmakalyANI,65,MEcakalyaaNi,S R2 G3 M2 P N3 S,S N3 P D2 P M2 G3 R2 S,S R₂ G₃ M₂ P N₃ Ṡ,S N₃ P D₂ P M₂ G₃ R₂ Ṡ,False
sindhudeshyamalavi,SindhudEshyamALavi,sindhudEshyamALavi,65,MEcakalyaaNi,S R2 G3 M2 P D2 N3 S,S D2 P M2 G3 S,S R₂ G₃ M₂ P D₂ N₃ Ṡ,S D₂ P M₂ G₃ Ṡ,False
smararanjani,Smararanjani,smararanjani,65,MEcakalyaaNi,S G3 M2 P N3 S,S N3 P M2 G3 S,S G₃ M₂ P N₃ Ṡ,S N₃ P M₂ G₃ Ṡ,False
sudhakalyani,SudhAkalyANi,sudhAkalyANi,65,MEcakalyaaNi,S R2 G3 P D2 N3 S,S N3 D2 P G3 R2 S,S R₂ G₃ P D₂ N₃ Ṡ,S N₃ D₂ P G₃ R₂ Ṡ,False
sundaravana,Sundaravana,sundaravana,65,MEcakalyaaNi,S R2 G3 M2 P N3 S,S N3 D2 P M2 R2 S,S R₂ G₃ M₂ P N₃ Ṡ,S N₃ D₂ P M₂ R₂ Ṡ,False
suprasvini,Suprasvini,suprasvini,65,MEcakalyaaNi,S R2 G3 M2 P D2 N3 S,S N3 D2 N3 P D2 M2 G3 R2 G3 S,S R₂ G₃ M₂ P D₂ N₃ Ṡ,S N₃ D₂ N₃ P D₂ M₂ G₃ R₂ G₃ Ṡ,False
suragavikrama,SurAgavikrama,surAgavikrama,65,MEcakalyaaNi,S R2 G3 M2 P M2 D2 N3 S,S N3 D2 M2 G3 S,S R₂ G₃ M₂ P M₂ D₂ N₃ Ṡ,S N₃ D₂ M₂ G₃ Ṡ,False
suravikrama,Suravikrama,suravikrama,65,MEcakalyaaNi,S R2 G3 M2 P M2 D2 N3 S,S N3 D2 M2 G3 S,S R₂ G₃ M₂ P M₂ D₂ N₃ Ṡ,S N₃ D₂ M₂ G₃ Ṡ,False
svararanjani,Svararanjani,svararanjani,65,MEcakalyaaNi,S G3 M2 P N3 S,S N3 P M2 G3 S,S G₃ M₂ P N₃ Ṡ,S N₃ P M₂ G₃ Ṡ,False
svayambhusvararaga,SvayambhUsvararAga,svayambhUsvararAga,65,MEcakalyaaNi,S G3 R2 S,S P G3 S,S G₃ R₂ Ṡ,S P G₃ Ṡ,False
takrapati,Takrapati,takrapati,65,MEcakalyaaNi,S R2 S G3 M2 P N3 D2 N3 S,S N3 D2 P M2 G3 S,S R₂ Ṡ G₃ M₂ P N₃ D₂ N₃ Ṡ,S N₃ D₂ P M₂ G₃ Ṡ,False
tamraketana,TAmrakEtana,tAmrakEtana,65,MEcakalyaaNi,S R2 G3 M2 D2 N3 P D2 N3 S,S N3 D2 P R2 G3 M2 R2 S,S R₂ G₃ M₂ D₂ N₃ P D₂ N₃ Ṡ,S N₃ D₂ P R₂ G₃ M₂ R₂ Ṡ,False
tarapallava,TArapallava,tArapallava,65,MEcakalyaaNi,S R2 M2 G3 M2 P N3 S,S N3 D2 P M2 G3 M2 R2 G3 R2,S R₂ M₂ G₃ M₂ P N₃ Ṡ,S N₃ D₂ P M₂ G₃ M₂ R₂ G₃ R₂,False
tashpipala,TashpipAla,tashpipAla,65,MEcakalyaaNi,S R2 G3 M2 P D2 N3 S,S N3 D2 P G3 R2 S,S R₂ G₃ M₂ P D₂ N₃ Ṡ,S N₃ D₂ P G₃ R₂ Ṡ,False
vandanadharini,VandanadhAriNi,vandanadhAriNi,65,MEcakalyaaNi,S R2 M2 P D2 S,S D2 P M2 R2 S,S R₂ M₂ P D₂ Ṡ,S D₂ P M₂ R₂ Ṡ,False
vantanadharini,VantanadhAriNi,vantanadhAriNi,65,MEcakalyaaNi,S R2 M2 P D2 S,S D2 P M2 R2 S,S R₂ M₂ P D₂ Ṡ,S D₂ P M₂ R₂ Ṡ,False
vidamba,Vidamba,vidamba,65,MEcakalyaaNi,S M2 P D2 N3 S,S N3 D2 P M2 G3 M2 R2 S,S M₂ P D₂ N₃ Ṡ,S N₃ D₂ P M₂ G₃ M₂ R₂ Ṡ,False
vijayamatiruvasantam,VijayamAtiruvasantam,vijayamAtiruvasantam,65,MEcakalyaaNi,S R2 M2 D2 S,S N3 P G3 S,S R₂ M₂ D₂ Ṡ,S N₃ P G₃ Ṡ,False
vilaakkoli,ViLaakkOli,viLaakkOli,65,MEcakalyaaNi,S R2 G3 P D2 N3 S,S N3 D2 P M2 G3 R2 S,S R₂ G₃ P D₂ N₃ Ṡ,S N₃ D₂ P M₂ G₃ R₂ Ṡ,False
vilakkoli,ViLakkoLi,viLakkoLi,65,MEcakalyaaNi,S R2 G3 P D2 N3 S,S N3 D2 P M2 G3 R2 S,S R₂ G₃ P D₂ N₃ Ṡ,S N₃ D₂ P M₂ G₃ R₂ Ṡ,False
vrsamani,VrSamaNi,vrSamaNi,65,MEcakalyaaNi,S R2 M2 P D2 S,S D2 P M2 R2 S,S R₂ M₂ P D₂ Ṡ,S D₂ P M₂ R₂ Ṡ,False
vrsamati,VrSamati,vrSamati,65,MEcakalyaaNi,S R2 M2 P D2 S,S D2 P M2 R2 M2 G3 S,S R₂ M₂ P D₂ Ṡ,S D₂ P M₂ R₂ M₂ G₃ Ṡ,False
yagajyoti,YAgajyOti,yAgajyOti,65,MEcakalyaaNi,S R2 M2 P N3 D2 S,S N3 D2 P M2 G3 R2 S,S R₂ M₂ P N₃ D₂ Ṡ,S N₃ D₂ P M₂ G₃ R₂ Ṡ,False
yaman,Yaman,yaman,65,MEcakalyaaNi,D2 N3 S R2 G3 M2 P D2,N3 D2 P M2 G3 M2 G3 R2 S,D₂ N₃ Ṡ R₂ G₃ M₂ P D₂,N₃ D₂ P M₂ G₃ M₂ G₃ R₂ Ṡ,False
yamuna,YamunA,yamunA,65,MEcakalyaaNi,S R2 G3 M2 P D2 N3 S,S N3 D2 P M2 P M1* G3 R2 S,S R₂ G₃ M₂ P D₂ N₃ Ṡ,S N₃ D₂ P M₂ P M₁* G₃ R₂ Ṡ,False
yamunakalyani,YamunAkalyANi,yamunAkalyANi,65,MEcakalyaaNi,S R2 G3 M2 P D2 N3 D2 S,S D2 P M2 P G3 R2 S,S R₂ G₃ M₂ P D₂ N₃ D₂ Ṡ,S D₂ P M₂ P G₃ R₂ Ṡ,False
yamunakalyani,YamunAkalyANi,yamunAkalyANi,65,MEcakalyaaNi,S R2 G3 M2 P D2 N3 S,S N3 D2 P M2 G3 R2 S,S R₂ G₃ M₂ P D₂ N₃ Ṡ,S N₃ D₂ P M₂ G₃ R₂ Ṡ,False
yamunakalyani,YamunAkalyANi,yamunAkalyANi,65,MEcakalyaaNi,S R2 G3 M2 P D2 S,D2 P M2 G3 R2 S,S R₂ G₃ M₂ P D₂ Ṡ,D₂ P M₂ G₃ R₂ Ṡ,False
yamunakalyani,YamunAkalyANi,yamunAkalyANi,65,MEcakalyaaNi,S R2 G3 M2 P D2 S,D2 P M2 P G3 R2 S,S R₂ G₃ M₂ P D₂ Ṡ,D₂ P M₂ P G₃ R₂ Ṡ,False
yamunakalyani,YamunAkalyANi,yamunAkalyANi,65,MEcakalyaaNi,S R2 G3 M2 P D2 S,S D2 M2 P G3 R2 S,S R₂ G₃ M₂ P D₂ Ṡ,S D₂ M₂ P G₃ R₂ Ṡ,False
yamunakalyani,YamunAkalyANi,yamunAkalyANi,65,MEcakalyaaNi,S R2 G3 P M2 P D2 S,S D2 P M2 P G3 R2 S,S R₂ G₃ P M₂ P D₂ Ṡ,S D₂ P M₂ P G₃ R₂ Ṡ,False
yogajyoti,YOgajyOti,yOgajyOti,65,MEcakalyaaNi,S R2 M2 P D2 N3 S,S N3 D2 P M2 G3 R2 S,S R₂ M₂ P D₂ N₃ Ṡ,S N₃ D₂ P M₂ G₃ R₂ Ṡ,False
caturaangini,CaturaaNgiNi,caturaaNgiNi,66,Citraambari,S R2 G3 M2 P N3 S,S N3 D3 N3 P G3 M2 G3 R2 S,S R₂ G₃ M₂ P N₃ Ṡ,S N₃ D₃ N₃ P G₃ M₂ G₃ R₂ Ṡ,False
amrtavarsani,AmrtavarSaNi,amrtavarSaNi,66,Citraambari,S G3 M2 P N3 S,S N3 D3 P M2 G3 S,S G₃ M₂ P N₃ Ṡ,S N₃ D₃ P M₂ G₃ Ṡ,False
amrtavarsani,AmrtavarSaNi,amrtavarSaNi,66,Citraambari,S G3 M2 P N3 S,S N3 P M2 G3 S,S G₃ M₂ P N₃ Ṡ,S N₃ P M₂ G₃ Ṡ,False
candrikam,Candrikam,candrikam,66,Citraambari,S G3 M2 D3 N3 S,S N3 D3 M2 G3 S,S G₃ M₂ D₃ N₃ Ṡ,S N₃ D₃ M₂ G₃ Ṡ,False
caturangini,CaturangiNi,caturangiNi,66,Citraambari,S M2 G3 M2 P N3 S,S N3 D3 N3 P G3 M2 G3 R2 S,S M₂ G₃ M₂ P N₃ Ṡ,S N₃ D₃ N₃ P G₃ M₂ G₃ R₂ Ṡ,False
caturangini,CaturangiNi,caturangiNi,66,Citraambari,S M2 G3 M2 P N3 S,S N3 D3 N3 P G3 M2 R2 S,S M₂ G₃ M₂ P N₃ Ṡ,S N₃ D₃ N₃ P G₃ M₂ R₂ Ṡ,False
caturangini,CaturangiNi,caturangiNi,66,Citraambari,S R2 G3 M2 P D3 N3 S,S N3 P M2 G3 R2 S,S R₂ G₃ M₂ P D₃ N₃ Ṡ,S N₃ P M₂ G₃ R₂ Ṡ,False
citrambari,CitrAmbari,citrAmbari,66,Citraambari,S R2 G3 M2 P D3 N3 S,S N3 D3 P M2 G3 R2 S,S R₂ G₃ M₂ P D₃ N₃ Ṡ,S N₃ D₃ P M₂ G₃ R₂ Ṡ,False
cittaranjillini,Cittaranjillini,cittaranjillini,66,Citraambari,S R2 G3 M2 P D3 S,S N3 P M2 R2 G3 M2 R2 S,S R₂ G₃ M₂ P D₃ Ṡ,S N₃ P M₂ R₂ G₃ M₂ R₂ Ṡ,False
cittiraisindhu,Cittiraisindhu,cittiraisindhu,66,Citraambari,S G3 M2 P N3 S,S N3 D3 P M2 G3 R2 S,S G₃ M₂ P N₃ Ṡ,S N₃ D₃ P M₂ G₃ R₂ Ṡ,False
curnikavinodini,CurNikAvinOdini,curNikAvinOdini,66,Citraambari,S R2 G3 M2 P D3 N3 S,S N3 D3 N3 P M2 G3 R2 S,S R₂ G₃ M₂ P D₃ N₃ Ṡ,S N₃ D₃ N₃ P M₂ G₃ R₂ Ṡ,False
devagirvani,DEvagIrvANi,dEvagIrvANi,66,Citraambari,S R2 G3 M2 P S,S P M2 G3 R2 S,S R₂ G₃ M₂ P Ṡ,S P M₂ G₃ R₂ Ṡ,False
dvikirani,DvikiraNi,dvikiraNi,66,Citraambari,S R2 G3 M2 P M2 D3 N3 S,S D3 P M2 G3 R2 S,S R₂ G₃ M₂ P M₂ D₃ N₃ Ṡ,S D₃ P M₂ G₃ R₂ Ṡ,False
dvradagamini,DvradagAmini,dvradagAmini,66,Citraambari,S R2 M2 P D3 N3 S,S N3 D3 P M2 R2 S,S R₂ M₂ P D₃ N₃ Ṡ,S N₃ D₃ P M₂ R₂ Ṡ,False
gaganabhavani,GaganabhavAni,gaganabhavAni,66,Citraambari,S M2 G3 M2 P D3 N3 S,S N3 P M2 R2 S,S M₂ G₃ M₂ P D₃ N₃ Ṡ,S N₃ P M₂ R₂ Ṡ,False
gaganaranjani,Gaganaranjani,gaganaranjani,66,Citraambari,S G3 M2 P S,S D3 N3 P M2 G3 R2 S,S G₃ M₂ P Ṡ,S D₃ N₃ P M₂ G₃ R₂ Ṡ,False
herambapriya,HErambapriyA,hErambapriyA,66,Citraambari,S R2 M2 D3 N3 S,S N3 D3 M2 R2 S,S R₂ M₂ D₃ N₃ Ṡ,S N₃ D₃ M₂ R₂ Ṡ,False
ishapriya,IshapriyA,IshapriyA,66,Citraambari,S R2 G3 M2 P D3 S,S D3 P M2 G3 R2 S,S R₂ G₃ M₂ P D₃ Ṡ,S D₃ P M₂ G₃ R₂ Ṡ,False
jaganmohanam,JaganmOhanam,jaganmOhanam,66,Citraambari,S G3 M2 P N3 S,S N3 P M2 G3 R2 S,S G₃ M₂ P N₃ Ṡ,S N₃ P M₂ G₃ R₂ Ṡ,False
kanakabhairavi,Kanakabhairavi,kanakabhairavi,66,Citraambari,S M2 G3 M2 P D3 N3 S,S N3 P M2 R2 S,S M₂ G₃ M₂ P D₃ N₃ Ṡ,S N₃ P M₂ R₂ Ṡ,False
kanakabhavani,KanakabhavAni,kanakabhavAni,66,Citraambari,S M2 G3 M2 P D3 N3 S,S N3 P M2 R2 S,S M₂ G₃ M₂ P D₃ N₃ Ṡ,S N₃ P M₂ R₂ Ṡ,False
kanakagiri,Kanakagiri,kanakagiri,66,Citraambari,S R2 G3 M2 P S N3 S,S N3 D3 N3 P M2 G3 S,S R₂ G₃ M₂ P Ṡ N₃ Ṡ,S N₃ D₃ N₃ P M₂ G₃ Ṡ,False
kanakaranjani,Kanakaranjani,kanakaranjani,66,Citraambari,S G3 M2 P S,S D3 N3 P M2 G3 R2 S,S G₃ M₂ P Ṡ,S D₃ N₃ P M₂ G₃ R₂ Ṡ,False
manini,MAnini,mAnini,66,Citraambari,S R2 G3 M2 D3 S,S D3 M2 G3 R2 S,S R₂ G₃ M₂ D₃ Ṡ,S D₃ M₂ G₃ R₂ Ṡ,False
mucasudani,MucasUdani,mucasUdani,66,Citraambari,S M2 P N3 D3 N3 S,S N3 P M2 G3 R2 S,S M₂ P N₃ D₃ N₃ Ṡ,S N₃ P M₂ G₃ R₂ Ṡ,False
mukurakapola,MukurakapOla,mukurakapOla,66,Citraambari,S G3 M2 P D3 N3 S,S N3 D3 P M2 G3 S,S G₃ M₂ P D₃ N₃ Ṡ,S N₃ D₃ P M₂ G₃ Ṡ,False
nagakuntali,NAgakuntali,nAgakuntali,66,Citraambari,S R2 G3 M2 P N3 S,S N3 P D3 N3 P M2 G3 R2 S,S R₂ G₃ M₂ P N₃ Ṡ,S N₃ P D₃ N₃ P M₂ G₃ R₂ Ṡ,False
saikatashroni,SaikatashrONi,saikatashrONi,66,Citraambari,S R2 M2 P D3 S,S D3 P M2 R2 S,S R₂ M₂ P D₃ Ṡ,S D₃ P M₂ R₂ Ṡ,False
samakriya,SamakriyA,samakriyA,66,Citraambari,S R2 G3 M2 G3 P D3 S,S N3 D3 P M2 G3 R2 S,S R₂ G₃ M₂ G₃ P D₃ Ṡ,S N₃ D₃ P M₂ G₃ R₂ Ṡ,False
sarathi,Sarathi,sarathi,66,Citraambari,S R2 G3 R2 M2 P D3 S,S N3 P D3 P M2 G3 R2 S,S R₂ G₃ R₂ M₂ P D₃ Ṡ,S N₃ P D₃ P M₂ G₃ R₂ Ṡ,False
sarvamanavati,SarvamAnavati,sarvamAnavati,66,Citraambari,S M2 G3 M2 P N3 D3 N3 P D3 S,S N3 D3 N3 P G3 M2 G3 R2 G3 S,S M₂ G₃ M₂ P N₃ D₃ N₃ P D₃ Ṡ,S N₃ D₃ N₃ P G₃ M₂ G₃ R₂ G₃ Ṡ,False
shrinandana,ShrInandana,shrInandana,66,Citraambari,S R2 G3 M2 P D3 N3 S,S D3 D3 P M2 D3 M2 G3 R2 S,S R₂ G₃ M₂ P D₃ N₃ Ṡ,S D₃ D₃ P M₂ D₃ M₂ G₃ R₂ Ṡ,False
shuddhanirmada,Shuddhanirmada,shuddhanirmada,66,Citraambari,S R2 G3 M2 P D3 N3 P S,S N3 P M2 G3 S,S R₂ G₃ M₂ P D₃ N₃ P Ṡ,S N₃ P M₂ G₃ Ṡ,False
svabhu,SvabhU,svabhU,66,Citraambari,S R2 M2 G3 P D3 N3 S,S N3 P M2 P M2 G3 R2 S,S R₂ M₂ G₃ P D₃ N₃ Ṡ,S N₃ P M₂ P M₂ G₃ R₂ Ṡ,False
trivikrini,TrivikriNi,trivikriNi,66,Citraambari,S R2 G3 M2 P M2 D3 N3 S,S D3 P M2 G3 R2 S,S R₂ G₃ M₂ P M₂ D₃ N₃ Ṡ,S D₃ P M₂ G₃ R₂ Ṡ,False
vicitrambari,VicitrAmbari,vicitrAmbari,66,Citraambari,S R2 G3 M2 D3 N3 S,S N3 D3 M2 G3 R2 S,S R₂ G₃ M₂ D₃ N₃ Ṡ,S N₃ D₃ M₂ G₃ R₂ Ṡ,False
vijayakoshala,VijayakOshala,vijayakOshala,66,Citraambari,S R2 G3 M2 P M2 P S,S N3 D3 P M2 G3 S,S R₂ G₃ M₂ P M₂ P Ṡ,S N₃ D₃ P M₂ G₃ Ṡ,False
vijayakoshala,VijayakOshala,vijayakOshala,66,Citraambari,S R2 G3 M2 P M2 P S,S N3 P M2 G3 S,S R₂ G₃ M₂ P M₂ P Ṡ,S N₃ P M₂ G₃ Ṡ,False
manjari,Manjari,manjari,67,Sucaritra,S R3 G3 M2 P D1 S,S N1 D1 P M2 R3 S,S R₃ G₃ M₂ P D₁ Ṡ,S N₁ D₁ P M₂ R₃ Ṡ,False
ashrtaranjani,Ashrtaranjani,ashrtaranjani,67,Sucaritra,S R3 G3 M2 P N1 S,S N1 D1 P M2 G3 R3 S,S R₃ G₃ M₂ P N₁ Ṡ,S N₁ D₁ P M₂ G₃ R₃ Ṡ,False
bhanujyotismati,BhAnujyOtiSmati,bhAnujyOtiSmati,67,Sucaritra,S R3 G3 M2 P D1 N1 D1 S,S N1 D1 P M2 G3 M2 R3 S,S R₃ G₃ M₂ P D₁ N₁ D₁ Ṡ,S N₁ D₁ P M₂ G₃ M₂ R₃ Ṡ,False
binkavati,BinkAvati,binkAvati,67,Sucaritra,S G3 M2 G3 P D1 N1 S,S N1 D1 P M2 G3 R3 S,S G₃ M₂ G₃ P D₁ N₁ Ṡ,S N₁ D₁ P M₂ G₃ R₃ Ṡ,False
gopikamanoranjani,GOpikAmanOranjani,gOpikAmanOranjani,67,Sucaritra,S R3 G3 M2 P N1 S,S N1 P M2 G3 R3 S,S R₃ G₃ M₂ P N₁ Ṡ,S N₁ P M₂ G₃ R₃ Ṡ,False
kanakagirvani,KanakagIrvANi,kanakagIrvANi,67,Sucaritra,S R3 M2 P M2 D1 N1 S,S D1 P M2 R3 S,S R₃ M₂ P M₂ D₁ N₁ Ṡ,S D₁ P M₂ R₃ Ṡ,False
kanakanirmada,Kanakanirmada,kanakanirmada,67,Sucaritra,S R3 G3 M2 P M2 D1 S,S N1 D1 P M2 G3 R3 S,S R₃ G₃ M₂ P M₂ D₁ Ṡ,S N₁ D₁ P M₂ G₃ R₃ Ṡ,False
kanakanirmiti,Kanakanirmiti,kanakanirmiti,67,Sucaritra,S R3 G3 M2 P M2 D1 S,S N1 D1 P M2 G3 R3 S,S R₃ G₃ M₂ P M₂ D₁ Ṡ,S N₁ D₁ P M₂ G₃ R₃ Ṡ,False
ketanavali,KEtanAvaLi,kEtanAvaLi,67,Sucaritra,S R3 G3 M2 N1 P D1 S,S N1 D1 M2 P M2 G3 S,S R₃ G₃ M₂ N₁ P D₁ Ṡ,S N₁ D₁ M₂ P M₂ G₃ Ṡ,False
kirtnibhanu,KIrtnibhAnu,kIrtnibhAnu,67,Sucaritra,S R3 G3 M2 P D1 P S,S N1 D1 P M2 G3 R3 S,S R₃ G₃ M₂ P D₁ P Ṡ,S N₁ D₁ P M₂ G₃ R₃ Ṡ,False
ksoni,KSONi,kSONi,67,Sucaritra,S R3 M2 D1 N1 S,S N1 D1 M2 R3 S,S R₃ M₂ D₁ N₁ Ṡ,S N₁ D₁ M₂ R₃ Ṡ,False
kumudini,Kumudini,kumudini,67,Sucaritra,S R3 G3 M2 P D1 S,S D1 P M2 G3 R3 S,S R₃ G₃ M₂ P D₁ Ṡ,S D₁ P M₂ G₃ R₃ Ṡ,False
kuntalabhavani,KuntalabhavAni,kuntalabhavAni,67,Sucaritra,S R3 G3 M2 P M2 P S,S N1 D1 N1 P M2 R3 S,S R₃ G₃ M₂ P M₂ P Ṡ,S N₁ D₁ N₁ P M₂ R₃ Ṡ,False
kuntalabhavani,KuntalabhavAni,kuntalabhavAni,67,Sucaritra,S R3 G3 M2 P S,S N1 D1 N1 P M2 R3 S,S R₃ G₃ M₂ P Ṡ,S N₁ D₁ N₁ P M₂ R₃ Ṡ,False
mayarupini,MAyArUpiNi,mAyArUpiNi,67,Sucaritra,S R3 G3 P M2 D1 N1 S,S N1 P M2 G3 R3 S,S R₃ G₃ P M₂ D₁ N₁ Ṡ,S N₁ P M₂ G₃ R₃ Ṡ,False
mayasvarupini,MAyAsvarUpiNi,mAyAsvarUpiNi,67,Sucaritra,S R3 G3 M2 D1 S,S D1 M2 G3 R3 S,S R₃ G₃ M₂ D₁ Ṡ,S D₁ M₂ G₃ R₃ Ṡ,False
parvapavadi,ParvapAvadi,parvapAvadi,67,Sucaritra,S R3 M2 P D1 N1 D1 S,S N1 D1 P M2 G3 R3 S,S R₃ M₂ P D₁ N₁ D₁ Ṡ,S N₁ D₁ P M₂ G₃ R₃ Ṡ,False
pataka,PatAka,patAka,67,Sucaritra,S R3 M2 P D1 N1 S,S N1 D1 P M2 R3 S,S R₃ M₂ P D₁ N₁ Ṡ,S N₁ D₁ P M₂ R₃ Ṡ,False
ramakuntali,RAmakuntali,rAmakuntali,67,Sucaritra,S R3 G3 M2 P D1 N1,D1 P M2 G3 R3 S N1 D1,S R₃ G₃ M₂ P D₁ N₁,D₁ P M₂ G₃ R₃ Ṡ N₁ D₁,False
ramakuntali,RAmakuntali,rAmakuntali,67,Sucaritra,S R3 G3 M2 P D1 N1,D1 P M2 G3 R3 S N1 S,S R₃ G₃ M₂ P D₁ N₁,D₁ P M₂ G₃ R₃ Ṡ N₁ Ṡ,False
ramakuntali,RAmakuntali,rAmakuntali,67,Sucaritra,S R3 G3 M2 P D1 N1,D1 P M2 G3 R3 S N1,S R₃ G₃ M₂ P D₁ N₁,D₁ P M₂ G₃ R₃ Ṡ N₁,False
rankavambari,RankavAmbari,rankavAmbari,67,Sucaritra,S R3 M2 P N1 S,S N1 P M2 R3 S,S R₃ M₂ P N₁ Ṡ,S N₁ P M₂ R₃ Ṡ,False
samraksani,SamrakSaNi,samrakSaNi,67,Sucaritra,S R3 G3 M2 P D1 N1 S,S N1 D1 P M2 G3 R3 G3 S,S R₃ G₃ M₂ P D₁ N₁ Ṡ,S N₁ D₁ P M₂ G₃ R₃ G₃ Ṡ,False
santanamanjari,SantAnamanjari,santAnamanjari,67,Sucaritra,S R3 G3 M2 P D1 S,S N1 D1 P M2 R3 S,S R₃ G₃ M₂ P D₁ Ṡ,S N₁ D₁ P M₂ R₃ Ṡ,False
sarpavati,Sarpavati,sarpavati,67,Sucaritra,S R3 G3 M2 P D1 S,S N1 D1 P M2 R3 S,S R₃ G₃ M₂ P D₁ Ṡ,S N₁ D₁ P M₂ R₃ Ṡ,False
satyavati,Satyavati,satyavati,67,Sucaritra,S R3 M2 P D1 N1 D1 S,S N1 D1 P M2 G3 M2 R3 S,S R₃ M₂ P D₁ N₁ D₁ Ṡ,S N₁ D₁ P M₂ G₃ M₂ R₃ Ṡ,False
senajayanti,SEnAjayanti,sEnAjayanti,67,Sucaritra,S R3 G3 M2 P D1 N1 S,S D1 P M2 G3 R3 S,S R₃ G₃ M₂ P D₁ N₁ Ṡ,S D₁ P M₂ G₃ R₃ Ṡ,False
shambhavi,ShAmbhavi,shAmbhavi,67,Sucaritra,S R3 G3 M2 N1 S,S N1 M2 G3 R3 S,S R₃ G₃ M₂ N₁ Ṡ,S N₁ M₂ G₃ R₃ Ṡ,False
shroni,ShrONi,shrONi,67,Sucaritra,S R3 M2 D1 N1 S,S N1 D1 M2 R3 S,S R₃ M₂ D₁ N₁ Ṡ,S N₁ D₁ M₂ R₃ Ṡ,False
shuddhakaivashi,Shuddhakaivashi,shuddhakaivashi,67,Sucaritra,S R3 G3 M2 P D1 N1 S,S N1 D1 N1 P M2 G3 R3 G3 S,S R₃ G₃ M₂ P D₁ N₁ Ṡ,S N₁ D₁ N₁ P M₂ G₃ R₃ G₃ Ṡ,False
shuddhasimharavam,ShuddhasimhAravam,shuddhasimhAravam,67,Sucaritra,S R3 M2 G3 M2 P D1 N1 S,S D1 N1 D1 P M2 R3 S,S R₃ M₂ G₃ M₂ P D₁ N₁ Ṡ,S D₁ N₁ D₁ P M₂ R₃ Ṡ,False
shyamalavarni,ShyAmaLavarNi,shyAmaLavarNi,67,Sucaritra,S R3 G3 M2 P S,S P M2 G3 R3 S,S R₃ G₃ M₂ P Ṡ,S P M₂ G₃ R₃ Ṡ,False
somamanjari,SOmamanjari,sOmamanjari,67,Sucaritra,S G3 M2 P D1 S,S D1 P M2 G3 R3 S,S G₃ M₂ P D₁ Ṡ,S D₁ P M₂ G₃ R₃ Ṡ,False
sucaritra,Sucaritra,sucaritra,67,Sucaritra,S R3 G3 M2 P D1 N1 S,S N1 D1 P M2 G3 R3 S,S R₃ G₃ M₂ P D₁ N₁ Ṡ,S N₁ D₁ P M₂ G₃ R₃ Ṡ,False
vishvadhatri,VishvadhAtri,vishvadhAtri,67,Sucaritra,S G3 R3 M2 D1 N1 S,S N1 D1 M2 G3 S,S G₃ R₃ M₂ D₁ N₁ Ṡ,S N₁ D₁ M₂ G₃ Ṡ,False
jyoti,JyOti,jyOti,68,JyOtiswaroopini,S R3 G3 M2 P D1 N2 S,S N2 D1 P M2 G3 S,S R₃ G₃ M₂ P D₁ N₂ Ṡ,S N₂ D₁ P M₂ G₃ Ṡ,False
bhadravahini,BhadravAhini,bhadravAhini,68,JyOtiswaroopini,S R3 M2 P D1 N2 S,S P M2 G3 R3 S,S R₃ M₂ P D₁ N₂ Ṡ,S P M₂ G₃ R₃ Ṡ,False
bhuvanakuntali,Bhuvanakuntali,bhuvanakuntali,68,JyOtiswaroopini,S R3 G3 M2 P D1 S,S D1 P M2 G3 S,S R₃ G₃ M₂ P D₁ Ṡ,S D₁ P M₂ G₃ Ṡ,False
buddhavahini,BuddhavAhini,buddhavAhini,68,JyOtiswaroopini,S R3 M2 P D1 N2 S,S P M2 G3 R3 S,S R₃ M₂ P D₁ N₂ Ṡ,S P M₂ G₃ R₃ Ṡ,False
dipavarali,DIpavarALi,dIpavarALi,68,JyOtiswaroopini,S R3 M2 P N2 S,S N2 P M2 G3 R3 S,S R₃ M₂ P N₂ Ṡ,S N₂ P M₂ G₃ R₃ Ṡ,False
gaulagandhari,GauLagAndhAri,gauLagAndhAri,68,JyOtiswaroopini,S R3 G3 M2 P D1 S,S N2 D1 P M2 G3 R3 S,S R₃ G₃ M₂ P D₁ Ṡ,S N₂ D₁ P M₂ G₃ R₃ Ṡ,False
hindoladeshaksi,HindOLadEshAkSi,hindOLadEshAkSi,68,JyOtiswaroopini,N2 S R3 G3 M2 P D1,N2 D1 P M2 G3 R3 S,N₂ Ṡ R₃ G₃ M₂ P D₁,N₂ D₁ P M₂ G₃ R₃ Ṡ,False
hindoladeshaksi,HindOLadEshAkSi,hindOLadEshAkSi,68,JyOtiswaroopini,S N2 S R3 G3 M2 P D1 S,N2 D1 P M2 G3 R3 S,S N₂ Ṡ R₃ G₃ M₂ P D₁ Ṡ,N₂ D₁ P M₂ G₃ R₃ Ṡ,False
hindoladeshaksi,HindOLadEshAkSi,hindOLadEshAkSi,68,JyOtiswaroopini,S N2 S R3 G3 M2 P D1,N2 D1 P M2 G3 R3 S,S N₂ Ṡ R₃ G₃ M₂ P D₁,N₂ D₁ P M₂ G₃ R₃ Ṡ,False
jalajamukhi,Jalajamukhi,jalajamukhi,68,JyOtiswaroopini,S R3 G3 M2 P D1 S,S N2 D1 N2 P M2 G3 R3 S,S R₃ G₃ M₂ P D₁ Ṡ,S N₂ D₁ N₂ P M₂ G₃ R₃ Ṡ,False
jaudagandhari,JauDagAndhAri,jauDagAndhAri,68,JyOtiswaroopini,S R3 G3 M2 P D1 S,S N2 D1 P M2 G3 R3 S,S R₃ G₃ M₂ P D₁ Ṡ,S N₂ D₁ P M₂ G₃ R₃ Ṡ,False
jyotiraga,JyOtirAgA,jyOtirAgA,68,JyOtiswaroopini,S R3 G3 M2 P D1 N2 S,S N2 D1 P M2 G3 S,S R₃ G₃ M₂ P D₁ N₂ Ṡ,S N₂ D₁ P M₂ G₃ Ṡ,False
jyotismati,JyOtiSmati,jyOtiSmati,68,JyOtiswaroopini,S R3 G3 M2 D1 S,S N2 D1 P M2 P M2 G3 R3 S,S R₃ G₃ M₂ D₁ Ṡ,S N₂ D₁ P M₂ P M₂ G₃ R₃ Ṡ,False
jyotismati,JyOtiSmati,jyOtiSmati,68,JyOtiswaroopini,S R3 G3 M2 P S,S N2 D1 M2 P M2 G3 R3 S,S R₃ G₃ M₂ P Ṡ,S N₂ D₁ M₂ P M₂ G₃ R₃ Ṡ,False
jyotismati,JyOtiSmati,jyOtiSmati,68,JyOtiswaroopini,S R3 G3 M2 P S,S N2 D1 M2 P M2 R3 G3 S,S R₃ G₃ M₂ P Ṡ,S N₂ D₁ M₂ P M₂ R₃ G₃ Ṡ,False
jyotisvarupini,JyOtisvarUpiNi,jyOtisvarUpiNi,68,JyOtiswaroopini,S R3 G3 M2 P D1 N2 S,S N2 D1 P M2 G3 R3 S,S R₃ G₃ M₂ P D₁ N₂ Ṡ,S N₂ D₁ P M₂ G₃ R₃ Ṡ,False
kanjabhavapriya,KanjabhavapriyA,kanjabhavapriyA,68,JyOtiswaroopini,S R3 G3 M2 P N2 S,S N2 P M2 G3 R3 S,S R₃ G₃ M₂ P N₂ Ṡ,S N₂ P M₂ G₃ R₃ Ṡ,False
kantisvarupini,KAntisvarUpiNi,kAntisvarUpiNi,68,JyOtiswaroopini,S R3 G3 M2 D1 N2 S,S N2 D1 M2 G3 R3 S,S R₃ G₃ M₂ D₁ N₂ Ṡ,S N₂ D₁ M₂ G₃ R₃ Ṡ,False
ketakankusha,KEtakAnkusha,kEtakAnkusha,68,JyOtiswaroopini,S R3 M2 P M2 D1 N2 S,S D1 M2 G3 R3 S,S R₃ M₂ P M₂ D₁ N₂ Ṡ,S D₁ M₂ G₃ R₃ Ṡ,False
kuntalagirvani,KuntalagIrvANi,kuntalagIrvANi,68,JyOtiswaroopini,S R3 G3 M2 P D1 N2 S,S D1 M2 P M2 G3 R3 S,S R₃ G₃ M₂ P D₁ N₂ Ṡ,S D₁ M₂ P M₂ G₃ R₃ Ṡ,False
kuntalaranjani,Kuntalaranjani,kuntalaranjani,68,JyOtiswaroopini,S R3 M2 P N2 D1 N2 S,S N2 D1 P M2 G3 R3 S,S R₃ M₂ P N₂ D₁ N₂ Ṡ,S N₂ D₁ P M₂ G₃ R₃ Ṡ,False
kuntalashriranjani,KuntalashrIranjani,kuntalashrIranjani,68,JyOtiswaroopini,S R3 M2 P N2 D1 N2 S,S N2 D1 P M2 G3 R3 S,S R₃ M₂ P N₂ D₁ N₂ Ṡ,S N₂ D₁ P M₂ G₃ R₃ Ṡ,False
kusumabhavani,KusumabhavAni,kusumabhavAni,68,JyOtiswaroopini,S R3 M2 P D1 S,S N2 D1 M2 P M2 R3 S,S R₃ M₂ P D₁ Ṡ,S N₂ D₁ M₂ P M₂ R₃ Ṡ,False
kusumabhavani,KusumabhavAni,kusumabhavAni,68,JyOtiswaroopini,S R3 M2 P S,S N2 D1 M2 P M2 R3 S,S R₃ M₂ P Ṡ,S N₂ D₁ M₂ P M₂ R₃ Ṡ,False
nagamani,NAgamaNi,nAgamaNi,68,JyOtiswaroopini,S R3 M2 P D1 S,S N2 D1 P M2 G3 R3 S,S R₃ M₂ P D₁ Ṡ,S N₂ D₁ P M₂ G₃ R₃ Ṡ,False
ramagiri,RAmagiri,rAmagiri,68,JyOtiswaroopini,S R3 M2 G3 M2 P D1 N2 S,S D1 N2 D1 P M2 G3 R3 S,S R₃ M₂ G₃ M₂ P D₁ N₂ Ṡ,S D₁ N₂ D₁ P M₂ G₃ R₃ Ṡ,False
shitalagirvani,ShItalagIrvANi,shItalagIrvANi,68,JyOtiswaroopini,S R3 G3 M2 P D1 N2 S,S D1 N2 D1 P M2 G3 R3 S,S R₃ G₃ M₂ P D₁ N₂ Ṡ,S D₁ N₂ D₁ P M₂ G₃ R₃ Ṡ,False
shreyodayini,ShrEyodAyini,shrEyodAyini,68,JyOtiswaroopini,S R3 M2 D1 N2 S,S N2 D1 M2 R3 S,S R₃ M₂ D₁ N₂ Ṡ,S N₂ D₁ M₂ R₃ Ṡ,False
shreyodharini,ShrEyOdhAriNi,shrEyOdhAriNi,68,JyOtiswaroopini,S R3 M2 D1 N2 S,S N2 D1 M2 R3 S,S R₃ M₂ D₁ N₂ Ṡ,S N₂ D₁ M₂ R₃ Ṡ,False
shuddhashrutiranjani,Shuddhashrutiranjani,shuddhashrutiranjani,68,JyOtiswaroopini,S R3 M2 P D1 N2 D1 S,S N2 D1 P M2 G3 M2 R3 S,S R₃ M₂ P D₁ N₂ D₁ Ṡ,S N₂ D₁ P M₂ G₃ M₂ R₃ Ṡ,False
tomrapani,TOmrapANi,tOmrapANi,68,JyOtiswaroopini,S R3 M2 P D1 N2 S,S N2 D1 P M2 R3 S,S R₃ M₂ P D₁ N₂ Ṡ,S N₂ D₁ P M₂ R₃ Ṡ,False
vanajarini,VanajAriNi,vanajAriNi,68,JyOtiswaroopini,S R3 G3 P D1 N2 D1 S,S D1 P M2 G3 R3 S,S R₃ G₃ P D₁ N₂ D₁ Ṡ,S D₁ P M₂ G₃ R₃ Ṡ,False
vanini,VANini,vANini,68,JyOtiswaroopini,S R3 G3 M2 N2 S,S N2 M2 G3 R3 S,S R₃ G₃ M₂ N₂ Ṡ,S N₂ M₂ G₃ R₃ Ṡ,False
vanishri,VANishrI,vANishrI,68,JyOtiswaroopini,S R3 G3 M2 N2 S,S N2 M2 G3 R3 S,S R₃ G₃ M₂ N₂ Ṡ,S N₂ M₂ G₃ R₃ Ṡ,False
virarani,VirAraNi,virAraNi,68,JyOtiswaroopini,S R3 G3 M2 P D1 N2 S,S N2 D1 P M2 R3 G3 R3 S,S R₃ G₃ M₂ P D₁ N₂ Ṡ,S N₂ D₁ P M₂ R₃ G₃ R₃ Ṡ,False
pancamam,Pancamam,pancamam,69,Dhaatuvardhani,S R3 G3 M2 P N3 P S,S N3 D1 P M2 R3 G3 M2 R3 S,S R₃ G₃ M₂ P N₃ P Ṡ,S N₃ D₁ P M₂ R₃ G₃ M₂ R₃ Ṡ,False
brndavanakannada,BrndAvanakannaDa,brndAvanakannaDa,69,Dhaatuvardhani,S G3 M2 P D1 S,S D1 P M2 G3 R3 S,S G₃ M₂ P D₁ Ṡ,S D₁ P M₂ G₃ R₃ Ṡ,False
brndavanikannada,BrndAvanIkannada,brndAvanIkannada,69,Dhaatuvardhani,S R3 G3 M2 P N3 P S,S N3 D1 P M2 R3 G3 M2 R3 S,S R₃ G₃ M₂ P N₃ P Ṡ,S N₃ D₁ P M₂ R₃ G₃ M₂ R₃ Ṡ,False
candanagandhi,Candanagandhi,candanagandhi,69,Dhaatuvardhani,S R3 G3 M2 P N3 S,S N3 P M2 G3 R3 S,S R₃ G₃ M₂ P N₃ Ṡ,S N₃ P M₂ G₃ R₃ Ṡ,False
chayavardhini,ChAyAvardhini,chAyAvardhini,69,Dhaatuvardhani,S R3 G3 M2 D1 N3 S,S N3 D1 M2 G3 R3 S,S R₃ G₃ M₂ D₁ N₃ Ṡ,S N₃ D₁ M₂ G₃ R₃ Ṡ,False
dantapancamam,Dantapancamam,dantapancamam,69,Dhaatuvardhani,S R3 G3 M2 P D1 N3 S,S N3 D1 P M2 G3 R3 S,S R₃ G₃ M₂ P D₁ N₃ Ṡ,S N₃ D₁ P M₂ G₃ R₃ Ṡ,False
devanayaki,DEvanAyaki,dEvanAyaki,69,Dhaatuvardhani,S R3 G3 M2 D1 N3 S,S N3 D1 M2 G3 R3 S,S R₃ G₃ M₂ D₁ N₃ Ṡ,S N₃ D₁ M₂ G₃ R₃ Ṡ,False
devarastram,DEvarAStram,dEvarAStram,69,Dhaatuvardhani,S R3 G3 M2 P N3 S,S N3 D1 P M2 G3 R3 S,S R₃ G₃ M₂ P N₃ Ṡ,S N₃ D₁ P M₂ G₃ R₃ Ṡ,False
dhanupriya,DhanupriyA,dhanupriyA,69,Dhaatuvardhani,S R3 G3 M2 N3 S,S N3 D1 P M2 G3 R3 S,S R₃ G₃ M₂ N₃ Ṡ,S N₃ D₁ P M₂ G₃ R₃ Ṡ,False
dhatapancamam,DhAtapancamam,dhAtapancamam,69,Dhaatuvardhani,S R3 G3 M2 P D1 N3 S,S N3 D1 P M2 R3 M2 G3 S,S R₃ G₃ M₂ P D₁ N₃ Ṡ,S N₃ D₁ P M₂ R₃ M₂ G₃ Ṡ,False
dhatuapancamam,Dhatuapancamam,dhatuapancamam,69,Dhaatuvardhani,S R3 G3 M2 P N3 P S,S N3 D1 P M2 R3 M2 G3 S,S R₃ G₃ M₂ P N₃ P Ṡ,S N₃ D₁ P M₂ R₃ M₂ G₃ Ṡ,False
dhatupancamam,DhAtupancamam,dhAtupancamam,69,Dhaatuvardhani,S R3 G3 M2 P N3 P S,S N3 D1 P M2 R3 G3 M2 R3 S,S R₃ G₃ M₂ P N₃ P Ṡ,S N₃ D₁ P M₂ R₃ G₃ M₂ R₃ Ṡ,False
dhatupancamam,DhAtupancamam,dhAtupancamam,69,Dhaatuvardhani,S R3 G3 M2 P N3 P S,S N3 D1 P M2 R3 M2 G3 S,S R₃ G₃ M₂ P N₃ P Ṡ,S N₃ D₁ P M₂ R₃ M₂ G₃ Ṡ,False
dhatuvardhani,DhAtuvardhani,dhAtuvardhani,69,Dhaatuvardhani,S R3 G3 M2 P D1 N3 S,S N3 D1 P M2 G3 R3 S,S R₃ G₃ M₂ P D₁ N₃ Ṡ,S N₃ D₁ P M₂ G₃ R₃ Ṡ,False
dhautapancamam,Dhautapancamam,dhautapancamam,69,Dhaatuvardhani,S R3 G3 M2 P D1 N3 S,S N3 D1 P M2 G3 R3 S,S R₃ G₃ M₂ P D₁ N₃ Ṡ,S N₃ D₁ P M₂ G₃ R₃ Ṡ,False
dhirasaveri,DhIrasAvEri,dhIrasAvEri,69,Dhaatuvardhani,S R3 G3 M2 P D1 N3 S,S D1 P M2 G3 R3 S,S R₃ G₃ M₂ P D₁ N₃ Ṡ,S D₁ P M₂ G₃ R₃ Ṡ,False
dvaitapancamam,Dvaitapancamam,dvaitapancamam,69,Dhaatuvardhani,S R3 G3 M2 P N3 P S,S N3 D1 P M2 R3 G3 R3 S,S R₃ G₃ M₂ P N₃ P Ṡ,S N₃ D₁ P M₂ R₃ G₃ R₃ Ṡ,False
dvitiyapancamam,DvitIyapancamam,dvitIyapancamam,69,Dhaatuvardhani,S R3 G3 M2 P N3 P S,S N3 D1 P M2 R3 M2 G3 R3 S,S R₃ G₃ M₂ P N₃ P Ṡ,S N₃ D₁ P M₂ R₃ M₂ G₃ R₃ Ṡ,False
gaganakusumavali,GaganakusumAvaLi,gaganakusumAvaLi,69,Dhaatuvardhani,S R3 G3 M2 P M2 P S,S N3 D1 N3 P M2 R3 S,S R₃ G₃ M₂ P M₂ P Ṡ,S N₃ D₁ N₃ P M₂ R₃ Ṡ,False
havavilasini,HavAvilAsini,havAvilAsini,69,Dhaatuvardhani,S R3 M2 P D1 S,S D1 P M2 R3 S,S R₃ M₂ P D₁ Ṡ,S D₁ P M₂ R₃ Ṡ,False
himavilasini,HimavilAsini,himavilAsini,69,Dhaatuvardhani,S R3 M2 P D1 S,S D1 P M2 R3 S,S R₃ M₂ P D₁ Ṡ,S D₁ P M₂ R₃ Ṡ,False
ishagiri,Ishagiri,Ishagiri,69,Dhaatuvardhani,S R3 G3 M2 P D1 N3,D1 P M2 G3 R3 S N3,S R₃ G₃ M₂ P D₁ N₃,D₁ P M₂ G₃ R₃ Ṡ N₃,False
ishagiri,Ishagiri,Ishagiri,69,Dhaatuvardhani,S R3 G3 M2 P D1 N3,P D1 M2 G3 R3 S N3 S,S R₃ G₃ M₂ P D₁ N₃,P D₁ M₂ G₃ R₃ Ṡ N₃ Ṡ,False
kalabhogi,KalAbhOgi,kalAbhOgi,69,Dhaatuvardhani,S R3 G3 M2 P D1 P S,S D1 M2 P M2 G3 R3 S,S R₃ G₃ M₂ P D₁ P Ṡ,S D₁ M₂ P M₂ G₃ R₃ Ṡ,False
kalitakoshala,KalitakOshala,kalitakOshala,69,Dhaatuvardhani,S R3 G3 M2 P D1 N3 D1 S,S N3 D1 P M2 G3 M2 R3 S,S R₃ G₃ M₂ P D₁ N₃ D₁ Ṡ,S N₃ D₁ P M₂ G₃ M₂ R₃ Ṡ,False
kuntalasimharam,KuntalasimhAram,kuntalasimhAram,69,Dhaatuvardhani,S R3 M2 P M2 D1 N3 S,S D1 N3 D1 P M2 R3 S,S R₃ M₂ P M₂ D₁ N₃ Ṡ,S D₁ N₃ D₁ P M₂ R₃ Ṡ,False
kuntalasimharavam,KuntalasimhAravam,kuntalasimhAravam,69,Dhaatuvardhani,S R3 M2 P M2 D1 N3 S,S D1 P M2 G3 R3 S,S R₃ M₂ P M₂ D₁ N₃ Ṡ,S D₁ P M₂ G₃ R₃ Ṡ,False
kusumajyotismati,KusumajyOtiSmati,kusumajyOtiSmati,69,Dhaatuvardhani,S R3 M2 G3 M2 P D1 N3 S,S D1 N3 D1 P M2 R3 S,S R₃ M₂ G₃ M₂ P D₁ N₃ Ṡ,S D₁ N₃ D₁ P M₂ R₃ Ṡ,False
lalitakosali,LalitakOsali,lalitakOsali,69,Dhaatuvardhani,S R3 G3 M2 P D1 N3 D1 S,S N3 D1 P M2 G3 M2 R3 S,S R₃ G₃ M₂ P D₁ N₃ D₁ Ṡ,S N₃ D₁ P M₂ G₃ M₂ R₃ Ṡ,False
lalitakoshala,LalitakOshala,lalitakOshala,69,Dhaatuvardhani,S R3 G3 M2 P D1 N3 D1 S,S N3 D1 P M2 G3 M2 R3 S,S R₃ G₃ M₂ P D₁ N₃ D₁ Ṡ,S N₃ D₁ P M₂ G₃ M₂ R₃ Ṡ,False
nalinakusumavali,NalinakusumAvaLi,nalinakusumAvaLi,69,Dhaatuvardhani,S R3 G3 M2 P M2 P S,S N3 D1 N3 P M2 R3 S,S R₃ G₃ M₂ P M₂ P Ṡ,S N₃ D₁ N₃ P M₂ R₃ Ṡ,False
nalinakusumavali,NalinakusumAvaLI,nalinakusumAvaLI,69,Dhaatuvardhani,S R3 G3 M2 P S,S N3 D1 N3 P M2 R3 S,S R₃ G₃ M₂ P Ṡ,S N₃ D₁ N₃ P M₂ R₃ Ṡ,False
padmabhavani,PadmabhavAni,padmabhavAni,69,Dhaatuvardhani,S R3 G3 M2 P M2 D1 S,S N3 D1 P M2 G3 R3 S,S R₃ G₃ M₂ P M₂ D₁ Ṡ,S N₃ D₁ P M₂ G₃ R₃ Ṡ,False
pariti,ParIti,parIti,69,Dhaatuvardhani,S R3 M2 P D1 N3 S,S N3 D1 P M2 R3 S,S R₃ M₂ P D₁ N₃ Ṡ,S N₃ D₁ P M₂ R₃ Ṡ,False
saindhavakriya,SaindhavakriyA,saindhavakriyA,69,Dhaatuvardhani,S R3 G3 M2 P D1 N3 S,S N3 P M2 R3 S,S R₃ G₃ M₂ P D₁ N₃ Ṡ,S N₃ P M₂ R₃ Ṡ,False
samveshini,SamvEshini,samvEshini,69,Dhaatuvardhani,S R3 M2 D1 N3 S,S N3 D1 M2 R3 S,S R₃ M₂ D₁ N₃ Ṡ,S N₃ D₁ M₂ R₃ Ṡ,False
shambhudyuti,Shambhudyuti,shambhudyuti,69,Dhaatuvardhani,S G3 M2 D1 N3 S,S N3 D1 P M2 G3 R3 S,S G₃ M₂ D₁ N₃ Ṡ,S N₃ D₁ P M₂ G₃ R₃ Ṡ,False
shashipriya,ShashipriyA,shashipriyA,69,Dhaatuvardhani,S R3 G3 M2 N3 S,S N3 M2 G3 R3 S,S R₃ G₃ M₂ N₃ Ṡ,S N₃ M₂ G₃ R₃ Ṡ,False
sumukham,Sumukham,sumukham,69,Dhaatuvardhani,S R3 M2 N3 S,S N3 M2 R3 S,S R₃ M₂ N₃ Ṡ,S N₃ M₂ R₃ Ṡ,False
tavapriya,TavapriyA,tavapriyA,69,Dhaatuvardhani,S R3 M2 P N3 S,S N3 D1 P M2 G3 R3 S,S R₃ M₂ P N₃ Ṡ,S N₃ D₁ P M₂ G₃ R₃ Ṡ,False
vardhini,Vardhini,vardhini,69,Dhaatuvardhani,S M2 G3 M2 P N3 D1 S,S N3 D1 P M2 G3 R3 S,S M₂ G₃ M₂ P N₃ D₁ Ṡ,S N₃ D₁ P M₂ G₃ R₃ Ṡ,False
vardhini,Vardhini,vardhini,69,Dhaatuvardhani,S R3 G3 M2 P M2 N3 D1 S,S N3 D1 P M2 S R3 S,S R₃ G₃ M₂ P M₂ N₃ D₁ Ṡ,S N₃ D₁ P M₂ Ṡ R₃ Ṡ,False
naasaamani,NaasaamaNi,naasaamaNi,70,NaasikabhooshhaNi,S R3 G3 M2 P D2 N2 S,S N3 D2 P M2 G3 R3 S,S R₃ G₃ M₂ P D₂ N₂ Ṡ,S N₃ D₂ P M₂ G₃ R₃ Ṡ,False
gaurisimanti,GaurisImanti,gaurisImanti,70,NaasikabhooshhaNi,S R3 G3 M2 P D2 N2 S,S N2 D2 P M2 G3 S,S R₃ G₃ M₂ P D₂ N₂ Ṡ,S N₂ D₂ P M₂ G₃ Ṡ,False
gaurisimanti,GaurisImanti,gaurisImanti,70,NaasikabhooshhaNi,S R3 G3 M2 P D2 N2 S,S N2 P M2 G3 S,S R₃ G₃ M₂ P D₂ N₂ Ṡ,S N₂ P M₂ G₃ Ṡ,False
gaurisimanti,GaurisImanti,gaurisImanti,70,NaasikabhooshhaNi,S R3 G3 M2 P D2 N2 S,S N2 P M2 R3 S,S R₃ G₃ M₂ P D₂ N₂ Ṡ,S N₂ P M₂ R₃ Ṡ,False
hamsakokilam,HamsakOkilam,hamsakOkilam,70,NaasikabhooshhaNi,S R3 G3 M2 P D2 N2 D2 S,S N2 D2 P M2 G3 M2 R3 S,S R₃ G₃ M₂ P D₂ N₂ D₂ Ṡ,S N₂ D₂ P M₂ G₃ M₂ R₃ Ṡ,False
hamsakosala,HamsakOsala,hamsakOsala,70,NaasikabhooshhaNi,S R3 G3 M2 P D2 N2 D2 S,S N2 D2 P M2 G3 M2 S,S R₃ G₃ M₂ P D₂ N₂ D₂ Ṡ,S N₂ D₂ P M₂ G₃ M₂ Ṡ,False
hamsakosali,HamsakOsali,hamsakOsali,70,NaasikabhooshhaNi,S R3 G3 M2 P D2 N2 D2 S,S N2 D2 P M2 G3 M2 R3 S,S R₃ G₃ M₂ P D₂ N₂ D₂ Ṡ,S N₂ D₂ P M₂ G₃ M₂ R₃ Ṡ,False
hamsakosali,HamsakOsali,hamsakOsali,70,NaasikabhooshhaNi,S R3 G3 M2 P D2 N2 D2 S,S N2 D2 P M2 G3 M2 S,S R₃ G₃ M₂ P D₂ N₂ D₂ Ṡ,S N₂ D₂ P M₂ G₃ M₂ Ṡ,False
harinaksi,HariNAkSi,hariNAkSi,70,NaasikabhooshhaNi,S R3 M2 D2 N2 S,S N2 D2 M2 R3 S,S R₃ M₂ D₂ N₂ Ṡ,S N₂ D₂ M₂ R₃ Ṡ,False
kalavakula,Kalavakula,kalavakula,70,NaasikabhooshhaNi,S R3 G3 M2 N2 D2 N2 S,S N2 P M2 G3 R3 S,S R₃ G₃ M₂ N₂ D₂ N₂ Ṡ,S N₂ P M₂ G₃ R₃ Ṡ,False
kamalapani,KamalapANi,kamalapANi,70,NaasikabhooshhaNi,S R3 G3 M2 P D2 S,S D2 P M2 G3 R3 S,S R₃ G₃ M₂ P D₂ Ṡ,S D₂ P M₂ G₃ R₃ Ṡ,False
kannadabhomani,KannaDabhOmaNi,kannaDabhOmaNi,70,NaasikabhooshhaNi,S R3 G3 M2 P D2 N2 S,S N2 D2 M2 G3 R3 M2 G3 S,S R₃ G₃ M₂ P D₂ N₂ Ṡ,S N₂ D₂ M₂ G₃ R₃ M₂ G₃ Ṡ,False
karnabhusani,KarNabhUSaNi,karNabhUSaNi,70,NaasikabhooshhaNi,S R3 G3 M2 D2 N2 S,S N2 D2 M2 G3 R3 S,S R₃ G₃ M₂ D₂ N₂ Ṡ,S N₂ D₂ M₂ G₃ R₃ Ṡ,False
kuntalaghantanam,KuntalaghaNTanam,kuntalaghaNTanam,70,NaasikabhooshhaNi,S R3 G3 M2 P M2 P S,S N2 P M2 R3 S,S R₃ G₃ M₂ P M₂ P Ṡ,S N₂ P M₂ R₃ Ṡ,False
kuntalaghantanam,KuntalaghaNTanam,kuntalaghaNTanam,70,NaasikabhooshhaNi,S R3 G3 M2 P M2 S,S N2 P M2 R3 S,S R₃ G₃ M₂ P M₂ Ṡ,S N₂ P M₂ R₃ Ṡ,False
kuntalaghantanam,KuntalaghaNTanam,kuntalaghaNTanam,70,NaasikabhooshhaNi,S R3 G3 M2 P S,S N2 P M2 R3 S,S R₃ G₃ M₂ P Ṡ,S N₂ P M₂ R₃ Ṡ,False
marakatagaula,MarakatagauLa,marakatagauLa,70,NaasikabhooshhaNi,S R3 M2 P D2 N2 S,S N2 D2 P M2 G3 R3 S,S R₃ M₂ P D₂ N₂ Ṡ,S N₂ D₂ P M₂ G₃ R₃ Ṡ,False
merugantini,MErugantini,mErugantini,70,NaasikabhooshhaNi,S G3 R3 G3 M2 P N2 D2 S,S N2 D2 N2 R3 G3 M2 R3 S,S G₃ R₃ G₃ M₂ P N₂ D₂ Ṡ,S N₂ D₂ N₂ R₃ G₃ M₂ R₃ Ṡ,False
merugantini,MErugantini,mErugantini,70,NaasikabhooshhaNi,S G3 R3 G3 M2 P N2 D2 S,S N2 D2 P M2 G3 R3 S,S G₃ R₃ G₃ M₂ P N₂ D₂ Ṡ,S N₂ D₂ P M₂ G₃ R₃ Ṡ,False
nasamani,NAsAmaNi,nAsAmaNi,70,NaasikabhooshhaNi,S R3 G3 M2 P D2 N2 S,S N2 D2 P M2 G3 R3 S,S R₃ G₃ M₂ P D₂ N₂ Ṡ,S N₂ D₂ P M₂ G₃ R₃ Ṡ,False
nasamani,NAsAmaNi,nAsAmaNi,70,NaasikabhooshhaNi,S R3 G3 M2 P M2 P S,S N2 D2 N2 P M2 R3 S,S R₃ G₃ M₂ P M₂ P Ṡ,S N₂ D₂ N₂ P M₂ R₃ Ṡ,False
nasamani,NAsAmaNi,nAsAmaNi,70,NaasikabhooshhaNi,S R3 G3 M2 P S,S N2 D2 N2 P M2 R3 S,S R₃ G₃ M₂ P Ṡ,S N₂ D₂ N₂ P M₂ R₃ Ṡ,False
nasikabhusani,NAsikAbhUSaNi,nAsikAbhUSaNi,70,NaasikabhooshhaNi,S R3 G3 M2 P D2 N2 S,S N2 D2 P M2 G3 R3 S,S R₃ G₃ M₂ P D₂ N₂ Ṡ,S N₂ D₂ P M₂ G₃ R₃ Ṡ,False
nigamasancari,NigamasancAri,nigamasancAri,70,NaasikabhooshhaNi,S G3 M2 P D2 N2 S,S N2 D2 N2 P M2 R3 S,S G₃ M₂ P D₂ N₂ Ṡ,S N₂ D₂ N₂ P M₂ R₃ Ṡ,False
nitikuntali,NItikuntali,nItikuntali,70,NaasikabhooshhaNi,S M2 G3 M2 P D2 N2 S,S D2 N2 P M2 G3 S,S M₂ G₃ M₂ P D₂ N₂ Ṡ,S D₂ N₂ P M₂ G₃ Ṡ,False
pakashasanapriya,PAkashAsanapriyA,pAkashAsanapriyA,70,NaasikabhooshhaNi,S R3 M2 P D2 N2 S,S N2 D2 P M2 R3 S,S R₃ M₂ P D₂ N₂ Ṡ,S N₂ D₂ P M₂ R₃ Ṡ,False
pancarupi,PancarUpi,pancarUpi,70,NaasikabhooshhaNi,S R3 M2 P D2 S,S N2 D2 P M2 G3 R3 S,S R₃ M₂ P D₂ Ṡ,S N₂ D₂ P M₂ G₃ R₃ Ṡ,False
rangarohini,RangarOhiNi,rangarOhiNi,70,NaasikabhooshhaNi,S R3 M2 P N2 S,S N2 P M2 R3 S,S R₃ M₂ P N₂ Ṡ,S N₂ P M₂ R₃ Ṡ,False
ravipratapi,RavipratApi,ravipratApi,70,NaasikabhooshhaNi,S R3 G3 M2 D2 S,S D2 M2 G3 R3 S,S R₃ G₃ M₂ D₂ Ṡ,S D₂ M₂ G₃ R₃ Ṡ,False
revanata,REvanATa,rEvanATa,70,NaasikabhooshhaNi,S R3 G3 M2 P D2 N2 D2 N2 S,S D2 P G3 R3 M2 G3 S,S R₃ G₃ M₂ P D₂ N₂ D₂ N₂ Ṡ,S D₂ P G₃ R₃ M₂ G₃ Ṡ,False
revanata,REvanATa,rEvanATa,70,NaasikabhooshhaNi,S R3 M2 P N2 D2 S,S D2 P G3 R3 M2 G3 S,S R₃ M₂ P N₂ D₂ Ṡ,S D₂ P G₃ R₃ M₂ G₃ Ṡ,False
sadpadadhvani,SaDpAdadhvani,SaDpAdadhvani,70,NaasikabhooshhaNi,S R3 M2 D2 N2 S,S N2 D2 M2 R3 S,S R₃ M₂ D₂ N₂ Ṡ,S N₂ D₂ M₂ R₃ Ṡ,False
sadvadhvani,SaDvadhvani,SaDvadhvani,70,NaasikabhooshhaNi,S R3 M2 P D2 S,S D2 P M2 R3 S,S R₃ M₂ P D₂ Ṡ,S D₂ P M₂ R₃ Ṡ,False
svadpadadhvani,Svadpadadhvani,svadpadadhvani,70,NaasikabhooshhaNi,S R3 M2 D2 N2 S,S N2 D2 M2 R3 S,S R₃ M₂ D₂ N₂ Ṡ,S N₂ D₂ M₂ R₃ Ṡ,False
tilakamandari,TilakamandAri,tilakamandAri,70,NaasikabhooshhaNi,S R3 M2 P D2 S,S D2 P M2 G3 R3 S,S R₃ M₂ P D₂ Ṡ,S D₂ P M₂ G₃ R₃ Ṡ,False
viramegham,VIramEgham,vIramEgham,70,NaasikabhooshhaNi,S R3 G3 M2 P D2 N2 D2 N2 S,S D2 P G3 R3 M2 G3 S,S R₃ G₃ M₂ P D₂ N₂ D₂ N₂ Ṡ,S D₂ P G₃ R₃ M₂ G₃ Ṡ,False
kusumaakaram,Kusumaakaram,kusumaakaram,71,Koshalam,S R3 G3 M2 P D2 N3 S,S N3 D2 P M2 G3 R3 S,S R₃ G₃ M₂ P D₂ N₃ Ṡ,S N₃ D₂ P M₂ G₃ R₃ Ṡ,False
ayodya,AyOdyA,ayOdyA,71,Koshalam,S G3 M2 P N3 S,S D2 P M2 G3 M2 R3 S,S G₃ M₂ P N₃ Ṡ,S D₂ P M₂ G₃ M₂ R₃ Ṡ,False
gaurinisadam,GaurIniSAdam,gaurIniSAdam,71,Koshalam,S G3 M2 P N3 D2 S,S N3 D2 N3 P M2 G3 S,S G₃ M₂ P N₃ D₂ Ṡ,S N₃ D₂ N₃ P M₂ G₃ Ṡ,False
gausutapriya,Gausutapriya,gausutapriya,71,Koshalam,S R3 G3 M2 P D2 N3 S,S D2 P M2 G3 M2 R3 S,S R₃ G₃ M₂ P D₂ N₃ Ṡ,S D₂ P M₂ G₃ M₂ R₃ Ṡ,False
jayasukha,Jayasukha,jayasukha,71,Koshalam,S R3 G3 M2 P D2 N3 S,S D2 P M2 G3 M2 R3 S,S R₃ G₃ M₂ P D₂ N₃ Ṡ,S D₂ P M₂ G₃ M₂ R₃ Ṡ,False
karnabhusani,KarNabhUSaNi,karNabhUSaNi,71,Koshalam,S R3 G3 M2 D2 N3 S,S N3 D2 M2 G3 R3 S,S R₃ G₃ M₂ D₂ N₃ Ṡ,S N₃ D₂ M₂ G₃ R₃ Ṡ,False
kausalya,KausalyA,kausalyA,71,Koshalam,S R3 M2 P D2 S,S N3 D2 P M2 G3 R3 S,S R₃ M₂ P D₂ Ṡ,S N₃ D₂ P M₂ G₃ R₃ Ṡ,False
kaustubhapriya,KaustubhapriyA,kaustubhapriyA,71,Koshalam,S R3 G3 M2 P D2 N3 S,S D2 P M2 G3 M2 R3 S,S R₃ G₃ M₂ P D₂ N₃ Ṡ,S D₂ P M₂ G₃ M₂ R₃ Ṡ,False
kosala,KOsala,kOsala,71,Koshalam,S R3 M2 P D2 S,S N3 D2 P M2 G3 R3 S,S R₃ M₂ P D₂ Ṡ,S N₃ D₂ P M₂ G₃ R₃ Ṡ,False
kosalam,KOsalam,kOsalam,71,Koshalam,S R3 G3 M2 P D2 N3 S,S N3 D2 P M2 G3 R3 S,S R₃ G₃ M₂ P D₂ N₃ Ṡ,S N₃ D₂ P M₂ G₃ R₃ Ṡ,False
kusumakara,KusumAkara,kusumAkara,71,Koshalam,S R3 G3 M2 P D2 N3 S,S N3 D2 P M2 G3 R3 S,S R₃ G₃ M₂ P D₂ N₃ Ṡ,S N₃ D₂ P M₂ G₃ R₃ Ṡ,False
kusumavali,KusumAvaLi,kusumAvaLi,71,Koshalam,S G3 M2 P D2 S,S N3 D2 N3 P M2 G3 M2 R3 S,S G₃ M₂ P D₂ Ṡ,S N₃ D₂ N₃ P M₂ G₃ M₂ R₃ Ṡ,False
kusumavali,KusumAvaLi,kusumAvaLi,71,Koshalam,S G3 M2 P D2 S,S N3 D2 P M2 G3 M2 G3 R3 S,S G₃ M₂ P D₂ Ṡ,S N₃ D₂ P M₂ G₃ M₂ G₃ R₃ Ṡ,False
kusumavali,KusumAvaLi,kusumAvaLi,71,Koshalam,S G3 M2 P D2 S,S N3 D2 P M2 G3 M2 R3 S,S G₃ M₂ P D₂ Ṡ,S N₃ D₂ P M₂ G₃ M₂ R₃ Ṡ,False
mahalikam,MahAlikam,mahAlikam,71,Koshalam,S R3 G3 M2 P D2 N3 S,S N3 D2 P M2 R3 S,S R₃ G₃ M₂ P D₂ N₃ Ṡ,S N₃ D₂ P M₂ R₃ Ṡ,False
nagagiri,NAgagiri,nAgagiri,71,Koshalam,S R3 G3 M2 P D2 P S,S D2 P M2 G3 S,S R₃ G₃ M₂ P D₂ P Ṡ,S D₂ P M₂ G₃ Ṡ,False
nagashri,NAgashrI,nAgashrI,71,Koshalam,S R3 G3 M2 P D2 S,S D2 P M2 G3 S,S R₃ G₃ M₂ P D₂ Ṡ,S D₂ P M₂ G₃ Ṡ,False
pahlika,Pahlika,pahlika,71,Koshalam,S R3 G3 M2 P D2 N3 S,S N3 D2 M2 R3 G3 M2 R3 S,S R₃ G₃ M₂ P D₂ N₃ Ṡ,S N₃ D₂ M₂ R₃ G₃ M₂ R₃ Ṡ,False
phalanandini,Phalanandini,phalanandini,71,Koshalam,S M2 G3 M2 P D2 N3 S,S N3 D2 P M2 G3 R3 S,S M₂ G₃ M₂ P D₂ N₃ Ṡ,S N₃ D₂ P M₂ G₃ R₃ Ṡ,False
pratapasaranga,PratApasAranga,pratApasAranga,71,Koshalam,S R3 G3 M2 P D2 S,S N3 D2 P M2 G3 S,S R₃ G₃ M₂ P D₂ Ṡ,S N₃ D₂ P M₂ G₃ Ṡ,False
pritivaruni,PrItivaruNi,prItivaruNi,71,Koshalam,S R3 G3 R3 M2 P D2 N3 D2 S,S N3 D2 M2 P M2 G3 R3 S,S R₃ G₃ R₃ M₂ P D₂ N₃ D₂ Ṡ,S N₃ D₂ M₂ P M₂ G₃ R₃ Ṡ,False
ramavarali,RAmavarALi,rAmavarALi,71,Koshalam,S R3 M2 P N3 D2 S,S N3 D2 M2 G3 R3 S,S R₃ M₂ P N₃ D₂ Ṡ,S N₃ D₂ M₂ G₃ R₃ Ṡ,False
sarvamangala,SarvamangaLa,sarvamangaLa,71,Koshalam,S R3 M2 D2 N3 S,S N3 D2 M2 R3 S,S R₃ M₂ D₂ N₃ Ṡ,S N₃ D₂ M₂ R₃ Ṡ,False
satyabhusani,SatyabhUSaNi,satyabhUSaNi,71,Koshalam,S G3 M2 P D2 N3 S,S N3 D2 P M2 G3 S,S G₃ M₂ P D₂ N₃ Ṡ,S N₃ D₂ P M₂ G₃ Ṡ,False
varadari,VarAdAri,varAdAri,71,Koshalam,S R3 G3 M2 P D2 P N3 S,S D2 P M2 R3 G3 R3 S,S R₃ G₃ M₂ P D₂ P N₃ Ṡ,S D₂ P M₂ R₃ G₃ R₃ Ṡ,False
rasamanjari,Rasamanjari,rasamanjari,72,Rasikapriya,S R3 G3 M2 P D3 N3 S,S N3 D3 P M2 G3 R3 S,S R₃ G₃ M₂ P D₃ N₃ Ṡ,S N₃ D₃ P M₂ G₃ R₃ Ṡ,False
amaravati,AmarAvati,amarAvati,72,Rasikapriya,R3 G3 P N3 S R3 G3 M2 P D3 N3 S,S P G3 S N3 D3 P M2 G3 R3 S N3,R₃ G₃ P N₃ Ṡ R₃ G₃ M₂ P D₃ N₃ Ṡ,S P G₃ Ṡ N₃ D₃ P M₂ G₃ R₃ Ṡ N₃,False
amrtasvarupini,AmrtasvarUpiNi,amrtasvarUpiNi,72,Rasikapriya,S R3 G3 M2 P D3 S,S D3 P M2 G3 R3 S,S R₃ G₃ M₂ P D₃ Ṡ,S D₃ P M₂ G₃ R₃ Ṡ,False
balacandra,BAlacandra,bAlacandra,72,Rasikapriya,S G3 M2 P S,S N3 D3 P M2 G3 R3 S,S G₃ M₂ P Ṡ,S N₃ D₃ P M₂ G₃ R₃ Ṡ,False
girikuntali,Girikuntali,girikuntali,72,Rasikapriya,S R3 G3 M2 G3 M2 P S,S N3 D3 P M2 G3 S,S R₃ G₃ M₂ G₃ M₂ P Ṡ,S N₃ D₃ P M₂ G₃ Ṡ,False
girikuntali,Girikuntali,girikuntali,72,Rasikapriya,S R3 G3 M2 P M2 G3 M2 P S,S N3 D3 N3 P M2 G3 S,S R₃ G₃ M₂ P M₂ G₃ M₂ P Ṡ,S N₃ D₃ N₃ P M₂ G₃ Ṡ,False
girvanapadam,GIrvAnapadam,gIrvAnapadam,72,Rasikapriya,S R3 G3 M2 P D3 S,S N3 D3 P M2 G3 R3 S,S R₃ G₃ M₂ P D₃ Ṡ,S N₃ D₃ P M₂ G₃ R₃ Ṡ,False
hamsagiri,Hamsagiri,hamsagiri,72,Rasikapriya,S R3 G3 M2 P D3 N3 S,S N3 P D3 N3 P M2 G3 S,S R₃ G₃ M₂ P D₃ N₃ Ṡ,S N₃ P D₃ N₃ P M₂ G₃ Ṡ,False
hamsagiri,Hamsagiri,hamsagiri,72,Rasikapriya,S R3 G3 M2 P D3 N3 S,S N3 P D3 N3 P M2 S,S R₃ G₃ M₂ P D₃ N₃ Ṡ,S N₃ P D₃ N₃ P M₂ Ṡ,False
haricandrapriya,HaricandrapriyA,haricandrapriyA,72,Rasikapriya,S R3 M2 D3 N3 S,S N3 D3 M2 R3 S,S R₃ M₂ D₃ N₃ Ṡ,S N₃ D₃ M₂ R₃ Ṡ,False
innishaidivakaran,InnishaidivAkaran,innishaidivAkaran,72,Rasikapriya,S R3 G3 P N3 S,S N3 P M2 G3 R3 S,S R₃ G₃ P N₃ Ṡ,S N₃ P M₂ G₃ R₃ Ṡ,False
ishatarangini,IshatarangiNi,ishatarangiNi,72,Rasikapriya,S R3 M2 P N3 S,S N3 D3 P M2 G3 R3 S,S R₃ M₂ P N₃ Ṡ,S N₃ D₃ P M₂ G₃ R₃ Ṡ,False
kanakajyotismati,KanakajyOtiSmati,kanakajyOtiSmati,72,Rasikapriya,S M2 P D3 N3 S,S N3 D3 P M2 G3 S,S M₂ P D₃ N₃ Ṡ,S N₃ D₃ P M₂ G₃ Ṡ,False
kanakajyotismati,KanakajyOtiSmati,kanakajyOtiSmati,72,Rasikapriya,S M2 P D3 N3 S,S N3 D3 P M2 S,S M₂ P D₃ N₃ Ṡ,S N₃ D₃ P M₂ Ṡ,False
mangalacandrika,MangaLacandrikA,mangaLacandrikA,72,Rasikapriya,S R3 G3 M2 P D3 N3 S,S N3 D3 P M2 D3 M2 G3 R3 S,S R₃ G₃ M₂ P D₃ N₃ Ṡ,S N₃ D₃ P M₂ D₃ M₂ G₃ R₃ Ṡ,False
maratarangini,MAratarangiNi,mAratarangiNi,72,Rasikapriya,S G3 M2 D3 N3 P N3 S,S P M2 G3 R3 S,S G₃ M₂ D₃ N₃ P N₃ Ṡ,S P M₂ G₃ R₃ Ṡ,False
nagagiri,NAgagiri,nAgagiri,72,Rasikapriya,S G3 M2 P D3 P S,S D3 P M2 G3 S,S G₃ M₂ P D₃ P Ṡ,S D₃ P M₂ G₃ Ṡ,False
nandanapriya,NandanapriyA,nandanapriyA,72,Rasikapriya,S R3 M2 D3 N3 S,S N3 D3 M2 R3 S,S R₃ M₂ D₃ N₃ Ṡ,S N₃ D₃ M₂ R₃ Ṡ,False
nitimallar,NItimallAr,nItimallAr,72,Rasikapriya,S R3 G3 M2 P S,S N3 P D3 N3 P M2 G3 R3 S,S R₃ G₃ M₂ P Ṡ,S N₃ P D₃ N₃ P M₂ G₃ R₃ Ṡ,False
nitimallar,NItimallAr,nItimallAr,72,Rasikapriya,S R3 G3 M2 P S,S N3 P D3 N3 P M2 G3 S,S R₃ G₃ M₂ P Ṡ,S N₃ P D₃ N₃ P M₂ G₃ Ṡ,False
parvati,PArvati,pArvati,72,Rasikapriya,S R3 M2 P D3 N3 S,S N3 D3 P M2 R3 S,S R₃ M₂ P D₃ N₃ Ṡ,S N₃ D₃ P M₂ R₃ Ṡ,False
p,P,P,72,Rasikapriya,D3 N3 S,S N3 D3 P M2,D₃ N₃ Ṡ,S N₃ D₃ P M₂,False
raktaksi,RaktAkSi,raktAkSi,72,Rasikapriya,S R3 G3 M2 D3 S,S D3 M2 G3 R3 S,S R₃ G₃ M₂ D₃ Ṡ,S D₃ M₂ G₃ R₃ Ṡ,False
rasamanjari,Rasamanjari,rasamanjari,72,Rasikapriya,S R3 G3 M2 P D3 N3 S,S N3 P M2 G3 R3 S,S R₃ G₃ M₂ P D₃ N₃ Ṡ,S N₃ P M₂ G₃ R₃ Ṡ,False
rasamanjari,Rasamanjari,rasamanjari,72,Rasikapriya,S R3 G3 M2 P D3 N3 S,S N3 P M2 R3 S,S R₃ G₃ M₂ P D₃ N₃ Ṡ,S N₃ P M₂ R₃ Ṡ,False
rasamanjari,Rasamanjari,rasamanjari,72,Rasikapriya,S R3 G3 S P M2 P N3 D3 N3,S N3 D3 N3 P P M2 P R3 G3 S,S R₃ G₃ Ṡ P M₂ P N₃ D₃ N₃,S N₃ D₃ N₃ P P M₂ P R₃ G₃ Ṡ,False
rasikapriya,RasikapriyA,rasikapriyA,72,Rasikapriya,S R3 G3 M2 P D3 N3 S,S N3 D3 P M2 G3 R3 S,S R₃ G₃ M₂ P D₃ N₃ Ṡ,S N₃ D₃ P M₂ G₃ R₃ Ṡ,False
ritimalhar,RItimalhAr,rItimalhAr,72,Rasikapriya,S M2 G3 M2 P S,S N3 P D3 N3 P M2 G3 S,S M₂ G₃ M₂ P Ṡ,S N₃ P D₃ N₃ P M₂ G₃ Ṡ,False
sarasapriya,SarasapriyA,sarasapriyA,72,Rasikapriya,S R3 M2 G3 D3 N3 S,S N3 D3 M2 G3 R3 S,S R₃ M₂ G₃ D₃ N₃ Ṡ,S N₃ D₃ M₂ G₃ R₃ Ṡ,False
shivamanohari,ShivamanOhari,shivamanOhari,72,Rasikapriya,S R3 M2 P N3 S,S D3 P M2 R3 M2 G3 S,S R₃ M₂ P N₃ Ṡ,S D₃ P M₂ R₃ M₂ G₃ Ṡ,False
shobhambika,ShObhAmbikA,shObhAmbikA,72,Rasikapriya,S R3 M2 P N3 S,S N3 D3 P M2 G3 R3 S,S R₃ M₂ P N₃ Ṡ,S N₃ D₃ P M₂ G₃ R₃ Ṡ,False
sputalapini,SpuTAlApini,spuTAlApini,72,Rasikapriya,S G3 M2 P D3 S,S D3 P M2 G3 S,S G₃ M₂ P D₃ Ṡ,S D₃ P M₂ G₃ Ṡ,False
sundarangini,SundarAngiNi,sundarAngiNi,72,Rasikapriya,S R3 G3 P D3 S,S N3 D3 P M2 P G3 R3 S,S R₃ G₃ P D₃ Ṡ,S N₃ D₃ P M₂ P G₃ R₃ Ṡ,False
varidaranjani,VAridaranjani,vAridaranjani,72,Rasikapriya,S R3 M2 P N3 S,S N3 P M2 R3 S,S R₃ M₂ P N₃ Ṡ,S N₃ P M₂ R₃ Ṡ,False
yazhishaiarasu,YAzhishaiarasu,yAzhishaiarasu,72,Rasikapriya,S G3 M2 P N3 S,S N3 P M2 G3 R3 S,S G₃ M₂ P N₃ Ṡ,S N₃ P M₂ G₃ R₃ Ṡ,False
